candidate_id,source,source_record_id,narrative,pass_a_label,pass_a_confidence,pass_a_hazard,pass_a_exposure,pass_a_barrier_failure,pass_a_credible_consequence,pass_a_reason,pass_a_framework_version,pass_b_label,pass_b_confidence,pass_b_hazard,pass_b_exposure,pass_b_barrier_failure,pass_b_credible_consequence,pass_b_reason,pass_b_framework_version,consensus_label,consensus_confidence,reconciliation_status,label_provenance
OSHA-SIR-20241110304,OSHA_SIR,20241110304,An employee was bitten by a spider on the job site. The employee was hospitalized.,UNCERTAIN,0.55,Biological bite/sting; agent toxicity unspecified,Employee was bitten,No barrier information stated,Potential severity cannot be established from the narrative,The biting agent and credible severe consequence are not described well enough for a binary judgment.,AI_SOL_XHIGH_PASS_A,UNCERTAIN,0.55,Biological bite or sting,"A bite or sting occurred, but agent severity is not established","Relevant detection, avoidance, or protection details are not described",Insufficient evidence to establish or exclude fatal or life-altering toxicity,"The narrative lacks species, toxicity, and control detail needed for a reliable SIF-potential judgment.",SIF_LABELING_GUIDE_V0_1,UNCERTAIN,,UNCERTAIN,AI_SOL_DUAL_PASS_UNCERTAIN
OSHA-SIR-2024032164,OSHA_SIR,2024032164,"An employee strapped an 8-inch mud motor on a pipe rack, then went to trace the high side of the mud motor from the adjustable kick off (AKO) to the upper connection of the motor. To better position the motor on the pipe rack, the employee went to roll the motor over. They inserted a rock between the motor and the pipe rack as a chock to prevent it from rolling. The motor rolled back crushing the employee's left thumb and resulting in amputation of the tip.",SIF_POTENTIAL,0.78,Uncontrolled rolling heavy component,Worker handled the component in its roll path,Chocking and stability control failed,Crushing of a limb or body,The heavy component was inadequately secured and could credibly crush more than the exposed hand.,AI_SOL_XHIGH_PASS_A,SIF_POTENTIAL,0.93,"Heavy moving, shifting, rolling, or collapsing equipment",Personnel occupied the crush or line-of-fire zone,"Stability, exclusion-zone, or movement control failed",Credible fatal or life-altering crush trauma,A person was exposed to uncontrolled heavy movement with credible fatal or life-altering crush potential.,SIF_LABELING_GUIDE_V0_1,SIF_POTENTIAL,0.780000,CONSENSUS_LOWER_CONFIDENCE,AI_SOL_DUAL_PASS_CONSENSUS_LOWER_CONFIDENCE
OSHA-SIR-2024010257,OSHA_SIR,2024010257,"An employee was attempting a lift with a crane and caught their left index finger between two shells (36-inch diameter cylinder vessels), resulting in amputation.",SIF_POTENTIAL,0.73,Crane-handled heavy load,Worker placed a hand at the load interface,Hands-free positioning and line-of-fire controls failed,Crushing by a shifting load,The worker was directly exposed at a crane-handled load interface where load movement could cause serious crushing.,AI_SOL_XHIGH_PASS_A,SIF_POTENTIAL,0.95,"Suspended, lifted, or falling heavy load",Personnel were beneath or immediately beside the load path,"Load support, retention, rigging, or exclusion control failed",Credible fatal crushing or catastrophic head and body trauma,The uncontrolled load and occupied drop zone support a credible fatal or life-altering consequence.,SIF_LABELING_GUIDE_V0_1,SIF_POTENTIAL,0.730000,CONSENSUS_LOWER_CONFIDENCE,AI_SOL_DUAL_PASS_CONSENSUS_LOWER_CONFIDENCE
OSHA-SIR-2024010653,OSHA_SIR,2024010653,An employee was using a hydraulic bolt torquing machine on a ladder when the machine struck the employee's little finger and palm. The employee suffered a laceration and crush injury to the right hand that required hospitalization.,UNCERTAIN,0.58,Hydraulic tool and work from ladder,Worker's hand was struck while on the ladder,Tool-control and fall-protection context is incomplete,Serious hand injury or fall; severity unclear,The narrative does not establish ladder height or whether tool movement could credibly produce a SIF consequence.,AI_SOL_XHIGH_PASS_A,UNCERTAIN,0.55,Potential lower-level fall or opening of unspecified depth,"Personnel were near the fall hazard, but the credible fall path is unclear","Height, edge protection, or fall-protection details are missing",Insufficient evidence to establish or exclude fatal or life-altering fall trauma,The fall height and protective-barrier evidence are insufficient for a reliable SIF-potential judgment.,SIF_LABELING_GUIDE_V0_1,UNCERTAIN,,UNCERTAIN,AI_SOL_DUAL_PASS_UNCERTAIN
OSHA-SIR-2024021317,OSHA_SIR,2024021317,"An employee was operating a winch when his left hand got caught under a cable, resulting in an amputation of the ring fingertip.",SIF_POTENTIAL,0.72,"Powered cable, winch, or spool",Worker was caught or pulled by the line,Line-of-fire and entanglement controls failed,Whole-body draw-in or traumatic amputation,"The powered line could draw the worker further into equipment, creating credible fatal or life-altering exposure.",AI_SOL_XHIGH_PASS_A,SIF_POTENTIAL,0.94,Moving or rotating machinery and entanglement energy,"Personnel were within an in-running, pull-in, or entanglement zone","Isolation, guarding, or separation from moving parts failed","Credible fatal crushing, pull-in trauma, or life-altering amputation",Personnel exposure to uncontrolled moving machinery supports a credible fatal or life-altering entanglement consequence.,SIF_LABELING_GUIDE_V0_1,SIF_POTENTIAL,0.720000,CONSENSUS_LOWER_CONFIDENCE,AI_SOL_DUAL_PASS_CONSENSUS_LOWER_CONFIDENCE
OSHA-SIR-2025032579,OSHA_SIR,2025032579,"An employee was operating a forklift in a yard to move empty poly totes when his left foot got caught on a stationary tote as he passed by it. His foot then twisted backward, resulting in a fractured tibia that required hospitalization and surgery.",NON_SIF_POTENTIAL,0.72,Moving forklift with external contact,Operator's foot caught on a stationary tote,Clearance control was inadequate,Localized lower-limb injury,"The described event is a localized foot twist without evidence of run-over, collision, or whole-body crush exposure.",AI_SOL_XHIGH_PASS_A,NON_SIF_POTENTIAL,0.88,"Localized contact, impact, or manual-handling energy",Personnel contacted the immediate object or surface,"Local positioning, handling, or housekeeping control failed",Localized injury without a supported fatal or life-altering escalation,The localized contact mechanism does not support a credible fatal or life-altering potential consequence.,SIF_LABELING_GUIDE_V0_1,NON_SIF_POTENTIAL,0.720000,CONSENSUS_LOWER_CONFIDENCE,AI_SOL_DUAL_PASS_CONSENSUS_LOWER_CONFIDENCE
OSHA-SIR-2024076029,OSHA_SIR,2024076029,An employee was running casing when they pulled the hydraulic power tongs using the handle and the handle crushed their right middle finger against the drill pipe. The employee sustained an amputation to the fingertip and nail.,NON_SIF_POTENTIAL,0.83,Localized pinch or caught-between point,Hand or finger was placed at the contact point,Hand-positioning or pinch-point control failed,Localized digit injury,The described geometry confines exposure to a hand or finger without credible whole-body or fatal escalation.,AI_SOL_XHIGH_PASS_A,SIF_POTENTIAL,0.94,Moving or rotating machinery and entanglement energy,"Personnel were within an in-running, pull-in, or entanglement zone","Isolation, guarding, or separation from moving parts failed","Credible fatal crushing, pull-in trauma, or life-altering amputation",Personnel exposure to uncontrolled moving machinery supports a credible fatal or life-altering entanglement consequence.,SIF_LABELING_GUIDE_V0_1,,,DISAGREEMENT,AI_SOL_DUAL_PASS_DISAGREEMENT
OSHA-SIR-2025021422,OSHA_SIR,2025021422,"A crew was utilizing a forklift to install fence barriers around a well. The carriage of the forklift was being used to push down on the fence frame and push the legs of the barriers into the feet slots in the ground. The injured employee was signaling the forklift operator with his left hand while his right hand was on the barrier next to the one being installed. The forklift was pushing down on the barrier when the carriage slipped and contacted the injured employee's right index and middle fingers, resulting in amputations.",NON_SIF_POTENTIAL,0.7,Localized pinch or caught-between point,Hand or finger was placed at the contact point,Hand-positioning or pinch-point control failed,Localized digit injury,The described geometry confines exposure to a hand or finger without credible whole-body or fatal escalation.,AI_SOL_XHIGH_PASS_A,SIF_POTENTIAL,0.93,"Heavy moving, shifting, rolling, or collapsing equipment",Personnel occupied the crush or line-of-fire zone,"Stability, exclusion-zone, or movement control failed",Credible fatal or life-altering crush trauma,A person was exposed to uncontrolled heavy movement with credible fatal or life-altering crush potential.,SIF_LABELING_GUIDE_V0_1,,,DISAGREEMENT,AI_SOL_DUAL_PASS_DISAGREEMENT
OSHA-SIR-2024010753,OSHA_SIR,2024010753,"The injured employee drove a dump truck to a worksite to unload a portion of rock. A mini excavator was parked and waiting on the shoulder of the road. When the injured employee exited the dump truck, the mini excavator rotated and the injured employee's middle finger was caught between the cab door of the excavator and the open door of the dump truck, resulting in a distal amputation of the third digit.",NON_SIF_POTENTIAL,0.87,Localized pinch or caught-between point,Hand or finger was placed at the contact point,Hand-positioning or pinch-point control failed,Localized digit injury,The described geometry confines exposure to a hand or finger without credible whole-body or fatal escalation.,AI_SOL_XHIGH_PASS_A,SIF_POTENTIAL,0.95,Moving vehicle or mobile-equipment kinetic energy,"An occupant or pedestrian was in the collision, rollover, or run-over path","Traffic separation, spotting, restraint, stability, or vehicle control failed","Credible fatal collision, rollover, ejection, or crush trauma",The uncontrolled vehicle interaction supports a credible fatal or life-altering consequence.,SIF_LABELING_GUIDE_V0_1,,,DISAGREEMENT,AI_SOL_DUAL_PASS_DISAGREEMENT
OSHA-SIR-2024098564,OSHA_SIR,2024098564,"A crew was connecting a trailer to a pickup. The crew used a forklift to lift the trailer to put it on the receiver. The injured employee's left index finger was on the ball hitch when the forklift set the trailer down, resulting in amputation at the first joint.",NON_SIF_POTENTIAL,0.86,Localized pinch or caught-between point,Hand or finger was placed at the contact point,Hand-positioning or pinch-point control failed,Localized digit injury,The described geometry confines exposure to a hand or finger without credible whole-body or fatal escalation.,AI_SOL_XHIGH_PASS_A,SIF_POTENTIAL,0.95,"Suspended, lifted, or falling heavy load",Personnel were beneath or immediately beside the load path,"Load support, retention, rigging, or exclusion control failed",Credible fatal crushing or catastrophic head and body trauma,The uncontrolled load and occupied drop zone support a credible fatal or life-altering consequence.,SIF_LABELING_GUIDE_V0_1,,,DISAGREEMENT,AI_SOL_DUAL_PASS_DISAGREEMENT
OSHA-SIR-2024021751,OSHA_SIR,2024021751,An employee was trying to lower the level on a condensate boiler by opening a pump case drain line. The plugged condensate line shifted unexpectedly and pinched the employee's left hand against a stanchion. The employee suffered burns to the hand.,UNCERTAIN,0.57,Boiler condensate line and possible heat,Worker's hand was pinched and burned,Line condition and isolation details are incomplete,Thermal or pressure injury; extent unclear,"Temperature, pressure, and release exposure are too unclear to establish credible SIF potential.",AI_SOL_XHIGH_PASS_A,SIF_POTENTIAL,0.93,"Extreme-temperature fluid, steam, or material",Personnel were in the direct thermal release or contact zone,"Isolation, depressurization, containment, or thermal protection failed",Credible fatal or life-altering burns and systemic injury,Direct exposure to uncontrolled extreme-temperature material supports credible fatal or life-altering burns.,SIF_LABELING_GUIDE_V0_1,UNCERTAIN,,UNCERTAIN,AI_SOL_DUAL_PASS_UNCERTAIN
OSHA-SIR-2024010135,OSHA_SIR,2024010135,"On January 6, 2024, an employee was making a swivel connection involving a winch line. As the joint was being tightened, the threads became sticky. The employee was shaking the winch line to loosen it when the bridle caught on the line and wrapped around his finger. His middle finger was amputated past the fingernail and before the first knuckle.",UNCERTAIN,0.61,Winch line and bridle entanglement,Worker's finger was wrapped by the line,Hand placement near the line was uncontrolled,Digit injury; wider draw-in potential unclear,The narrative does not establish whether the line was powered or capable of drawing the worker beyond the finger.,AI_SOL_XHIGH_PASS_A,SIF_POTENTIAL,0.94,Moving or rotating machinery and entanglement energy,"Personnel were within an in-running, pull-in, or entanglement zone","Isolation, guarding, or separation from moving parts failed","Credible fatal crushing, pull-in trauma, or life-altering amputation",Personnel exposure to uncontrolled moving machinery supports a credible fatal or life-altering entanglement consequence.,SIF_LABELING_GUIDE_V0_1,UNCERTAIN,,UNCERTAIN,AI_SOL_DUAL_PASS_UNCERTAIN
OSHA-SIR-2025021704,OSHA_SIR,2025021704,"An employee was working on an oil and gas drilling rig and tripping pipe out of the hole. After the employee finished work and took off his gloves, he noticed his fingers had frostbite.",UNCERTAIN,0.55,Environmental cold exposure,Worker's fingers developed frostbite,Exposure duration and controls are not described,Permanent tissue injury is possible but not established,"The narrative lacks temperature, duration, and frostbite severity needed for a binary potential judgment.",AI_SOL_XHIGH_PASS_A,UNCERTAIN,0.56,Environmental temperature exposure,Personnel symptoms are reported without adequate exposure-condition detail,"Monitoring, work-rest, clothing, or shelter controls are not described",Insufficient evidence to establish or exclude fatal or life-altering temperature injury,The environmental conditions and control evidence are insufficient for a reliable SIF-potential judgment.,SIF_LABELING_GUIDE_V0_1,UNCERTAIN,,UNCERTAIN,AI_SOL_DUAL_PASS_UNCERTAIN
OSHA-SIR-2024054626,OSHA_SIR,2024054626,"The employee had been working that day on natural gas compression equipment in the field. As the employee was driving home, he experienced heat illness symptoms and was hospitalized.",SIF_POTENTIAL,0.76,Environmental heat during field work,Worker developed heat-illness symptoms after exposure,Heat-stress controls are not described,Heat stroke and death,Field heat exposure produced illness symptoms and could credibly progress to fatal heat stroke.,AI_SOL_XHIGH_PASS_A,SIF_POTENTIAL,0.84,Environmental heat stress,Personnel experienced heat exposure during field work,"Heat monitoring, work-rest, hydration, or acclimatization control was ineffective",Credible fatal heat stroke or life-altering organ injury,The documented heat-stress exposure could credibly progress to fatal heat illness.,SIF_LABELING_GUIDE_V0_1,SIF_POTENTIAL,0.760000,CONSENSUS_LOWER_CONFIDENCE,AI_SOL_DUAL_PASS_CONSENSUS_LOWER_CONFIDENCE
OSHA-SIR-2024098181,OSHA_SIR,2024098181,"On September 4, 2024, an employee was using a poke rod to clear a jam from a floor grate that dried distillers grain (DDG) is loaded into for a conveyor. He fell backward to the floor and sustained a brain bleed, two rib fractures, and fractures to their T1 and T2 vertebrae.",NON_SIF_POTENTIAL,0.7,Same-level loss of balance or slip,Worker fell on the same level,Ordinary footing control failed,Injury from a ground-level fall,The narrative describes an ordinary same-level fall without an independent high-energy or elevated exposure.,AI_SOL_XHIGH_PASS_A,NON_SIF_POTENTIAL,0.91,"Same-level or short-step slip, trip, or fall energy",Personnel lost footing without an additional high-energy exposure,Walking-surface or footing control failed,Musculoskeletal injury without supported fatal or life-altering potential,The described low-energy fall lacks an additional mechanism supporting credible fatal or life-altering potential.,SIF_LABELING_GUIDE_V0_1,NON_SIF_POTENTIAL,0.700000,CONSENSUS_LOWER_CONFIDENCE,AI_SOL_DUAL_PASS_CONSENSUS_LOWER_CONFIDENCE
OSHA-SIR-2025043710,OSHA_SIR,2025043710,"An employee was adjusting a sensor on a pumping unit motor. He lost balance and began to fall backward. His right ring finger was caught between the belts and the sheave, resulting in a fingertip amputation.",SIF_POTENTIAL,0.76,"Moving belt, pulley, or machinery",Worker contacted the operating mechanism,Guarding or energy-isolation control was ineffective,"Draw-in, major amputation, or crushing",Contact with an accessible moving mechanism could escalate beyond the hand to life-altering injury.,AI_SOL_XHIGH_PASS_A,SIF_POTENTIAL,0.94,Moving or rotating machinery and entanglement energy,"Personnel were within an in-running, pull-in, or entanglement zone","Isolation, guarding, or separation from moving parts failed","Credible fatal crushing, pull-in trauma, or life-altering amputation",Personnel exposure to uncontrolled moving machinery supports a credible fatal or life-altering entanglement consequence.,SIF_LABELING_GUIDE_V0_1,SIF_POTENTIAL,0.760000,CONSENSUS_LOWER_CONFIDENCE,AI_SOL_DUAL_PASS_CONSENSUS_LOWER_CONFIDENCE
OSHA-SIR-2024010091,OSHA_SIR,2024010091,"An employee missed her chair while sitting down. She fell backward into a display case and landed on the floor. Items on top of the case then fell and struck the employee's head, causing injury to the left side of their head.",UNCERTAIN,0.6,Falling display items after a same-level fall,Items struck the worker's head,Item mass and height are unspecified,Head injury severity cannot be established,The report omits the item mass and fall height needed to judge credible SIF energy.,AI_SOL_XHIGH_PASS_A,NON_SIF_POTENTIAL,0.88,"Localized contact, impact, or manual-handling energy",Personnel contacted the immediate object or surface,"Local positioning, handling, or housekeeping control failed",Localized injury without a supported fatal or life-altering escalation,The localized contact mechanism does not support a credible fatal or life-altering potential consequence.,SIF_LABELING_GUIDE_V0_1,UNCERTAIN,,UNCERTAIN,AI_SOL_DUAL_PASS_UNCERTAIN
OSHA-SIR-2024076300,OSHA_SIR,2024076300,An employee was filling a 150-gallon water tank on a drilling rig truck. The pressure of the hose at the water station threw the employee from the platform to the ground 4.5 feet below. The employee suffered broken ribs and a head injury and was hospitalized.,SIF_POTENTIAL,0.73,Pressurized hose reaction and elevated platform,Hose force threw the worker from the platform,Hose control and elevated-work controls failed,Head trauma or serious fall injury,"Uncontrolled hose force ejected the worker from an elevated platform, creating credible severe head-injury potential.",AI_SOL_XHIGH_PASS_A,SIF_POTENTIAL,0.96,"Stored pressure, tension, projectile, or hose-whip energy",Personnel were in the release or projectile line of fire,"Isolation, depressurization, restraint, or containment failed","Credible fatal impact, penetration, major amputation, or internal trauma",Uncontrolled stored energy exposed personnel to a credible fatal or life-altering release consequence.,SIF_LABELING_GUIDE_V0_1,SIF_POTENTIAL,0.730000,CONSENSUS_LOWER_CONFIDENCE,AI_SOL_DUAL_PASS_CONSENSUS_LOWER_CONFIDENCE
OSHA-SIR-2024054631,OSHA_SIR,2024054631,"The injured employee was retrieving a suitcase generator out of the bed of a pickup truck. While handing the generator to an employee on the ground, the injured employee slipped and fell off the bumper of the truck. He landed on the tongue of the trailer that the truck was coupled to. The employee sustained a bruised lung and three fractured ribs.",NON_SIF_POTENTIAL,0.78,Low-level fall,Worker fell less than about six feet,Footing or access control failed,Ordinary fall injury without established SIF energy,The low fall height and described geometry do not establish credible fatal or life-altering potential.,AI_SOL_XHIGH_PASS_A,NON_SIF_POTENTIAL,0.91,"Same-level or short-step slip, trip, or fall energy",Personnel lost footing without an additional high-energy exposure,Walking-surface or footing control failed,Musculoskeletal injury without supported fatal or life-altering potential,The described low-energy fall lacks an additional mechanism supporting credible fatal or life-altering potential.,SIF_LABELING_GUIDE_V0_1,NON_SIF_POTENTIAL,0.780000,CONSENSUS_LOWER_CONFIDENCE,AI_SOL_DUAL_PASS_CONSENSUS_LOWER_CONFIDENCE
OSHA-SIR-2025021232,OSHA_SIR,2025021232,"An employee was unloading diesel fuel from one compartment in a tanker to the next compartment. Fuel was released when a valve was opened. When the employee tried to stop the flow, some of the fuel entered his mouth. He became ill due to fuel ingestion and was hospitalized.",UNCERTAIN,0.6,Diesel fuel ingestion,Fuel entered the worker's mouth,Transfer containment failed,Aspiration or systemic harm; dose unknown,"The swallowed quantity and aspiration evidence are missing, so credible SIF severity cannot be established.",AI_SOL_XHIGH_PASS_A,UNCERTAIN,0.54,Chemical or inhalation exposure of unspecified identity or dose,Personnel exposure is reported without adequate concentration or route detail,"Containment, ventilation, and protective-control details are not described",Insufficient evidence to establish or exclude fatal or life-altering toxicity,"The substance, dose, and control evidence are insufficient for a reliable SIF-potential judgment.",SIF_LABELING_GUIDE_V0_1,UNCERTAIN,,UNCERTAIN,AI_SOL_DUAL_PASS_UNCERTAIN
OSHA-SIR-2025032390,OSHA_SIR,2025032390,"An employee was working on a well. He turned the well on and off, trying to get the head of the well to come up. He then went to adjust the well with a wrench. To access the fittings at the front of the well, the employee put his wrench on the pulley bar to slow down the well. The employee's finger was pinched between the wrench and an angle iron, resulting in amputation to the left ring fingertip.",SIF_POTENTIAL,0.78,Operating well pulley and improvised wrench braking,Worker placed a hand-held wrench at the moving mechanism,Energy isolation and proper operating method failed,"Entanglement, struck-by injury, or major amputation",Using a wrench against an operating pulley exposed the worker to uncontrolled rotating energy.,AI_SOL_XHIGH_PASS_A,SIF_POTENTIAL,0.94,Moving or rotating machinery and entanglement energy,"Personnel were within an in-running, pull-in, or entanglement zone","Isolation, guarding, or separation from moving parts failed","Credible fatal crushing, pull-in trauma, or life-altering amputation",Personnel exposure to uncontrolled moving machinery supports a credible fatal or life-altering entanglement consequence.,SIF_LABELING_GUIDE_V0_1,SIF_POTENTIAL,0.780000,CONSENSUS_LOWER_CONFIDENCE,AI_SOL_DUAL_PASS_CONSENSUS_LOWER_CONFIDENCE
OSHA-SIR-20241211383,OSHA_SIR,20241211383,"Two employees were sliding a floor grate toward the front of a chiller. When the grate reached the middle of the unit, two additional employees began lifting it over a gap. The grate became stuck and the injured employee went to the front of the chiller, released the obstruction, and began to move away. The grate (still being pushed forward) struck his lower left leg, pinning it against the chiller frame and breaking the tibia.",UNCERTAIN,0.62,Moving floor grate,Worker's lower leg was pinned against equipment,Communication and push-stop controls failed,Crush severity depends on grate mass and travel,The report does not establish enough load energy or body exposure to resolve whether SIF-level crushing was credible.,AI_SOL_XHIGH_PASS_A,NON_SIF_POTENTIAL,0.89,Localized hand or finger pinch and crush energy,A hand or finger entered the immediate pinch point,Hand placement or local separation control failed,Localized hand injury without a supported fatal or life-altering escalation,The narrative supports a localized low-energy pinch exposure without credible fatal or life-altering escalation.,SIF_LABELING_GUIDE_V0_1,UNCERTAIN,,UNCERTAIN,AI_SOL_DUAL_PASS_UNCERTAIN
OSHA-SIR-2024021513,OSHA_SIR,2024021513,"An employee fell while exiting a tractor, landed on the ground, and suffered fractures to the pelvis and shoulder blade. The employee was hospitalized.",NON_SIF_POTENTIAL,0.75,Low-level fall,Worker fell less than about six feet,Footing or access control failed,Ordinary fall injury without established SIF energy,The low fall height and described geometry do not establish credible fatal or life-altering potential.,AI_SOL_XHIGH_PASS_A,NON_SIF_POTENTIAL,0.91,"Same-level or short-step slip, trip, or fall energy",Personnel lost footing without an additional high-energy exposure,Walking-surface or footing control failed,Musculoskeletal injury without supported fatal or life-altering potential,The described low-energy fall lacks an additional mechanism supporting credible fatal or life-altering potential.,SIF_LABELING_GUIDE_V0_1,NON_SIF_POTENTIAL,0.750000,CONSENSUS_LOWER_CONFIDENCE,AI_SOL_DUAL_PASS_CONSENSUS_LOWER_CONFIDENCE
OSHA-SIR-2025032724,OSHA_SIR,2025032724,"An employee was at a residential home to perform a gas houseline inspection after repairs. While using a flashlight to see, the employee walked into the laundry room and fell into a 2' x 2' access opening for a crawl space in the floor. A black rug was partially covering the opening. The employee fell approximately 40 inches into the crawl space. The employee sustained three fractured ribs on the left side, fluid on the left side of the lungs, and a bruised right knee.",NON_SIF_POTENTIAL,0.78,Low-level fall,Worker fell less than about six feet,Footing or access control failed,Ordinary fall injury without established SIF energy,The low fall height and described geometry do not establish credible fatal or life-altering potential.,AI_SOL_XHIGH_PASS_A,NON_SIF_POTENTIAL,0.91,"Same-level or short-step slip, trip, or fall energy",Personnel lost footing without an additional high-energy exposure,Walking-surface or footing control failed,Musculoskeletal injury without supported fatal or life-altering potential,The described low-energy fall lacks an additional mechanism supporting credible fatal or life-altering potential.,SIF_LABELING_GUIDE_V0_1,NON_SIF_POTENTIAL,0.780000,CONSENSUS_LOWER_CONFIDENCE,AI_SOL_DUAL_PASS_CONSENSUS_LOWER_CONFIDENCE
OSHA-SIR-2024032554,OSHA_SIR,2024032554,"An employee was taking measurements for electrical conduit while standing on an earthen berm when he lost his balance and fell, landing on his leg and fracturing his left leg and ankle.",UNCERTAIN,0.55,Fall from an earthen berm,Worker fell from an unspecified height,Edge and footing controls are not described,Potential severity depends on missing height and surface details,"The berm height and fall geometry are missing, preventing a defensible binary judgment.",AI_SOL_XHIGH_PASS_A,UNCERTAIN,0.55,Potential lower-level fall or opening of unspecified depth,"Personnel were near the fall hazard, but the credible fall path is unclear","Height, edge protection, or fall-protection details are missing",Insufficient evidence to establish or exclude fatal or life-altering fall trauma,The fall height and protective-barrier evidence are insufficient for a reliable SIF-potential judgment.,SIF_LABELING_GUIDE_V0_1,UNCERTAIN,,UNCERTAIN,AI_SOL_DUAL_PASS_UNCERTAIN
OSHA-SIR-2024109364,OSHA_SIR,2024109364,"The injured employee was spotting for a forklift driver as they were placing a power pack onto a piece of equipment. The employee's left middle fingertip was crushed between the forklift mast and a brace for the equipment, resulting in an amputation to the finger.",NON_SIF_POTENTIAL,0.68,Localized pinch or caught-between point,Hand or finger was placed at the contact point,Hand-positioning or pinch-point control failed,Localized digit injury,The described geometry confines exposure to a hand or finger without credible whole-body or fatal escalation.,AI_SOL_XHIGH_PASS_A,SIF_POTENTIAL,0.95,Moving vehicle or mobile-equipment kinetic energy,"An occupant or pedestrian was in the collision, rollover, or run-over path","Traffic separation, spotting, restraint, stability, or vehicle control failed","Credible fatal collision, rollover, ejection, or crush trauma",The uncontrolled vehicle interaction supports a credible fatal or life-altering consequence.,SIF_LABELING_GUIDE_V0_1,,,DISAGREEMENT,AI_SOL_DUAL_PASS_DISAGREEMENT
OSHA-SIR-20251010231,OSHA_SIR,20251010231,"An employee was leaning down to install conduit. When he stood up, a 2-inch all-thread rod caught and lacerated his left eyelid.",SIF_POTENTIAL,0.76,Protruding threaded rod at eye level,Worker's eyelid contacted the rod,Protrusion guarding and clearance controls failed,Permanent eye loss or penetrating head injury,The unguarded rod contacted the eye area and could credibly cause permanent vision loss.,AI_SOL_XHIGH_PASS_A,SIF_POTENTIAL,0.9,"Sharp, projected, or pressurized material at face level",The eyes and face were directly in the contact path,"Face protection, guarding, or separation was ineffective or absent",Credible permanent loss of vision or penetrating head injury,The direct eye and face exposure supports a credible life-altering permanent vision consequence.,SIF_LABELING_GUIDE_V0_1,SIF_POTENTIAL,0.760000,CONSENSUS_LOWER_CONFIDENCE,AI_SOL_DUAL_PASS_CONSENSUS_LOWER_CONFIDENCE
OSHA-SIR-2024032434,OSHA_SIR,2024032434,"Two employees were making repairs on a boat. A gust of wind shut the engine room door on one employee's head, opening a wound across the top of the scalp. He was hospitalized.",UNCERTAIN,0.6,Wind-driven engine-room door,Door struck the worker's head,Door securement failed,Potential head injury; door energy unclear,The door mass and closing travel are not described well enough to resolve SIF-level head-impact potential.,AI_SOL_XHIGH_PASS_A,NON_SIF_POTENTIAL,0.88,"Localized contact, impact, or manual-handling energy",Personnel contacted the immediate object or surface,"Local positioning, handling, or housekeeping control failed",Localized injury without a supported fatal or life-altering escalation,The localized contact mechanism does not support a credible fatal or life-altering potential consequence.,SIF_LABELING_GUIDE_V0_1,UNCERTAIN,,UNCERTAIN,AI_SOL_DUAL_PASS_UNCERTAIN
OSHA-SIR-2024021072,OSHA_SIR,2024021072,"A rig crew had installed the rotating rubber onto the last joint of pipe in a mouse hole. The crew picked up the joint out of the mouse hole to attach it to the stump to make up the last joint. As the joint was placed inside the stump, the rotating rubber (wet from the weather) slid down the casing and struck an employee's right index finger. The finger was amputated.",NON_SIF_POTENTIAL,0.76,Small component dropped at hand level,Worker's hand or finger was beneath the component,Hand placement and support control failed,Localized digit injury,The described drop is confined to the hand without credible full-body or fatal exposure.,AI_SOL_XHIGH_PASS_A,NON_SIF_POTENTIAL,0.88,"Localized contact, impact, or manual-handling energy",Personnel contacted the immediate object or surface,"Local positioning, handling, or housekeeping control failed",Localized injury without a supported fatal or life-altering escalation,The localized contact mechanism does not support a credible fatal or life-altering potential consequence.,SIF_LABELING_GUIDE_V0_1,NON_SIF_POTENTIAL,0.760000,CONSENSUS_LOWER_CONFIDENCE,AI_SOL_DUAL_PASS_CONSENSUS_LOWER_CONFIDENCE
OSHA-SIR-2024010267,OSHA_SIR,2024010267,An employee took a CRT tube that was being rigged down. He got on the catwalk that takes him to the rig to put on the lift cap when the tube slipped and struck his foot. He was hospitalized and his right big toe was amputated.,UNCERTAIN,0.6,Falling material of unspecified mass or height,Material struck a worker,Support or containment failed,Severity depends on missing energy and geometry,"The report lacks enough mass, fall-height, and body-position detail for a defensible binary judgment.",AI_SOL_XHIGH_PASS_A,SIF_POTENTIAL,0.95,"Suspended, lifted, or falling heavy load",Personnel were beneath or immediately beside the load path,"Load support, retention, rigging, or exclusion control failed",Credible fatal crushing or catastrophic head and body trauma,The uncontrolled load and occupied drop zone support a credible fatal or life-altering consequence.,SIF_LABELING_GUIDE_V0_1,UNCERTAIN,,UNCERTAIN,AI_SOL_DUAL_PASS_UNCERTAIN
OSHA-SIR-2024054144,OSHA_SIR,2024054144,"While unloading a debris container using a vacuum truck, a piece of solid debris tumbled out of the truck and struck the employee's left leg. He was hospitalized for surgery.",UNCERTAIN,0.58,Falling material of unspecified mass or height,Material struck a worker,Support or containment failed,Severity depends on missing energy and geometry,"The report lacks enough mass, fall-height, and body-position detail for a defensible binary judgment.",AI_SOL_XHIGH_PASS_A,UNCERTAIN,0.56,Equipment or object energy of unspecified magnitude,"Personnel contact is described, but the full exposure zone is unclear","Critical equipment, isolation, support, or guarding details are missing",Insufficient evidence to establish or exclude fatal or life-altering potential,The equipment mechanism and critical-control details are insufficient for a reliable SIF-potential judgment.,SIF_LABELING_GUIDE_V0_1,UNCERTAIN,,UNCERTAIN,AI_SOL_DUAL_PASS_UNCERTAIN
OSHA-SIR-2025077110,OSHA_SIR,2025077110,"At about 4:20 a.m. on July 22, 2025, an employee of Blackeagle Energy Services was removing masking tape from a 24-inch, 450-pound flange on a pipe rack. Dunnage supporting the flange failed and it fell, crushing the employee's left hand against the rack. The employee suffered a partially severed middle finger, crushed bones, and lacerations/tendon damage to the ring finger. The employee was hospitalized, and the middle finger was medically amputated at the first knuckle.",SIF_POTENTIAL,0.76,Unsupported 450-pound flange,Worker's hand was between the flange and rack,Dunnage and stability controls failed,Crushing of a limb or body,Failure of support for a 450-pound flange created a credible heavy-load crush exposure.,AI_SOL_XHIGH_PASS_A,SIF_POTENTIAL,0.95,"Suspended, lifted, or falling heavy load",Personnel were beneath or immediately beside the load path,"Load support, retention, rigging, or exclusion control failed",Credible fatal crushing or catastrophic head and body trauma,The uncontrolled load and occupied drop zone support a credible fatal or life-altering consequence.,SIF_LABELING_GUIDE_V0_1,SIF_POTENTIAL,0.760000,CONSENSUS_LOWER_CONFIDENCE,AI_SOL_DUAL_PASS_CONSENSUS_LOWER_CONFIDENCE
OSHA-SIR-2024053824,OSHA_SIR,2024053824,"On May 2, 2024, an employee was holding a hose while pumping cement into a 25"" pipe when a heavy steel plate that was attached to the pipe rolled onto his right foot. The employee sustained two broken bones on the top of his foot.",SIF_POTENTIAL,0.73,Rolling heavy steel plate,Worker stood beside the plate and pipe,Plate stability and line-of-fire controls failed,Crushing of a limb or body,The heavy steel plate rolled unexpectedly in the worker's occupied area and could cause major crushing.,AI_SOL_XHIGH_PASS_A,SIF_POTENTIAL,0.93,"Heavy moving, shifting, rolling, or collapsing equipment",Personnel occupied the crush or line-of-fire zone,"Stability, exclusion-zone, or movement control failed",Credible fatal or life-altering crush trauma,A person was exposed to uncontrolled heavy movement with credible fatal or life-altering crush potential.,SIF_LABELING_GUIDE_V0_1,SIF_POTENTIAL,0.730000,CONSENSUS_LOWER_CONFIDENCE,AI_SOL_DUAL_PASS_CONSENSUS_LOWER_CONFIDENCE
OSHA-SIR-2024021680,OSHA_SIR,2024021680,"An employee was conducting maintenance on a pipe and was using a T-bar tool to secure the retainer cap on a pump. The employee's left index finger was caught in the rotating pump, resulting in a partial amputation.",SIF_POTENTIAL,0.75,"Moving belt, pulley, or machinery",Worker contacted the operating mechanism,Guarding or energy-isolation control was ineffective,"Draw-in, major amputation, or crushing",Contact with an accessible moving mechanism could escalate beyond the hand to life-altering injury.,AI_SOL_XHIGH_PASS_A,SIF_POTENTIAL,0.94,Moving or rotating machinery and entanglement energy,"Personnel were within an in-running, pull-in, or entanglement zone","Isolation, guarding, or separation from moving parts failed","Credible fatal crushing, pull-in trauma, or life-altering amputation",Personnel exposure to uncontrolled moving machinery supports a credible fatal or life-altering entanglement consequence.,SIF_LABELING_GUIDE_V0_1,SIF_POTENTIAL,0.750000,CONSENSUS_LOWER_CONFIDENCE,AI_SOL_DUAL_PASS_CONSENSUS_LOWER_CONFIDENCE
OSHA-SIR-2024054535,OSHA_SIR,2024054535,An employee was troubleshooting a valve that is involved with blending a dry chemical powder mix. The employee's left hand was caught in the valve when it was manually actuated. The employee sustained injury to their hand and fingers.,NON_SIF_POTENTIAL,0.7,Manually actuated valve pinch,Worker's hand was inside the valve movement point,Hand-positioning control failed,Localized hand injury,The narrative confines movement and exposure to the hand without credible whole-body escalation.,AI_SOL_XHIGH_PASS_A,UNCERTAIN,0.56,Equipment or object energy of unspecified magnitude,"Personnel contact is described, but the full exposure zone is unclear","Critical equipment, isolation, support, or guarding details are missing",Insufficient evidence to establish or exclude fatal or life-altering potential,The equipment mechanism and critical-control details are insufficient for a reliable SIF-potential judgment.,SIF_LABELING_GUIDE_V0_1,UNCERTAIN,,UNCERTAIN,AI_SOL_DUAL_PASS_UNCERTAIN
OSHA-SIR-2025099684,OSHA_SIR,2025099684,An employee was rigging up a location. He was using an Allen wrench to free up rotation and start the drawworks engine manually. The engine rotated and his left little finger became caught between the Allen wrench and the engine. The employee sustained an amputation to his little finger and fractures to his wrist.,UNCERTAIN,0.62,Manual engine rotation with Allen wrench,Worker's hand was at the wrench and engine interface,Energy control and proper starting method failed,Hand injury; wider entanglement potential unclear,The report does not establish enough rotation speed or body exposure to resolve SIF potential beyond the hand.,AI_SOL_XHIGH_PASS_A,SIF_POTENTIAL,0.94,Moving or rotating machinery and entanglement energy,"Personnel were within an in-running, pull-in, or entanglement zone","Isolation, guarding, or separation from moving parts failed","Credible fatal crushing, pull-in trauma, or life-altering amputation",Personnel exposure to uncontrolled moving machinery supports a credible fatal or life-altering entanglement consequence.,SIF_LABELING_GUIDE_V0_1,UNCERTAIN,,UNCERTAIN,AI_SOL_DUAL_PASS_UNCERTAIN
OSHA-SIR-2025054962,OSHA_SIR,2025054962,"On 5/27/2025, during the liner press operation, the operator began to carry out the routine cleaning process. While the machine was in jog mode, the operator ejected the die up using the foot pedal. The operator then went to remove the die for cleaning and the spin function engaged, causing their left little finger to be caught between the liner die and the liner barrel. The finger was amputated at the first knuckle.",NON_SIF_POTENTIAL,0.7,Localized pinch or caught-between point,Hand or finger was placed at the contact point,Hand-positioning or pinch-point control failed,Localized digit injury,The described geometry confines exposure to a hand or finger without credible whole-body or fatal escalation.,AI_SOL_XHIGH_PASS_A,SIF_POTENTIAL,0.94,Moving or rotating machinery and entanglement energy,"Personnel were within an in-running, pull-in, or entanglement zone","Isolation, guarding, or separation from moving parts failed","Credible fatal crushing, pull-in trauma, or life-altering amputation",Personnel exposure to uncontrolled moving machinery supports a credible fatal or life-altering entanglement consequence.,SIF_LABELING_GUIDE_V0_1,,,DISAGREEMENT,AI_SOL_DUAL_PASS_DISAGREEMENT
OSHA-SIR-2024021480,OSHA_SIR,2024021480,An employee was working in the rod basket on a well service rig when their left ring finger was caught in a pinch point between the rod basket swivel frame and a support on the rig. The finger was amputated.,NON_SIF_POTENTIAL,0.79,Localized pinch or caught-between point,Hand or finger was placed at the contact point,Hand-positioning or pinch-point control failed,Localized digit injury,The described geometry confines exposure to a hand or finger without credible whole-body or fatal escalation.,AI_SOL_XHIGH_PASS_A,UNCERTAIN,0.56,Equipment or object energy of unspecified magnitude,"Personnel contact is described, but the full exposure zone is unclear","Critical equipment, isolation, support, or guarding details are missing",Insufficient evidence to establish or exclude fatal or life-altering potential,The equipment mechanism and critical-control details are insufficient for a reliable SIF-potential judgment.,SIF_LABELING_GUIDE_V0_1,UNCERTAIN,,UNCERTAIN,AI_SOL_DUAL_PASS_UNCERTAIN
OSHA-SIR-2025010579,OSHA_SIR,2025010579,An employee was changing out the tong heads in the power tongs on a drilling rig when they became energized and crushed the employee's hand.,SIF_POTENTIAL,0.79,Unexpectedly energized power tongs,Worker's hand was inside during component change,Energy isolation failed,Crushing or draw-in beyond the hand,"Power tongs energized during maintenance, creating credible uncontrolled mechanical entrapment.",AI_SOL_XHIGH_PASS_A,SIF_POTENTIAL,0.94,Moving or rotating machinery and entanglement energy,"Personnel were within an in-running, pull-in, or entanglement zone","Isolation, guarding, or separation from moving parts failed","Credible fatal crushing, pull-in trauma, or life-altering amputation",Personnel exposure to uncontrolled moving machinery supports a credible fatal or life-altering entanglement consequence.,SIF_LABELING_GUIDE_V0_1,SIF_POTENTIAL,0.790000,CONSENSUS_LOWER_CONFIDENCE,AI_SOL_DUAL_PASS_CONSENSUS_LOWER_CONFIDENCE
OSHA-SIR-2024021495,OSHA_SIR,2024021495,An employee was lowering elevators while trying to couple a joint of tubing coming from a well. The employee's right hand was caught in a pinch point resulting in amputation of the ring fingertip.,NON_SIF_POTENTIAL,0.87,Localized pinch or caught-between point,Hand or finger was placed at the contact point,Hand-positioning or pinch-point control failed,Localized digit injury,The described geometry confines exposure to a hand or finger without credible whole-body or fatal escalation.,AI_SOL_XHIGH_PASS_A,SIF_POTENTIAL,0.94,Moving or rotating machinery and entanglement energy,"Personnel were within an in-running, pull-in, or entanglement zone","Isolation, guarding, or separation from moving parts failed","Credible fatal crushing, pull-in trauma, or life-altering amputation",Personnel exposure to uncontrolled moving machinery supports a credible fatal or life-altering entanglement consequence.,SIF_LABELING_GUIDE_V0_1,,,DISAGREEMENT,AI_SOL_DUAL_PASS_DISAGREEMENT
OSHA-SIR-2024098909,OSHA_SIR,2024098909,An employee was making a grease head connection. He pulled on the sling connected by a crane to balance the grease head. He was stabilizing the 5-1/2 lubricator with his left hand when the lubricator joint slipped into a tight space causing the 4-3/4 grease head to crush his left index finger against the lubricator. The employee's left index fingertip was amputated.,SIF_POTENTIAL,0.73,Suspended or forklift-supported heavy load,Worker was beside the shifting or swinging load,Load control and exclusion-zone controls failed,Fatal struck-by or crushing injury,The worker was within the movement zone of a lifted heavy object that shifted or swung unexpectedly.,AI_SOL_XHIGH_PASS_A,SIF_POTENTIAL,0.95,"Suspended, lifted, or falling heavy load",Personnel were beneath or immediately beside the load path,"Load support, retention, rigging, or exclusion control failed",Credible fatal crushing or catastrophic head and body trauma,The uncontrolled load and occupied drop zone support a credible fatal or life-altering consequence.,SIF_LABELING_GUIDE_V0_1,SIF_POTENTIAL,0.730000,CONSENSUS_LOWER_CONFIDENCE,AI_SOL_DUAL_PASS_CONSENSUS_LOWER_CONFIDENCE
OSHA-SIR-2024065056,OSHA_SIR,2024065056,"An employee was installing a safety cable on a flowline during a drilling operation. A forklift operator manipulated the boom to allow some slack in the strap to set the flowline box in the flowline trough. The employee had his hands on the strap to manipulate the box and set it down in the flowline trough. His left foot was forward while attempting to gain leverage when the flowline box shifted and struck his left foot and ankle area, resulting in a laceration to the top of his foot requiring hospitalization.",SIF_POTENTIAL,0.72,Suspended or forklift-supported heavy load,Worker was beside the shifting or swinging load,Load control and exclusion-zone controls failed,Fatal struck-by or crushing injury,The worker was within the movement zone of a lifted heavy object that shifted or swung unexpectedly.,AI_SOL_XHIGH_PASS_A,SIF_POTENTIAL,0.95,"Suspended, lifted, or falling heavy load",Personnel were beneath or immediately beside the load path,"Load support, retention, rigging, or exclusion control failed",Credible fatal crushing or catastrophic head and body trauma,The uncontrolled load and occupied drop zone support a credible fatal or life-altering consequence.,SIF_LABELING_GUIDE_V0_1,SIF_POTENTIAL,0.720000,CONSENSUS_LOWER_CONFIDENCE,AI_SOL_DUAL_PASS_CONSENSUS_LOWER_CONFIDENCE
OSHA-SIR-2024109922,OSHA_SIR,2024109922,"An employee was performing routine surveillance operation rounds on a furnace and nearby equipment. The employee heard a rumbling sound coming from a low-pressure steam vent and when he looked up, he saw water falling from the vent. He quickly moved to avoid the falling water and ran into a pipe and then fell, resulting in a right tibia fracture.",UNCERTAIN,0.55,Low-pressure steam vent and falling water,Worker moved away and struck a pipe,Vent condition and path clearance were inadequate,Thermal severity is unclear; impact was low energy,"Water temperature and vent-release energy are missing, so the SIF potential cannot be resolved.",AI_SOL_XHIGH_PASS_A,SIF_POTENTIAL,0.93,"Extreme-temperature fluid, steam, or material",Personnel were in the direct thermal release or contact zone,"Isolation, depressurization, containment, or thermal protection failed",Credible fatal or life-altering burns and systemic injury,Direct exposure to uncontrolled extreme-temperature material supports credible fatal or life-altering burns.,SIF_LABELING_GUIDE_V0_1,UNCERTAIN,,UNCERTAIN,AI_SOL_DUAL_PASS_UNCERTAIN
OSHA-SIR-2016042900,OSHA_SIR,2016042900,"An employee was breaking a horse when the horse ran into the metal railing of the pen, fracturing the employee's knee.",SIF_POTENTIAL,0.72,Uncontrolled horse movement,Worker was in the pen as the horse hit railing,Animal-control and separation controls failed,"Crushing, trampling, or fatal impact",A large uncontrolled animal could credibly crush or trample the exposed worker.,AI_SOL_XHIGH_PASS_A,SIF_POTENTIAL,0.86,"Venomous, anaphylactic, or high-force animal exposure","Personnel were bitten, stung, or struck by the animal","Detection, avoidance, exclusion, or emergency control was ineffective","Credible fatal envenomation, anaphylaxis, or life-altering trauma",The described animal exposure supports a credible fatal or life-altering consequence.,SIF_LABELING_GUIDE_V0_1,SIF_POTENTIAL,0.720000,CONSENSUS_LOWER_CONFIDENCE,AI_SOL_DUAL_PASS_CONSENSUS_LOWER_CONFIDENCE
OSHA-SIR-2017065761,OSHA_SIR,2017065761,An employee was bitten on the right calf by a spider while working at a drilling rig.,UNCERTAIN,0.5,Biological bite/sting; agent toxicity unspecified,Employee was bitten,No barrier information stated,Potential severity cannot be established from the narrative,The biting agent and credible severe consequence are not described well enough for a binary judgment.,AI_SOL_XHIGH_PASS_A,UNCERTAIN,0.55,Biological bite or sting,"A bite or sting occurred, but agent severity is not established","Relevant detection, avoidance, or protection details are not described",Insufficient evidence to establish or exclude fatal or life-altering toxicity,"The narrative lacks species, toxicity, and control detail needed for a reliable SIF-potential judgment.",SIF_LABELING_GUIDE_V0_1,UNCERTAIN,,UNCERTAIN,AI_SOL_DUAL_PASS_UNCERTAIN
OSHA-SIR-2015020234,OSHA_SIR,2015020234,Employee was changing out a hydraulic ram on a rig when a swivel on the come-along broke and pinched the employee's thumb. First aid was performed at the local hospital and then the employee was transported to Denver. An artery in the thumb was damaged and the right hand thumb was later amputated at the first joint.,UNCERTAIN,0.6,Come-along swivel failure during ram replacement,Worker's thumb was at the rigging interface,Rigging component integrity failed,Wider load movement is possible but not described,"The failed swivel suggests stored load energy, but load size and body exposure are insufficient for a binary judgment.",AI_SOL_XHIGH_PASS_A,SIF_POTENTIAL,0.96,"Stored pressure, tension, projectile, or hose-whip energy",Personnel were in the release or projectile line of fire,"Isolation, depressurization, restraint, or containment failed","Credible fatal impact, penetration, major amputation, or internal trauma",Uncontrolled stored energy exposed personnel to a credible fatal or life-altering release consequence.,SIF_LABELING_GUIDE_V0_1,UNCERTAIN,,UNCERTAIN,AI_SOL_DUAL_PASS_UNCERTAIN
OSHA-SIR-2015010093,OSHA_SIR,2015010093,An employee was exposed to a pinch point hazard when his left thumb was caught between the ST-80 and another metal object.,NON_SIF_POTENTIAL,0.88,Localized pinch or caught-between point,Hand or finger was placed at the contact point,Hand-positioning or pinch-point control failed,Localized digit injury,The described geometry confines exposure to a hand or finger without credible whole-body or fatal escalation.,AI_SOL_XHIGH_PASS_A,UNCERTAIN,0.56,Equipment or object energy of unspecified magnitude,"Personnel contact is described, but the full exposure zone is unclear","Critical equipment, isolation, support, or guarding details are missing",Insufficient evidence to establish or exclude fatal or life-altering potential,The equipment mechanism and critical-control details are insufficient for a reliable SIF-potential judgment.,SIF_LABELING_GUIDE_V0_1,UNCERTAIN,,UNCERTAIN,AI_SOL_DUAL_PASS_UNCERTAIN
OSHA-SIR-20171010313,OSHA_SIR,20171010313,"On October 27, 2017, at approximately 2:45 p.m., an employee was adjusting the forks of a lift. While holding onto the side of the forklift assembly, he boomed up and kicked the fork over with his foot. As the fork moved, it dropped into place, along with the bar that supports the forks. The employee's gloved finger was then pinched between the fork and fork assembly, amputating his right middle fingertip.",NON_SIF_POTENTIAL,0.88,Localized pinch or caught-between point,Hand or finger was placed at the contact point,Hand-positioning or pinch-point control failed,Localized digit injury,The described geometry confines exposure to a hand or finger without credible whole-body or fatal escalation.,AI_SOL_XHIGH_PASS_A,SIF_POTENTIAL,0.93,"Heavy moving, shifting, rolling, or collapsing equipment",Personnel occupied the crush or line-of-fire zone,"Stability, exclusion-zone, or movement control failed",Credible fatal or life-altering crush trauma,A person was exposed to uncontrolled heavy movement with credible fatal or life-altering crush potential.,SIF_LABELING_GUIDE_V0_1,,,DISAGREEMENT,AI_SOL_DUAL_PASS_DISAGREEMENT
OSHA-SIR-2017076668,OSHA_SIR,2017076668,"An employee was helping a coworker lower a cutting trough. The coworker attached a chain to the cutting trough and a shaker walkway overhang. The employee centered a forklift on the cutting trough and raised the forks up until they came into contact with the trough, to relieve any pressure from the saddle supports underneath. He un-pinned and removed one saddle support, then attempted to un-pin/remove the second support. He took his left hand and held the tubing and the slide portion of the saddle support in order to gain additional leverage to free the stuck pin. Once the pin came out, the slide fell and smashed his left index finger between the saddle and the tubing.",SIF_POTENTIAL,0.72,Forklift-supported cutting trough and removable support,Worker's hand was under the support during release,Load support and hand-clearance controls failed,Collapse or crushing by the trough,Removing a support while a forklift held the trough created credible load-collapse exposure.,AI_SOL_XHIGH_PASS_A,SIF_POTENTIAL,0.93,"Heavy moving, shifting, rolling, or collapsing equipment",Personnel occupied the crush or line-of-fire zone,"Stability, exclusion-zone, or movement control failed",Credible fatal or life-altering crush trauma,A person was exposed to uncontrolled heavy movement with credible fatal or life-altering crush potential.,SIF_LABELING_GUIDE_V0_1,SIF_POTENTIAL,0.720000,CONSENSUS_LOWER_CONFIDENCE,AI_SOL_DUAL_PASS_CONSENSUS_LOWER_CONFIDENCE
OSHA-SIR-2015020655,OSHA_SIR,2015020655,An employee working on an oil-and-gas service rig suffered partial amputations of the right middle and right ring fingers after his hand was caught between the tong plate and the pin that secures the tongs.,UNCERTAIN,0.59,Tong plate and securing pin,Worker's hand was caught between components,Equipment state and isolation are not stated,Permanent hand injury; wider draw-in unclear,The report lacks enough information about tong movement and energy to resolve SIF potential beyond the hand.,AI_SOL_XHIGH_PASS_A,UNCERTAIN,0.56,Equipment or object energy of unspecified magnitude,"Personnel contact is described, but the full exposure zone is unclear","Critical equipment, isolation, support, or guarding details are missing",Insufficient evidence to establish or exclude fatal or life-altering potential,The equipment mechanism and critical-control details are insufficient for a reliable SIF-potential judgment.,SIF_LABELING_GUIDE_V0_1,UNCERTAIN,,UNCERTAIN,AI_SOL_DUAL_PASS_UNCERTAIN
OSHA-SIR-2015010296,OSHA_SIR,2015010296,"On January 8, 2015 at 10:15pm, an employee was cleaning/unclogging an automatic in-line cement powder sampler. He used his finger to verify there was no longer a clog and the sampler actuated amputating the tip of the third finger on the employee's left hand.",NON_SIF_POTENTIAL,0.7,Localized pinch or caught-between point,Hand or finger was placed at the contact point,Hand-positioning or pinch-point control failed,Localized digit injury,The described geometry confines exposure to a hand or finger without credible whole-body or fatal escalation.,AI_SOL_XHIGH_PASS_A,SIF_POTENTIAL,0.94,Moving or rotating machinery and entanglement energy,"Personnel were within an in-running, pull-in, or entanglement zone","Isolation, guarding, or separation from moving parts failed","Credible fatal crushing, pull-in trauma, or life-altering amputation",Personnel exposure to uncontrolled moving machinery supports a credible fatal or life-altering entanglement consequence.,SIF_LABELING_GUIDE_V0_1,,,DISAGREEMENT,AI_SOL_DUAL_PASS_DISAGREEMENT
OSHA-SIR-2015010325,OSHA_SIR,2015010325,"On or about January 9, 2014 at about 0535 hrs an employee of Propetrol Services Inc. was repairing a pump at the Mabee 139-202 HA well site 10 miles north of Midland Texas. When he reached into the pump to repair a faulty plunger, the unit ""kicked"" and amputated the tip of his right middle finger. He was driven to Medical Center Hospital in Odessa Texas where the prognosis was that the flesh portion not the bone will be amputated.",SIF_POTENTIAL,0.72,"Moving belt, pulley, or machinery",Worker contacted the operating mechanism,Guarding or energy-isolation control was ineffective,"Draw-in, major amputation, or crushing",Contact with an accessible moving mechanism could escalate beyond the hand to life-altering injury.,AI_SOL_XHIGH_PASS_A,SIF_POTENTIAL,0.94,Moving or rotating machinery and entanglement energy,"Personnel were within an in-running, pull-in, or entanglement zone","Isolation, guarding, or separation from moving parts failed","Credible fatal crushing, pull-in trauma, or life-altering amputation",Personnel exposure to uncontrolled moving machinery supports a credible fatal or life-altering entanglement consequence.,SIF_LABELING_GUIDE_V0_1,SIF_POTENTIAL,0.720000,CONSENSUS_LOWER_CONFIDENCE,AI_SOL_DUAL_PASS_CONSENSUS_LOWER_CONFIDENCE
OSHA-SIR-2015010448,OSHA_SIR,2015010448,"An employee was unjamming a stuck granulated salt spreader used on the back of a truck to salt roads. The employee reached into the impeller and chain components while the machine was running and something grabbed his right hand and amputated his right index finger past the nail bed, but before the first joint.",SIF_POTENTIAL,0.76,"Moving belt, pulley, or machinery",Worker contacted the operating mechanism,Guarding or energy-isolation control was ineffective,"Draw-in, major amputation, or crushing",Contact with an accessible moving mechanism could escalate beyond the hand to life-altering injury.,AI_SOL_XHIGH_PASS_A,SIF_POTENTIAL,0.94,Moving or rotating machinery and entanglement energy,"Personnel were within an in-running, pull-in, or entanglement zone","Isolation, guarding, or separation from moving parts failed","Credible fatal crushing, pull-in trauma, or life-altering amputation",Personnel exposure to uncontrolled moving machinery supports a credible fatal or life-altering entanglement consequence.,SIF_LABELING_GUIDE_V0_1,SIF_POTENTIAL,0.760000,CONSENSUS_LOWER_CONFIDENCE,AI_SOL_DUAL_PASS_CONSENSUS_LOWER_CONFIDENCE
OSHA-SIR-2015010736,OSHA_SIR,2015010736,Employee was working on a can wrench without the lock out/tag out system in place. The jaws of the machine opened and retracted smashing and amputating the tip of the middle finger on his left hand.,SIF_POTENTIAL,0.7,Unexpectedly energized power tongs,Worker's hand was inside during component change,Energy isolation failed,Crushing or draw-in beyond the hand,"Power tongs energized during maintenance, creating credible uncontrolled mechanical entrapment.",AI_SOL_XHIGH_PASS_A,SIF_POTENTIAL,0.94,Moving or rotating machinery and entanglement energy,"Personnel were within an in-running, pull-in, or entanglement zone","Isolation, guarding, or separation from moving parts failed","Credible fatal crushing, pull-in trauma, or life-altering amputation",Personnel exposure to uncontrolled moving machinery supports a credible fatal or life-altering entanglement consequence.,SIF_LABELING_GUIDE_V0_1,SIF_POTENTIAL,0.700000,CONSENSUS_LOWER_CONFIDENCE,AI_SOL_DUAL_PASS_CONSENSUS_LOWER_CONFIDENCE
OSHA-SIR-2016065162,OSHA_SIR,2016065162,"On June 11, 2016, an employee was assisting the crew as it rigged out a crane. The crane operator was retracting the outrigger when the injured employee used his left hand to brace himself as he bent down to pick up the outrigger pad. He placed his left hand on the outrigger, and his finger entered the eyelets on the outrigger. As the outer section of the outrigger retracted into the inner section, the eyelet on the outer section amputated the employee's left middle fingertip.",NON_SIF_POTENTIAL,0.82,Localized pinch or caught-between point,Hand or finger was placed at the contact point,Hand-positioning or pinch-point control failed,Localized digit injury,The described geometry confines exposure to a hand or finger without credible whole-body or fatal escalation.,AI_SOL_XHIGH_PASS_A,SIF_POTENTIAL,0.93,"Heavy moving, shifting, rolling, or collapsing equipment",Personnel occupied the crush or line-of-fire zone,"Stability, exclusion-zone, or movement control failed",Credible fatal or life-altering crush trauma,A person was exposed to uncontrolled heavy movement with credible fatal or life-altering crush potential.,SIF_LABELING_GUIDE_V0_1,,,DISAGREEMENT,AI_SOL_DUAL_PASS_DISAGREEMENT
OSHA-SIR-2015030400,OSHA_SIR,2015030400,"An employee was stabbing up in the derrick while a pipe was being brought up on an elevator. As the employee reached to unlatch the elevator, the tongs engaged, striking the employee's left hand resulting in a broken wrist.",UNCERTAIN,0.6,Powered tongs and elevated derrick work,Worker's hand was struck while stabbing pipe,Equipment coordination failed,Hand injury or fall; exposure extent unclear,The narrative does not establish whether the elevated worker faced a credible fall or whole-body equipment hazard.,AI_SOL_XHIGH_PASS_A,SIF_POTENTIAL,0.94,Moving or rotating machinery and entanglement energy,"Personnel were within an in-running, pull-in, or entanglement zone","Isolation, guarding, or separation from moving parts failed","Credible fatal crushing, pull-in trauma, or life-altering amputation",Personnel exposure to uncontrolled moving machinery supports a credible fatal or life-altering entanglement consequence.,SIF_LABELING_GUIDE_V0_1,UNCERTAIN,,UNCERTAIN,AI_SOL_DUAL_PASS_UNCERTAIN
OSHA-SIR-2015074326,OSHA_SIR,2015074326,"Employees were rigging down the workover rig at about 11:30 a.m., on July 5, when an employee's right thumb and first finger were caught between the derrick tip section and stop plate. The employee's thumb had to be surgically amputated.",SIF_POTENTIAL,0.7,Moving derrick mast sections,Worker was beside the closing mast interface,Personnel-clearance and mast-movement controls failed,Fatal crushing or major amputation,Movement of large derrick sections created a crush zone that could capture more than the worker's hand.,AI_SOL_XHIGH_PASS_A,SIF_POTENTIAL,0.93,"Heavy moving, shifting, rolling, or collapsing equipment",Personnel occupied the crush or line-of-fire zone,"Stability, exclusion-zone, or movement control failed",Credible fatal or life-altering crush trauma,A person was exposed to uncontrolled heavy movement with credible fatal or life-altering crush potential.,SIF_LABELING_GUIDE_V0_1,SIF_POTENTIAL,0.700000,CONSENSUS_LOWER_CONFIDENCE,AI_SOL_DUAL_PASS_CONSENSUS_LOWER_CONFIDENCE
OSHA-SIR-2015064026,OSHA_SIR,2015064026,"An employee was installing a pulley on a machine in the pipe yard. The pulley pulled the employee's left index finger into the machine, amputating the fingertip.",SIF_POTENTIAL,0.72,"Moving belt, pulley, or machinery",Worker contacted the operating mechanism,Guarding or energy-isolation control was ineffective,"Draw-in, major amputation, or crushing",Contact with an accessible moving mechanism could escalate beyond the hand to life-altering injury.,AI_SOL_XHIGH_PASS_A,SIF_POTENTIAL,0.94,Moving or rotating machinery and entanglement energy,"Personnel were within an in-running, pull-in, or entanglement zone","Isolation, guarding, or separation from moving parts failed","Credible fatal crushing, pull-in trauma, or life-altering amputation",Personnel exposure to uncontrolled moving machinery supports a credible fatal or life-altering entanglement consequence.,SIF_LABELING_GUIDE_V0_1,SIF_POTENTIAL,0.720000,CONSENSUS_LOWER_CONFIDENCE,AI_SOL_DUAL_PASS_CONSENSUS_LOWER_CONFIDENCE
OSHA-SIR-2017010049,OSHA_SIR,2017010049,An employee was moving a catwalk (a long piece of equipment that helps move tube) against a rig to perform an inspection when his right ring finger was caught and fractured between the catwalk skate and a pin. He was hospitalized.,NON_SIF_POTENTIAL,0.83,Localized pinch or caught-between point,Hand or finger was placed at the contact point,Hand-positioning or pinch-point control failed,Localized digit injury,The described geometry confines exposure to a hand or finger without credible whole-body or fatal escalation.,AI_SOL_XHIGH_PASS_A,SIF_POTENTIAL,0.93,"Heavy moving, shifting, rolling, or collapsing equipment",Personnel occupied the crush or line-of-fire zone,"Stability, exclusion-zone, or movement control failed",Credible fatal or life-altering crush trauma,A person was exposed to uncontrolled heavy movement with credible fatal or life-altering crush potential.,SIF_LABELING_GUIDE_V0_1,,,DISAGREEMENT,AI_SOL_DUAL_PASS_DISAGREEMENT
OSHA-SIR-2015031198,OSHA_SIR,2015031198,"An employee was attempting to place the pipe spinner leaver in neutral position when he tripped. His right hand engaged the spinner, and his left hand got caught in the spinner chain, cutting his left pinky and ring fingers.",SIF_POTENTIAL,0.72,"Moving belt, pulley, or machinery",Worker contacted the operating mechanism,Guarding or energy-isolation control was ineffective,"Draw-in, major amputation, or crushing",Contact with an accessible moving mechanism could escalate beyond the hand to life-altering injury.,AI_SOL_XHIGH_PASS_A,SIF_POTENTIAL,0.94,Moving or rotating machinery and entanglement energy,"Personnel were within an in-running, pull-in, or entanglement zone","Isolation, guarding, or separation from moving parts failed","Credible fatal crushing, pull-in trauma, or life-altering amputation",Personnel exposure to uncontrolled moving machinery supports a credible fatal or life-altering entanglement consequence.,SIF_LABELING_GUIDE_V0_1,SIF_POTENTIAL,0.720000,CONSENSUS_LOWER_CONFIDENCE,AI_SOL_DUAL_PASS_CONSENSUS_LOWER_CONFIDENCE
OSHA-SIR-2018088265,OSHA_SIR,2018088265,"An employee was setting up five mud tanks and a mud pump. While he was hooking up the fifth mud tank to the fourth mud tank, a gap formed between the hose to the union. He inched the cable over multiple times to close the gap. Then, the driver lifted the mud tank up, which caused the cable line to pull the employee's finger between the truck roller, resulting in an amputation of the end of his left index finger.",SIF_POTENTIAL,0.72,"Powered cable, winch, or spool",Worker was caught or pulled by the line,Line-of-fire and entanglement controls failed,Whole-body draw-in or traumatic amputation,"The powered line could draw the worker further into equipment, creating credible fatal or life-altering exposure.",AI_SOL_XHIGH_PASS_A,SIF_POTENTIAL,0.94,Moving or rotating machinery and entanglement energy,"Personnel were within an in-running, pull-in, or entanglement zone","Isolation, guarding, or separation from moving parts failed","Credible fatal crushing, pull-in trauma, or life-altering amputation",Personnel exposure to uncontrolled moving machinery supports a credible fatal or life-altering entanglement consequence.,SIF_LABELING_GUIDE_V0_1,SIF_POTENTIAL,0.720000,CONSENSUS_LOWER_CONFIDENCE,AI_SOL_DUAL_PASS_CONSENSUS_LOWER_CONFIDENCE
OSHA-SIR-20171110662,OSHA_SIR,20171110662,An employee was stepping down into an excavation when he fractured his tibia.,UNCERTAIN,0.55,Entry into an excavation,Worker was stepping down when injured,Excavation depth and access controls are not stated,Potential fall severity depends on missing depth,The excavation depth and fall mechanism are too vague for a defensible binary judgment.,AI_SOL_XHIGH_PASS_A,NON_SIF_POTENTIAL,0.91,"Same-level or short-step slip, trip, or fall energy",Personnel lost footing without an additional high-energy exposure,Walking-surface or footing control failed,Musculoskeletal injury without supported fatal or life-altering potential,The described low-energy fall lacks an additional mechanism supporting credible fatal or life-altering potential.,SIF_LABELING_GUIDE_V0_1,UNCERTAIN,,UNCERTAIN,AI_SOL_DUAL_PASS_UNCERTAIN
OSHA-SIR-2015010726,OSHA_SIR,2015010726,"A crew of employees was performing workover services. The crew was attempting to break out a crossover sub, on top of the casing scraper, using tongs. The employee was using a 36-inch wrench on top of the tongs. The tong operator engaged the tong before the employee removed his hand. The tong pinched the employee's finger between the tong and the wrench. The employee lost the fingertip of his right middle finger.",NON_SIF_POTENTIAL,0.87,Localized pinch or caught-between point,Hand or finger was placed at the contact point,Hand-positioning or pinch-point control failed,Localized digit injury,The described geometry confines exposure to a hand or finger without credible whole-body or fatal escalation.,AI_SOL_XHIGH_PASS_A,SIF_POTENTIAL,0.94,Moving or rotating machinery and entanglement energy,"Personnel were within an in-running, pull-in, or entanglement zone","Isolation, guarding, or separation from moving parts failed","Credible fatal crushing, pull-in trauma, or life-altering amputation",Personnel exposure to uncontrolled moving machinery supports a credible fatal or life-altering entanglement consequence.,SIF_LABELING_GUIDE_V0_1,,,DISAGREEMENT,AI_SOL_DUAL_PASS_DISAGREEMENT
OSHA-SIR-2015041924,OSHA_SIR,2015041924,"An employee was performing cementing operations on a drilling rig. While using an air hoist to hoist a cement plug over a pipe, his thumb got caught between the ""wing"" of the plug and the plug itself. He sustained an amputation to the left-hand thumb up to the knuckle.",NON_SIF_POTENTIAL,0.78,Localized pinch or caught-between point,Hand or finger was placed at the contact point,Hand-positioning or pinch-point control failed,Localized digit injury,The described geometry confines exposure to a hand or finger without credible whole-body or fatal escalation.,AI_SOL_XHIGH_PASS_A,SIF_POTENTIAL,0.95,"Suspended, lifted, or falling heavy load",Personnel were beneath or immediately beside the load path,"Load support, retention, rigging, or exclusion control failed",Credible fatal crushing or catastrophic head and body trauma,The uncontrolled load and occupied drop zone support a credible fatal or life-altering consequence.,SIF_LABELING_GUIDE_V0_1,,,DISAGREEMENT,AI_SOL_DUAL_PASS_DISAGREEMENT
OSHA-SIR-20161211967,OSHA_SIR,20161211967,"An employee had just finished lifting a shale bin using two loaders (one with a stinger, chain, and lifting equipment) in order to place matting underneath. Once the matting was in place, the employee directed the loader to lower the bin until there was enough slack in the lifting chain to remove it. As the employee grabbed the eye of the lifting chain to unhook it, the operator of the loader bumped the controls with his knee, causing the chain to tighten and pinch the employee's right middle finger between the bin and the chain. The employee's right middle finger was amputated between the middle and upper joint, and the employee was hospitalized.",UNCERTAIN,0.62,Loader-controlled lifting chain,Worker's hand was at the chain and bin interface,Unexpected control activation tightened the chain,Digit injury; whole-body line-of-fire exposure unclear,"The chain tightened unexpectedly, but the narrative confines the known exposure to a finger and omits wider load movement.",AI_SOL_XHIGH_PASS_A,SIF_POTENTIAL,0.95,"Suspended, lifted, or falling heavy load",Personnel were beneath or immediately beside the load path,"Load support, retention, rigging, or exclusion control failed",Credible fatal crushing or catastrophic head and body trauma,The uncontrolled load and occupied drop zone support a credible fatal or life-altering consequence.,SIF_LABELING_GUIDE_V0_1,UNCERTAIN,,UNCERTAIN,AI_SOL_DUAL_PASS_UNCERTAIN
OSHA-SIR-20201211546,OSHA_SIR,20201211546,"An employee was changing hoses when he was sprayed by liquid butane, resulting in cold burns.",SIF_POTENTIAL,0.75,Liquid butane release,Worker was sprayed while changing hoses,Isolation and containment failed,"Cryogenic injury, fire, or vapor asphyxiation",Direct butane release around a worker creates credible life-altering cold and flammable-vapor hazards.,AI_SOL_XHIGH_PASS_A,SIF_POTENTIAL,0.97,"Fire, explosion, or ignitable hydrocarbon energy","Personnel were within the flame, heat, or blast zone","Fuel containment, isolation, ignition control, or verification failed","Credible fatal burns, blast trauma, or smoke inhalation",The described fire or explosion exposure supports a credible fatal or life-altering consequence.,SIF_LABELING_GUIDE_V0_1,SIF_POTENTIAL,0.750000,CONSENSUS_LOWER_CONFIDENCE,AI_SOL_DUAL_PASS_CONSENSUS_LOWER_CONFIDENCE
OSHA-SIR-2015010261,OSHA_SIR,2015010261,"On 01/08/15, employee suffered an amputation of the left index finger while operating a mulch machine at a well site.",UNCERTAIN,0.58,Mulch machine,Worker's finger contacted the machine,Guarding and operating details are missing,Potential extent of machine entanglement is unclear,The report does not describe the contact geometry or whether the machine could draw in more than a finger.,AI_SOL_XHIGH_PASS_A,UNCERTAIN,0.56,Equipment or object energy of unspecified magnitude,"Personnel contact is described, but the full exposure zone is unclear","Critical equipment, isolation, support, or guarding details are missing",Insufficient evidence to establish or exclude fatal or life-altering potential,The equipment mechanism and critical-control details are insufficient for a reliable SIF-potential judgment.,SIF_LABELING_GUIDE_V0_1,UNCERTAIN,,UNCERTAIN,AI_SOL_DUAL_PASS_UNCERTAIN
OSHA-SIR-2015020682,OSHA_SIR,2015020682,An employee amputated his fingertip while tearing down a setting tool on the McMaster Pad site.,UNCERTAIN,0.55,Setting tool during teardown,Worker's fingertip was injured,Energy state and failure mechanism are missing,Potential severity cannot be established,The report is too vague about tool energy and exposure to support a binary SIF judgment.,AI_SOL_XHIGH_PASS_A,UNCERTAIN,0.56,Equipment or object energy of unspecified magnitude,"Personnel contact is described, but the full exposure zone is unclear","Critical equipment, isolation, support, or guarding details are missing",Insufficient evidence to establish or exclude fatal or life-altering potential,The equipment mechanism and critical-control details are insufficient for a reliable SIF-potential judgment.,SIF_LABELING_GUIDE_V0_1,UNCERTAIN,,UNCERTAIN,AI_SOL_DUAL_PASS_UNCERTAIN
OSHA-SIR-2015020050,OSHA_SIR,2015020050,"On 2/11/15, a Pioneer Oil Field Services Rig Hand working at Petco/Louden Field amputated the first digit (approximately the length of his fingernail) of his right ring finger. The amputation occurred when a landing joint connector being pulled by a chain became tight and wrapped around said employee's finger who was holding/guiding the chain at the time of incident.",SIF_POTENTIAL,0.7,"Powered cable, winch, or spool",Worker was caught or pulled by the line,Line-of-fire and entanglement controls failed,Whole-body draw-in or traumatic amputation,"The powered line could draw the worker further into equipment, creating credible fatal or life-altering exposure.",AI_SOL_XHIGH_PASS_A,SIF_POTENTIAL,0.94,Moving or rotating machinery and entanglement energy,"Personnel were within an in-running, pull-in, or entanglement zone","Isolation, guarding, or separation from moving parts failed","Credible fatal crushing, pull-in trauma, or life-altering amputation",Personnel exposure to uncontrolled moving machinery supports a credible fatal or life-altering entanglement consequence.,SIF_LABELING_GUIDE_V0_1,SIF_POTENTIAL,0.700000,CONSENSUS_LOWER_CONFIDENCE,AI_SOL_DUAL_PASS_CONSENSUS_LOWER_CONFIDENCE
OSHA-SIR-2019076859,OSHA_SIR,2019076859,"While removing a power swivel and tank from a drill site, two employees sustained chemical burns on their legs from an unknown caustic chemical.",UNCERTAIN,0.58,Unknown or unspecified chemical exposure,Chemical contacted the worker,Containment failed but material properties are missing,Potential severity cannot be established,"Chemical identity, concentration, and exposure extent are too incomplete for a binary judgment.",AI_SOL_XHIGH_PASS_A,UNCERTAIN,0.54,Chemical or inhalation exposure of unspecified identity or dose,Personnel exposure is reported without adequate concentration or route detail,"Containment, ventilation, and protective-control details are not described",Insufficient evidence to establish or exclude fatal or life-altering toxicity,"The substance, dose, and control evidence are insufficient for a reliable SIF-potential judgment.",SIF_LABELING_GUIDE_V0_1,UNCERTAIN,,UNCERTAIN,AI_SOL_DUAL_PASS_UNCERTAIN
OSHA-SIR-2015064039,OSHA_SIR,2015064039,An employee who became dizzy was hospitalized and treated for heat-related illness.,SIF_POTENTIAL,0.72,Environmental heat during field work,Worker developed heat-illness symptoms after exposure,Heat-stress controls are not described,Heat stroke and death,Field heat exposure produced illness symptoms and could credibly progress to fatal heat stroke.,AI_SOL_XHIGH_PASS_A,UNCERTAIN,0.56,Environmental temperature exposure,Personnel symptoms are reported without adequate exposure-condition detail,"Monitoring, work-rest, clothing, or shelter controls are not described",Insufficient evidence to establish or exclude fatal or life-altering temperature injury,The environmental conditions and control evidence are insufficient for a reliable SIF-potential judgment.,SIF_LABELING_GUIDE_V0_1,UNCERTAIN,,UNCERTAIN,AI_SOL_DUAL_PASS_UNCERTAIN
OSHA-SIR-2015063562,OSHA_SIR,2015063562,"An employee was assisting offloading truck. A supervisor noticed the employee was sweating excessively and looked pale. The supervisor informed the employee to sit inside the air-conditioned truck and cool off. After a period of time the employee came out of the truck and attempted to continue to work. The employee complained that his hands were cramping. The employee was taken to the hospital. At the hospital, it was noted that the employee had high CK levels possibly due to prior heat illness.",SIF_POTENTIAL,0.76,Environmental heat during field work,Worker developed heat-illness symptoms after exposure,Heat-stress controls are not described,Heat stroke and death,Field heat exposure produced illness symptoms and could credibly progress to fatal heat stroke.,AI_SOL_XHIGH_PASS_A,SIF_POTENTIAL,0.84,Environmental heat stress,Personnel experienced heat exposure during field work,"Heat monitoring, work-rest, hydration, or acclimatization control was ineffective",Credible fatal heat stroke or life-altering organ injury,The documented heat-stress exposure could credibly progress to fatal heat illness.,SIF_LABELING_GUIDE_V0_1,SIF_POTENTIAL,0.760000,CONSENSUS_LOWER_CONFIDENCE,AI_SOL_DUAL_PASS_CONSENSUS_LOWER_CONFIDENCE
OSHA-SIR-2016010021,OSHA_SIR,2016010021,An employee suffered a chemical exposure to his face and was hospitalized.,UNCERTAIN,0.55,Unknown or unspecified chemical exposure,Chemical contacted the worker,Containment failed but material properties are missing,Potential severity cannot be established,"Chemical identity, concentration, and exposure extent are too incomplete for a binary judgment.",AI_SOL_XHIGH_PASS_A,UNCERTAIN,0.54,Chemical or inhalation exposure of unspecified identity or dose,Personnel exposure is reported without adequate concentration or route detail,"Containment, ventilation, and protective-control details are not described",Insufficient evidence to establish or exclude fatal or life-altering toxicity,"The substance, dose, and control evidence are insufficient for a reliable SIF-potential judgment.",SIF_LABELING_GUIDE_V0_1,UNCERTAIN,,UNCERTAIN,AI_SOL_DUAL_PASS_UNCERTAIN
OSHA-SIR-2015010056,OSHA_SIR,2015010056,Employee was burned from his knees up to his lower abdomen after removing the strainer for maintenance on the Scott Unit.,UNCERTAIN,0.58,Unspecified hot or chemical release,Worker was burned across lower torso and legs,Maintenance isolation details are absent,Burn severity could be serious but energy source is unclear,"The report omits the substance, temperature, and release mechanism needed to establish SIF potential.",AI_SOL_XHIGH_PASS_A,SIF_POTENTIAL,0.93,"Extreme-temperature fluid, steam, or material",Personnel were in the direct thermal release or contact zone,"Isolation, depressurization, containment, or thermal protection failed",Credible fatal or life-altering burns and systemic injury,Direct exposure to uncontrolled extreme-temperature material supports credible fatal or life-altering burns.,SIF_LABELING_GUIDE_V0_1,UNCERTAIN,,UNCERTAIN,AI_SOL_DUAL_PASS_UNCERTAIN
OSHA-SIR-2015030112,OSHA_SIR,2015030112,An employee was unloading fuel into a tank at a customer location. He was walking while offloading and talking with another employee when he lost consciousness. A local bystander attempted CPR. Employee was taken to the hospital.,UNCERTAIN,0.5,Unexplained loss of consciousness during fuel unloading,Worker collapsed near transfer operations,Cause and exposure pathway are unknown,Medical or toxic consequence cannot be attributed,"The narrative does not establish whether hazardous exposure, illness, or another cause produced the collapse.",AI_SOL_XHIGH_PASS_A,UNCERTAIN,0.52,Hazardous mechanism is not adequately described,An outcome is reported without a clear credible exposure path,Critical barrier or control information is absent,Insufficient evidence to establish or exclude fatal or life-altering potential,"The narrative reports an outcome but lacks the hazard, exposure, and barrier facts needed for classification.",SIF_LABELING_GUIDE_V0_1,UNCERTAIN,,UNCERTAIN,AI_SOL_DUAL_PASS_UNCERTAIN
OSHA-SIR-2019043879,OSHA_SIR,2019043879,"An employee was setting stairs onto a rig platform when the stairs became disconnected from the rig platform, causing the employee to fall 6 feet from the platform and be struck by the stairs. The employee was hospitalized with four fractured ribs.",SIF_POTENTIAL,0.78,Detached access stairs and six-foot fall,Worker fell and was struck by the stairs,Temporary access securement failed,Head trauma or crushing by stairs,"The access structure detached, combining a borderline-height fall with a heavy falling object.",AI_SOL_XHIGH_PASS_A,SIF_POTENTIAL,0.96,Elevated work or an unprotected lower-level fall,Personnel were exposed to a significant fall path,"Platform integrity, edge protection, access, or fall-arrest control failed","Credible fatal head, spinal, or multisystem trauma",The significant fall exposure and failed protective barrier support credible fatal or life-altering potential.,SIF_LABELING_GUIDE_V0_1,SIF_POTENTIAL,0.780000,CONSENSUS_LOWER_CONFIDENCE,AI_SOL_DUAL_PASS_CONSENSUS_LOWER_CONFIDENCE
OSHA-SIR-2015053314,OSHA_SIR,2015053314,An employee was loading equipment and tools onto a truck to prepare to leave a well site. The employee was standing on a lubricator rack/catwalk where he was releasing the straps on the crane when the catwalk collapsed. The employee fell approximately 5 feet to the truck below and hit his head. He was hospitalized.,SIF_POTENTIAL,0.73,Collapse of catwalk or equipment stand,Workers were on or beside the failing structure,Structural support and inspection controls failed,Fatal fall or crushing,"The work platform collapsed with personnel on and beside it, creating credible fall and crush exposure.",AI_SOL_XHIGH_PASS_A,SIF_POTENTIAL,0.96,Elevated work or an unprotected lower-level fall,Personnel were exposed to a significant fall path,"Platform integrity, edge protection, access, or fall-arrest control failed","Credible fatal head, spinal, or multisystem trauma",The significant fall exposure and failed protective barrier support credible fatal or life-altering potential.,SIF_LABELING_GUIDE_V0_1,SIF_POTENTIAL,0.730000,CONSENSUS_LOWER_CONFIDENCE,AI_SOL_DUAL_PASS_CONSENSUS_LOWER_CONFIDENCE
OSHA-SIR-20171110629,OSHA_SIR,20171110629,An employee was up on a stairway opening valves on a wellhead when the stairs gave way. The employee suffered a broken left leg.,UNCERTAIN,0.55,Fall from an earthen berm,Worker fell from an unspecified height,Edge and footing controls are not described,Potential severity depends on missing height and surface details,"The berm height and fall geometry are missing, preventing a defensible binary judgment.",AI_SOL_XHIGH_PASS_A,UNCERTAIN,0.55,Potential lower-level fall or opening of unspecified depth,"Personnel were near the fall hazard, but the credible fall path is unclear","Height, edge protection, or fall-protection details are missing",Insufficient evidence to establish or exclude fatal or life-altering fall trauma,The fall height and protective-barrier evidence are insufficient for a reliable SIF-potential judgment.,SIF_LABELING_GUIDE_V0_1,UNCERTAIN,,UNCERTAIN,AI_SOL_DUAL_PASS_UNCERTAIN
OSHA-SIR-2019099329,OSHA_SIR,2019099329,"Two employees were rigging up centrifugal equipment. One employee was on the solids control equipment stand when it gave way, causing him to fall and sustain three fractured ribs and a punctured left lung. The other employee was on the ground near the stand when it collapsed, resulting in a fracture to his lower left leg.",SIF_POTENTIAL,0.76,Collapse of catwalk or equipment stand,Workers were on or beside the failing structure,Structural support and inspection controls failed,Fatal fall or crushing,"The work platform collapsed with personnel on and beside it, creating credible fall and crush exposure.",AI_SOL_XHIGH_PASS_A,SIF_POTENTIAL,0.93,"Heavy moving, shifting, rolling, or collapsing equipment",Personnel occupied the crush or line-of-fire zone,"Stability, exclusion-zone, or movement control failed",Credible fatal or life-altering crush trauma,A person was exposed to uncontrolled heavy movement with credible fatal or life-altering crush potential.,SIF_LABELING_GUIDE_V0_1,SIF_POTENTIAL,0.760000,CONSENSUS_LOWER_CONFIDENCE,AI_SOL_DUAL_PASS_CONSENSUS_LOWER_CONFIDENCE
OSHA-SIR-2020032012,OSHA_SIR,2020032012,"An employee was pushing a stand of drill pipe to its stowed position. While pushing the drill pipe, he slipped and fell forward. He placed his right hand on the deck to catch his fall. The stand of drill pipe swung back towards the injured employee as the driller was lowering the top drive to catch the stand, before it swung across the mast. The stand of drill pipe was then set down on the injured employee's right hand, amputating his ring finger.",SIF_POTENTIAL,0.76,Moving drill-pipe stand and top drive,Fallen worker's hand was in the pipe placement zone,Coordination and line-of-fire controls failed,Crushing by a heavy pipe stand,A powered rig operation set a heavy pipe stand into the occupied deck area.,AI_SOL_XHIGH_PASS_A,SIF_POTENTIAL,0.95,"Suspended, lifted, or falling heavy load",Personnel were beneath or immediately beside the load path,"Load support, retention, rigging, or exclusion control failed",Credible fatal crushing or catastrophic head and body trauma,The uncontrolled load and occupied drop zone support a credible fatal or life-altering consequence.,SIF_LABELING_GUIDE_V0_1,SIF_POTENTIAL,0.760000,CONSENSUS_LOWER_CONFIDENCE,AI_SOL_DUAL_PASS_CONSENSUS_LOWER_CONFIDENCE
OSHA-SIR-2015031384,OSHA_SIR,2015031384,"An employee slipped and fell while a dump box was simultaneously being lowered. The employee's right thumb was caught between a pinch point, which resulted in an amputation of the right thumb at the first knuckle.",SIF_POTENTIAL,0.72,Lowering dump box,Worker fell into the box's pinch zone,Personnel-clearance and lowering controls failed,Fatal crushing by the descending box,A descending dump box created a crush zone that could capture more than the worker's hand.,AI_SOL_XHIGH_PASS_A,SIF_POTENTIAL,0.93,"Heavy moving, shifting, rolling, or collapsing equipment",Personnel occupied the crush or line-of-fire zone,"Stability, exclusion-zone, or movement control failed",Credible fatal or life-altering crush trauma,A person was exposed to uncontrolled heavy movement with credible fatal or life-altering crush potential.,SIF_LABELING_GUIDE_V0_1,SIF_POTENTIAL,0.720000,CONSENSUS_LOWER_CONFIDENCE,AI_SOL_DUAL_PASS_CONSENSUS_LOWER_CONFIDENCE
OSHA-SIR-2016109793,OSHA_SIR,2016109793,"The employee was sitting on a static (not operational) skid steer bucket when he stood up and began walking to the compressor work truck. As he walked away from the skid steer bucket, he attempted to step over the angled right side of the bucket. At this point the employee tripped on the right side of the bucket and fell, putting his right arm down in an attempt to break his fall. There was a steel pothole cover nearby that was inverted, with a 12-16 in. appendage that extends out. The employee struck this pothole appendage with his right elbow as he fell, resulting in a shattered right elbow. Employee was admitted to the hospital where he received surgery for the injury.",SIF_POTENTIAL,0.74,Unguarded sharp steel protrusion,Worker fell onto the protruding metal,Protrusion guarding and housekeeping controls failed,Fatal impalement or permanent organ injury,The fall path contained an exposed sharp steel projection capable of penetrating the torso or head.,AI_SOL_XHIGH_PASS_A,SIF_POTENTIAL,0.84,Sharp protrusion or penetrating object,The head or torso entered the penetration path,"Guarding, housekeeping, or separation from the sharp object failed",Credible fatal penetration or life-altering internal injury,The exposed sharp object and body contact path support a credible fatal or life-altering penetration consequence.,SIF_LABELING_GUIDE_V0_1,SIF_POTENTIAL,0.740000,CONSENSUS_LOWER_CONFIDENCE,AI_SOL_DUAL_PASS_CONSENSUS_LOWER_CONFIDENCE
OSHA-SIR-2018010419,OSHA_SIR,2018010419,"An employee was tripping drill pipe out of a hole at a drilling rig when he tripped and put his hands out to catch himself. While his hands were on the ground, the pipe fell on and cut his right pinky finger. His pinky finger was surgically amputated at the knuckle.",SIF_POTENTIAL,0.75,Moving drill-pipe stand and top drive,Fallen worker's hand was in the pipe placement zone,Coordination and line-of-fire controls failed,Crushing by a heavy pipe stand,A powered rig operation set a heavy pipe stand into the occupied deck area.,AI_SOL_XHIGH_PASS_A,SIF_POTENTIAL,0.95,"Suspended, lifted, or falling heavy load",Personnel were beneath or immediately beside the load path,"Load support, retention, rigging, or exclusion control failed",Credible fatal crushing or catastrophic head and body trauma,The uncontrolled load and occupied drop zone support a credible fatal or life-altering consequence.,SIF_LABELING_GUIDE_V0_1,SIF_POTENTIAL,0.750000,CONSENSUS_LOWER_CONFIDENCE,AI_SOL_DUAL_PASS_CONSENSUS_LOWER_CONFIDENCE
OSHA-SIR-2021054085,OSHA_SIR,2021054085,An employee tripped going over a containment curb and fell. A Unistrut clip caused a laceration and degloving injury to his abdomen.,SIF_POTENTIAL,0.78,Unguarded sharp steel protrusion,Worker fell onto the protruding metal,Protrusion guarding and housekeeping controls failed,Fatal impalement or permanent organ injury,The fall path contained an exposed sharp steel projection capable of penetrating the torso or head.,AI_SOL_XHIGH_PASS_A,SIF_POTENTIAL,0.84,Sharp protrusion or penetrating object,The head or torso entered the penetration path,"Guarding, housekeeping, or separation from the sharp object failed",Credible fatal penetration or life-altering internal injury,The exposed sharp object and body contact path support a credible fatal or life-altering penetration consequence.,SIF_LABELING_GUIDE_V0_1,SIF_POTENTIAL,0.780000,CONSENSUS_LOWER_CONFIDENCE,AI_SOL_DUAL_PASS_CONSENSUS_LOWER_CONFIDENCE
OSHA-SIR-2020032237,OSHA_SIR,2020032237,"An employee was function testing the wench line for leaks, slipped on the oil rig floor, and fell onto a sheave, amputating two fingers on his left hand. The sheave was partially guarded at the time.",SIF_POTENTIAL,0.79,"Moving belt, pulley, or machinery",Worker contacted the operating mechanism,Guarding or energy-isolation control was ineffective,"Draw-in, major amputation, or crushing",Contact with an accessible moving mechanism could escalate beyond the hand to life-altering injury.,AI_SOL_XHIGH_PASS_A,SIF_POTENTIAL,0.94,Moving or rotating machinery and entanglement energy,"Personnel were within an in-running, pull-in, or entanglement zone","Isolation, guarding, or separation from moving parts failed","Credible fatal crushing, pull-in trauma, or life-altering amputation",Personnel exposure to uncontrolled moving machinery supports a credible fatal or life-altering entanglement consequence.,SIF_LABELING_GUIDE_V0_1,SIF_POTENTIAL,0.790000,CONSENSUS_LOWER_CONFIDENCE,AI_SOL_DUAL_PASS_CONSENSUS_LOWER_CONFIDENCE
OSHA-SIR-2021020886,OSHA_SIR,2021020886,An employee was making his rounds and checking equipment when the wet ground underneath him gave way. He fell in a hole that was about 1.5 feet deep and contained hot water and steam condensate. The employee was hospitalized with burns to both lower legs and ankles.,SIF_POTENTIAL,0.79,Hot water and steam condensate in ground opening,Worker fell into the hot liquid,Opening protection and thermal isolation failed,Severe burns or steam injury,Even a shallow fall placed both legs into hot water and steam capable of extensive burns.,AI_SOL_XHIGH_PASS_A,SIF_POTENTIAL,0.93,"Extreme-temperature fluid, steam, or material",Personnel were in the direct thermal release or contact zone,"Isolation, depressurization, containment, or thermal protection failed",Credible fatal or life-altering burns and systemic injury,Direct exposure to uncontrolled extreme-temperature material supports credible fatal or life-altering burns.,SIF_LABELING_GUIDE_V0_1,SIF_POTENTIAL,0.790000,CONSENSUS_LOWER_CONFIDENCE,AI_SOL_DUAL_PASS_CONSENSUS_LOWER_CONFIDENCE
OSHA-SIR-2016098830,OSHA_SIR,2016098830,An employee was moving items from one vehicle to another and stepped into a hole and fractured their lower leg.,UNCERTAIN,0.55,Unspecified ground opening,Worker stepped into the hole,Opening marking or protection failed,Potential severity depends on missing depth,"The hole depth and fall geometry are not stated, preventing a defensible binary judgment.",AI_SOL_XHIGH_PASS_A,UNCERTAIN,0.55,Potential lower-level fall or opening of unspecified depth,"Personnel were near the fall hazard, but the credible fall path is unclear","Height, edge protection, or fall-protection details are missing",Insufficient evidence to establish or exclude fatal or life-altering fall trauma,The fall height and protective-barrier evidence are insufficient for a reliable SIF-potential judgment.,SIF_LABELING_GUIDE_V0_1,UNCERTAIN,,UNCERTAIN,AI_SOL_DUAL_PASS_UNCERTAIN
OSHA-SIR-2017065650,OSHA_SIR,2017065650,"On June 20, 2017, an employee was working on a pipe while standing on skids stacked on the pipeline. The employee was closing the valve on the pipe so it could be tested for leaks when the skids shifted and the employee fell. The flange of the pipeline hit the employee's right foot, amputating it from the ball of the foot forward.",SIF_POTENTIAL,0.72,Shifted stacked skids on pipeline,Worker stood on the skids beside pipe hardware,Work-platform stability and footing controls failed,Fall or crushing by pipe/flange,An improvised elevated support shifted under the worker during pipeline work.,AI_SOL_XHIGH_PASS_A,SIF_POTENTIAL,0.93,"Heavy moving, shifting, rolling, or collapsing equipment",Personnel occupied the crush or line-of-fire zone,"Stability, exclusion-zone, or movement control failed",Credible fatal or life-altering crush trauma,A person was exposed to uncontrolled heavy movement with credible fatal or life-altering crush potential.,SIF_LABELING_GUIDE_V0_1,SIF_POTENTIAL,0.720000,CONSENSUS_LOWER_CONFIDENCE,AI_SOL_DUAL_PASS_CONSENSUS_LOWER_CONFIDENCE
OSHA-SIR-2021086483,OSHA_SIR,2021086483,"An employee was reading gas meters when a ram attacked him. The ram struck his lower left leg from behind, resulting in a fractured tibia that required hospitalization and surgery.",SIF_POTENTIAL,0.7,Uncontrolled horse movement,Worker was in the pen as the horse hit railing,Animal-control and separation controls failed,"Crushing, trampling, or fatal impact",A large uncontrolled animal could credibly crush or trample the exposed worker.,AI_SOL_XHIGH_PASS_A,SIF_POTENTIAL,0.86,"Venomous, anaphylactic, or high-force animal exposure","Personnel were bitten, stung, or struck by the animal","Detection, avoidance, exclusion, or emergency control was ineffective","Credible fatal envenomation, anaphylaxis, or life-altering trauma",The described animal exposure supports a credible fatal or life-altering consequence.,SIF_LABELING_GUIDE_V0_1,SIF_POTENTIAL,0.700000,CONSENSUS_LOWER_CONFIDENCE,AI_SOL_DUAL_PASS_CONSENSUS_LOWER_CONFIDENCE
OSHA-SIR-2018032417,OSHA_SIR,2018032417,Two employees were involved in a physical altercation at the work site. One employee suffered a broken nose and was hospitalized.,UNCERTAIN,0.55,Physical altercation,Worker was struck by another person,Violence controls failed,"Severity depends on force, weapons, and continued assault",The report lacks enough detail about the assault mechanism to resolve credible fatal potential.,AI_SOL_XHIGH_PASS_A,NON_SIF_POTENTIAL,0.88,"Localized contact, impact, or manual-handling energy",Personnel contacted the immediate object or surface,"Local positioning, handling, or housekeeping control failed",Localized injury without a supported fatal or life-altering escalation,The localized contact mechanism does not support a credible fatal or life-altering potential consequence.,SIF_LABELING_GUIDE_V0_1,UNCERTAIN,,UNCERTAIN,AI_SOL_DUAL_PASS_UNCERTAIN
OSHA-SIR-2015107637,OSHA_SIR,2015107637,An employee was hospitalized for inhalation hazards.,UNCERTAIN,0.4,Unspecified inhalation hazard,Worker was reportedly exposed,Material and control details are absent,Potential severity cannot be established,"The report identifies no substance, concentration, duration, or symptoms beyond hospitalization.",AI_SOL_XHIGH_PASS_A,UNCERTAIN,0.54,Chemical or inhalation exposure of unspecified identity or dose,Personnel exposure is reported without adequate concentration or route detail,"Containment, ventilation, and protective-control details are not described",Insufficient evidence to establish or exclude fatal or life-altering toxicity,"The substance, dose, and control evidence are insufficient for a reliable SIF-potential judgment.",SIF_LABELING_GUIDE_V0_1,UNCERTAIN,,UNCERTAIN,AI_SOL_DUAL_PASS_UNCERTAIN
OSHA-SIR-2019033190,OSHA_SIR,2019033190,"An employee was adjusting a hydraulic torque wrench to attach a fluid end when a second employee engaged the high torque controls, resulting in an amputation of the first employee's right middle finger.",SIF_POTENTIAL,0.72,Unexpectedly energized power tongs,Worker's hand was inside during component change,Energy isolation failed,Crushing or draw-in beyond the hand,"Power tongs energized during maintenance, creating credible uncontrolled mechanical entrapment.",AI_SOL_XHIGH_PASS_A,SIF_POTENTIAL,0.94,Moving or rotating machinery and entanglement energy,"Personnel were within an in-running, pull-in, or entanglement zone","Isolation, guarding, or separation from moving parts failed","Credible fatal crushing, pull-in trauma, or life-altering amputation",Personnel exposure to uncontrolled moving machinery supports a credible fatal or life-altering entanglement consequence.,SIF_LABELING_GUIDE_V0_1,SIF_POTENTIAL,0.720000,CONSENSUS_LOWER_CONFIDENCE,AI_SOL_DUAL_PASS_CONSENSUS_LOWER_CONFIDENCE
OSHA-SIR-20171211664,OSHA_SIR,20171211664,"On 12/8/2017, at 4:00 p.m., employee #1 was on a truck containing racks of 25-foot sucker rods helping to offload the rods to employee #2, who was stationed on the ground. Employee #1 dropped his end of the sucker rod, which struck the ground. The impact caused a wave motion to propagate through the sucker rod, which then caused the end that employee #2 was holding to fling out of his hands in an upward motion, striking and lacerating his nose and forehead.",SIF_POTENTIAL,0.76,Wave recoil through a 25-foot sucker rod,Worker held the far end as it whipped upward,Coordinated handling and exclusion controls failed,Fatal head or face strike,The long rod transferred impact energy and whipped toward the worker's head.,AI_SOL_XHIGH_PASS_A,SIF_POTENTIAL,0.93,"Heavy moving, shifting, rolling, or collapsing equipment",Personnel occupied the crush or line-of-fire zone,"Stability, exclusion-zone, or movement control failed",Credible fatal or life-altering crush trauma,A person was exposed to uncontrolled heavy movement with credible fatal or life-altering crush potential.,SIF_LABELING_GUIDE_V0_1,SIF_POTENTIAL,0.760000,CONSENSUS_LOWER_CONFIDENCE,AI_SOL_DUAL_PASS_CONSENSUS_LOWER_CONFIDENCE
OSHA-SIR-2016087087,OSHA_SIR,2016087087,"An employee was securing a stand of drilling pipe with a chain wrench when the wrench broke and hit his hand, breaking his wrist and finger.",NON_SIF_POTENTIAL,0.76,Broken chain wrench,Broken tool struck the user's hand,Tool condition failed,Localized hand and wrist injury,"The broken hand tool struck the hand with no credible head, torso, or whole-body exposure described.",AI_SOL_XHIGH_PASS_A,UNCERTAIN,0.56,Equipment or object energy of unspecified magnitude,"Personnel contact is described, but the full exposure zone is unclear","Critical equipment, isolation, support, or guarding details are missing",Insufficient evidence to establish or exclude fatal or life-altering potential,The equipment mechanism and critical-control details are insufficient for a reliable SIF-potential judgment.,SIF_LABELING_GUIDE_V0_1,UNCERTAIN,,UNCERTAIN,AI_SOL_DUAL_PASS_UNCERTAIN
OSHA-SIR-2015010438,OSHA_SIR,2015010438,An employee was making a connection with a drill fork when the speeding wrench struck the left hand smashing the middle finger on that hand.,UNCERTAIN,0.58,Fast-moving drill-fork or wrench,Worker's hand was struck,Tool speed and body exposure are not described,Potential extent beyond hand is unclear,The report lacks enough energy and trajectory detail to decide whether SIF-level struck-by exposure existed.,AI_SOL_XHIGH_PASS_A,UNCERTAIN,0.56,Equipment or object energy of unspecified magnitude,"Personnel contact is described, but the full exposure zone is unclear","Critical equipment, isolation, support, or guarding details are missing",Insufficient evidence to establish or exclude fatal or life-altering potential,The equipment mechanism and critical-control details are insufficient for a reliable SIF-potential judgment.,SIF_LABELING_GUIDE_V0_1,UNCERTAIN,,UNCERTAIN,AI_SOL_DUAL_PASS_UNCERTAIN
OSHA-SIR-2016098738,OSHA_SIR,2016098738,"The employee was operating a hydraulic torqueing machine, completing a torque sequence on a 16"" discharge valve. He was using both hands to pick up and position the hydraulic torqueing machine wrench head onto the bolt. The employee had been working with a coworker who was operating the remote controller of the hydraulic torque wrench head. The coworker then activated the wrench head, which was set at 2800 psi and amputated the right index fingertip of the injured employee.",SIF_POTENTIAL,0.72,Unexpectedly energized power tongs,Worker's hand was inside during component change,Energy isolation failed,Crushing or draw-in beyond the hand,"Power tongs energized during maintenance, creating credible uncontrolled mechanical entrapment.",AI_SOL_XHIGH_PASS_A,SIF_POTENTIAL,0.94,Moving or rotating machinery and entanglement energy,"Personnel were within an in-running, pull-in, or entanglement zone","Isolation, guarding, or separation from moving parts failed","Credible fatal crushing, pull-in trauma, or life-altering amputation",Personnel exposure to uncontrolled moving machinery supports a credible fatal or life-altering entanglement consequence.,SIF_LABELING_GUIDE_V0_1,SIF_POTENTIAL,0.720000,CONSENSUS_LOWER_CONFIDENCE,AI_SOL_DUAL_PASS_CONSENSUS_LOWER_CONFIDENCE
OSHA-SIR-2015042463,OSHA_SIR,2015042463,An employee was injured by a brush wire and was hospitalized after infection spread to his arm.,NON_SIF_POTENTIAL,0.78,Brush-wire puncture with later infection,Worker's arm was exposed,Wound prevention failed,Infection severity is not a high-energy precursor,A minor puncture and subsequent infection do not establish credible SIF potential from the described event.,AI_SOL_XHIGH_PASS_A,NON_SIF_POTENTIAL,0.88,"Localized contact, impact, or manual-handling energy",Personnel contacted the immediate object or surface,"Local positioning, handling, or housekeeping control failed",Localized injury without a supported fatal or life-altering escalation,The localized contact mechanism does not support a credible fatal or life-altering potential consequence.,SIF_LABELING_GUIDE_V0_1,NON_SIF_POTENTIAL,0.780000,CONSENSUS_LOWER_CONFIDENCE,AI_SOL_DUAL_PASS_CONSENSUS_LOWER_CONFIDENCE
OSHA-SIR-20161010261,OSHA_SIR,20161010261,"On October 31, 2016, an employee's fingertip was amputated when he was attempting to use tongs on the screw casings.",UNCERTAIN,0.55,Setting tool during teardown,Worker's fingertip was injured,Energy state and failure mechanism are missing,Potential severity cannot be established,The report is too vague about tool energy and exposure to support a binary SIF judgment.,AI_SOL_XHIGH_PASS_A,UNCERTAIN,0.56,Equipment or object energy of unspecified magnitude,"Personnel contact is described, but the full exposure zone is unclear","Critical equipment, isolation, support, or guarding details are missing",Insufficient evidence to establish or exclude fatal or life-altering potential,The equipment mechanism and critical-control details are insufficient for a reliable SIF-potential judgment.,SIF_LABELING_GUIDE_V0_1,UNCERTAIN,,UNCERTAIN,AI_SOL_DUAL_PASS_UNCERTAIN
OSHA-SIR-2017054820,OSHA_SIR,2017054820,"An employee and a coworker were attempting to loosen rusted bolts using a wrench and a sledgehammer. The employee was holding the wrench while the coworker struck the bolts with the sledgehammer. As the employee began to stand up, his coworker struck him with the sledgehammer, breaking his left middle finger.",NON_SIF_POTENTIAL,0.77,Hand-held sledge or hammer,Worker's hand was near the intended strike point,Hand-positioning and coordination controls failed,Localized hand injury,The striking geometry is confined to the hand and does not establish credible SIF escalation.,AI_SOL_XHIGH_PASS_A,NON_SIF_POTENTIAL,0.88,"Localized contact, impact, or manual-handling energy",Personnel contacted the immediate object or surface,"Local positioning, handling, or housekeeping control failed",Localized injury without a supported fatal or life-altering escalation,The localized contact mechanism does not support a credible fatal or life-altering potential consequence.,SIF_LABELING_GUIDE_V0_1,NON_SIF_POTENTIAL,0.770000,CONSENSUS_LOWER_CONFIDENCE,AI_SOL_DUAL_PASS_CONSENSUS_LOWER_CONFIDENCE
OSHA-SIR-20181010483,OSHA_SIR,20181010483,An employee got into a fight with another person and suffered a broken tibia and fibula. He was hospitalized.,UNCERTAIN,0.55,Physical altercation,Worker was struck by another person,Violence controls failed,"Severity depends on force, weapons, and continued assault",The report lacks enough detail about the assault mechanism to resolve credible fatal potential.,AI_SOL_XHIGH_PASS_A,NON_SIF_POTENTIAL,0.88,"Localized contact, impact, or manual-handling energy",Personnel contacted the immediate object or surface,"Local positioning, handling, or housekeeping control failed",Localized injury without a supported fatal or life-altering escalation,The localized contact mechanism does not support a credible fatal or life-altering potential consequence.,SIF_LABELING_GUIDE_V0_1,UNCERTAIN,,UNCERTAIN,AI_SOL_DUAL_PASS_UNCERTAIN
OSHA-SIR-2019066117,OSHA_SIR,2019066117,"An employee was working 4 to 5 miles offshore on board a utility vessel and helping to retrieve a box core (device that goes to the bottom to scoop sediment) when his fingers were caught in a 24-volt winch, resulting in the partial amputation of his left ring finger.",SIF_POTENTIAL,0.7,"Powered cable, winch, or spool",Worker was caught or pulled by the line,Line-of-fire and entanglement controls failed,Whole-body draw-in or traumatic amputation,"The powered line could draw the worker further into equipment, creating credible fatal or life-altering exposure.",AI_SOL_XHIGH_PASS_A,SIF_POTENTIAL,0.94,Moving or rotating machinery and entanglement energy,"Personnel were within an in-running, pull-in, or entanglement zone","Isolation, guarding, or separation from moving parts failed","Credible fatal crushing, pull-in trauma, or life-altering amputation",Personnel exposure to uncontrolled moving machinery supports a credible fatal or life-altering entanglement consequence.,SIF_LABELING_GUIDE_V0_1,SIF_POTENTIAL,0.700000,CONSENSUS_LOWER_CONFIDENCE,AI_SOL_DUAL_PASS_CONSENSUS_LOWER_CONFIDENCE
OSHA-SIR-2015031447,OSHA_SIR,2015031447,An employee sustained injuries to his left index finger while rigging down.,UNCERTAIN,0.4,Unspecified incident mechanism,An injury is reported without exposure detail,Barrier information is absent,Potential consequence cannot be inferred,"The narrative is too incomplete to determine hazard energy, exposure, or credible SIF consequence.",AI_SOL_XHIGH_PASS_A,UNCERTAIN,0.56,Equipment or object energy of unspecified magnitude,"Personnel contact is described, but the full exposure zone is unclear","Critical equipment, isolation, support, or guarding details are missing",Insufficient evidence to establish or exclude fatal or life-altering potential,The equipment mechanism and critical-control details are insufficient for a reliable SIF-potential judgment.,SIF_LABELING_GUIDE_V0_1,UNCERTAIN,,UNCERTAIN,AI_SOL_DUAL_PASS_UNCERTAIN
OSHA-SIR-2015010023,OSHA_SIR,2015010023,Employee sustained burns during line tie-in operations at an oil and gas site.,UNCERTAIN,0.48,Unspecified hot or chemical release,Worker was burned across lower torso and legs,Maintenance isolation details are absent,Burn severity could be serious but energy source is unclear,"The report omits the substance, temperature, and release mechanism needed to establish SIF potential.",AI_SOL_XHIGH_PASS_A,UNCERTAIN,0.52,Hazardous mechanism is not adequately described,An outcome is reported without a clear credible exposure path,Critical barrier or control information is absent,Insufficient evidence to establish or exclude fatal or life-altering potential,"The narrative reports an outcome but lacks the hazard, exposure, and barrier facts needed for classification.",SIF_LABELING_GUIDE_V0_1,UNCERTAIN,,UNCERTAIN,AI_SOL_DUAL_PASS_UNCERTAIN
OSHA-SIR-2015031116,OSHA_SIR,2015031116,An employee's lower left arm was amputated.,UNCERTAIN,0.35,Unspecified incident mechanism,An injury is reported without exposure detail,Barrier information is absent,Potential consequence cannot be inferred,"The narrative is too incomplete to determine hazard energy, exposure, or credible SIF consequence.",AI_SOL_XHIGH_PASS_A,UNCERTAIN,0.52,Hazardous mechanism is not adequately described,An outcome is reported without a clear credible exposure path,Critical barrier or control information is absent,Insufficient evidence to establish or exclude fatal or life-altering potential,"The narrative reports an outcome but lacks the hazard, exposure, and barrier facts needed for classification.",SIF_LABELING_GUIDE_V0_1,UNCERTAIN,,UNCERTAIN,AI_SOL_DUAL_PASS_UNCERTAIN
OSHA-SIR-2017010232,OSHA_SIR,2017010232,An employee was driving when his vehicle hit a fire hydrant. He injured his left knee.,UNCERTAIN,0.58,Motorized vehicle incident with limited detail,Worker occupied or drove the vehicle,"Speed, collision geometry, and restraints are unstated",Potential impact severity cannot be established,"The vehicle involvement alone is insufficient without speed, rollover, collision, or ejection details.",AI_SOL_XHIGH_PASS_A,SIF_POTENTIAL,0.95,Moving vehicle or mobile-equipment kinetic energy,"An occupant or pedestrian was in the collision, rollover, or run-over path","Traffic separation, spotting, restraint, stability, or vehicle control failed","Credible fatal collision, rollover, ejection, or crush trauma",The uncontrolled vehicle interaction supports a credible fatal or life-altering consequence.,SIF_LABELING_GUIDE_V0_1,UNCERTAIN,,UNCERTAIN,AI_SOL_DUAL_PASS_UNCERTAIN
OSHA-SIR-2022010896,OSHA_SIR,2022010896,"An employee was operating an ATV/UTV and had an accident, resulting in fractured ankles.",UNCERTAIN,0.62,Motorized vehicle incident with limited detail,Worker occupied or drove the vehicle,"Speed, collision geometry, and restraints are unstated",Potential impact severity cannot be established,"The vehicle involvement alone is insufficient without speed, rollover, collision, or ejection details.",AI_SOL_XHIGH_PASS_A,UNCERTAIN,0.52,Hazardous mechanism is not adequately described,An outcome is reported without a clear credible exposure path,Critical barrier or control information is absent,Insufficient evidence to establish or exclude fatal or life-altering potential,"The narrative reports an outcome but lacks the hazard, exposure, and barrier facts needed for classification.",SIF_LABELING_GUIDE_V0_1,UNCERTAIN,,UNCERTAIN,AI_SOL_DUAL_PASS_UNCERTAIN
OSHA-SIR-2015010569,OSHA_SIR,2015010569,"At the Hat Creek Production Pad, an employee slipped when climbing down a fixed ladder of a heater treater. The employee fell from an approximate height of 6' onto the ground. The employee was hospitalized for a period of 2 days at Southwest General Hospital.",SIF_POTENTIAL,0.75,Elevated fall greater than about six feet,Worker fell from elevated equipment or structure,Fall prevention or personal fall protection failed,Fatal head trauma or permanent spinal injury,The described fall height and failed fall control create credible fatal or life-altering potential.,AI_SOL_XHIGH_PASS_A,SIF_POTENTIAL,0.96,Elevated work or an unprotected lower-level fall,Personnel were exposed to a significant fall path,"Platform integrity, edge protection, access, or fall-arrest control failed","Credible fatal head, spinal, or multisystem trauma",The significant fall exposure and failed protective barrier support credible fatal or life-altering potential.,SIF_LABELING_GUIDE_V0_1,SIF_POTENTIAL,0.750000,CONSENSUS_LOWER_CONFIDENCE,AI_SOL_DUAL_PASS_CONSENSUS_LOWER_CONFIDENCE
OSHA-SIR-2015010720,OSHA_SIR,2015010720,"An employee was on the stabbing board to hang the tong line. He unhooked the derrick climber from his harness and when he let go of it he was hit in the mouth, lost his footing, and fell even though his lanyard was attached. His face hit the standpipe of the derrick and the 3 foot fall injured his back.",NON_SIF_POTENTIAL,0.7,Low-level fall,Worker fell less than about six feet,Footing or access control failed,Ordinary fall injury without established SIF energy,The low fall height and described geometry do not establish credible fatal or life-altering potential.,AI_SOL_XHIGH_PASS_A,SIF_POTENTIAL,0.97,Multiple interacting high-energy hazards,"Personnel occupied the combined fall, crush, fire, or line-of-fire zone","Critical stability, isolation, retention, or fall-protection controls failed",Credible fatal or life-altering multisystem trauma,The interacting high-energy hazards and barrier failures support a credible fatal or life-altering consequence.,SIF_LABELING_GUIDE_V0_1,,,DISAGREEMENT,AI_SOL_DUAL_PASS_DISAGREEMENT
OSHA-SIR-2015064201,OSHA_SIR,2015064201,"On or about June 30, 2015, an employee for Archer Pressure Pumping was hospitalized when he fell off a truck and onto a metal ramp while attempting to cover an equipment truck with a tarp. The injured employee was standing on the truck and reaching for the tarp when he lost his balance and fell onto the ramp striking his face on the ramp. As a result of the fall, the employee fractured an eye socket and check bone, the right hip and right forearm. The employee was hospitalized and required surgery to repair his injuries.",NON_SIF_POTENTIAL,0.68,Low-level fall,Worker fell less than about six feet,Footing or access control failed,Ordinary fall injury without established SIF energy,The low fall height and described geometry do not establish credible fatal or life-altering potential.,AI_SOL_XHIGH_PASS_A,SIF_POTENTIAL,0.96,Elevated work or an unprotected lower-level fall,Personnel were exposed to a significant fall path,"Platform integrity, edge protection, access, or fall-arrest control failed","Credible fatal head, spinal, or multisystem trauma",The significant fall exposure and failed protective barrier support credible fatal or life-altering potential.,SIF_LABELING_GUIDE_V0_1,,,DISAGREEMENT,AI_SOL_DUAL_PASS_DISAGREEMENT
OSHA-SIR-2017010402,OSHA_SIR,2017010402,"Employees were repairing a headache rack for a pickup truck. The headache rack was taken off the truck and placed on jack stands; however, the headache rack was not level. The employees attempted to level the headache rack by placing another jack stand under the rack. As the jack stand was being placed under the headache rack, the rack fell off the jack stands. An employee was on top of the headache as it was being leveled. The employee fell off the rack and landed on wooden pallets that were next to the rack. The employee suffered a back injury and was admitted to the hospital.",SIF_POTENTIAL,0.76,Unstable heavy rack on jack stands,Worker was on top as the rack fell,Leveling and support controls failed,Crushing or fall onto surrounding material,"The unstable rack fell while supporting a worker, creating combined crush and fall exposure.",AI_SOL_XHIGH_PASS_A,SIF_POTENTIAL,0.93,"Heavy moving, shifting, rolling, or collapsing equipment",Personnel occupied the crush or line-of-fire zone,"Stability, exclusion-zone, or movement control failed",Credible fatal or life-altering crush trauma,A person was exposed to uncontrolled heavy movement with credible fatal or life-altering crush potential.,SIF_LABELING_GUIDE_V0_1,SIF_POTENTIAL,0.760000,CONSENSUS_LOWER_CONFIDENCE,AI_SOL_DUAL_PASS_CONSENSUS_LOWER_CONFIDENCE
OSHA-SIR-2015041930,OSHA_SIR,2015041930,An employee heard a hissing sound from pressure while breaking pipe joints. He then jumped from the rig floor six feet above ground and broke his leg when he landed.,SIF_POTENTIAL,0.76,Hissing pressure during pipe breakout,Worker escaped by jumping from the rig floor,Pressure control and safe egress were inadequate,Pressure release plus serious fall,Evidence of uncontrolled pressure forced an elevated worker to jump from the rig floor.,AI_SOL_XHIGH_PASS_A,SIF_POTENTIAL,0.97,Multiple interacting high-energy hazards,"Personnel occupied the combined fall, crush, fire, or line-of-fire zone","Critical stability, isolation, retention, or fall-protection controls failed",Credible fatal or life-altering multisystem trauma,The interacting high-energy hazards and barrier failures support a credible fatal or life-altering consequence.,SIF_LABELING_GUIDE_V0_1,SIF_POTENTIAL,0.760000,CONSENSUS_LOWER_CONFIDENCE,AI_SOL_DUAL_PASS_CONSENSUS_LOWER_CONFIDENCE
OSHA-SIR-20190910175,OSHA_SIR,20190910175,An employee was standing on the side of a skid plate while waiting for a welding box to be delivered. A second employee was driving a golf cart to bring the first employee the welding box. The welding box fell onto the accelerator pedal while the driver was approaching the first employee. The golf cart then struck the first employee on the back of his right leg and pushed him onto the skid plate. He sustained a fractured leg.,UNCERTAIN,0.6,Unintended golf-cart acceleration,Worker was pushed against a skid plate,Cargo securement and accelerator protection failed,Potential crush severity is unclear,The report does not establish cart speed or whether the pinning geometry could credibly become fatal.,AI_SOL_XHIGH_PASS_A,SIF_POTENTIAL,0.95,Moving vehicle or mobile-equipment kinetic energy,"An occupant or pedestrian was in the collision, rollover, or run-over path","Traffic separation, spotting, restraint, stability, or vehicle control failed","Credible fatal collision, rollover, ejection, or crush trauma",The uncontrolled vehicle interaction supports a credible fatal or life-altering consequence.,SIF_LABELING_GUIDE_V0_1,UNCERTAIN,,UNCERTAIN,AI_SOL_DUAL_PASS_UNCERTAIN
OSHA-SIR-20181010424,OSHA_SIR,20181010424,An employee was test-driving a go-cart he had been working on when it struck a parked car. He broke his left ankle and two ribs on the left side.,UNCERTAIN,0.58,Go-cart collision with parked car,Driver occupied the go-cart,Speed and restraint details are missing,Potential impact severity cannot be established,The small-vehicle collision lacks speed and geometry needed for a defensible SIF determination.,AI_SOL_XHIGH_PASS_A,SIF_POTENTIAL,0.95,Moving vehicle or mobile-equipment kinetic energy,"An occupant or pedestrian was in the collision, rollover, or run-over path","Traffic separation, spotting, restraint, stability, or vehicle control failed","Credible fatal collision, rollover, ejection, or crush trauma",The uncontrolled vehicle interaction supports a credible fatal or life-altering consequence.,SIF_LABELING_GUIDE_V0_1,UNCERTAIN,,UNCERTAIN,AI_SOL_DUAL_PASS_UNCERTAIN
OSHA-SIR-2015075247,OSHA_SIR,2015075247,An employee launching a pig and carrying a pushing rod ran to help a coworker when his legs gave out and he collapsed.,UNCERTAIN,0.45,Unexplained loss of consciousness during fuel unloading,Worker collapsed near transfer operations,Cause and exposure pathway are unknown,Medical or toxic consequence cannot be attributed,"The narrative does not establish whether hazardous exposure, illness, or another cause produced the collapse.",AI_SOL_XHIGH_PASS_A,NON_SIF_POTENTIAL,0.88,"Localized contact, impact, or manual-handling energy",Personnel contacted the immediate object or surface,"Local positioning, handling, or housekeeping control failed",Localized injury without a supported fatal or life-altering escalation,The localized contact mechanism does not support a credible fatal or life-altering potential consequence.,SIF_LABELING_GUIDE_V0_1,UNCERTAIN,,UNCERTAIN,AI_SOL_DUAL_PASS_UNCERTAIN
OSHA-SIR-2017088097,OSHA_SIR,2017088097,An employee was adjusting the high/low switch on his truck-mounted welder. He was turning around when he lost his footing because it had just rained and his truck bed was slick. He went to steady himself and reached to grab onto something with his hands. His right hand slid underneath the cowling of his welder and two fingers were severely lacerated by the motor fan blades. He was hospitalized.,SIF_POTENTIAL,0.74,"Moving belt, pulley, or machinery",Worker contacted the operating mechanism,Guarding or energy-isolation control was ineffective,"Draw-in, major amputation, or crushing",Contact with an accessible moving mechanism could escalate beyond the hand to life-altering injury.,AI_SOL_XHIGH_PASS_A,SIF_POTENTIAL,0.94,Moving or rotating machinery and entanglement energy,"Personnel were within an in-running, pull-in, or entanglement zone","Isolation, guarding, or separation from moving parts failed","Credible fatal crushing, pull-in trauma, or life-altering amputation",Personnel exposure to uncontrolled moving machinery supports a credible fatal or life-altering entanglement consequence.,SIF_LABELING_GUIDE_V0_1,SIF_POTENTIAL,0.740000,CONSENSUS_LOWER_CONFIDENCE,AI_SOL_DUAL_PASS_CONSENSUS_LOWER_CONFIDENCE
OSHA-SIR-2015010807,OSHA_SIR,2015010807,"Two employees were pressure washing mud tanks. The injured employee slipped and grabbed the end of the wand barrel. He then came into contact with the pressurized water, resulting in a laceration on his leg. The water was considered dirty which led to a hospitalization as a precautionary measure.",UNCERTAIN,0.58,Pressurized wash-water contact,Jet contacted the worker's leg,Wand handling failed,Injection severity depends on pressure,The report omits jet pressure and penetration depth needed to determine SIF-level injection potential.,AI_SOL_XHIGH_PASS_A,UNCERTAIN,0.56,Pressurized-fluid energy of unspecified magnitude,"Personnel contacted the discharge, but severity of the release path is unclear","Pressure, nozzle, guarding, and isolation details are incomplete",Insufficient evidence to establish or exclude fatal or life-altering injection trauma,The pressure magnitude and release-path evidence are insufficient for a reliable SIF-potential judgment.,SIF_LABELING_GUIDE_V0_1,UNCERTAIN,,UNCERTAIN,AI_SOL_DUAL_PASS_UNCERTAIN
OSHA-SIR-2017065482,OSHA_SIR,2017065482,"An employee was cutting 3/4-inch strips of wood with a table saw when a piece of scrap wood became stuck between the guard and the saw blade. As the employee attempted to remove it, the left index fingertip contacted the blade and was partially amputated.",SIF_POTENTIAL,0.72,Operating table-saw blade,Worker reached near the blade to clear scrap,Guarding and safe jam-clearing controls failed,Life-altering amputation or draw-in,Clearing material beside an energized saw blade exposed the worker to uncontrolled cutting energy.,AI_SOL_XHIGH_PASS_A,SIF_POTENTIAL,0.94,Moving or rotating machinery and entanglement energy,"Personnel were within an in-running, pull-in, or entanglement zone","Isolation, guarding, or separation from moving parts failed","Credible fatal crushing, pull-in trauma, or life-altering amputation",Personnel exposure to uncontrolled moving machinery supports a credible fatal or life-altering entanglement consequence.,SIF_LABELING_GUIDE_V0_1,SIF_POTENTIAL,0.720000,CONSENSUS_LOWER_CONFIDENCE,AI_SOL_DUAL_PASS_CONSENSUS_LOWER_CONFIDENCE
OSHA-SIR-20191111472,OSHA_SIR,20191111472,An employee was in the office shutting down for the day. The employee impacted the back of their head on an unknown object and was hospitalized with a head injury.,UNCERTAIN,0.4,Falling display items after a same-level fall,Items struck the worker's head,Item mass and height are unspecified,Head injury severity cannot be established,The report omits the item mass and fall height needed to judge credible SIF energy.,AI_SOL_XHIGH_PASS_A,UNCERTAIN,0.52,Hazardous mechanism is not adequately described,An outcome is reported without a clear credible exposure path,Critical barrier or control information is absent,Insufficient evidence to establish or exclude fatal or life-altering potential,"The narrative reports an outcome but lacks the hazard, exposure, and barrier facts needed for classification.",SIF_LABELING_GUIDE_V0_1,UNCERTAIN,,UNCERTAIN,AI_SOL_DUAL_PASS_UNCERTAIN
OSHA-SIR-2015031018,OSHA_SIR,2015031018,A contractor hired to replace an old pipeline damaged it with a backhoe and created a leak. There was a trench about 3 feet deep and 18 inches wide. The injured employee was on scene to evaluate the leak. He moved from one side of the trench to the other. The soil on the opposite side gave way and exposed a tree root; he hit his chin on that root. The employee broke two bones in his left leg about 2 inches from his ankle.,NON_SIF_POTENTIAL,0.72,Low-level fall,Worker fell less than about six feet,Footing or access control failed,Ordinary fall injury without established SIF energy,The low fall height and described geometry do not establish credible fatal or life-altering potential.,AI_SOL_XHIGH_PASS_A,UNCERTAIN,0.52,Hazardous mechanism is not adequately described,An outcome is reported without a clear credible exposure path,Critical barrier or control information is absent,Insufficient evidence to establish or exclude fatal or life-altering potential,"The narrative reports an outcome but lacks the hazard, exposure, and barrier facts needed for classification.",SIF_LABELING_GUIDE_V0_1,UNCERTAIN,,UNCERTAIN,AI_SOL_DUAL_PASS_UNCERTAIN
OSHA-SIR-2021108821,OSHA_SIR,2021108821,"An employee was driving a water truck along a lease road when he hit a pothole and the vehicle dropped, jarring the employee's spine and resulting in fractured vertebrae.",NON_SIF_POTENTIAL,0.76,Water truck striking a pothole,Driver was jarred in the seat,Road maintenance or ride control was inadequate,Musculoskeletal injury,"A pothole jolt without collision, rollover, or ejection does not establish credible SIF impact energy.",AI_SOL_XHIGH_PASS_A,NON_SIF_POTENTIAL,0.88,"Localized contact, impact, or manual-handling energy",Personnel contacted the immediate object or surface,"Local positioning, handling, or housekeeping control failed",Localized injury without a supported fatal or life-altering escalation,The localized contact mechanism does not support a credible fatal or life-altering potential consequence.,SIF_LABELING_GUIDE_V0_1,NON_SIF_POTENTIAL,0.760000,CONSENSUS_LOWER_CONFIDENCE,AI_SOL_DUAL_PASS_CONSENSUS_LOWER_CONFIDENCE
OSHA-SIR-2015063456,OSHA_SIR,2015063456,"An employee was using a large wrench to tighten a bore on a boring pipeline. When he finished, he gave the all clear to start the boring. The pipe wrench was not removed from the bore; it swung around and struck him on his left-hand pinky finger, amputating the fingertip.",SIF_POTENTIAL,0.78,Released downhole torque in a rod string,A large pipe wrench spun into the worker,Stored-torque control and exclusion failed,Fatal head or torso strike,Unexpected torque return accelerated a large wrench with enough energy for a fatal strike.,AI_SOL_XHIGH_PASS_A,SIF_POTENTIAL,0.94,Moving or rotating machinery and entanglement energy,"Personnel were within an in-running, pull-in, or entanglement zone","Isolation, guarding, or separation from moving parts failed","Credible fatal crushing, pull-in trauma, or life-altering amputation",Personnel exposure to uncontrolled moving machinery supports a credible fatal or life-altering entanglement consequence.,SIF_LABELING_GUIDE_V0_1,SIF_POTENTIAL,0.780000,CONSENSUS_LOWER_CONFIDENCE,AI_SOL_DUAL_PASS_CONSENSUS_LOWER_CONFIDENCE
OSHA-SIR-2019043400,OSHA_SIR,2019043400,"An employee was holding a flashlight for another employee who was doing maintenance on a downhole sucker rod pump. The second employee was installing a plunger back into the rod pump, using a pry bar. The bar slipped and the plunger was propelled out of the pump toward the first employee. It caught his right hand and carried it downward, pinching the third finger against the fender of the pump. He suffered an avulsion and partial amputation of the finger.",SIF_POTENTIAL,0.72,Pump plunger expelled during maintenance,Worker was in the plunger's path,Stored-energy restraint failed,Fatal projectile strike or crushing,The plunger was propelled from the pump through an occupied work position.,AI_SOL_XHIGH_PASS_A,SIF_POTENTIAL,0.96,"Stored pressure, tension, projectile, or hose-whip energy",Personnel were in the release or projectile line of fire,"Isolation, depressurization, restraint, or containment failed","Credible fatal impact, penetration, major amputation, or internal trauma",Uncontrolled stored energy exposed personnel to a credible fatal or life-altering release consequence.,SIF_LABELING_GUIDE_V0_1,SIF_POTENTIAL,0.720000,CONSENSUS_LOWER_CONFIDENCE,AI_SOL_DUAL_PASS_CONSENSUS_LOWER_CONFIDENCE
OSHA-SIR-2016043296,OSHA_SIR,2016043296,"An employee was replacing the spring and U-bolt behind a tire. He was replacing the tire when the jack collapsed, catching and amputating the distal phalanges on his right-hand middle and ring fingers.",SIF_POTENTIAL,0.75,Jack collapse during wheel work,Worker's hand was beside supported vehicle components,Secondary support and clearance controls failed,Fatal crushing by unsupported equipment,Jack failure could drop the supported vehicle or wheel assembly onto the worker.,AI_SOL_XHIGH_PASS_A,SIF_POTENTIAL,0.93,"Heavy moving, shifting, rolling, or collapsing equipment",Personnel occupied the crush or line-of-fire zone,"Stability, exclusion-zone, or movement control failed",Credible fatal or life-altering crush trauma,A person was exposed to uncontrolled heavy movement with credible fatal or life-altering crush potential.,SIF_LABELING_GUIDE_V0_1,SIF_POTENTIAL,0.750000,CONSENSUS_LOWER_CONFIDENCE,AI_SOL_DUAL_PASS_CONSENSUS_LOWER_CONFIDENCE
OSHA-SIR-20171110965,OSHA_SIR,20171110965,"An employee was repairing a metal platform that was supported by metal saw horses and jack stands. A metal shim was in place on the saw horse to level the platform. The employee noticed the shim had turned slightly, so he used a 4 lb. maul to tap the shim into its original position. The force of the strike caused the shim to dislodge, and the corner of the platform came down on the employee's index finger. The employee suffered an amputation.",SIF_POTENTIAL,0.72,Heavy platform on jack stands and sawhorses,Worker adjusted a shim at the support point,Stable support and exclusion controls failed,Crushing by platform collapse,Dislodging the shim released a supported platform immediately beside the worker.,AI_SOL_XHIGH_PASS_A,SIF_POTENTIAL,0.93,"Heavy moving, shifting, rolling, or collapsing equipment",Personnel occupied the crush or line-of-fire zone,"Stability, exclusion-zone, or movement control failed",Credible fatal or life-altering crush trauma,A person was exposed to uncontrolled heavy movement with credible fatal or life-altering crush potential.,SIF_LABELING_GUIDE_V0_1,SIF_POTENTIAL,0.720000,CONSENSUS_LOWER_CONFIDENCE,AI_SOL_DUAL_PASS_CONSENSUS_LOWER_CONFIDENCE
OSHA-SIR-2015042210,OSHA_SIR,2015042210,An employee amputated part of his left little finger when a fusion pipe fell on his hand at the jobsite.,UNCERTAIN,0.58,Falling material of unspecified mass or height,Material struck a worker,Support or containment failed,Severity depends on missing energy and geometry,"The report lacks enough mass, fall-height, and body-position detail for a defensible binary judgment.",AI_SOL_XHIGH_PASS_A,UNCERTAIN,0.56,Equipment or object energy of unspecified magnitude,"Personnel contact is described, but the full exposure zone is unclear","Critical equipment, isolation, support, or guarding details are missing",Insufficient evidence to establish or exclude fatal or life-altering potential,The equipment mechanism and critical-control details are insufficient for a reliable SIF-potential judgment.,SIF_LABELING_GUIDE_V0_1,UNCERTAIN,,UNCERTAIN,AI_SOL_DUAL_PASS_UNCERTAIN
OSHA-SIR-2021087009,OSHA_SIR,2021087009,"An employee was pushing the forks of a forklift to widen their position. He needed to get the forks around the hook it sits in. Once it cleared the hook, the fork slid quickly, catching the employee's right middle finger against the headache rack support. The finger was amputated.",NON_SIF_POTENTIAL,0.82,Localized pinch or caught-between point,Hand or finger was placed at the contact point,Hand-positioning or pinch-point control failed,Localized digit injury,The described geometry confines exposure to a hand or finger without credible whole-body or fatal escalation.,AI_SOL_XHIGH_PASS_A,SIF_POTENTIAL,0.93,"Heavy moving, shifting, rolling, or collapsing equipment",Personnel occupied the crush or line-of-fire zone,"Stability, exclusion-zone, or movement control failed",Credible fatal or life-altering crush trauma,A person was exposed to uncontrolled heavy movement with credible fatal or life-altering crush potential.,SIF_LABELING_GUIDE_V0_1,,,DISAGREEMENT,AI_SOL_DUAL_PASS_DISAGREEMENT
OSHA-SIR-2015129170,OSHA_SIR,2015129170,"An employee was disconnecting a piece of flow iron from a pump. He was supporting the piece of pipe with his left hand and hitting it with his right hand when it suddenly disconnected. Due to the weight of the pipe, it dropped about 1 foot, catching his left ring finger between the iron and rear bumper of the pump and amputating the fingertip. He required surgery.",NON_SIF_POTENTIAL,0.88,Small component dropped at hand level,Worker's hand or finger was beneath the component,Hand placement and support control failed,Localized digit injury,The described drop is confined to the hand without credible full-body or fatal exposure.,AI_SOL_XHIGH_PASS_A,SIF_POTENTIAL,0.93,"Heavy moving, shifting, rolling, or collapsing equipment",Personnel occupied the crush or line-of-fire zone,"Stability, exclusion-zone, or movement control failed",Credible fatal or life-altering crush trauma,A person was exposed to uncontrolled heavy movement with credible fatal or life-altering crush potential.,SIF_LABELING_GUIDE_V0_1,,,DISAGREEMENT,AI_SOL_DUAL_PASS_DISAGREEMENT
OSHA-SIR-2021075939,OSHA_SIR,2021075939,"A crew, working for Red Diamond Energy Services, was laying down 2 7/8-inch tubing. The employee on the floor would unlatch the elevators slightly above the floor. The joint would bounce and the employee on the ground would grab and slide the tubing down the rack. While the 29th joint was being laid down, the employee's right ring finger was crushed between the tubing and the floor as the joint bounced resulting in amputation.",SIF_POTENTIAL,0.7,Uncontrolled bouncing tubing joint,Worker grabbed tubing at floor level,Tubing-handling and hands-free controls failed,Crushing by long heavy tubing,The tubing was intentionally allowed to bounce where a worker then handled it by hand.,AI_SOL_XHIGH_PASS_A,SIF_POTENTIAL,0.95,"Suspended, lifted, or falling heavy load",Personnel were beneath or immediately beside the load path,"Load support, retention, rigging, or exclusion control failed",Credible fatal crushing or catastrophic head and body trauma,The uncontrolled load and occupied drop zone support a credible fatal or life-altering consequence.,SIF_LABELING_GUIDE_V0_1,SIF_POTENTIAL,0.700000,CONSENSUS_LOWER_CONFIDENCE,AI_SOL_DUAL_PASS_CONSENSUS_LOWER_CONFIDENCE
OSHA-SIR-2015030582,OSHA_SIR,2015030582,Employee was lifting pipes when the pipes slipped and fell onto the employee's fingers resulting in medical amputation.,NON_SIF_POTENTIAL,0.76,Small component dropped at hand level,Worker's hand or finger was beneath the component,Hand placement and support control failed,Localized digit injury,The described drop is confined to the hand without credible full-body or fatal exposure.,AI_SOL_XHIGH_PASS_A,UNCERTAIN,0.56,Equipment or object energy of unspecified magnitude,"Personnel contact is described, but the full exposure zone is unclear","Critical equipment, isolation, support, or guarding details are missing",Insufficient evidence to establish or exclude fatal or life-altering potential,The equipment mechanism and critical-control details are insufficient for a reliable SIF-potential judgment.,SIF_LABELING_GUIDE_V0_1,UNCERTAIN,,UNCERTAIN,AI_SOL_DUAL_PASS_UNCERTAIN
OSHA-SIR-20161211319,OSHA_SIR,20161211319,"An employee was setting a pipe at a well site and was guiding the pipe with his hands. As he was lowering the pipe into a hole, his right index fingertip was caught and amputated by the pipe.",SIF_POTENTIAL,0.7,Suspended or forklift-supported heavy load,Worker was beside the shifting or swinging load,Load control and exclusion-zone controls failed,Fatal struck-by or crushing injury,The worker was within the movement zone of a lifted heavy object that shifted or swung unexpectedly.,AI_SOL_XHIGH_PASS_A,SIF_POTENTIAL,0.95,"Suspended, lifted, or falling heavy load",Personnel were beneath or immediately beside the load path,"Load support, retention, rigging, or exclusion control failed",Credible fatal crushing or catastrophic head and body trauma,The uncontrolled load and occupied drop zone support a credible fatal or life-altering consequence.,SIF_LABELING_GUIDE_V0_1,SIF_POTENTIAL,0.700000,CONSENSUS_LOWER_CONFIDENCE,AI_SOL_DUAL_PASS_CONSENSUS_LOWER_CONFIDENCE
OSHA-SIR-2018066035,OSHA_SIR,2018066035,"An employee was taking a joint of iron off the back of a truck and rotating it back into the cradle where it was stored. A brace was missing; when the joint was put into its resting spot, it kept rolling, crushing the employee's left little finger against the work platform. The finger was amputated.",NON_SIF_POTENTIAL,0.7,Small pipe or collar rolling during manual handling,A hand or foot was at the rolling interface,Chocking and hand-position controls failed,Localized digit or foot injury,The described rolling geometry is confined to an extremity without credible whole-body crushing exposure.,AI_SOL_XHIGH_PASS_A,SIF_POTENTIAL,0.93,"Heavy moving, shifting, rolling, or collapsing equipment",Personnel occupied the crush or line-of-fire zone,"Stability, exclusion-zone, or movement control failed",Credible fatal or life-altering crush trauma,A person was exposed to uncontrolled heavy movement with credible fatal or life-altering crush potential.,SIF_LABELING_GUIDE_V0_1,,,DISAGREEMENT,AI_SOL_DUAL_PASS_DISAGREEMENT
OSHA-SIR-2015118874,OSHA_SIR,2015118874,"An employee was welding two sections of pipe on top of a skid platform. The skid platform (2 feet high) collapsed, and the pipe rolled onto the employee's lower leg, fracturing the right ankle. The employee was hospitalized overnight.",SIF_POTENTIAL,0.72,Supported platform collapse with nearby pipe,Worker stood on or beside the platform and pipe,Platform support and load-control measures failed,Crushing or serious fall injury,The combined platform collapse and pipe movement created credible full-body crush and fall exposure.,AI_SOL_XHIGH_PASS_A,SIF_POTENTIAL,0.93,"Heavy moving, shifting, rolling, or collapsing equipment",Personnel occupied the crush or line-of-fire zone,"Stability, exclusion-zone, or movement control failed",Credible fatal or life-altering crush trauma,A person was exposed to uncontrolled heavy movement with credible fatal or life-altering crush potential.,SIF_LABELING_GUIDE_V0_1,SIF_POTENTIAL,0.720000,CONSENSUS_LOWER_CONFIDENCE,AI_SOL_DUAL_PASS_CONSENSUS_LOWER_CONFIDENCE
OSHA-SIR-20181010628,OSHA_SIR,20181010628,"Four Turner employees were working to remove discharge piping to make modifications. While removing the piping from pumps, the crew placed the pipe (approximately 300 lbs.) onto a cart. It rolled unexpectedly and pinched an employee's left ring finger between it and the cart rail, resulting in a fingertip amputation.",SIF_POTENTIAL,0.7,Uncontrolled heavy pipe or collar,Worker occupied the pipe's roll path,"Chocking, stability, and exclusion controls failed",Fatal or life-altering crushing,The heavy tubular could continue rolling across the worker's body.,AI_SOL_XHIGH_PASS_A,SIF_POTENTIAL,0.93,"Heavy moving, shifting, rolling, or collapsing equipment",Personnel occupied the crush or line-of-fire zone,"Stability, exclusion-zone, or movement control failed",Credible fatal or life-altering crush trauma,A person was exposed to uncontrolled heavy movement with credible fatal or life-altering crush potential.,SIF_LABELING_GUIDE_V0_1,SIF_POTENTIAL,0.700000,CONSENSUS_LOWER_CONFIDENCE,AI_SOL_DUAL_PASS_CONSENSUS_LOWER_CONFIDENCE
OSHA-SIR-2016010758,OSHA_SIR,2016010758,"While a backhoe was pulling dirt into a hole, it caught the wire on a nearby barbed wired fence. The backhoe pulled the wire out, causing it to strike and break the leg of a nearby employee.",SIF_POTENTIAL,0.78,Tensioned barbed wire loaded by powered equipment,Worker was in the recoil path,Tension control and exclusion-zone controls failed,Serious penetrating or laceration injury,Powered tension could release the wire into personnel with severe strike and penetration energy.,AI_SOL_XHIGH_PASS_A,SIF_POTENTIAL,0.96,"Stored pressure, tension, projectile, or hose-whip energy",Personnel were in the release or projectile line of fire,"Isolation, depressurization, restraint, or containment failed","Credible fatal impact, penetration, major amputation, or internal trauma",Uncontrolled stored energy exposed personnel to a credible fatal or life-altering release consequence.,SIF_LABELING_GUIDE_V0_1,SIF_POTENTIAL,0.780000,CONSENSUS_LOWER_CONFIDENCE,AI_SOL_DUAL_PASS_CONSENSUS_LOWER_CONFIDENCE
OSHA-SIR-2018054484,OSHA_SIR,2018054484,"On May 8, 2018, at approximately 12:10 a.m., employees were running some traded pipes and casing. The crew had a problem connecting two pipes (casing), so they unscrewed those pipes and continued to work with the casing. The injured employee's left hand was on top of an open pipe when a hoist operator (driller) let a second pipe come down. The employee's left-hand fingers were caught between the two pipes (casing), resulting in an amputation of his index finger and a broken ring finger.",SIF_POTENTIAL,0.72,Suspended or forklift-supported heavy load,Worker was beside the shifting or swinging load,Load control and exclusion-zone controls failed,Fatal struck-by or crushing injury,The worker was within the movement zone of a lifted heavy object that shifted or swung unexpectedly.,AI_SOL_XHIGH_PASS_A,SIF_POTENTIAL,0.95,"Suspended, lifted, or falling heavy load",Personnel were beneath or immediately beside the load path,"Load support, retention, rigging, or exclusion control failed",Credible fatal crushing or catastrophic head and body trauma,The uncontrolled load and occupied drop zone support a credible fatal or life-altering consequence.,SIF_LABELING_GUIDE_V0_1,SIF_POTENTIAL,0.720000,CONSENSUS_LOWER_CONFIDENCE,AI_SOL_DUAL_PASS_CONSENSUS_LOWER_CONFIDENCE
OSHA-SIR-2016076909,OSHA_SIR,2016076909,"While conducting well-servicing operations, an employee was setting up the work floor of a workover rig. The employee slipped on loose dirt, causing him to lose his grip on the wing portion of the rig floor. The wing portion fell, landing on his left ring finger and amputating the fingertip.",SIF_POTENTIAL,0.72,Large rig-floor wing or panel falling,Worker supported or handled the panel in its fall path,Mechanical support and drop-zone controls failed,Fatal crushing or struck-by injury,The large floor panel fell into an occupied handling position.,AI_SOL_XHIGH_PASS_A,SIF_POTENTIAL,0.95,"Suspended, lifted, or falling heavy load",Personnel were beneath or immediately beside the load path,"Load support, retention, rigging, or exclusion control failed",Credible fatal crushing or catastrophic head and body trauma,The uncontrolled load and occupied drop zone support a credible fatal or life-altering consequence.,SIF_LABELING_GUIDE_V0_1,SIF_POTENTIAL,0.720000,CONSENSUS_LOWER_CONFIDENCE,AI_SOL_DUAL_PASS_CONSENSUS_LOWER_CONFIDENCE
OSHA-SIR-2020021385,OSHA_SIR,2020021385,"Employees at an oil rig were breaking down its blowout preventers. After removing the preventers from the wellhead, they put a wooden board on the ground to set the preventer on and keep it from getting muddy. When one employee unhooked his tagline from a preventer, the preventer shifted and the locking stem on its top struck the top of the employee's left boot. He suffered a laceration to the foot and two broken toes.",SIF_POTENTIAL,0.75,Unstable blowout preventer,Worker was beside the BOP as it fell,Stability and handling controls failed,Fatal crushing by heavy well-control equipment,The BOP tipped into the occupied work area and could have crushed the worker's body.,AI_SOL_XHIGH_PASS_A,SIF_POTENTIAL,0.93,"Heavy moving, shifting, rolling, or collapsing equipment",Personnel occupied the crush or line-of-fire zone,"Stability, exclusion-zone, or movement control failed",Credible fatal or life-altering crush trauma,A person was exposed to uncontrolled heavy movement with credible fatal or life-altering crush potential.,SIF_LABELING_GUIDE_V0_1,SIF_POTENTIAL,0.750000,CONSENSUS_LOWER_CONFIDENCE,AI_SOL_DUAL_PASS_CONSENSUS_LOWER_CONFIDENCE
OSHA-SIR-2018032710,OSHA_SIR,2018032710,"An employee was working on the rig floor assembling a bottom hole assembly when a shock-sub struck the top of his right foot, damaging his pinky toe. His toe had to be surgically amputated from the last joint.",SIF_POTENTIAL,0.7,Pipe rack fell from forklift forks,Worker was beside and partly under the falling rack,Load securement and exclusion-zone controls failed,Fatal struck-by or crushing injury,A heavy rack fell from lifting equipment into an occupied area and could have struck the body.,AI_SOL_XHIGH_PASS_A,UNCERTAIN,0.56,Equipment or object energy of unspecified magnitude,"Personnel contact is described, but the full exposure zone is unclear","Critical equipment, isolation, support, or guarding details are missing",Insufficient evidence to establish or exclude fatal or life-altering potential,The equipment mechanism and critical-control details are insufficient for a reliable SIF-potential judgment.,SIF_LABELING_GUIDE_V0_1,UNCERTAIN,,UNCERTAIN,AI_SOL_DUAL_PASS_UNCERTAIN
OSHA-SIR-2020076617,OSHA_SIR,2020076617,"An electric gate at a third party facility would not operate. The pin pad had been disabled and the chain had been unhooked from the operator for the gate. An employee was manually opening the gate (pushing it open) when the chain got caught on a bolt or other object. While the employee was trying to release the chain, the gate moved, causing the employee's hand to go through a roller. He sustained contusions and lacerations to four fingers and a partial amputation of his left middle fingertip.",SIF_POTENTIAL,0.72,Moving gate and powered or rolling mechanism,Worker inserted a hand while releasing the mechanism,"Isolation, guarding, and safe hand-position controls failed",Entanglement or traumatic amputation,The hand was placed in an active gate mechanism capable of drawing in or amputating.,AI_SOL_XHIGH_PASS_A,NON_SIF_POTENTIAL,0.89,Localized hand or finger pinch and crush energy,A hand or finger entered the immediate pinch point,Hand placement or local separation control failed,Localized hand injury without a supported fatal or life-altering escalation,The narrative supports a localized low-energy pinch exposure without credible fatal or life-altering escalation.,SIF_LABELING_GUIDE_V0_1,,,DISAGREEMENT,AI_SOL_DUAL_PASS_DISAGREEMENT
OSHA-SIR-20171010045,OSHA_SIR,20171010045,"A crew was attempting to line up a catwalk with a vee-door. An employee's left hand was resting on the catwalk. The employee signaled the driller on the controls to move the catwalk. The vee-door, which was resting on the catwalk, then shook free and swung down, smashing the employee's left pinky finger.",SIF_POTENTIAL,0.7,Large vee-door or similar heavy panel swinging free,Worker was at the door and catwalk interface,Door securement and exclusion controls failed,Fatal crushing or struck-by injury,Loss of control of the heavy door exposed the worker to full-body strike and crush energy.,AI_SOL_XHIGH_PASS_A,SIF_POTENTIAL,0.93,"Heavy moving, shifting, rolling, or collapsing equipment",Personnel occupied the crush or line-of-fire zone,"Stability, exclusion-zone, or movement control failed",Credible fatal or life-altering crush trauma,A person was exposed to uncontrolled heavy movement with credible fatal or life-altering crush potential.,SIF_LABELING_GUIDE_V0_1,SIF_POTENTIAL,0.700000,CONSENSUS_LOWER_CONFIDENCE,AI_SOL_DUAL_PASS_CONSENSUS_LOWER_CONFIDENCE
OSHA-SIR-20171212120,OSHA_SIR,20171212120,"An employee was helping another employee manually reposition three 5-inch pipes that were placed awkwardly on a rack. The employees straightened the pipes and returned to their work station. A forklift operator then drove over and attempted to manipulate one of the pipes with the forks. The pipe rolled and crushed the employee's right hand, causing a laceration and muscle damage that required hospitalization.",SIF_POTENTIAL,0.7,Uncontrolled heavy pipe or collar,Worker occupied the pipe's roll path,"Chocking, stability, and exclusion controls failed",Fatal or life-altering crushing,The heavy tubular could continue rolling across the worker's body.,AI_SOL_XHIGH_PASS_A,SIF_POTENTIAL,0.93,"Heavy moving, shifting, rolling, or collapsing equipment",Personnel occupied the crush or line-of-fire zone,"Stability, exclusion-zone, or movement control failed",Credible fatal or life-altering crush trauma,A person was exposed to uncontrolled heavy movement with credible fatal or life-altering crush potential.,SIF_LABELING_GUIDE_V0_1,SIF_POTENTIAL,0.700000,CONSENSUS_LOWER_CONFIDENCE,AI_SOL_DUAL_PASS_CONSENSUS_LOWER_CONFIDENCE
OSHA-SIR-2018099398,OSHA_SIR,2018099398,"An employee was riding in the back of a company work truck when a pipe roller made contact with his hand, causing multiple fractures.",SIF_POTENTIAL,0.76,Moving truck with loose pipe-handling cargo,Worker rode in the cargo bed beside the moving load,Occupant separation and cargo restraint failed,"Fatal struck-by, crushing, or ejection",The worker shared an unrestrained cargo space with heavy moving equipment during vehicle travel.,AI_SOL_XHIGH_PASS_A,SIF_POTENTIAL,0.95,Moving vehicle or mobile-equipment kinetic energy,"An occupant or pedestrian was in the collision, rollover, or run-over path","Traffic separation, spotting, restraint, stability, or vehicle control failed","Credible fatal collision, rollover, ejection, or crush trauma",The uncontrolled vehicle interaction supports a credible fatal or life-altering consequence.,SIF_LABELING_GUIDE_V0_1,SIF_POTENTIAL,0.760000,CONSENSUS_LOWER_CONFIDENCE,AI_SOL_DUAL_PASS_CONSENSUS_LOWER_CONFIDENCE
OSHA-SIR-2016021254,OSHA_SIR,2016021254,"An employee was acting as a spotter for a trencher who was removing frozen soil to expose an empty conduit near a chain link fence. The stinger hit something hard underground and bounced up in the air, catching the chain link fence. This caused the teeth of the stinger to ride up the chain link fence, catching the employee's hand, which was resting on the fence. He suffered a large laceration to the palm of his right hand below the middle and ring finger, as well as a broken finger.",SIF_POTENTIAL,0.76,Powered trencher stinger moving a fence,Worker held the fence in the movement path,Separation and hands-free control failed,Severe struck-by or entanglement injury,Powered equipment transferred motion through the fence directly to the exposed worker.,AI_SOL_XHIGH_PASS_A,SIF_POTENTIAL,0.93,"Heavy moving, shifting, rolling, or collapsing equipment",Personnel occupied the crush or line-of-fire zone,"Stability, exclusion-zone, or movement control failed",Credible fatal or life-altering crush trauma,A person was exposed to uncontrolled heavy movement with credible fatal or life-altering crush potential.,SIF_LABELING_GUIDE_V0_1,SIF_POTENTIAL,0.760000,CONSENSUS_LOWER_CONFIDENCE,AI_SOL_DUAL_PASS_CONSENSUS_LOWER_CONFIDENCE
OSHA-SIR-2015118721,OSHA_SIR,2015118721,An employee stepped into an uncovered hole and sprained their back.,NON_SIF_POTENTIAL,0.96,Low step and ankle roll,Worker stepped down six inches,No critical-control failure described,Ordinary musculoskeletal injury,A six-inch step and ankle roll do not establish credible fatal or life-altering potential.,AI_SOL_XHIGH_PASS_A,UNCERTAIN,0.55,Potential lower-level fall or opening of unspecified depth,"Personnel were near the fall hazard, but the credible fall path is unclear","Height, edge protection, or fall-protection details are missing",Insufficient evidence to establish or exclude fatal or life-altering fall trauma,The fall height and protective-barrier evidence are insufficient for a reliable SIF-potential judgment.,SIF_LABELING_GUIDE_V0_1,UNCERTAIN,,UNCERTAIN,AI_SOL_DUAL_PASS_UNCERTAIN
