candidate_id,ai_pass_b_label,ai_pass_b_confidence,ai_pass_b_hazard,ai_pass_b_exposure,ai_pass_b_barrier_failure,ai_pass_b_credible_consequence,ai_pass_b_reason,ai_pass_b_framework_version
OSHA-SIR-20241110304,UNCERTAIN,0.55,Biological bite or sting,"A bite or sting occurred, but agent severity is not established","Relevant detection, avoidance, or protection details are not described",Insufficient evidence to establish or exclude fatal or life-altering toxicity,"The narrative lacks species, toxicity, and control detail needed for a reliable SIF-potential judgment.",SIF_LABELING_GUIDE_V0_1
OSHA-SIR-20231211139,SIF_POTENTIAL,0.94,Moving or rotating machinery and entanglement energy,"Personnel were within an in-running, pull-in, or entanglement zone","Isolation, guarding, or separation from moving parts failed","Credible fatal crushing, pull-in trauma, or life-altering amputation",Personnel exposure to uncontrolled moving machinery supports a credible fatal or life-altering entanglement consequence.,SIF_LABELING_GUIDE_V0_1
OSHA-SIR-20231211320,SIF_POTENTIAL,0.94,Moving or rotating machinery and entanglement energy,"Personnel were within an in-running, pull-in, or entanglement zone","Isolation, guarding, or separation from moving parts failed","Credible fatal crushing, pull-in trauma, or life-altering amputation",Personnel exposure to uncontrolled moving machinery supports a credible fatal or life-altering entanglement consequence.,SIF_LABELING_GUIDE_V0_1
OSHA-SIR-2024032254,NON_SIF_POTENTIAL,0.89,Localized hand or finger pinch and crush energy,A hand or finger entered the immediate pinch point,Hand placement or local separation control failed,Localized hand injury without a supported fatal or life-altering escalation,The narrative supports a localized low-energy pinch exposure without credible fatal or life-altering escalation.,SIF_LABELING_GUIDE_V0_1
OSHA-SIR-2024032164,SIF_POTENTIAL,0.93,"Heavy moving, shifting, rolling, or collapsing equipment",Personnel occupied the crush or line-of-fire zone,"Stability, exclusion-zone, or movement control failed",Credible fatal or life-altering crush trauma,A person was exposed to uncontrolled heavy movement with credible fatal or life-altering crush potential.,SIF_LABELING_GUIDE_V0_1
OSHA-SIR-2024053785,SIF_POTENTIAL,0.93,"Heavy moving, shifting, rolling, or collapsing equipment",Personnel occupied the crush or line-of-fire zone,"Stability, exclusion-zone, or movement control failed",Credible fatal or life-altering crush trauma,A person was exposed to uncontrolled heavy movement with credible fatal or life-altering crush potential.,SIF_LABELING_GUIDE_V0_1
OSHA-SIR-2024043227,NON_SIF_POTENTIAL,0.89,Localized hand or finger pinch and crush energy,A hand or finger entered the immediate pinch point,Hand placement or local separation control failed,Localized hand injury without a supported fatal or life-altering escalation,The narrative supports a localized low-energy pinch exposure without credible fatal or life-altering escalation.,SIF_LABELING_GUIDE_V0_1
OSHA-SIR-2024010257,SIF_POTENTIAL,0.95,"Suspended, lifted, or falling heavy load",Personnel were beneath or immediately beside the load path,"Load support, retention, rigging, or exclusion control failed",Credible fatal crushing or catastrophic head and body trauma,The uncontrolled load and occupied drop zone support a credible fatal or life-altering consequence.,SIF_LABELING_GUIDE_V0_1
OSHA-SIR-2024021458,SIF_POTENTIAL,0.94,Moving or rotating machinery and entanglement energy,"Personnel were within an in-running, pull-in, or entanglement zone","Isolation, guarding, or separation from moving parts failed","Credible fatal crushing, pull-in trauma, or life-altering amputation",Personnel exposure to uncontrolled moving machinery supports a credible fatal or life-altering entanglement consequence.,SIF_LABELING_GUIDE_V0_1
OSHA-SIR-2024010653,UNCERTAIN,0.55,Potential lower-level fall or opening of unspecified depth,"Personnel were near the fall hazard, but the credible fall path is unclear","Height, edge protection, or fall-protection details are missing",Insufficient evidence to establish or exclude fatal or life-altering fall trauma,The fall height and protective-barrier evidence are insufficient for a reliable SIF-potential judgment.,SIF_LABELING_GUIDE_V0_1
OSHA-SIR-2024010158,SIF_POTENTIAL,0.94,Moving or rotating machinery and entanglement energy,"Personnel were within an in-running, pull-in, or entanglement zone","Isolation, guarding, or separation from moving parts failed","Credible fatal crushing, pull-in trauma, or life-altering amputation",Personnel exposure to uncontrolled moving machinery supports a credible fatal or life-altering entanglement consequence.,SIF_LABELING_GUIDE_V0_1
OSHA-SIR-2024021317,SIF_POTENTIAL,0.94,Moving or rotating machinery and entanglement energy,"Personnel were within an in-running, pull-in, or entanglement zone","Isolation, guarding, or separation from moving parts failed","Credible fatal crushing, pull-in trauma, or life-altering amputation",Personnel exposure to uncontrolled moving machinery supports a credible fatal or life-altering entanglement consequence.,SIF_LABELING_GUIDE_V0_1
OSHA-SIR-2025077460,SIF_POTENTIAL,0.93,"Heavy moving, shifting, rolling, or collapsing equipment",Personnel occupied the crush or line-of-fire zone,"Stability, exclusion-zone, or movement control failed",Credible fatal or life-altering crush trauma,A person was exposed to uncontrolled heavy movement with credible fatal or life-altering crush potential.,SIF_LABELING_GUIDE_V0_1
OSHA-SIR-20251010530,NON_SIF_POTENTIAL,0.91,"Same-level or short-step slip, trip, or fall energy",Personnel lost footing without an additional high-energy exposure,Walking-surface or footing control failed,Musculoskeletal injury without supported fatal or life-altering potential,The described low-energy fall lacks an additional mechanism supporting credible fatal or life-altering potential.,SIF_LABELING_GUIDE_V0_1
OSHA-SIR-20251010647,SIF_POTENTIAL,0.98,"Excavation collapse, engulfment, or burial energy",Personnel were inside or at the edge of the collapse zone,"Shoring, sloping, stability, or exclusion control failed","Credible fatal engulfment, asphyxiation, or crush trauma",Personnel exposure to excavation collapse or engulfment supports a credible fatal consequence.,SIF_LABELING_GUIDE_V0_1
OSHA-SIR-2025032579,NON_SIF_POTENTIAL,0.88,"Localized contact, impact, or manual-handling energy",Personnel contacted the immediate object or surface,"Local positioning, handling, or housekeeping control failed",Localized injury without a supported fatal or life-altering escalation,The localized contact mechanism does not support a credible fatal or life-altering potential consequence.,SIF_LABELING_GUIDE_V0_1
OSHA-SIR-2024076029,SIF_POTENTIAL,0.94,Moving or rotating machinery and entanglement energy,"Personnel were within an in-running, pull-in, or entanglement zone","Isolation, guarding, or separation from moving parts failed","Credible fatal crushing, pull-in trauma, or life-altering amputation",Personnel exposure to uncontrolled moving machinery supports a credible fatal or life-altering entanglement consequence.,SIF_LABELING_GUIDE_V0_1
OSHA-SIR-2025021422,SIF_POTENTIAL,0.93,"Heavy moving, shifting, rolling, or collapsing equipment",Personnel occupied the crush or line-of-fire zone,"Stability, exclusion-zone, or movement control failed",Credible fatal or life-altering crush trauma,A person was exposed to uncontrolled heavy movement with credible fatal or life-altering crush potential.,SIF_LABELING_GUIDE_V0_1
OSHA-SIR-2024043008,SIF_POTENTIAL,0.93,"Heavy moving, shifting, rolling, or collapsing equipment",Personnel occupied the crush or line-of-fire zone,"Stability, exclusion-zone, or movement control failed",Credible fatal or life-altering crush trauma,A person was exposed to uncontrolled heavy movement with credible fatal or life-altering crush potential.,SIF_LABELING_GUIDE_V0_1
OSHA-SIR-2024010753,SIF_POTENTIAL,0.95,Moving vehicle or mobile-equipment kinetic energy,"An occupant or pedestrian was in the collision, rollover, or run-over path","Traffic separation, spotting, restraint, stability, or vehicle control failed","Credible fatal collision, rollover, ejection, or crush trauma",The uncontrolled vehicle interaction supports a credible fatal or life-altering consequence.,SIF_LABELING_GUIDE_V0_1
OSHA-SIR-2024098564,SIF_POTENTIAL,0.95,"Suspended, lifted, or falling heavy load",Personnel were beneath or immediately beside the load path,"Load support, retention, rigging, or exclusion control failed",Credible fatal crushing or catastrophic head and body trauma,The uncontrolled load and occupied drop zone support a credible fatal or life-altering consequence.,SIF_LABELING_GUIDE_V0_1
OSHA-SIR-2024010903,NON_SIF_POTENTIAL,0.89,Localized hand or finger pinch and crush energy,A hand or finger entered the immediate pinch point,Hand placement or local separation control failed,Localized hand injury without a supported fatal or life-altering escalation,The narrative supports a localized low-energy pinch exposure without credible fatal or life-altering escalation.,SIF_LABELING_GUIDE_V0_1
OSHA-SIR-2024032181,SIF_POTENTIAL,0.95,"Suspended, lifted, or falling heavy load",Personnel were beneath or immediately beside the load path,"Load support, retention, rigging, or exclusion control failed",Credible fatal crushing or catastrophic head and body trauma,The uncontrolled load and occupied drop zone support a credible fatal or life-altering consequence.,SIF_LABELING_GUIDE_V0_1
OSHA-SIR-2024021751,SIF_POTENTIAL,0.93,"Extreme-temperature fluid, steam, or material",Personnel were in the direct thermal release or contact zone,"Isolation, depressurization, containment, or thermal protection failed",Credible fatal or life-altering burns and systemic injury,Direct exposure to uncontrolled extreme-temperature material supports credible fatal or life-altering burns.,SIF_LABELING_GUIDE_V0_1
OSHA-SIR-20231211158,SIF_POTENTIAL,0.97,"Fire, explosion, or ignitable hydrocarbon energy","Personnel were within the flame, heat, or blast zone","Fuel containment, isolation, ignition control, or verification failed","Credible fatal burns, blast trauma, or smoke inhalation",The described fire or explosion exposure supports a credible fatal or life-altering consequence.,SIF_LABELING_GUIDE_V0_1
OSHA-SIR-2024042848,SIF_POTENTIAL,0.93,"Extreme-temperature fluid, steam, or material",Personnel were in the direct thermal release or contact zone,"Isolation, depressurization, containment, or thermal protection failed",Credible fatal or life-altering burns and systemic injury,Direct exposure to uncontrolled extreme-temperature material supports credible fatal or life-altering burns.,SIF_LABELING_GUIDE_V0_1
OSHA-SIR-2024010090,NON_SIF_POTENTIAL,0.89,Localized hand or finger pinch and crush energy,A hand or finger entered the immediate pinch point,Hand placement or local separation control failed,Localized hand injury without a supported fatal or life-altering escalation,The narrative supports a localized low-energy pinch exposure without credible fatal or life-altering escalation.,SIF_LABELING_GUIDE_V0_1
OSHA-SIR-2024087293,NON_SIF_POTENTIAL,0.91,"Same-level or short-step slip, trip, or fall energy",Personnel lost footing without an additional high-energy exposure,Walking-surface or footing control failed,Musculoskeletal injury without supported fatal or life-altering potential,The described low-energy fall lacks an additional mechanism supporting credible fatal or life-altering potential.,SIF_LABELING_GUIDE_V0_1
OSHA-SIR-2024021562,SIF_POTENTIAL,0.98,"Energized electrical equipment, arc flash, or overhead power line",Personnel or conductive equipment entered the electrical hazard zone,"De-energization, approach-distance, grounding, or arc-flash control failed","Credible electrocution, fatal arc burns, or life-altering injury",Personnel exposure to uncontrolled electrical energy supports a credible fatal or life-altering consequence.,SIF_LABELING_GUIDE_V0_1
OSHA-SIR-2024010671,SIF_POTENTIAL,0.98,"Energized electrical equipment, arc flash, or overhead power line",Personnel or conductive equipment entered the electrical hazard zone,"De-energization, approach-distance, grounding, or arc-flash control failed","Credible electrocution, fatal arc burns, or life-altering injury",Personnel exposure to uncontrolled electrical energy supports a credible fatal or life-altering consequence.,SIF_LABELING_GUIDE_V0_1
OSHA-SIR-2024010135,SIF_POTENTIAL,0.94,Moving or rotating machinery and entanglement energy,"Personnel were within an in-running, pull-in, or entanglement zone","Isolation, guarding, or separation from moving parts failed","Credible fatal crushing, pull-in trauma, or life-altering amputation",Personnel exposure to uncontrolled moving machinery supports a credible fatal or life-altering entanglement consequence.,SIF_LABELING_GUIDE_V0_1
OSHA-SIR-2024065474,SIF_POTENTIAL,0.93,"Heavy moving, shifting, rolling, or collapsing equipment",Personnel occupied the crush or line-of-fire zone,"Stability, exclusion-zone, or movement control failed",Credible fatal or life-altering crush trauma,A person was exposed to uncontrolled heavy movement with credible fatal or life-altering crush potential.,SIF_LABELING_GUIDE_V0_1
OSHA-SIR-2024087059,SIF_POTENTIAL,0.97,"Fire, explosion, or ignitable hydrocarbon energy","Personnel were within the flame, heat, or blast zone","Fuel containment, isolation, ignition control, or verification failed","Credible fatal burns, blast trauma, or smoke inhalation",The described fire or explosion exposure supports a credible fatal or life-altering consequence.,SIF_LABELING_GUIDE_V0_1
OSHA-SIR-2024076038,SIF_POTENTIAL,0.97,"Fire, explosion, or ignitable hydrocarbon energy","Personnel were within the flame, heat, or blast zone","Fuel containment, isolation, ignition control, or verification failed","Credible fatal burns, blast trauma, or smoke inhalation",The described fire or explosion exposure supports a credible fatal or life-altering consequence.,SIF_LABELING_GUIDE_V0_1
OSHA-SIR-20251111514,SIF_POTENTIAL,0.97,"Fire, explosion, or ignitable hydrocarbon energy","Personnel were within the flame, heat, or blast zone","Fuel containment, isolation, ignition control, or verification failed","Credible fatal burns, blast trauma, or smoke inhalation",The described fire or explosion exposure supports a credible fatal or life-altering consequence.,SIF_LABELING_GUIDE_V0_1
OSHA-SIR-2025099616,SIF_POTENTIAL,0.96,"Stored pressure, tension, projectile, or hose-whip energy",Personnel were in the release or projectile line of fire,"Isolation, depressurization, restraint, or containment failed","Credible fatal impact, penetration, major amputation, or internal trauma",Uncontrolled stored energy exposed personnel to a credible fatal or life-altering release consequence.,SIF_LABELING_GUIDE_V0_1
OSHA-SIR-2024043602,SIF_POTENTIAL,0.96,"Stored pressure, tension, projectile, or hose-whip energy",Personnel were in the release or projectile line of fire,"Isolation, depressurization, restraint, or containment failed","Credible fatal impact, penetration, major amputation, or internal trauma",Uncontrolled stored energy exposed personnel to a credible fatal or life-altering release consequence.,SIF_LABELING_GUIDE_V0_1
OSHA-SIR-2025043738,SIF_POTENTIAL,0.96,"Stored pressure, tension, projectile, or hose-whip energy",Personnel were in the release or projectile line of fire,"Isolation, depressurization, restraint, or containment failed","Credible fatal impact, penetration, major amputation, or internal trauma",Uncontrolled stored energy exposed personnel to a credible fatal or life-altering release consequence.,SIF_LABELING_GUIDE_V0_1
OSHA-SIR-2024010031,SIF_POTENTIAL,0.95,"Toxic, corrosive, or oxygen-displacing substance",Personnel inhaled or directly contacted the released substance,"Containment, isolation, ventilation, or respiratory protection failed","Credible fatal poisoning, asphyxiation, or life-altering chemical injury",The hazardous substance exposure supports a credible fatal or life-altering toxic consequence.,SIF_LABELING_GUIDE_V0_1
OSHA-SIR-2024065726,SIF_POTENTIAL,0.98,"Energized electrical equipment, arc flash, or overhead power line",Personnel or conductive equipment entered the electrical hazard zone,"De-energization, approach-distance, grounding, or arc-flash control failed","Credible electrocution, fatal arc burns, or life-altering injury",Personnel exposure to uncontrolled electrical energy supports a credible fatal or life-altering consequence.,SIF_LABELING_GUIDE_V0_1
OSHA-SIR-2024098520,SIF_POTENTIAL,0.98,"Energized electrical equipment, arc flash, or overhead power line",Personnel or conductive equipment entered the electrical hazard zone,"De-energization, approach-distance, grounding, or arc-flash control failed","Credible electrocution, fatal arc burns, or life-altering injury",Personnel exposure to uncontrolled electrical energy supports a credible fatal or life-altering consequence.,SIF_LABELING_GUIDE_V0_1
OSHA-SIR-2025021704,UNCERTAIN,0.56,Environmental temperature exposure,Personnel symptoms are reported without adequate exposure-condition detail,"Monitoring, work-rest, clothing, or shelter controls are not described",Insufficient evidence to establish or exclude fatal or life-altering temperature injury,The environmental conditions and control evidence are insufficient for a reliable SIF-potential judgment.,SIF_LABELING_GUIDE_V0_1
OSHA-SIR-2024054626,SIF_POTENTIAL,0.84,Environmental heat stress,Personnel experienced heat exposure during field work,"Heat monitoring, work-rest, hydration, or acclimatization control was ineffective",Credible fatal heat stroke or life-altering organ injury,The documented heat-stress exposure could credibly progress to fatal heat illness.,SIF_LABELING_GUIDE_V0_1
OSHA-SIR-2024054307,NON_SIF_POTENTIAL,0.91,"Same-level or short-step slip, trip, or fall energy",Personnel lost footing without an additional high-energy exposure,Walking-surface or footing control failed,Musculoskeletal injury without supported fatal or life-altering potential,The described low-energy fall lacks an additional mechanism supporting credible fatal or life-altering potential.,SIF_LABELING_GUIDE_V0_1
OSHA-SIR-2024098181,NON_SIF_POTENTIAL,0.91,"Same-level or short-step slip, trip, or fall energy",Personnel lost footing without an additional high-energy exposure,Walking-surface or footing control failed,Musculoskeletal injury without supported fatal or life-altering potential,The described low-energy fall lacks an additional mechanism supporting credible fatal or life-altering potential.,SIF_LABELING_GUIDE_V0_1
OSHA-SIR-2025032196,NON_SIF_POTENTIAL,0.89,Localized hand or finger pinch and crush energy,A hand or finger entered the immediate pinch point,Hand placement or local separation control failed,Localized hand injury without a supported fatal or life-altering escalation,The narrative supports a localized low-energy pinch exposure without credible fatal or life-altering escalation.,SIF_LABELING_GUIDE_V0_1
OSHA-SIR-2024076349,NON_SIF_POTENTIAL,0.88,"Localized contact, impact, or manual-handling energy",Personnel contacted the immediate object or surface,"Local positioning, handling, or housekeeping control failed",Localized injury without a supported fatal or life-altering escalation,The localized contact mechanism does not support a credible fatal or life-altering potential consequence.,SIF_LABELING_GUIDE_V0_1
OSHA-SIR-2024010071,NON_SIF_POTENTIAL,0.91,"Same-level or short-step slip, trip, or fall energy",Personnel lost footing without an additional high-energy exposure,Walking-surface or footing control failed,Musculoskeletal injury without supported fatal or life-altering potential,The described low-energy fall lacks an additional mechanism supporting credible fatal or life-altering potential.,SIF_LABELING_GUIDE_V0_1
OSHA-SIR-2025043710,SIF_POTENTIAL,0.94,Moving or rotating machinery and entanglement energy,"Personnel were within an in-running, pull-in, or entanglement zone","Isolation, guarding, or separation from moving parts failed","Credible fatal crushing, pull-in trauma, or life-altering amputation",Personnel exposure to uncontrolled moving machinery supports a credible fatal or life-altering entanglement consequence.,SIF_LABELING_GUIDE_V0_1
OSHA-SIR-2024010091,NON_SIF_POTENTIAL,0.88,"Localized contact, impact, or manual-handling energy",Personnel contacted the immediate object or surface,"Local positioning, handling, or housekeeping control failed",Localized injury without a supported fatal or life-altering escalation,The localized contact mechanism does not support a credible fatal or life-altering potential consequence.,SIF_LABELING_GUIDE_V0_1
OSHA-SIR-2024065117,SIF_POTENTIAL,0.96,Elevated work or an unprotected lower-level fall,Personnel were exposed to a significant fall path,"Platform integrity, edge protection, access, or fall-arrest control failed","Credible fatal head, spinal, or multisystem trauma",The significant fall exposure and failed protective barrier support credible fatal or life-altering potential.,SIF_LABELING_GUIDE_V0_1
OSHA-SIR-2025021221,NON_SIF_POTENTIAL,0.91,"Same-level or short-step slip, trip, or fall energy",Personnel lost footing without an additional high-energy exposure,Walking-surface or footing control failed,Musculoskeletal injury without supported fatal or life-altering potential,The described low-energy fall lacks an additional mechanism supporting credible fatal or life-altering potential.,SIF_LABELING_GUIDE_V0_1
OSHA-SIR-2024098218,SIF_POTENTIAL,0.98,"Excavation collapse, engulfment, or burial energy",Personnel were inside or at the edge of the collapse zone,"Shoring, sloping, stability, or exclusion control failed","Credible fatal engulfment, asphyxiation, or crush trauma",Personnel exposure to excavation collapse or engulfment supports a credible fatal consequence.,SIF_LABELING_GUIDE_V0_1
OSHA-SIR-2024076300,SIF_POTENTIAL,0.96,"Stored pressure, tension, projectile, or hose-whip energy",Personnel were in the release or projectile line of fire,"Isolation, depressurization, restraint, or containment failed","Credible fatal impact, penetration, major amputation, or internal trauma",Uncontrolled stored energy exposed personnel to a credible fatal or life-altering release consequence.,SIF_LABELING_GUIDE_V0_1
OSHA-SIR-20251010185,SIF_POTENTIAL,0.95,"Toxic, corrosive, or oxygen-displacing substance",Personnel inhaled or directly contacted the released substance,"Containment, isolation, ventilation, or respiratory protection failed","Credible fatal poisoning, asphyxiation, or life-altering chemical injury",The hazardous substance exposure supports a credible fatal or life-altering toxic consequence.,SIF_LABELING_GUIDE_V0_1
OSHA-SIR-2024054631,NON_SIF_POTENTIAL,0.91,"Same-level or short-step slip, trip, or fall energy",Personnel lost footing without an additional high-energy exposure,Walking-surface or footing control failed,Musculoskeletal injury without supported fatal or life-altering potential,The described low-energy fall lacks an additional mechanism supporting credible fatal or life-altering potential.,SIF_LABELING_GUIDE_V0_1
OSHA-SIR-2025032450,NON_SIF_POTENTIAL,0.89,Localized hand or finger pinch and crush energy,A hand or finger entered the immediate pinch point,Hand placement or local separation control failed,Localized hand injury without a supported fatal or life-altering escalation,The narrative supports a localized low-energy pinch exposure without credible fatal or life-altering escalation.,SIF_LABELING_GUIDE_V0_1
OSHA-SIR-2024065810,SIF_POTENTIAL,0.97,"Fire, explosion, or ignitable hydrocarbon energy","Personnel were within the flame, heat, or blast zone","Fuel containment, isolation, ignition control, or verification failed","Credible fatal burns, blast trauma, or smoke inhalation",The described fire or explosion exposure supports a credible fatal or life-altering consequence.,SIF_LABELING_GUIDE_V0_1
OSHA-SIR-20241110910,SIF_POTENTIAL,0.97,"Fire, explosion, or ignitable hydrocarbon energy","Personnel were within the flame, heat, or blast zone","Fuel containment, isolation, ignition control, or verification failed","Credible fatal burns, blast trauma, or smoke inhalation",The described fire or explosion exposure supports a credible fatal or life-altering consequence.,SIF_LABELING_GUIDE_V0_1
OSHA-SIR-20231211334,SIF_POTENTIAL,0.97,"Fire, explosion, or ignitable hydrocarbon energy","Personnel were within the flame, heat, or blast zone","Fuel containment, isolation, ignition control, or verification failed","Credible fatal burns, blast trauma, or smoke inhalation",The described fire or explosion exposure supports a credible fatal or life-altering consequence.,SIF_LABELING_GUIDE_V0_1
OSHA-SIR-2024054058,SIF_POTENTIAL,0.97,"Fire, explosion, or ignitable hydrocarbon energy","Personnel were within the flame, heat, or blast zone","Fuel containment, isolation, ignition control, or verification failed","Credible fatal burns, blast trauma, or smoke inhalation",The described fire or explosion exposure supports a credible fatal or life-altering consequence.,SIF_LABELING_GUIDE_V0_1
OSHA-SIR-2024054402,SIF_POTENTIAL,0.97,"Fire, explosion, or ignitable hydrocarbon energy","Personnel were within the flame, heat, or blast zone","Fuel containment, isolation, ignition control, or verification failed","Credible fatal burns, blast trauma, or smoke inhalation",The described fire or explosion exposure supports a credible fatal or life-altering consequence.,SIF_LABELING_GUIDE_V0_1
OSHA-SIR-2025021642,SIF_POTENTIAL,0.97,"Fire, explosion, or ignitable hydrocarbon energy","Personnel were within the flame, heat, or blast zone","Fuel containment, isolation, ignition control, or verification failed","Credible fatal burns, blast trauma, or smoke inhalation",The described fire or explosion exposure supports a credible fatal or life-altering consequence.,SIF_LABELING_GUIDE_V0_1
OSHA-SIR-20231211033,SIF_POTENTIAL,0.97,"Fire, explosion, or ignitable hydrocarbon energy","Personnel were within the flame, heat, or blast zone","Fuel containment, isolation, ignition control, or verification failed","Credible fatal burns, blast trauma, or smoke inhalation",The described fire or explosion exposure supports a credible fatal or life-altering consequence.,SIF_LABELING_GUIDE_V0_1
OSHA-SIR-2024065298,SIF_POTENTIAL,0.98,"Energized electrical equipment, arc flash, or overhead power line",Personnel or conductive equipment entered the electrical hazard zone,"De-energization, approach-distance, grounding, or arc-flash control failed","Credible electrocution, fatal arc burns, or life-altering injury",Personnel exposure to uncontrolled electrical energy supports a credible fatal or life-altering consequence.,SIF_LABELING_GUIDE_V0_1
OSHA-SIR-2024032536,SIF_POTENTIAL,0.98,"Energized electrical equipment, arc flash, or overhead power line",Personnel or conductive equipment entered the electrical hazard zone,"De-energization, approach-distance, grounding, or arc-flash control failed","Credible electrocution, fatal arc burns, or life-altering injury",Personnel exposure to uncontrolled electrical energy supports a credible fatal or life-altering consequence.,SIF_LABELING_GUIDE_V0_1
OSHA-SIR-2025021232,UNCERTAIN,0.54,Chemical or inhalation exposure of unspecified identity or dose,Personnel exposure is reported without adequate concentration or route detail,"Containment, ventilation, and protective-control details are not described",Insufficient evidence to establish or exclude fatal or life-altering toxicity,"The substance, dose, and control evidence are insufficient for a reliable SIF-potential judgment.",SIF_LABELING_GUIDE_V0_1
OSHA-SIR-2025043700,SIF_POTENTIAL,0.95,"Toxic, corrosive, or oxygen-displacing substance",Personnel inhaled or directly contacted the released substance,"Containment, isolation, ventilation, or respiratory protection failed","Credible fatal poisoning, asphyxiation, or life-altering chemical injury",The hazardous substance exposure supports a credible fatal or life-altering toxic consequence.,SIF_LABELING_GUIDE_V0_1
OSHA-SIR-20251010189,SIF_POTENTIAL,0.95,"Toxic, corrosive, or oxygen-displacing substance",Personnel inhaled or directly contacted the released substance,"Containment, isolation, ventilation, or respiratory protection failed","Credible fatal poisoning, asphyxiation, or life-altering chemical injury",The hazardous substance exposure supports a credible fatal or life-altering toxic consequence.,SIF_LABELING_GUIDE_V0_1
OSHA-SIR-2024098252,NON_SIF_POTENTIAL,0.89,Localized hand or finger pinch and crush energy,A hand or finger entered the immediate pinch point,Hand placement or local separation control failed,Localized hand injury without a supported fatal or life-altering escalation,The narrative supports a localized low-energy pinch exposure without credible fatal or life-altering escalation.,SIF_LABELING_GUIDE_V0_1
OSHA-SIR-2024065679,NON_SIF_POTENTIAL,0.92,Handheld cutting-tool energy,A hand entered the tool's immediate cutting path,Hand positioning or cut protection was ineffective,Localized hand injury without supported fatal or life-altering potential,The handheld cutting exposure is localized and does not support credible fatal or life-altering potential.,SIF_LABELING_GUIDE_V0_1
OSHA-SIR-2025032390,SIF_POTENTIAL,0.94,Moving or rotating machinery and entanglement energy,"Personnel were within an in-running, pull-in, or entanglement zone","Isolation, guarding, or separation from moving parts failed","Credible fatal crushing, pull-in trauma, or life-altering amputation",Personnel exposure to uncontrolled moving machinery supports a credible fatal or life-altering entanglement consequence.,SIF_LABELING_GUIDE_V0_1
OSHA-SIR-2024021406,SIF_POTENTIAL,0.96,"Stored pressure, tension, projectile, or hose-whip energy",Personnel were in the release or projectile line of fire,"Isolation, depressurization, restraint, or containment failed","Credible fatal impact, penetration, major amputation, or internal trauma",Uncontrolled stored energy exposed personnel to a credible fatal or life-altering release consequence.,SIF_LABELING_GUIDE_V0_1
OSHA-SIR-20251010320,SIF_POTENTIAL,0.96,"Stored pressure, tension, projectile, or hose-whip energy",Personnel were in the release or projectile line of fire,"Isolation, depressurization, restraint, or containment failed","Credible fatal impact, penetration, major amputation, or internal trauma",Uncontrolled stored energy exposed personnel to a credible fatal or life-altering release consequence.,SIF_LABELING_GUIDE_V0_1
OSHA-SIR-2024021188,SIF_POTENTIAL,0.95,"Suspended, lifted, or falling heavy load",Personnel were beneath or immediately beside the load path,"Load support, retention, rigging, or exclusion control failed",Credible fatal crushing or catastrophic head and body trauma,The uncontrolled load and occupied drop zone support a credible fatal or life-altering consequence.,SIF_LABELING_GUIDE_V0_1
OSHA-SIR-20241211383,NON_SIF_POTENTIAL,0.89,Localized hand or finger pinch and crush energy,A hand or finger entered the immediate pinch point,Hand placement or local separation control failed,Localized hand injury without a supported fatal or life-altering escalation,The narrative supports a localized low-energy pinch exposure without credible fatal or life-altering escalation.,SIF_LABELING_GUIDE_V0_1
OSHA-SIR-2025043243,SIF_POTENTIAL,0.97,"Fire, explosion, or ignitable hydrocarbon energy","Personnel were within the flame, heat, or blast zone","Fuel containment, isolation, ignition control, or verification failed","Credible fatal burns, blast trauma, or smoke inhalation",The described fire or explosion exposure supports a credible fatal or life-altering consequence.,SIF_LABELING_GUIDE_V0_1
OSHA-SIR-2024109936,SIF_POTENTIAL,0.95,Moving vehicle or mobile-equipment kinetic energy,"An occupant or pedestrian was in the collision, rollover, or run-over path","Traffic separation, spotting, restraint, stability, or vehicle control failed","Credible fatal collision, rollover, ejection, or crush trauma",The uncontrolled vehicle interaction supports a credible fatal or life-altering consequence.,SIF_LABELING_GUIDE_V0_1
OSHA-SIR-2025076412,SIF_POTENTIAL,0.95,Moving vehicle or mobile-equipment kinetic energy,"An occupant or pedestrian was in the collision, rollover, or run-over path","Traffic separation, spotting, restraint, stability, or vehicle control failed","Credible fatal collision, rollover, ejection, or crush trauma",The uncontrolled vehicle interaction supports a credible fatal or life-altering consequence.,SIF_LABELING_GUIDE_V0_1
OSHA-SIR-2025088413,SIF_POTENTIAL,0.95,Moving vehicle or mobile-equipment kinetic energy,"An occupant or pedestrian was in the collision, rollover, or run-over path","Traffic separation, spotting, restraint, stability, or vehicle control failed","Credible fatal collision, rollover, ejection, or crush trauma",The uncontrolled vehicle interaction supports a credible fatal or life-altering consequence.,SIF_LABELING_GUIDE_V0_1
OSHA-SIR-20241211880,SIF_POTENTIAL,0.95,Moving vehicle or mobile-equipment kinetic energy,"An occupant or pedestrian was in the collision, rollover, or run-over path","Traffic separation, spotting, restraint, stability, or vehicle control failed","Credible fatal collision, rollover, ejection, or crush trauma",The uncontrolled vehicle interaction supports a credible fatal or life-altering consequence.,SIF_LABELING_GUIDE_V0_1
OSHA-SIR-2025088531,SIF_POTENTIAL,0.95,Moving vehicle or mobile-equipment kinetic energy,"An occupant or pedestrian was in the collision, rollover, or run-over path","Traffic separation, spotting, restraint, stability, or vehicle control failed","Credible fatal collision, rollover, ejection, or crush trauma",The uncontrolled vehicle interaction supports a credible fatal or life-altering consequence.,SIF_LABELING_GUIDE_V0_1
OSHA-SIR-2024010047,SIF_POTENTIAL,0.96,Elevated work or an unprotected lower-level fall,Personnel were exposed to a significant fall path,"Platform integrity, edge protection, access, or fall-arrest control failed","Credible fatal head, spinal, or multisystem trauma",The significant fall exposure and failed protective barrier support credible fatal or life-altering potential.,SIF_LABELING_GUIDE_V0_1
OSHA-SIR-2024010648,SIF_POTENTIAL,0.96,Elevated work or an unprotected lower-level fall,Personnel were exposed to a significant fall path,"Platform integrity, edge protection, access, or fall-arrest control failed","Credible fatal head, spinal, or multisystem trauma",The significant fall exposure and failed protective barrier support credible fatal or life-altering potential.,SIF_LABELING_GUIDE_V0_1
OSHA-SIR-2024021513,NON_SIF_POTENTIAL,0.91,"Same-level or short-step slip, trip, or fall energy",Personnel lost footing without an additional high-energy exposure,Walking-surface or footing control failed,Musculoskeletal injury without supported fatal or life-altering potential,The described low-energy fall lacks an additional mechanism supporting credible fatal or life-altering potential.,SIF_LABELING_GUIDE_V0_1
OSHA-SIR-2025032724,NON_SIF_POTENTIAL,0.91,"Same-level or short-step slip, trip, or fall energy",Personnel lost footing without an additional high-energy exposure,Walking-surface or footing control failed,Musculoskeletal injury without supported fatal or life-altering potential,The described low-energy fall lacks an additional mechanism supporting credible fatal or life-altering potential.,SIF_LABELING_GUIDE_V0_1
OSHA-SIR-2024042949,SIF_POTENTIAL,0.96,Elevated work or an unprotected lower-level fall,Personnel were exposed to a significant fall path,"Platform integrity, edge protection, access, or fall-arrest control failed","Credible fatal head, spinal, or multisystem trauma",The significant fall exposure and failed protective barrier support credible fatal or life-altering potential.,SIF_LABELING_GUIDE_V0_1
OSHA-SIR-2024032554,UNCERTAIN,0.55,Potential lower-level fall or opening of unspecified depth,"Personnel were near the fall hazard, but the credible fall path is unclear","Height, edge protection, or fall-protection details are missing",Insufficient evidence to establish or exclude fatal or life-altering fall trauma,The fall height and protective-barrier evidence are insufficient for a reliable SIF-potential judgment.,SIF_LABELING_GUIDE_V0_1
OSHA-SIR-2025010866,NON_SIF_POTENTIAL,0.95,Manual exertion or awkward body movement,Personnel were exposed to localized musculoskeletal strain,Ergonomic or manual-handling control was ineffective,Musculoskeletal injury without supported fatal or life-altering potential,The exertion mechanism supports musculoskeletal injury but not a credible fatal or life-altering consequence.,SIF_LABELING_GUIDE_V0_1
OSHA-SIR-2024053968,SIF_POTENTIAL,0.95,Moving vehicle or mobile-equipment kinetic energy,"An occupant or pedestrian was in the collision, rollover, or run-over path","Traffic separation, spotting, restraint, stability, or vehicle control failed","Credible fatal collision, rollover, ejection, or crush trauma",The uncontrolled vehicle interaction supports a credible fatal or life-altering consequence.,SIF_LABELING_GUIDE_V0_1
OSHA-SIR-2024021303,SIF_POTENTIAL,0.95,Moving vehicle or mobile-equipment kinetic energy,"An occupant or pedestrian was in the collision, rollover, or run-over path","Traffic separation, spotting, restraint, stability, or vehicle control failed","Credible fatal collision, rollover, ejection, or crush trauma",The uncontrolled vehicle interaction supports a credible fatal or life-altering consequence.,SIF_LABELING_GUIDE_V0_1
OSHA-SIR-2025087666,SIF_POTENTIAL,0.95,Moving vehicle or mobile-equipment kinetic energy,"An occupant or pedestrian was in the collision, rollover, or run-over path","Traffic separation, spotting, restraint, stability, or vehicle control failed","Credible fatal collision, rollover, ejection, or crush trauma",The uncontrolled vehicle interaction supports a credible fatal or life-altering consequence.,SIF_LABELING_GUIDE_V0_1
OSHA-SIR-2024109364,SIF_POTENTIAL,0.95,Moving vehicle or mobile-equipment kinetic energy,"An occupant or pedestrian was in the collision, rollover, or run-over path","Traffic separation, spotting, restraint, stability, or vehicle control failed","Credible fatal collision, rollover, ejection, or crush trauma",The uncontrolled vehicle interaction supports a credible fatal or life-altering consequence.,SIF_LABELING_GUIDE_V0_1
OSHA-SIR-2025055136,SIF_POTENTIAL,0.95,Moving vehicle or mobile-equipment kinetic energy,"An occupant or pedestrian was in the collision, rollover, or run-over path","Traffic separation, spotting, restraint, stability, or vehicle control failed","Credible fatal collision, rollover, ejection, or crush trauma",The uncontrolled vehicle interaction supports a credible fatal or life-altering consequence.,SIF_LABELING_GUIDE_V0_1
OSHA-SIR-2024054584,SIF_POTENTIAL,0.95,Moving vehicle or mobile-equipment kinetic energy,"An occupant or pedestrian was in the collision, rollover, or run-over path","Traffic separation, spotting, restraint, stability, or vehicle control failed","Credible fatal collision, rollover, ejection, or crush trauma",The uncontrolled vehicle interaction supports a credible fatal or life-altering consequence.,SIF_LABELING_GUIDE_V0_1
OSHA-SIR-20231211376,SIF_POTENTIAL,0.95,"Suspended, lifted, or falling heavy load",Personnel were beneath or immediately beside the load path,"Load support, retention, rigging, or exclusion control failed",Credible fatal crushing or catastrophic head and body trauma,The uncontrolled load and occupied drop zone support a credible fatal or life-altering consequence.,SIF_LABELING_GUIDE_V0_1
OSHA-SIR-2025099342,NON_SIF_POTENTIAL,0.91,"Same-level or short-step slip, trip, or fall energy",Personnel lost footing without an additional high-energy exposure,Walking-surface or footing control failed,Musculoskeletal injury without supported fatal or life-altering potential,The described low-energy fall lacks an additional mechanism supporting credible fatal or life-altering potential.,SIF_LABELING_GUIDE_V0_1
OSHA-SIR-2025087910,NON_SIF_POTENTIAL,0.88,"Localized contact, impact, or manual-handling energy",Personnel contacted the immediate object or surface,"Local positioning, handling, or housekeeping control failed",Localized injury without a supported fatal or life-altering escalation,The localized contact mechanism does not support a credible fatal or life-altering potential consequence.,SIF_LABELING_GUIDE_V0_1
OSHA-SIR-20251010231,SIF_POTENTIAL,0.9,"Sharp, projected, or pressurized material at face level",The eyes and face were directly in the contact path,"Face protection, guarding, or separation was ineffective or absent",Credible permanent loss of vision or penetrating head injury,The direct eye and face exposure supports a credible life-altering permanent vision consequence.,SIF_LABELING_GUIDE_V0_1
OSHA-SIR-2024010118,SIF_POTENTIAL,0.96,"Stored pressure, tension, projectile, or hose-whip energy",Personnel were in the release or projectile line of fire,"Isolation, depressurization, restraint, or containment failed","Credible fatal impact, penetration, major amputation, or internal trauma",Uncontrolled stored energy exposed personnel to a credible fatal or life-altering release consequence.,SIF_LABELING_GUIDE_V0_1
OSHA-SIR-2025032361,SIF_POTENTIAL,0.96,"Stored pressure, tension, projectile, or hose-whip energy",Personnel were in the release or projectile line of fire,"Isolation, depressurization, restraint, or containment failed","Credible fatal impact, penetration, major amputation, or internal trauma",Uncontrolled stored energy exposed personnel to a credible fatal or life-altering release consequence.,SIF_LABELING_GUIDE_V0_1
OSHA-SIR-2024054394,NON_SIF_POTENTIAL,0.89,Localized hand or finger pinch and crush energy,A hand or finger entered the immediate pinch point,Hand placement or local separation control failed,Localized hand injury without a supported fatal or life-altering escalation,The narrative supports a localized low-energy pinch exposure without credible fatal or life-altering escalation.,SIF_LABELING_GUIDE_V0_1
OSHA-SIR-2024021191,SIF_POTENTIAL,0.96,"Stored pressure, tension, projectile, or hose-whip energy",Personnel were in the release or projectile line of fire,"Isolation, depressurization, restraint, or containment failed","Credible fatal impact, penetration, major amputation, or internal trauma",Uncontrolled stored energy exposed personnel to a credible fatal or life-altering release consequence.,SIF_LABELING_GUIDE_V0_1
OSHA-SIR-2024098993,SIF_POTENTIAL,0.96,"Stored pressure, tension, projectile, or hose-whip energy",Personnel were in the release or projectile line of fire,"Isolation, depressurization, restraint, or containment failed","Credible fatal impact, penetration, major amputation, or internal trauma",Uncontrolled stored energy exposed personnel to a credible fatal or life-altering release consequence.,SIF_LABELING_GUIDE_V0_1
OSHA-SIR-2024098429,NON_SIF_POTENTIAL,0.93,"Door, gate, or hinge pinch energy",A hand or finger entered the closing pinch point,Hand clearance from the closing path was not maintained,Localized hand injury without supported fatal or life-altering potential,The closing-door pinch is localized and lacks credible fatal or life-altering escalation.,SIF_LABELING_GUIDE_V0_1
OSHA-SIR-2024032434,NON_SIF_POTENTIAL,0.88,"Localized contact, impact, or manual-handling energy",Personnel contacted the immediate object or surface,"Local positioning, handling, or housekeeping control failed",Localized injury without a supported fatal or life-altering escalation,The localized contact mechanism does not support a credible fatal or life-altering potential consequence.,SIF_LABELING_GUIDE_V0_1
OSHA-SIR-2024021072,NON_SIF_POTENTIAL,0.88,"Localized contact, impact, or manual-handling energy",Personnel contacted the immediate object or surface,"Local positioning, handling, or housekeeping control failed",Localized injury without a supported fatal or life-altering escalation,The localized contact mechanism does not support a credible fatal or life-altering potential consequence.,SIF_LABELING_GUIDE_V0_1
OSHA-SIR-2024043641,SIF_POTENTIAL,0.95,"Suspended, lifted, or falling heavy load",Personnel were beneath or immediately beside the load path,"Load support, retention, rigging, or exclusion control failed",Credible fatal crushing or catastrophic head and body trauma,The uncontrolled load and occupied drop zone support a credible fatal or life-altering consequence.,SIF_LABELING_GUIDE_V0_1
OSHA-SIR-2024010267,SIF_POTENTIAL,0.95,"Suspended, lifted, or falling heavy load",Personnel were beneath or immediately beside the load path,"Load support, retention, rigging, or exclusion control failed",Credible fatal crushing or catastrophic head and body trauma,The uncontrolled load and occupied drop zone support a credible fatal or life-altering consequence.,SIF_LABELING_GUIDE_V0_1
OSHA-SIR-2024010850,NON_SIF_POTENTIAL,0.89,Localized hand or finger pinch and crush energy,A hand or finger entered the immediate pinch point,Hand placement or local separation control failed,Localized hand injury without a supported fatal or life-altering escalation,The narrative supports a localized low-energy pinch exposure without credible fatal or life-altering escalation.,SIF_LABELING_GUIDE_V0_1
OSHA-SIR-2024021688,SIF_POTENTIAL,0.95,"Suspended, lifted, or falling heavy load",Personnel were beneath or immediately beside the load path,"Load support, retention, rigging, or exclusion control failed",Credible fatal crushing or catastrophic head and body trauma,The uncontrolled load and occupied drop zone support a credible fatal or life-altering consequence.,SIF_LABELING_GUIDE_V0_1
OSHA-SIR-20241211220,SIF_POTENTIAL,0.95,"Suspended, lifted, or falling heavy load",Personnel were beneath or immediately beside the load path,"Load support, retention, rigging, or exclusion control failed",Credible fatal crushing or catastrophic head and body trauma,The uncontrolled load and occupied drop zone support a credible fatal or life-altering consequence.,SIF_LABELING_GUIDE_V0_1
OSHA-SIR-2024054149,NON_SIF_POTENTIAL,0.89,Localized hand or finger pinch and crush energy,A hand or finger entered the immediate pinch point,Hand placement or local separation control failed,Localized hand injury without a supported fatal or life-altering escalation,The narrative supports a localized low-energy pinch exposure without credible fatal or life-altering escalation.,SIF_LABELING_GUIDE_V0_1
OSHA-SIR-2024076231,NON_SIF_POTENTIAL,0.89,Localized hand or finger pinch and crush energy,A hand or finger entered the immediate pinch point,Hand placement or local separation control failed,Localized hand injury without a supported fatal or life-altering escalation,The narrative supports a localized low-energy pinch exposure without credible fatal or life-altering escalation.,SIF_LABELING_GUIDE_V0_1
OSHA-SIR-2024054524,NON_SIF_POTENTIAL,0.89,Localized hand or finger pinch and crush energy,A hand or finger entered the immediate pinch point,Hand placement or local separation control failed,Localized hand injury without a supported fatal or life-altering escalation,The narrative supports a localized low-energy pinch exposure without credible fatal or life-altering escalation.,SIF_LABELING_GUIDE_V0_1
OSHA-SIR-20241110530,NON_SIF_POTENTIAL,0.89,Localized hand or finger pinch and crush energy,A hand or finger entered the immediate pinch point,Hand placement or local separation control failed,Localized hand injury without a supported fatal or life-altering escalation,The narrative supports a localized low-energy pinch exposure without credible fatal or life-altering escalation.,SIF_LABELING_GUIDE_V0_1
OSHA-SIR-2024075952,SIF_POTENTIAL,0.93,"Heavy moving, shifting, rolling, or collapsing equipment",Personnel occupied the crush or line-of-fire zone,"Stability, exclusion-zone, or movement control failed",Credible fatal or life-altering crush trauma,A person was exposed to uncontrolled heavy movement with credible fatal or life-altering crush potential.,SIF_LABELING_GUIDE_V0_1
OSHA-SIR-2025021658,SIF_POTENTIAL,0.93,"Heavy moving, shifting, rolling, or collapsing equipment",Personnel occupied the crush or line-of-fire zone,"Stability, exclusion-zone, or movement control failed",Credible fatal or life-altering crush trauma,A person was exposed to uncontrolled heavy movement with credible fatal or life-altering crush potential.,SIF_LABELING_GUIDE_V0_1
OSHA-SIR-2024076544,NON_SIF_POTENTIAL,0.89,Localized hand or finger pinch and crush energy,A hand or finger entered the immediate pinch point,Hand placement or local separation control failed,Localized hand injury without a supported fatal or life-altering escalation,The narrative supports a localized low-energy pinch exposure without credible fatal or life-altering escalation.,SIF_LABELING_GUIDE_V0_1
OSHA-SIR-2024087451,NON_SIF_POTENTIAL,0.89,Localized hand or finger pinch and crush energy,A hand or finger entered the immediate pinch point,Hand placement or local separation control failed,Localized hand injury without a supported fatal or life-altering escalation,The narrative supports a localized low-energy pinch exposure without credible fatal or life-altering escalation.,SIF_LABELING_GUIDE_V0_1
OSHA-SIR-2024054144,UNCERTAIN,0.56,Equipment or object energy of unspecified magnitude,"Personnel contact is described, but the full exposure zone is unclear","Critical equipment, isolation, support, or guarding details are missing",Insufficient evidence to establish or exclude fatal or life-altering potential,The equipment mechanism and critical-control details are insufficient for a reliable SIF-potential judgment.,SIF_LABELING_GUIDE_V0_1
OSHA-SIR-2024032201,SIF_POTENTIAL,0.95,"Suspended, lifted, or falling heavy load",Personnel were beneath or immediately beside the load path,"Load support, retention, rigging, or exclusion control failed",Credible fatal crushing or catastrophic head and body trauma,The uncontrolled load and occupied drop zone support a credible fatal or life-altering consequence.,SIF_LABELING_GUIDE_V0_1
OSHA-SIR-2025077110,SIF_POTENTIAL,0.95,"Suspended, lifted, or falling heavy load",Personnel were beneath or immediately beside the load path,"Load support, retention, rigging, or exclusion control failed",Credible fatal crushing or catastrophic head and body trauma,The uncontrolled load and occupied drop zone support a credible fatal or life-altering consequence.,SIF_LABELING_GUIDE_V0_1
OSHA-SIR-2025032244,SIF_POTENTIAL,0.96,"Stored pressure, tension, projectile, or hose-whip energy",Personnel were in the release or projectile line of fire,"Isolation, depressurization, restraint, or containment failed","Credible fatal impact, penetration, major amputation, or internal trauma",Uncontrolled stored energy exposed personnel to a credible fatal or life-altering release consequence.,SIF_LABELING_GUIDE_V0_1
OSHA-SIR-2024087108,SIF_POTENTIAL,0.96,"Stored pressure, tension, projectile, or hose-whip energy",Personnel were in the release or projectile line of fire,"Isolation, depressurization, restraint, or containment failed","Credible fatal impact, penetration, major amputation, or internal trauma",Uncontrolled stored energy exposed personnel to a credible fatal or life-altering release consequence.,SIF_LABELING_GUIDE_V0_1
OSHA-SIR-2024064969,SIF_POTENTIAL,0.96,"Stored pressure, tension, projectile, or hose-whip energy",Personnel were in the release or projectile line of fire,"Isolation, depressurization, restraint, or containment failed","Credible fatal impact, penetration, major amputation, or internal trauma",Uncontrolled stored energy exposed personnel to a credible fatal or life-altering release consequence.,SIF_LABELING_GUIDE_V0_1
OSHA-SIR-2024065079,SIF_POTENTIAL,0.96,"Stored pressure, tension, projectile, or hose-whip energy",Personnel were in the release or projectile line of fire,"Isolation, depressurization, restraint, or containment failed","Credible fatal impact, penetration, major amputation, or internal trauma",Uncontrolled stored energy exposed personnel to a credible fatal or life-altering release consequence.,SIF_LABELING_GUIDE_V0_1
OSHA-SIR-2025032146,SIF_POTENTIAL,0.95,"Suspended, lifted, or falling heavy load",Personnel were beneath or immediately beside the load path,"Load support, retention, rigging, or exclusion control failed",Credible fatal crushing or catastrophic head and body trauma,The uncontrolled load and occupied drop zone support a credible fatal or life-altering consequence.,SIF_LABELING_GUIDE_V0_1
OSHA-SIR-2024032595,SIF_POTENTIAL,0.95,Moving vehicle or mobile-equipment kinetic energy,"An occupant or pedestrian was in the collision, rollover, or run-over path","Traffic separation, spotting, restraint, stability, or vehicle control failed","Credible fatal collision, rollover, ejection, or crush trauma",The uncontrolled vehicle interaction supports a credible fatal or life-altering consequence.,SIF_LABELING_GUIDE_V0_1
OSHA-SIR-2024109712,NON_SIF_POTENTIAL,0.89,Localized hand or finger pinch and crush energy,A hand or finger entered the immediate pinch point,Hand placement or local separation control failed,Localized hand injury without a supported fatal or life-altering escalation,The narrative supports a localized low-energy pinch exposure without credible fatal or life-altering escalation.,SIF_LABELING_GUIDE_V0_1
OSHA-SIR-2024053824,SIF_POTENTIAL,0.93,"Heavy moving, shifting, rolling, or collapsing equipment",Personnel occupied the crush or line-of-fire zone,"Stability, exclusion-zone, or movement control failed",Credible fatal or life-altering crush trauma,A person was exposed to uncontrolled heavy movement with credible fatal or life-altering crush potential.,SIF_LABELING_GUIDE_V0_1
OSHA-SIR-2024021680,SIF_POTENTIAL,0.94,Moving or rotating machinery and entanglement energy,"Personnel were within an in-running, pull-in, or entanglement zone","Isolation, guarding, or separation from moving parts failed","Credible fatal crushing, pull-in trauma, or life-altering amputation",Personnel exposure to uncontrolled moving machinery supports a credible fatal or life-altering entanglement consequence.,SIF_LABELING_GUIDE_V0_1
OSHA-SIR-2024054535,UNCERTAIN,0.56,Equipment or object energy of unspecified magnitude,"Personnel contact is described, but the full exposure zone is unclear","Critical equipment, isolation, support, or guarding details are missing",Insufficient evidence to establish or exclude fatal or life-altering potential,The equipment mechanism and critical-control details are insufficient for a reliable SIF-potential judgment.,SIF_LABELING_GUIDE_V0_1
OSHA-SIR-2024043650,SIF_POTENTIAL,0.94,Moving or rotating machinery and entanglement energy,"Personnel were within an in-running, pull-in, or entanglement zone","Isolation, guarding, or separation from moving parts failed","Credible fatal crushing, pull-in trauma, or life-altering amputation",Personnel exposure to uncontrolled moving machinery supports a credible fatal or life-altering entanglement consequence.,SIF_LABELING_GUIDE_V0_1
OSHA-SIR-2025099684,SIF_POTENTIAL,0.94,Moving or rotating machinery and entanglement energy,"Personnel were within an in-running, pull-in, or entanglement zone","Isolation, guarding, or separation from moving parts failed","Credible fatal crushing, pull-in trauma, or life-altering amputation",Personnel exposure to uncontrolled moving machinery supports a credible fatal or life-altering entanglement consequence.,SIF_LABELING_GUIDE_V0_1
OSHA-SIR-2025054962,SIF_POTENTIAL,0.94,Moving or rotating machinery and entanglement energy,"Personnel were within an in-running, pull-in, or entanglement zone","Isolation, guarding, or separation from moving parts failed","Credible fatal crushing, pull-in trauma, or life-altering amputation",Personnel exposure to uncontrolled moving machinery supports a credible fatal or life-altering entanglement consequence.,SIF_LABELING_GUIDE_V0_1
OSHA-SIR-2024054385,SIF_POTENTIAL,0.93,"Heavy moving, shifting, rolling, or collapsing equipment",Personnel occupied the crush or line-of-fire zone,"Stability, exclusion-zone, or movement control failed",Credible fatal or life-altering crush trauma,A person was exposed to uncontrolled heavy movement with credible fatal or life-altering crush potential.,SIF_LABELING_GUIDE_V0_1
OSHA-SIR-2025088501,NON_SIF_POTENTIAL,0.89,Localized hand or finger pinch and crush energy,A hand or finger entered the immediate pinch point,Hand placement or local separation control failed,Localized hand injury without a supported fatal or life-altering escalation,The narrative supports a localized low-energy pinch exposure without credible fatal or life-altering escalation.,SIF_LABELING_GUIDE_V0_1
OSHA-SIR-2024076651,SIF_POTENTIAL,0.93,"Heavy moving, shifting, rolling, or collapsing equipment",Personnel occupied the crush or line-of-fire zone,"Stability, exclusion-zone, or movement control failed",Credible fatal or life-altering crush trauma,A person was exposed to uncontrolled heavy movement with credible fatal or life-altering crush potential.,SIF_LABELING_GUIDE_V0_1
OSHA-SIR-2025021657,SIF_POTENTIAL,0.94,Moving or rotating machinery and entanglement energy,"Personnel were within an in-running, pull-in, or entanglement zone","Isolation, guarding, or separation from moving parts failed","Credible fatal crushing, pull-in trauma, or life-altering amputation",Personnel exposure to uncontrolled moving machinery supports a credible fatal or life-altering entanglement consequence.,SIF_LABELING_GUIDE_V0_1
OSHA-SIR-2024021480,UNCERTAIN,0.56,Equipment or object energy of unspecified magnitude,"Personnel contact is described, but the full exposure zone is unclear","Critical equipment, isolation, support, or guarding details are missing",Insufficient evidence to establish or exclude fatal or life-altering potential,The equipment mechanism and critical-control details are insufficient for a reliable SIF-potential judgment.,SIF_LABELING_GUIDE_V0_1
OSHA-SIR-2025010579,SIF_POTENTIAL,0.94,Moving or rotating machinery and entanglement energy,"Personnel were within an in-running, pull-in, or entanglement zone","Isolation, guarding, or separation from moving parts failed","Credible fatal crushing, pull-in trauma, or life-altering amputation",Personnel exposure to uncontrolled moving machinery supports a credible fatal or life-altering entanglement consequence.,SIF_LABELING_GUIDE_V0_1
OSHA-SIR-20241211244,SIF_POTENTIAL,0.93,"Heavy moving, shifting, rolling, or collapsing equipment",Personnel occupied the crush or line-of-fire zone,"Stability, exclusion-zone, or movement control failed",Credible fatal or life-altering crush trauma,A person was exposed to uncontrolled heavy movement with credible fatal or life-altering crush potential.,SIF_LABELING_GUIDE_V0_1
OSHA-SIR-2024021495,SIF_POTENTIAL,0.94,Moving or rotating machinery and entanglement energy,"Personnel were within an in-running, pull-in, or entanglement zone","Isolation, guarding, or separation from moving parts failed","Credible fatal crushing, pull-in trauma, or life-altering amputation",Personnel exposure to uncontrolled moving machinery supports a credible fatal or life-altering entanglement consequence.,SIF_LABELING_GUIDE_V0_1
OSHA-SIR-2024098909,SIF_POTENTIAL,0.95,"Suspended, lifted, or falling heavy load",Personnel were beneath or immediately beside the load path,"Load support, retention, rigging, or exclusion control failed",Credible fatal crushing or catastrophic head and body trauma,The uncontrolled load and occupied drop zone support a credible fatal or life-altering consequence.,SIF_LABELING_GUIDE_V0_1
OSHA-SIR-2024043057,SIF_POTENTIAL,0.95,"Suspended, lifted, or falling heavy load",Personnel were beneath or immediately beside the load path,"Load support, retention, rigging, or exclusion control failed",Credible fatal crushing or catastrophic head and body trauma,The uncontrolled load and occupied drop zone support a credible fatal or life-altering consequence.,SIF_LABELING_GUIDE_V0_1
OSHA-SIR-2024065056,SIF_POTENTIAL,0.95,"Suspended, lifted, or falling heavy load",Personnel were beneath or immediately beside the load path,"Load support, retention, rigging, or exclusion control failed",Credible fatal crushing or catastrophic head and body trauma,The uncontrolled load and occupied drop zone support a credible fatal or life-altering consequence.,SIF_LABELING_GUIDE_V0_1
OSHA-SIR-2024109910,NON_SIF_POTENTIAL,0.95,Manual exertion or awkward body movement,Personnel were exposed to localized musculoskeletal strain,Ergonomic or manual-handling control was ineffective,Musculoskeletal injury without supported fatal or life-altering potential,The exertion mechanism supports musculoskeletal injury but not a credible fatal or life-altering consequence.,SIF_LABELING_GUIDE_V0_1
OSHA-SIR-2024010927,SIF_POTENTIAL,0.97,"Fire, explosion, or ignitable hydrocarbon energy","Personnel were within the flame, heat, or blast zone","Fuel containment, isolation, ignition control, or verification failed","Credible fatal burns, blast trauma, or smoke inhalation",The described fire or explosion exposure supports a credible fatal or life-altering consequence.,SIF_LABELING_GUIDE_V0_1
OSHA-SIR-2025065306,SIF_POTENTIAL,0.97,Multiple interacting high-energy hazards,"Personnel occupied the combined fall, crush, fire, or line-of-fire zone","Critical stability, isolation, retention, or fall-protection controls failed",Credible fatal or life-altering multisystem trauma,The interacting high-energy hazards and barrier failures support a credible fatal or life-altering consequence.,SIF_LABELING_GUIDE_V0_1
OSHA-SIR-2025077257,SIF_POTENTIAL,0.97,"Fire, explosion, or ignitable hydrocarbon energy","Personnel were within the flame, heat, or blast zone","Fuel containment, isolation, ignition control, or verification failed","Credible fatal burns, blast trauma, or smoke inhalation",The described fire or explosion exposure supports a credible fatal or life-altering consequence.,SIF_LABELING_GUIDE_V0_1
OSHA-SIR-2024043748,SIF_POTENTIAL,0.86,"Venomous, anaphylactic, or high-force animal exposure","Personnel were bitten, stung, or struck by the animal","Detection, avoidance, exclusion, or emergency control was ineffective","Credible fatal envenomation, anaphylaxis, or life-altering trauma",The described animal exposure supports a credible fatal or life-altering consequence.,SIF_LABELING_GUIDE_V0_1
OSHA-SIR-2024109922,SIF_POTENTIAL,0.93,"Extreme-temperature fluid, steam, or material",Personnel were in the direct thermal release or contact zone,"Isolation, depressurization, containment, or thermal protection failed",Credible fatal or life-altering burns and systemic injury,Direct exposure to uncontrolled extreme-temperature material supports credible fatal or life-altering burns.,SIF_LABELING_GUIDE_V0_1
OSHA-SIR-20241211420,NON_SIF_POTENTIAL,0.91,"Same-level or short-step slip, trip, or fall energy",Personnel lost footing without an additional high-energy exposure,Walking-surface or footing control failed,Musculoskeletal injury without supported fatal or life-altering potential,The described low-energy fall lacks an additional mechanism supporting credible fatal or life-altering potential.,SIF_LABELING_GUIDE_V0_1
OSHA-SIR-2016042900,SIF_POTENTIAL,0.86,"Venomous, anaphylactic, or high-force animal exposure","Personnel were bitten, stung, or struck by the animal","Detection, avoidance, exclusion, or emergency control was ineffective","Credible fatal envenomation, anaphylaxis, or life-altering trauma",The described animal exposure supports a credible fatal or life-altering consequence.,SIF_LABELING_GUIDE_V0_1
OSHA-SIR-2016010940,NON_SIF_POTENTIAL,0.95,Manual exertion or awkward body movement,Personnel were exposed to localized musculoskeletal strain,Ergonomic or manual-handling control was ineffective,Musculoskeletal injury without supported fatal or life-altering potential,The exertion mechanism supports musculoskeletal injury but not a credible fatal or life-altering consequence.,SIF_LABELING_GUIDE_V0_1
OSHA-SIR-2017065761,UNCERTAIN,0.55,Biological bite or sting,"A bite or sting occurred, but agent severity is not established","Relevant detection, avoidance, or protection details are not described",Insufficient evidence to establish or exclude fatal or life-altering toxicity,"The narrative lacks species, toxicity, and control detail needed for a reliable SIF-potential judgment.",SIF_LABELING_GUIDE_V0_1
OSHA-SIR-20181111301,NON_SIF_POTENTIAL,0.91,"Same-level or short-step slip, trip, or fall energy",Personnel lost footing without an additional high-energy exposure,Walking-surface or footing control failed,Musculoskeletal injury without supported fatal or life-altering potential,The described low-energy fall lacks an additional mechanism supporting credible fatal or life-altering potential.,SIF_LABELING_GUIDE_V0_1
OSHA-SIR-2018010036,SIF_POTENTIAL,0.95,Moving vehicle or mobile-equipment kinetic energy,"An occupant or pedestrian was in the collision, rollover, or run-over path","Traffic separation, spotting, restraint, stability, or vehicle control failed","Credible fatal collision, rollover, ejection, or crush trauma",The uncontrolled vehicle interaction supports a credible fatal or life-altering consequence.,SIF_LABELING_GUIDE_V0_1
OSHA-SIR-2016021145,SIF_POTENTIAL,0.95,Moving vehicle or mobile-equipment kinetic energy,"An occupant or pedestrian was in the collision, rollover, or run-over path","Traffic separation, spotting, restraint, stability, or vehicle control failed","Credible fatal collision, rollover, ejection, or crush trauma",The uncontrolled vehicle interaction supports a credible fatal or life-altering consequence.,SIF_LABELING_GUIDE_V0_1
OSHA-SIR-2015020234,SIF_POTENTIAL,0.96,"Stored pressure, tension, projectile, or hose-whip energy",Personnel were in the release or projectile line of fire,"Isolation, depressurization, restraint, or containment failed","Credible fatal impact, penetration, major amputation, or internal trauma",Uncontrolled stored energy exposed personnel to a credible fatal or life-altering release consequence.,SIF_LABELING_GUIDE_V0_1
OSHA-SIR-2016075939,SIF_POTENTIAL,0.97,Multiple interacting high-energy hazards,"Personnel occupied the combined fall, crush, fire, or line-of-fire zone","Critical stability, isolation, retention, or fall-protection controls failed",Credible fatal or life-altering multisystem trauma,The interacting high-energy hazards and barrier failures support a credible fatal or life-altering consequence.,SIF_LABELING_GUIDE_V0_1
OSHA-SIR-2015010093,UNCERTAIN,0.56,Equipment or object energy of unspecified magnitude,"Personnel contact is described, but the full exposure zone is unclear","Critical equipment, isolation, support, or guarding details are missing",Insufficient evidence to establish or exclude fatal or life-altering potential,The equipment mechanism and critical-control details are insufficient for a reliable SIF-potential judgment.,SIF_LABELING_GUIDE_V0_1
OSHA-SIR-20171010313,SIF_POTENTIAL,0.93,"Heavy moving, shifting, rolling, or collapsing equipment",Personnel occupied the crush or line-of-fire zone,"Stability, exclusion-zone, or movement control failed",Credible fatal or life-altering crush trauma,A person was exposed to uncontrolled heavy movement with credible fatal or life-altering crush potential.,SIF_LABELING_GUIDE_V0_1
OSHA-SIR-2015020796,SIF_POTENTIAL,0.93,"Heavy moving, shifting, rolling, or collapsing equipment",Personnel occupied the crush or line-of-fire zone,"Stability, exclusion-zone, or movement control failed",Credible fatal or life-altering crush trauma,A person was exposed to uncontrolled heavy movement with credible fatal or life-altering crush potential.,SIF_LABELING_GUIDE_V0_1
OSHA-SIR-2017076668,SIF_POTENTIAL,0.93,"Heavy moving, shifting, rolling, or collapsing equipment",Personnel occupied the crush or line-of-fire zone,"Stability, exclusion-zone, or movement control failed",Credible fatal or life-altering crush trauma,A person was exposed to uncontrolled heavy movement with credible fatal or life-altering crush potential.,SIF_LABELING_GUIDE_V0_1
OSHA-SIR-2015020655,UNCERTAIN,0.56,Equipment or object energy of unspecified magnitude,"Personnel contact is described, but the full exposure zone is unclear","Critical equipment, isolation, support, or guarding details are missing",Insufficient evidence to establish or exclude fatal or life-altering potential,The equipment mechanism and critical-control details are insufficient for a reliable SIF-potential judgment.,SIF_LABELING_GUIDE_V0_1
OSHA-SIR-2015010296,SIF_POTENTIAL,0.94,Moving or rotating machinery and entanglement energy,"Personnel were within an in-running, pull-in, or entanglement zone","Isolation, guarding, or separation from moving parts failed","Credible fatal crushing, pull-in trauma, or life-altering amputation",Personnel exposure to uncontrolled moving machinery supports a credible fatal or life-altering entanglement consequence.,SIF_LABELING_GUIDE_V0_1
OSHA-SIR-2015010325,SIF_POTENTIAL,0.94,Moving or rotating machinery and entanglement energy,"Personnel were within an in-running, pull-in, or entanglement zone","Isolation, guarding, or separation from moving parts failed","Credible fatal crushing, pull-in trauma, or life-altering amputation",Personnel exposure to uncontrolled moving machinery supports a credible fatal or life-altering entanglement consequence.,SIF_LABELING_GUIDE_V0_1
OSHA-SIR-2015052903,SIF_POTENTIAL,0.94,Moving or rotating machinery and entanglement energy,"Personnel were within an in-running, pull-in, or entanglement zone","Isolation, guarding, or separation from moving parts failed","Credible fatal crushing, pull-in trauma, or life-altering amputation",Personnel exposure to uncontrolled moving machinery supports a credible fatal or life-altering entanglement consequence.,SIF_LABELING_GUIDE_V0_1
OSHA-SIR-2021021240,SIF_POTENTIAL,0.94,Moving or rotating machinery and entanglement energy,"Personnel were within an in-running, pull-in, or entanglement zone","Isolation, guarding, or separation from moving parts failed","Credible fatal crushing, pull-in trauma, or life-altering amputation",Personnel exposure to uncontrolled moving machinery supports a credible fatal or life-altering entanglement consequence.,SIF_LABELING_GUIDE_V0_1
OSHA-SIR-2015010448,SIF_POTENTIAL,0.94,Moving or rotating machinery and entanglement energy,"Personnel were within an in-running, pull-in, or entanglement zone","Isolation, guarding, or separation from moving parts failed","Credible fatal crushing, pull-in trauma, or life-altering amputation",Personnel exposure to uncontrolled moving machinery supports a credible fatal or life-altering entanglement consequence.,SIF_LABELING_GUIDE_V0_1
OSHA-SIR-20171110941,SIF_POTENTIAL,0.94,Moving or rotating machinery and entanglement energy,"Personnel were within an in-running, pull-in, or entanglement zone","Isolation, guarding, or separation from moving parts failed","Credible fatal crushing, pull-in trauma, or life-altering amputation",Personnel exposure to uncontrolled moving machinery supports a credible fatal or life-altering entanglement consequence.,SIF_LABELING_GUIDE_V0_1
OSHA-SIR-2015010736,SIF_POTENTIAL,0.94,Moving or rotating machinery and entanglement energy,"Personnel were within an in-running, pull-in, or entanglement zone","Isolation, guarding, or separation from moving parts failed","Credible fatal crushing, pull-in trauma, or life-altering amputation",Personnel exposure to uncontrolled moving machinery supports a credible fatal or life-altering entanglement consequence.,SIF_LABELING_GUIDE_V0_1
OSHA-SIR-2016065162,SIF_POTENTIAL,0.93,"Heavy moving, shifting, rolling, or collapsing equipment",Personnel occupied the crush or line-of-fire zone,"Stability, exclusion-zone, or movement control failed",Credible fatal or life-altering crush trauma,A person was exposed to uncontrolled heavy movement with credible fatal or life-altering crush potential.,SIF_LABELING_GUIDE_V0_1
OSHA-SIR-2015030400,SIF_POTENTIAL,0.94,Moving or rotating machinery and entanglement energy,"Personnel were within an in-running, pull-in, or entanglement zone","Isolation, guarding, or separation from moving parts failed","Credible fatal crushing, pull-in trauma, or life-altering amputation",Personnel exposure to uncontrolled moving machinery supports a credible fatal or life-altering entanglement consequence.,SIF_LABELING_GUIDE_V0_1
OSHA-SIR-2015074326,SIF_POTENTIAL,0.93,"Heavy moving, shifting, rolling, or collapsing equipment",Personnel occupied the crush or line-of-fire zone,"Stability, exclusion-zone, or movement control failed",Credible fatal or life-altering crush trauma,A person was exposed to uncontrolled heavy movement with credible fatal or life-altering crush potential.,SIF_LABELING_GUIDE_V0_1
OSHA-SIR-2019065577,SIF_POTENTIAL,0.93,"Heavy moving, shifting, rolling, or collapsing equipment",Personnel occupied the crush or line-of-fire zone,"Stability, exclusion-zone, or movement control failed",Credible fatal or life-altering crush trauma,A person was exposed to uncontrolled heavy movement with credible fatal or life-altering crush potential.,SIF_LABELING_GUIDE_V0_1
OSHA-SIR-2015064026,SIF_POTENTIAL,0.94,Moving or rotating machinery and entanglement energy,"Personnel were within an in-running, pull-in, or entanglement zone","Isolation, guarding, or separation from moving parts failed","Credible fatal crushing, pull-in trauma, or life-altering amputation",Personnel exposure to uncontrolled moving machinery supports a credible fatal or life-altering entanglement consequence.,SIF_LABELING_GUIDE_V0_1
OSHA-SIR-2017010049,SIF_POTENTIAL,0.93,"Heavy moving, shifting, rolling, or collapsing equipment",Personnel occupied the crush or line-of-fire zone,"Stability, exclusion-zone, or movement control failed",Credible fatal or life-altering crush trauma,A person was exposed to uncontrolled heavy movement with credible fatal or life-altering crush potential.,SIF_LABELING_GUIDE_V0_1
OSHA-SIR-2018077788,SIF_POTENTIAL,0.94,Moving or rotating machinery and entanglement energy,"Personnel were within an in-running, pull-in, or entanglement zone","Isolation, guarding, or separation from moving parts failed","Credible fatal crushing, pull-in trauma, or life-altering amputation",Personnel exposure to uncontrolled moving machinery supports a credible fatal or life-altering entanglement consequence.,SIF_LABELING_GUIDE_V0_1
OSHA-SIR-2015031198,SIF_POTENTIAL,0.94,Moving or rotating machinery and entanglement energy,"Personnel were within an in-running, pull-in, or entanglement zone","Isolation, guarding, or separation from moving parts failed","Credible fatal crushing, pull-in trauma, or life-altering amputation",Personnel exposure to uncontrolled moving machinery supports a credible fatal or life-altering entanglement consequence.,SIF_LABELING_GUIDE_V0_1
OSHA-SIR-2015031231,NON_SIF_POTENTIAL,0.89,Localized hand or finger pinch and crush energy,A hand or finger entered the immediate pinch point,Hand placement or local separation control failed,Localized hand injury without a supported fatal or life-altering escalation,The narrative supports a localized low-energy pinch exposure without credible fatal or life-altering escalation.,SIF_LABELING_GUIDE_V0_1
OSHA-SIR-2016076722,SIF_POTENTIAL,0.93,"Heavy moving, shifting, rolling, or collapsing equipment",Personnel occupied the crush or line-of-fire zone,"Stability, exclusion-zone, or movement control failed",Credible fatal or life-altering crush trauma,A person was exposed to uncontrolled heavy movement with credible fatal or life-altering crush potential.,SIF_LABELING_GUIDE_V0_1
OSHA-SIR-2015030594,SIF_POTENTIAL,0.94,Moving or rotating machinery and entanglement energy,"Personnel were within an in-running, pull-in, or entanglement zone","Isolation, guarding, or separation from moving parts failed","Credible fatal crushing, pull-in trauma, or life-altering amputation",Personnel exposure to uncontrolled moving machinery supports a credible fatal or life-altering entanglement consequence.,SIF_LABELING_GUIDE_V0_1
OSHA-SIR-2018088265,SIF_POTENTIAL,0.94,Moving or rotating machinery and entanglement energy,"Personnel were within an in-running, pull-in, or entanglement zone","Isolation, guarding, or separation from moving parts failed","Credible fatal crushing, pull-in trauma, or life-altering amputation",Personnel exposure to uncontrolled moving machinery supports a credible fatal or life-altering entanglement consequence.,SIF_LABELING_GUIDE_V0_1
OSHA-SIR-20171110662,NON_SIF_POTENTIAL,0.91,"Same-level or short-step slip, trip, or fall energy",Personnel lost footing without an additional high-energy exposure,Walking-surface or footing control failed,Musculoskeletal injury without supported fatal or life-altering potential,The described low-energy fall lacks an additional mechanism supporting credible fatal or life-altering potential.,SIF_LABELING_GUIDE_V0_1
OSHA-SIR-2022064891,SIF_POTENTIAL,0.95,Moving vehicle or mobile-equipment kinetic energy,"An occupant or pedestrian was in the collision, rollover, or run-over path","Traffic separation, spotting, restraint, stability, or vehicle control failed","Credible fatal collision, rollover, ejection, or crush trauma",The uncontrolled vehicle interaction supports a credible fatal or life-altering consequence.,SIF_LABELING_GUIDE_V0_1
OSHA-SIR-2017099315,SIF_POTENTIAL,0.95,Moving vehicle or mobile-equipment kinetic energy,"An occupant or pedestrian was in the collision, rollover, or run-over path","Traffic separation, spotting, restraint, stability, or vehicle control failed","Credible fatal collision, rollover, ejection, or crush trauma",The uncontrolled vehicle interaction supports a credible fatal or life-altering consequence.,SIF_LABELING_GUIDE_V0_1
OSHA-SIR-2015010074,NON_SIF_POTENTIAL,0.89,Localized hand or finger pinch and crush energy,A hand or finger entered the immediate pinch point,Hand placement or local separation control failed,Localized hand injury without a supported fatal or life-altering escalation,The narrative supports a localized low-energy pinch exposure without credible fatal or life-altering escalation.,SIF_LABELING_GUIDE_V0_1
OSHA-SIR-2015096726,SIF_POTENTIAL,0.95,"Suspended, lifted, or falling heavy load",Personnel were beneath or immediately beside the load path,"Load support, retention, rigging, or exclusion control failed",Credible fatal crushing or catastrophic head and body trauma,The uncontrolled load and occupied drop zone support a credible fatal or life-altering consequence.,SIF_LABELING_GUIDE_V0_1
OSHA-SIR-2015010676,SIF_POTENTIAL,0.95,"Suspended, lifted, or falling heavy load",Personnel were beneath or immediately beside the load path,"Load support, retention, rigging, or exclusion control failed",Credible fatal crushing or catastrophic head and body trauma,The uncontrolled load and occupied drop zone support a credible fatal or life-altering consequence.,SIF_LABELING_GUIDE_V0_1
OSHA-SIR-2015010726,SIF_POTENTIAL,0.94,Moving or rotating machinery and entanglement energy,"Personnel were within an in-running, pull-in, or entanglement zone","Isolation, guarding, or separation from moving parts failed","Credible fatal crushing, pull-in trauma, or life-altering amputation",Personnel exposure to uncontrolled moving machinery supports a credible fatal or life-altering entanglement consequence.,SIF_LABELING_GUIDE_V0_1
OSHA-SIR-2015041924,SIF_POTENTIAL,0.95,"Suspended, lifted, or falling heavy load",Personnel were beneath or immediately beside the load path,"Load support, retention, rigging, or exclusion control failed",Credible fatal crushing or catastrophic head and body trauma,The uncontrolled load and occupied drop zone support a credible fatal or life-altering consequence.,SIF_LABELING_GUIDE_V0_1
OSHA-SIR-20161211967,SIF_POTENTIAL,0.95,"Suspended, lifted, or falling heavy load",Personnel were beneath or immediately beside the load path,"Load support, retention, rigging, or exclusion control failed",Credible fatal crushing or catastrophic head and body trauma,The uncontrolled load and occupied drop zone support a credible fatal or life-altering consequence.,SIF_LABELING_GUIDE_V0_1
OSHA-SIR-20201211546,SIF_POTENTIAL,0.97,"Fire, explosion, or ignitable hydrocarbon energy","Personnel were within the flame, heat, or blast zone","Fuel containment, isolation, ignition control, or verification failed","Credible fatal burns, blast trauma, or smoke inhalation",The described fire or explosion exposure supports a credible fatal or life-altering consequence.,SIF_LABELING_GUIDE_V0_1
OSHA-SIR-2015063519,SIF_POTENTIAL,0.93,"Extreme-temperature fluid, steam, or material",Personnel were in the direct thermal release or contact zone,"Isolation, depressurization, containment, or thermal protection failed",Credible fatal or life-altering burns and systemic injury,Direct exposure to uncontrolled extreme-temperature material supports credible fatal or life-altering burns.,SIF_LABELING_GUIDE_V0_1
OSHA-SIR-2018088899,SIF_POTENTIAL,0.93,"Extreme-temperature fluid, steam, or material",Personnel were in the direct thermal release or contact zone,"Isolation, depressurization, containment, or thermal protection failed",Credible fatal or life-altering burns and systemic injury,Direct exposure to uncontrolled extreme-temperature material supports credible fatal or life-altering burns.,SIF_LABELING_GUIDE_V0_1
OSHA-SIR-2021020944,NON_SIF_POTENTIAL,0.89,Localized hand or finger pinch and crush energy,A hand or finger entered the immediate pinch point,Hand placement or local separation control failed,Localized hand injury without a supported fatal or life-altering escalation,The narrative supports a localized low-energy pinch exposure without credible fatal or life-altering escalation.,SIF_LABELING_GUIDE_V0_1
OSHA-SIR-2017054463,NON_SIF_POTENTIAL,0.88,"Localized contact, impact, or manual-handling energy",Personnel contacted the immediate object or surface,"Local positioning, handling, or housekeeping control failed",Localized injury without a supported fatal or life-altering escalation,The localized contact mechanism does not support a credible fatal or life-altering potential consequence.,SIF_LABELING_GUIDE_V0_1
OSHA-SIR-2015010261,UNCERTAIN,0.56,Equipment or object energy of unspecified magnitude,"Personnel contact is described, but the full exposure zone is unclear","Critical equipment, isolation, support, or guarding details are missing",Insufficient evidence to establish or exclude fatal or life-altering potential,The equipment mechanism and critical-control details are insufficient for a reliable SIF-potential judgment.,SIF_LABELING_GUIDE_V0_1
OSHA-SIR-2015042100,SIF_POTENTIAL,0.96,"Stored pressure, tension, projectile, or hose-whip energy",Personnel were in the release or projectile line of fire,"Isolation, depressurization, restraint, or containment failed","Credible fatal impact, penetration, major amputation, or internal trauma",Uncontrolled stored energy exposed personnel to a credible fatal or life-altering release consequence.,SIF_LABELING_GUIDE_V0_1
OSHA-SIR-2015020682,UNCERTAIN,0.56,Equipment or object energy of unspecified magnitude,"Personnel contact is described, but the full exposure zone is unclear","Critical equipment, isolation, support, or guarding details are missing",Insufficient evidence to establish or exclude fatal or life-altering potential,The equipment mechanism and critical-control details are insufficient for a reliable SIF-potential judgment.,SIF_LABELING_GUIDE_V0_1
OSHA-SIR-2023086969,SIF_POTENTIAL,0.97,"Fire, explosion, or ignitable hydrocarbon energy","Personnel were within the flame, heat, or blast zone","Fuel containment, isolation, ignition control, or verification failed","Credible fatal burns, blast trauma, or smoke inhalation",The described fire or explosion exposure supports a credible fatal or life-altering consequence.,SIF_LABELING_GUIDE_V0_1
OSHA-SIR-2015063815,SIF_POTENTIAL,0.98,"Energized electrical equipment, arc flash, or overhead power line",Personnel or conductive equipment entered the electrical hazard zone,"De-energization, approach-distance, grounding, or arc-flash control failed","Credible electrocution, fatal arc burns, or life-altering injury",Personnel exposure to uncontrolled electrical energy supports a credible fatal or life-altering consequence.,SIF_LABELING_GUIDE_V0_1
OSHA-SIR-2015021269,SIF_POTENTIAL,0.98,"Energized electrical equipment, arc flash, or overhead power line",Personnel or conductive equipment entered the electrical hazard zone,"De-energization, approach-distance, grounding, or arc-flash control failed","Credible electrocution, fatal arc burns, or life-altering injury",Personnel exposure to uncontrolled electrical energy supports a credible fatal or life-altering consequence.,SIF_LABELING_GUIDE_V0_1
OSHA-SIR-2015118789,SIF_POTENTIAL,0.98,"Energized electrical equipment, arc flash, or overhead power line",Personnel or conductive equipment entered the electrical hazard zone,"De-energization, approach-distance, grounding, or arc-flash control failed","Credible electrocution, fatal arc burns, or life-altering injury",Personnel exposure to uncontrolled electrical energy supports a credible fatal or life-altering consequence.,SIF_LABELING_GUIDE_V0_1
OSHA-SIR-2018033109,SIF_POTENTIAL,0.98,"Excavation collapse, engulfment, or burial energy",Personnel were inside or at the edge of the collapse zone,"Shoring, sloping, stability, or exclusion control failed","Credible fatal engulfment, asphyxiation, or crush trauma",Personnel exposure to excavation collapse or engulfment supports a credible fatal consequence.,SIF_LABELING_GUIDE_V0_1
OSHA-SIR-2015020050,SIF_POTENTIAL,0.94,Moving or rotating machinery and entanglement energy,"Personnel were within an in-running, pull-in, or entanglement zone","Isolation, guarding, or separation from moving parts failed","Credible fatal crushing, pull-in trauma, or life-altering amputation",Personnel exposure to uncontrolled moving machinery supports a credible fatal or life-altering entanglement consequence.,SIF_LABELING_GUIDE_V0_1
OSHA-SIR-2019032433,SIF_POTENTIAL,0.94,Moving or rotating machinery and entanglement energy,"Personnel were within an in-running, pull-in, or entanglement zone","Isolation, guarding, or separation from moving parts failed","Credible fatal crushing, pull-in trauma, or life-altering amputation",Personnel exposure to uncontrolled moving machinery supports a credible fatal or life-altering entanglement consequence.,SIF_LABELING_GUIDE_V0_1
OSHA-SIR-2015060215,SIF_POTENTIAL,0.94,Moving or rotating machinery and entanglement energy,"Personnel were within an in-running, pull-in, or entanglement zone","Isolation, guarding, or separation from moving parts failed","Credible fatal crushing, pull-in trauma, or life-altering amputation",Personnel exposure to uncontrolled moving machinery supports a credible fatal or life-altering entanglement consequence.,SIF_LABELING_GUIDE_V0_1
OSHA-SIR-2015063352,SIF_POTENTIAL,0.94,Moving or rotating machinery and entanglement energy,"Personnel were within an in-running, pull-in, or entanglement zone","Isolation, guarding, or separation from moving parts failed","Credible fatal crushing, pull-in trauma, or life-altering amputation",Personnel exposure to uncontrolled moving machinery supports a credible fatal or life-altering entanglement consequence.,SIF_LABELING_GUIDE_V0_1
OSHA-SIR-2017021205,SIF_POTENTIAL,0.98,"Excavation collapse, engulfment, or burial energy",Personnel were inside or at the edge of the collapse zone,"Shoring, sloping, stability, or exclusion control failed","Credible fatal engulfment, asphyxiation, or crush trauma",Personnel exposure to excavation collapse or engulfment supports a credible fatal consequence.,SIF_LABELING_GUIDE_V0_1
OSHA-SIR-2017010858,SIF_POTENTIAL,0.97,"Fire, explosion, or ignitable hydrocarbon energy","Personnel were within the flame, heat, or blast zone","Fuel containment, isolation, ignition control, or verification failed","Credible fatal burns, blast trauma, or smoke inhalation",The described fire or explosion exposure supports a credible fatal or life-altering consequence.,SIF_LABELING_GUIDE_V0_1
OSHA-SIR-2015031586,SIF_POTENTIAL,0.96,"Stored pressure, tension, projectile, or hose-whip energy",Personnel were in the release or projectile line of fire,"Isolation, depressurization, restraint, or containment failed","Credible fatal impact, penetration, major amputation, or internal trauma",Uncontrolled stored energy exposed personnel to a credible fatal or life-altering release consequence.,SIF_LABELING_GUIDE_V0_1
OSHA-SIR-20161011139,SIF_POTENTIAL,0.96,"Stored pressure, tension, projectile, or hose-whip energy",Personnel were in the release or projectile line of fire,"Isolation, depressurization, restraint, or containment failed","Credible fatal impact, penetration, major amputation, or internal trauma",Uncontrolled stored energy exposed personnel to a credible fatal or life-altering release consequence.,SIF_LABELING_GUIDE_V0_1
OSHA-SIR-2015074999,SIF_POTENTIAL,0.97,"Fire, explosion, or ignitable hydrocarbon energy","Personnel were within the flame, heat, or blast zone","Fuel containment, isolation, ignition control, or verification failed","Credible fatal burns, blast trauma, or smoke inhalation",The described fire or explosion exposure supports a credible fatal or life-altering consequence.,SIF_LABELING_GUIDE_V0_1
OSHA-SIR-2023087375,SIF_POTENTIAL,0.97,"Fire, explosion, or ignitable hydrocarbon energy","Personnel were within the flame, heat, or blast zone","Fuel containment, isolation, ignition control, or verification failed","Credible fatal burns, blast trauma, or smoke inhalation",The described fire or explosion exposure supports a credible fatal or life-altering consequence.,SIF_LABELING_GUIDE_V0_1
OSHA-SIR-2020032242,SIF_POTENTIAL,0.97,"Fire, explosion, or ignitable hydrocarbon energy","Personnel were within the flame, heat, or blast zone","Fuel containment, isolation, ignition control, or verification failed","Credible fatal burns, blast trauma, or smoke inhalation",The described fire or explosion exposure supports a credible fatal or life-altering consequence.,SIF_LABELING_GUIDE_V0_1
OSHA-SIR-2016021347,SIF_POTENTIAL,0.97,"Fire, explosion, or ignitable hydrocarbon energy","Personnel were within the flame, heat, or blast zone","Fuel containment, isolation, ignition control, or verification failed","Credible fatal burns, blast trauma, or smoke inhalation",The described fire or explosion exposure supports a credible fatal or life-altering consequence.,SIF_LABELING_GUIDE_V0_1
OSHA-SIR-2023031900,SIF_POTENTIAL,0.97,"Fire, explosion, or ignitable hydrocarbon energy","Personnel were within the flame, heat, or blast zone","Fuel containment, isolation, ignition control, or verification failed","Credible fatal burns, blast trauma, or smoke inhalation",The described fire or explosion exposure supports a credible fatal or life-altering consequence.,SIF_LABELING_GUIDE_V0_1
OSHA-SIR-2019021646,SIF_POTENTIAL,0.97,"Fire, explosion, or ignitable hydrocarbon energy","Personnel were within the flame, heat, or blast zone","Fuel containment, isolation, ignition control, or verification failed","Credible fatal burns, blast trauma, or smoke inhalation",The described fire or explosion exposure supports a credible fatal or life-altering consequence.,SIF_LABELING_GUIDE_V0_1
OSHA-SIR-2020054632,SIF_POTENTIAL,0.97,Multiple interacting high-energy hazards,"Personnel occupied the combined fall, crush, fire, or line-of-fire zone","Critical stability, isolation, retention, or fall-protection controls failed",Credible fatal or life-altering multisystem trauma,The interacting high-energy hazards and barrier failures support a credible fatal or life-altering consequence.,SIF_LABELING_GUIDE_V0_1
OSHA-SIR-2021053922,SIF_POTENTIAL,0.97,"Fire, explosion, or ignitable hydrocarbon energy","Personnel were within the flame, heat, or blast zone","Fuel containment, isolation, ignition control, or verification failed","Credible fatal burns, blast trauma, or smoke inhalation",The described fire or explosion exposure supports a credible fatal or life-altering consequence.,SIF_LABELING_GUIDE_V0_1
OSHA-SIR-2015031349,NON_SIF_POTENTIAL,0.88,"Localized contact, impact, or manual-handling energy",Personnel contacted the immediate object or surface,"Local positioning, handling, or housekeeping control failed",Localized injury without a supported fatal or life-altering escalation,The localized contact mechanism does not support a credible fatal or life-altering potential consequence.,SIF_LABELING_GUIDE_V0_1
OSHA-SIR-2019054516,SIF_POTENTIAL,0.9,"Sharp, projected, or pressurized material at face level",The eyes and face were directly in the contact path,"Face protection, guarding, or separation was ineffective or absent",Credible permanent loss of vision or penetrating head injury,The direct eye and face exposure supports a credible life-altering permanent vision consequence.,SIF_LABELING_GUIDE_V0_1
OSHA-SIR-2019076859,UNCERTAIN,0.54,Chemical or inhalation exposure of unspecified identity or dose,Personnel exposure is reported without adequate concentration or route detail,"Containment, ventilation, and protective-control details are not described",Insufficient evidence to establish or exclude fatal or life-altering toxicity,"The substance, dose, and control evidence are insufficient for a reliable SIF-potential judgment.",SIF_LABELING_GUIDE_V0_1
OSHA-SIR-2015064039,UNCERTAIN,0.56,Environmental temperature exposure,Personnel symptoms are reported without adequate exposure-condition detail,"Monitoring, work-rest, clothing, or shelter controls are not described",Insufficient evidence to establish or exclude fatal or life-altering temperature injury,The environmental conditions and control evidence are insufficient for a reliable SIF-potential judgment.,SIF_LABELING_GUIDE_V0_1
OSHA-SIR-2015063562,SIF_POTENTIAL,0.84,Environmental heat stress,Personnel experienced heat exposure during field work,"Heat monitoring, work-rest, hydration, or acclimatization control was ineffective",Credible fatal heat stroke or life-altering organ injury,The documented heat-stress exposure could credibly progress to fatal heat illness.,SIF_LABELING_GUIDE_V0_1
OSHA-SIR-2016010021,UNCERTAIN,0.54,Chemical or inhalation exposure of unspecified identity or dose,Personnel exposure is reported without adequate concentration or route detail,"Containment, ventilation, and protective-control details are not described",Insufficient evidence to establish or exclude fatal or life-altering toxicity,"The substance, dose, and control evidence are insufficient for a reliable SIF-potential judgment.",SIF_LABELING_GUIDE_V0_1
OSHA-SIR-2015010056,SIF_POTENTIAL,0.93,"Extreme-temperature fluid, steam, or material",Personnel were in the direct thermal release or contact zone,"Isolation, depressurization, containment, or thermal protection failed",Credible fatal or life-altering burns and systemic injury,Direct exposure to uncontrolled extreme-temperature material supports credible fatal or life-altering burns.,SIF_LABELING_GUIDE_V0_1
OSHA-SIR-2015030112,UNCERTAIN,0.52,Hazardous mechanism is not adequately described,An outcome is reported without a clear credible exposure path,Critical barrier or control information is absent,Insufficient evidence to establish or exclude fatal or life-altering potential,"The narrative reports an outcome but lacks the hazard, exposure, and barrier facts needed for classification.",SIF_LABELING_GUIDE_V0_1
OSHA-SIR-2021053666,SIF_POTENTIAL,0.95,"Toxic, corrosive, or oxygen-displacing substance",Personnel inhaled or directly contacted the released substance,"Containment, isolation, ventilation, or respiratory protection failed","Credible fatal poisoning, asphyxiation, or life-altering chemical injury",The hazardous substance exposure supports a credible fatal or life-altering toxic consequence.,SIF_LABELING_GUIDE_V0_1
OSHA-SIR-2018032549,SIF_POTENTIAL,0.96,Elevated work or an unprotected lower-level fall,Personnel were exposed to a significant fall path,"Platform integrity, edge protection, access, or fall-arrest control failed","Credible fatal head, spinal, or multisystem trauma",The significant fall exposure and failed protective barrier support credible fatal or life-altering potential.,SIF_LABELING_GUIDE_V0_1
OSHA-SIR-2019099922,SIF_POTENTIAL,0.96,Elevated work or an unprotected lower-level fall,Personnel were exposed to a significant fall path,"Platform integrity, edge protection, access, or fall-arrest control failed","Credible fatal head, spinal, or multisystem trauma",The significant fall exposure and failed protective barrier support credible fatal or life-altering potential.,SIF_LABELING_GUIDE_V0_1
OSHA-SIR-2016043383,SIF_POTENTIAL,0.96,Elevated work or an unprotected lower-level fall,Personnel were exposed to a significant fall path,"Platform integrity, edge protection, access, or fall-arrest control failed","Credible fatal head, spinal, or multisystem trauma",The significant fall exposure and failed protective barrier support credible fatal or life-altering potential.,SIF_LABELING_GUIDE_V0_1
OSHA-SIR-2019043879,SIF_POTENTIAL,0.96,Elevated work or an unprotected lower-level fall,Personnel were exposed to a significant fall path,"Platform integrity, edge protection, access, or fall-arrest control failed","Credible fatal head, spinal, or multisystem trauma",The significant fall exposure and failed protective barrier support credible fatal or life-altering potential.,SIF_LABELING_GUIDE_V0_1
OSHA-SIR-2015053314,SIF_POTENTIAL,0.96,Elevated work or an unprotected lower-level fall,Personnel were exposed to a significant fall path,"Platform integrity, edge protection, access, or fall-arrest control failed","Credible fatal head, spinal, or multisystem trauma",The significant fall exposure and failed protective barrier support credible fatal or life-altering potential.,SIF_LABELING_GUIDE_V0_1
OSHA-SIR-20171110629,UNCERTAIN,0.55,Potential lower-level fall or opening of unspecified depth,"Personnel were near the fall hazard, but the credible fall path is unclear","Height, edge protection, or fall-protection details are missing",Insufficient evidence to establish or exclude fatal or life-altering fall trauma,The fall height and protective-barrier evidence are insufficient for a reliable SIF-potential judgment.,SIF_LABELING_GUIDE_V0_1
OSHA-SIR-2019099329,SIF_POTENTIAL,0.93,"Heavy moving, shifting, rolling, or collapsing equipment",Personnel occupied the crush or line-of-fire zone,"Stability, exclusion-zone, or movement control failed",Credible fatal or life-altering crush trauma,A person was exposed to uncontrolled heavy movement with credible fatal or life-altering crush potential.,SIF_LABELING_GUIDE_V0_1
OSHA-SIR-2016088097,NON_SIF_POTENTIAL,0.89,Localized hand or finger pinch and crush energy,A hand or finger entered the immediate pinch point,Hand placement or local separation control failed,Localized hand injury without a supported fatal or life-altering escalation,The narrative supports a localized low-energy pinch exposure without credible fatal or life-altering escalation.,SIF_LABELING_GUIDE_V0_1
OSHA-SIR-2020032012,SIF_POTENTIAL,0.95,"Suspended, lifted, or falling heavy load",Personnel were beneath or immediately beside the load path,"Load support, retention, rigging, or exclusion control failed",Credible fatal crushing or catastrophic head and body trauma,The uncontrolled load and occupied drop zone support a credible fatal or life-altering consequence.,SIF_LABELING_GUIDE_V0_1
OSHA-SIR-2015020055,SIF_POTENTIAL,0.93,"Heavy moving, shifting, rolling, or collapsing equipment",Personnel occupied the crush or line-of-fire zone,"Stability, exclusion-zone, or movement control failed",Credible fatal or life-altering crush trauma,A person was exposed to uncontrolled heavy movement with credible fatal or life-altering crush potential.,SIF_LABELING_GUIDE_V0_1
OSHA-SIR-2015031384,SIF_POTENTIAL,0.93,"Heavy moving, shifting, rolling, or collapsing equipment",Personnel occupied the crush or line-of-fire zone,"Stability, exclusion-zone, or movement control failed",Credible fatal or life-altering crush trauma,A person was exposed to uncontrolled heavy movement with credible fatal or life-altering crush potential.,SIF_LABELING_GUIDE_V0_1
OSHA-SIR-2015118254,NON_SIF_POTENTIAL,0.91,"Same-level or short-step slip, trip, or fall energy",Personnel lost footing without an additional high-energy exposure,Walking-surface or footing control failed,Musculoskeletal injury without supported fatal or life-altering potential,The described low-energy fall lacks an additional mechanism supporting credible fatal or life-altering potential.,SIF_LABELING_GUIDE_V0_1
OSHA-SIR-2022032767,NON_SIF_POTENTIAL,0.91,"Same-level or short-step slip, trip, or fall energy",Personnel lost footing without an additional high-energy exposure,Walking-surface or footing control failed,Musculoskeletal injury without supported fatal or life-altering potential,The described low-energy fall lacks an additional mechanism supporting credible fatal or life-altering potential.,SIF_LABELING_GUIDE_V0_1
OSHA-SIR-2016032350,NON_SIF_POTENTIAL,0.91,"Same-level or short-step slip, trip, or fall energy",Personnel lost footing without an additional high-energy exposure,Walking-surface or footing control failed,Musculoskeletal injury without supported fatal or life-altering potential,The described low-energy fall lacks an additional mechanism supporting credible fatal or life-altering potential.,SIF_LABELING_GUIDE_V0_1
OSHA-SIR-2015107866,NON_SIF_POTENTIAL,0.91,"Same-level or short-step slip, trip, or fall energy",Personnel lost footing without an additional high-energy exposure,Walking-surface or footing control failed,Musculoskeletal injury without supported fatal or life-altering potential,The described low-energy fall lacks an additional mechanism supporting credible fatal or life-altering potential.,SIF_LABELING_GUIDE_V0_1
OSHA-SIR-2016109793,SIF_POTENTIAL,0.84,Sharp protrusion or penetrating object,The head or torso entered the penetration path,"Guarding, housekeeping, or separation from the sharp object failed",Credible fatal penetration or life-altering internal injury,The exposed sharp object and body contact path support a credible fatal or life-altering penetration consequence.,SIF_LABELING_GUIDE_V0_1
OSHA-SIR-2015010271,SIF_POTENTIAL,0.84,Sharp protrusion or penetrating object,The head or torso entered the penetration path,"Guarding, housekeeping, or separation from the sharp object failed",Credible fatal penetration or life-altering internal injury,The exposed sharp object and body contact path support a credible fatal or life-altering penetration consequence.,SIF_LABELING_GUIDE_V0_1
OSHA-SIR-2015021361,SIF_POTENTIAL,0.93,"Extreme-temperature fluid, steam, or material",Personnel were in the direct thermal release or contact zone,"Isolation, depressurization, containment, or thermal protection failed",Credible fatal or life-altering burns and systemic injury,Direct exposure to uncontrolled extreme-temperature material supports credible fatal or life-altering burns.,SIF_LABELING_GUIDE_V0_1
OSHA-SIR-2018010419,SIF_POTENTIAL,0.95,"Suspended, lifted, or falling heavy load",Personnel were beneath or immediately beside the load path,"Load support, retention, rigging, or exclusion control failed",Credible fatal crushing or catastrophic head and body trauma,The uncontrolled load and occupied drop zone support a credible fatal or life-altering consequence.,SIF_LABELING_GUIDE_V0_1
OSHA-SIR-2015010181,NON_SIF_POTENTIAL,0.91,"Same-level or short-step slip, trip, or fall energy",Personnel lost footing without an additional high-energy exposure,Walking-surface or footing control failed,Musculoskeletal injury without supported fatal or life-altering potential,The described low-energy fall lacks an additional mechanism supporting credible fatal or life-altering potential.,SIF_LABELING_GUIDE_V0_1
OSHA-SIR-2021054085,SIF_POTENTIAL,0.84,Sharp protrusion or penetrating object,The head or torso entered the penetration path,"Guarding, housekeeping, or separation from the sharp object failed",Credible fatal penetration or life-altering internal injury,The exposed sharp object and body contact path support a credible fatal or life-altering penetration consequence.,SIF_LABELING_GUIDE_V0_1
OSHA-SIR-2015010401,NON_SIF_POTENTIAL,0.91,"Same-level or short-step slip, trip, or fall energy",Personnel lost footing without an additional high-energy exposure,Walking-surface or footing control failed,Musculoskeletal injury without supported fatal or life-altering potential,The described low-energy fall lacks an additional mechanism supporting credible fatal or life-altering potential.,SIF_LABELING_GUIDE_V0_1
OSHA-SIR-2015107725,SIF_POTENTIAL,0.95,"Suspended, lifted, or falling heavy load",Personnel were beneath or immediately beside the load path,"Load support, retention, rigging, or exclusion control failed",Credible fatal crushing or catastrophic head and body trauma,The uncontrolled load and occupied drop zone support a credible fatal or life-altering consequence.,SIF_LABELING_GUIDE_V0_1
OSHA-SIR-20161211930,NON_SIF_POTENTIAL,0.89,Localized hand or finger pinch and crush energy,A hand or finger entered the immediate pinch point,Hand placement or local separation control failed,Localized hand injury without a supported fatal or life-altering escalation,The narrative supports a localized low-energy pinch exposure without credible fatal or life-altering escalation.,SIF_LABELING_GUIDE_V0_1
OSHA-SIR-2016099138,NON_SIF_POTENTIAL,0.91,"Same-level or short-step slip, trip, or fall energy",Personnel lost footing without an additional high-energy exposure,Walking-surface or footing control failed,Musculoskeletal injury without supported fatal or life-altering potential,The described low-energy fall lacks an additional mechanism supporting credible fatal or life-altering potential.,SIF_LABELING_GUIDE_V0_1
OSHA-SIR-2022021797,SIF_POTENTIAL,0.96,"Stored pressure, tension, projectile, or hose-whip energy",Personnel were in the release or projectile line of fire,"Isolation, depressurization, restraint, or containment failed","Credible fatal impact, penetration, major amputation, or internal trauma",Uncontrolled stored energy exposed personnel to a credible fatal or life-altering release consequence.,SIF_LABELING_GUIDE_V0_1
OSHA-SIR-2018055135,SIF_POTENTIAL,0.84,Sharp protrusion or penetrating object,The head or torso entered the penetration path,"Guarding, housekeeping, or separation from the sharp object failed",Credible fatal penetration or life-altering internal injury,The exposed sharp object and body contact path support a credible fatal or life-altering penetration consequence.,SIF_LABELING_GUIDE_V0_1
OSHA-SIR-2020032237,SIF_POTENTIAL,0.94,Moving or rotating machinery and entanglement energy,"Personnel were within an in-running, pull-in, or entanglement zone","Isolation, guarding, or separation from moving parts failed","Credible fatal crushing, pull-in trauma, or life-altering amputation",Personnel exposure to uncontrolled moving machinery supports a credible fatal or life-altering entanglement consequence.,SIF_LABELING_GUIDE_V0_1
OSHA-SIR-2015129881,SIF_POTENTIAL,0.97,Multiple interacting high-energy hazards,"Personnel occupied the combined fall, crush, fire, or line-of-fire zone","Critical stability, isolation, retention, or fall-protection controls failed",Credible fatal or life-altering multisystem trauma,The interacting high-energy hazards and barrier failures support a credible fatal or life-altering consequence.,SIF_LABELING_GUIDE_V0_1
OSHA-SIR-2015010253,SIF_POTENTIAL,0.97,Multiple interacting high-energy hazards,"Personnel occupied the combined fall, crush, fire, or line-of-fire zone","Critical stability, isolation, retention, or fall-protection controls failed",Credible fatal or life-altering multisystem trauma,The interacting high-energy hazards and barrier failures support a credible fatal or life-altering consequence.,SIF_LABELING_GUIDE_V0_1
OSHA-SIR-2019066062,SIF_POTENTIAL,0.95,Moving vehicle or mobile-equipment kinetic energy,"An occupant or pedestrian was in the collision, rollover, or run-over path","Traffic separation, spotting, restraint, stability, or vehicle control failed","Credible fatal collision, rollover, ejection, or crush trauma",The uncontrolled vehicle interaction supports a credible fatal or life-altering consequence.,SIF_LABELING_GUIDE_V0_1
OSHA-SIR-2015118834,SIF_POTENTIAL,0.95,Moving vehicle or mobile-equipment kinetic energy,"An occupant or pedestrian was in the collision, rollover, or run-over path","Traffic separation, spotting, restraint, stability, or vehicle control failed","Credible fatal collision, rollover, ejection, or crush trauma",The uncontrolled vehicle interaction supports a credible fatal or life-altering consequence.,SIF_LABELING_GUIDE_V0_1
OSHA-SIR-2015010700,SIF_POTENTIAL,0.96,Elevated work or an unprotected lower-level fall,Personnel were exposed to a significant fall path,"Platform integrity, edge protection, access, or fall-arrest control failed","Credible fatal head, spinal, or multisystem trauma",The significant fall exposure and failed protective barrier support credible fatal or life-altering potential.,SIF_LABELING_GUIDE_V0_1
OSHA-SIR-2016109353,SIF_POTENTIAL,0.96,Elevated work or an unprotected lower-level fall,Personnel were exposed to a significant fall path,"Platform integrity, edge protection, access, or fall-arrest control failed","Credible fatal head, spinal, or multisystem trauma",The significant fall exposure and failed protective barrier support credible fatal or life-altering potential.,SIF_LABELING_GUIDE_V0_1
OSHA-SIR-2022065392,SIF_POTENTIAL,0.96,Elevated work or an unprotected lower-level fall,Personnel were exposed to a significant fall path,"Platform integrity, edge protection, access, or fall-arrest control failed","Credible fatal head, spinal, or multisystem trauma",The significant fall exposure and failed protective barrier support credible fatal or life-altering potential.,SIF_LABELING_GUIDE_V0_1
OSHA-SIR-2022043040,SIF_POTENTIAL,0.96,Elevated work or an unprotected lower-level fall,Personnel were exposed to a significant fall path,"Platform integrity, edge protection, access, or fall-arrest control failed","Credible fatal head, spinal, or multisystem trauma",The significant fall exposure and failed protective barrier support credible fatal or life-altering potential.,SIF_LABELING_GUIDE_V0_1
OSHA-SIR-20191111947,SIF_POTENTIAL,0.96,Elevated work or an unprotected lower-level fall,Personnel were exposed to a significant fall path,"Platform integrity, edge protection, access, or fall-arrest control failed","Credible fatal head, spinal, or multisystem trauma",The significant fall exposure and failed protective barrier support credible fatal or life-altering potential.,SIF_LABELING_GUIDE_V0_1
OSHA-SIR-2016054654,SIF_POTENTIAL,0.96,Elevated work or an unprotected lower-level fall,Personnel were exposed to a significant fall path,"Platform integrity, edge protection, access, or fall-arrest control failed","Credible fatal head, spinal, or multisystem trauma",The significant fall exposure and failed protective barrier support credible fatal or life-altering potential.,SIF_LABELING_GUIDE_V0_1
OSHA-SIR-2021020886,SIF_POTENTIAL,0.93,"Extreme-temperature fluid, steam, or material",Personnel were in the direct thermal release or contact zone,"Isolation, depressurization, containment, or thermal protection failed",Credible fatal or life-altering burns and systemic injury,Direct exposure to uncontrolled extreme-temperature material supports credible fatal or life-altering burns.,SIF_LABELING_GUIDE_V0_1
OSHA-SIR-2020010577,SIF_POTENTIAL,0.96,Elevated work or an unprotected lower-level fall,Personnel were exposed to a significant fall path,"Platform integrity, edge protection, access, or fall-arrest control failed","Credible fatal head, spinal, or multisystem trauma",The significant fall exposure and failed protective barrier support credible fatal or life-altering potential.,SIF_LABELING_GUIDE_V0_1
OSHA-SIR-2015063813,SIF_POTENTIAL,0.96,Elevated work or an unprotected lower-level fall,Personnel were exposed to a significant fall path,"Platform integrity, edge protection, access, or fall-arrest control failed","Credible fatal head, spinal, or multisystem trauma",The significant fall exposure and failed protective barrier support credible fatal or life-altering potential.,SIF_LABELING_GUIDE_V0_1
OSHA-SIR-2016098830,UNCERTAIN,0.55,Potential lower-level fall or opening of unspecified depth,"Personnel were near the fall hazard, but the credible fall path is unclear","Height, edge protection, or fall-protection details are missing",Insufficient evidence to establish or exclude fatal or life-altering fall trauma,The fall height and protective-barrier evidence are insufficient for a reliable SIF-potential judgment.,SIF_LABELING_GUIDE_V0_1
OSHA-SIR-2015010140,SIF_POTENTIAL,0.95,Moving vehicle or mobile-equipment kinetic energy,"An occupant or pedestrian was in the collision, rollover, or run-over path","Traffic separation, spotting, restraint, stability, or vehicle control failed","Credible fatal collision, rollover, ejection, or crush trauma",The uncontrolled vehicle interaction supports a credible fatal or life-altering consequence.,SIF_LABELING_GUIDE_V0_1
OSHA-SIR-2015129168,NON_SIF_POTENTIAL,0.91,"Same-level or short-step slip, trip, or fall energy",Personnel lost footing without an additional high-energy exposure,Walking-surface or footing control failed,Musculoskeletal injury without supported fatal or life-altering potential,The described low-energy fall lacks an additional mechanism supporting credible fatal or life-altering potential.,SIF_LABELING_GUIDE_V0_1
OSHA-SIR-2017065650,SIF_POTENTIAL,0.93,"Heavy moving, shifting, rolling, or collapsing equipment",Personnel occupied the crush or line-of-fire zone,"Stability, exclusion-zone, or movement control failed",Credible fatal or life-altering crush trauma,A person was exposed to uncontrolled heavy movement with credible fatal or life-altering crush potential.,SIF_LABELING_GUIDE_V0_1
OSHA-SIR-2015010363,NON_SIF_POTENTIAL,0.91,"Same-level or short-step slip, trip, or fall energy",Personnel lost footing without an additional high-energy exposure,Walking-surface or footing control failed,Musculoskeletal injury without supported fatal or life-altering potential,The described low-energy fall lacks an additional mechanism supporting credible fatal or life-altering potential.,SIF_LABELING_GUIDE_V0_1
OSHA-SIR-2017109605,NON_SIF_POTENTIAL,0.89,Localized hand or finger pinch and crush energy,A hand or finger entered the immediate pinch point,Hand placement or local separation control failed,Localized hand injury without a supported fatal or life-altering escalation,The narrative supports a localized low-energy pinch exposure without credible fatal or life-altering escalation.,SIF_LABELING_GUIDE_V0_1
OSHA-SIR-2016065427,SIF_POTENTIAL,0.97,"Fire, explosion, or ignitable hydrocarbon energy","Personnel were within the flame, heat, or blast zone","Fuel containment, isolation, ignition control, or verification failed","Credible fatal burns, blast trauma, or smoke inhalation",The described fire or explosion exposure supports a credible fatal or life-altering consequence.,SIF_LABELING_GUIDE_V0_1
OSHA-SIR-2016010251,SIF_POTENTIAL,0.97,"Fire, explosion, or ignitable hydrocarbon energy","Personnel were within the flame, heat, or blast zone","Fuel containment, isolation, ignition control, or verification failed","Credible fatal burns, blast trauma, or smoke inhalation",The described fire or explosion exposure supports a credible fatal or life-altering consequence.,SIF_LABELING_GUIDE_V0_1
OSHA-SIR-2017087880,SIF_POTENTIAL,0.97,"Fire, explosion, or ignitable hydrocarbon energy","Personnel were within the flame, heat, or blast zone","Fuel containment, isolation, ignition control, or verification failed","Credible fatal burns, blast trauma, or smoke inhalation",The described fire or explosion exposure supports a credible fatal or life-altering consequence.,SIF_LABELING_GUIDE_V0_1
OSHA-SIR-2023021122,SIF_POTENTIAL,0.97,"Fire, explosion, or ignitable hydrocarbon energy","Personnel were within the flame, heat, or blast zone","Fuel containment, isolation, ignition control, or verification failed","Credible fatal burns, blast trauma, or smoke inhalation",The described fire or explosion exposure supports a credible fatal or life-altering consequence.,SIF_LABELING_GUIDE_V0_1
OSHA-SIR-2016055851,SIF_POTENTIAL,0.97,Multiple interacting high-energy hazards,"Personnel occupied the combined fall, crush, fire, or line-of-fire zone","Critical stability, isolation, retention, or fall-protection controls failed",Credible fatal or life-altering multisystem trauma,The interacting high-energy hazards and barrier failures support a credible fatal or life-altering consequence.,SIF_LABELING_GUIDE_V0_1
OSHA-SIR-2021086483,SIF_POTENTIAL,0.86,"Venomous, anaphylactic, or high-force animal exposure","Personnel were bitten, stung, or struck by the animal","Detection, avoidance, exclusion, or emergency control was ineffective","Credible fatal envenomation, anaphylaxis, or life-altering trauma",The described animal exposure supports a credible fatal or life-altering consequence.,SIF_LABELING_GUIDE_V0_1
OSHA-SIR-2018032417,NON_SIF_POTENTIAL,0.88,"Localized contact, impact, or manual-handling energy",Personnel contacted the immediate object or surface,"Local positioning, handling, or housekeeping control failed",Localized injury without a supported fatal or life-altering escalation,The localized contact mechanism does not support a credible fatal or life-altering potential consequence.,SIF_LABELING_GUIDE_V0_1
OSHA-SIR-2018010452,SIF_POTENTIAL,0.97,"Fire, explosion, or ignitable hydrocarbon energy","Personnel were within the flame, heat, or blast zone","Fuel containment, isolation, ignition control, or verification failed","Credible fatal burns, blast trauma, or smoke inhalation",The described fire or explosion exposure supports a credible fatal or life-altering consequence.,SIF_LABELING_GUIDE_V0_1
OSHA-SIR-2015096851,SIF_POTENTIAL,0.97,"Fire, explosion, or ignitable hydrocarbon energy","Personnel were within the flame, heat, or blast zone","Fuel containment, isolation, ignition control, or verification failed","Credible fatal burns, blast trauma, or smoke inhalation",The described fire or explosion exposure supports a credible fatal or life-altering consequence.,SIF_LABELING_GUIDE_V0_1
OSHA-SIR-2015010417,SIF_POTENTIAL,0.97,"Fire, explosion, or ignitable hydrocarbon energy","Personnel were within the flame, heat, or blast zone","Fuel containment, isolation, ignition control, or verification failed","Credible fatal burns, blast trauma, or smoke inhalation",The described fire or explosion exposure supports a credible fatal or life-altering consequence.,SIF_LABELING_GUIDE_V0_1
OSHA-SIR-2015041925,SIF_POTENTIAL,0.97,"Fire, explosion, or ignitable hydrocarbon energy","Personnel were within the flame, heat, or blast zone","Fuel containment, isolation, ignition control, or verification failed","Credible fatal burns, blast trauma, or smoke inhalation",The described fire or explosion exposure supports a credible fatal or life-altering consequence.,SIF_LABELING_GUIDE_V0_1
OSHA-SIR-2015010541,SIF_POTENTIAL,0.97,"Fire, explosion, or ignitable hydrocarbon energy","Personnel were within the flame, heat, or blast zone","Fuel containment, isolation, ignition control, or verification failed","Credible fatal burns, blast trauma, or smoke inhalation",The described fire or explosion exposure supports a credible fatal or life-altering consequence.,SIF_LABELING_GUIDE_V0_1
OSHA-SIR-2017010688,SIF_POTENTIAL,0.97,"Fire, explosion, or ignitable hydrocarbon energy","Personnel were within the flame, heat, or blast zone","Fuel containment, isolation, ignition control, or verification failed","Credible fatal burns, blast trauma, or smoke inhalation",The described fire or explosion exposure supports a credible fatal or life-altering consequence.,SIF_LABELING_GUIDE_V0_1
OSHA-SIR-2021021798,SIF_POTENTIAL,0.97,"Fire, explosion, or ignitable hydrocarbon energy","Personnel were within the flame, heat, or blast zone","Fuel containment, isolation, ignition control, or verification failed","Credible fatal burns, blast trauma, or smoke inhalation",The described fire or explosion exposure supports a credible fatal or life-altering consequence.,SIF_LABELING_GUIDE_V0_1
OSHA-SIR-2015108004,SIF_POTENTIAL,0.98,"Energized electrical equipment, arc flash, or overhead power line",Personnel or conductive equipment entered the electrical hazard zone,"De-energization, approach-distance, grounding, or arc-flash control failed","Credible electrocution, fatal arc burns, or life-altering injury",Personnel exposure to uncontrolled electrical energy supports a credible fatal or life-altering consequence.,SIF_LABELING_GUIDE_V0_1
OSHA-SIR-2017054249,SIF_POTENTIAL,0.98,"Energized electrical equipment, arc flash, or overhead power line",Personnel or conductive equipment entered the electrical hazard zone,"De-energization, approach-distance, grounding, or arc-flash control failed","Credible electrocution, fatal arc burns, or life-altering injury",Personnel exposure to uncontrolled electrical energy supports a credible fatal or life-altering consequence.,SIF_LABELING_GUIDE_V0_1
OSHA-SIR-2016021597,SIF_POTENTIAL,0.98,"Energized electrical equipment, arc flash, or overhead power line",Personnel or conductive equipment entered the electrical hazard zone,"De-energization, approach-distance, grounding, or arc-flash control failed","Credible electrocution, fatal arc burns, or life-altering injury",Personnel exposure to uncontrolled electrical energy supports a credible fatal or life-altering consequence.,SIF_LABELING_GUIDE_V0_1
OSHA-SIR-2021065283,SIF_POTENTIAL,0.98,"Energized electrical equipment, arc flash, or overhead power line",Personnel or conductive equipment entered the electrical hazard zone,"De-energization, approach-distance, grounding, or arc-flash control failed","Credible electrocution, fatal arc burns, or life-altering injury",Personnel exposure to uncontrolled electrical energy supports a credible fatal or life-altering consequence.,SIF_LABELING_GUIDE_V0_1
OSHA-SIR-2015010522,SIF_POTENTIAL,0.98,"Energized electrical equipment, arc flash, or overhead power line",Personnel or conductive equipment entered the electrical hazard zone,"De-energization, approach-distance, grounding, or arc-flash control failed","Credible electrocution, fatal arc burns, or life-altering injury",Personnel exposure to uncontrolled electrical energy supports a credible fatal or life-altering consequence.,SIF_LABELING_GUIDE_V0_1
OSHA-SIR-2018099765,SIF_POTENTIAL,0.98,"Energized electrical equipment, arc flash, or overhead power line",Personnel or conductive equipment entered the electrical hazard zone,"De-energization, approach-distance, grounding, or arc-flash control failed","Credible electrocution, fatal arc burns, or life-altering injury",Personnel exposure to uncontrolled electrical energy supports a credible fatal or life-altering consequence.,SIF_LABELING_GUIDE_V0_1
OSHA-SIR-2015041995,SIF_POTENTIAL,0.95,"Toxic, corrosive, or oxygen-displacing substance",Personnel inhaled or directly contacted the released substance,"Containment, isolation, ventilation, or respiratory protection failed","Credible fatal poisoning, asphyxiation, or life-altering chemical injury",The hazardous substance exposure supports a credible fatal or life-altering toxic consequence.,SIF_LABELING_GUIDE_V0_1
OSHA-SIR-2015107637,UNCERTAIN,0.54,Chemical or inhalation exposure of unspecified identity or dose,Personnel exposure is reported without adequate concentration or route detail,"Containment, ventilation, and protective-control details are not described",Insufficient evidence to establish or exclude fatal or life-altering toxicity,"The substance, dose, and control evidence are insufficient for a reliable SIF-potential judgment.",SIF_LABELING_GUIDE_V0_1
OSHA-SIR-2015096421,SIF_POTENTIAL,0.95,"Toxic, corrosive, or oxygen-displacing substance",Personnel inhaled or directly contacted the released substance,"Containment, isolation, ventilation, or respiratory protection failed","Credible fatal poisoning, asphyxiation, or life-altering chemical injury",The hazardous substance exposure supports a credible fatal or life-altering toxic consequence.,SIF_LABELING_GUIDE_V0_1
OSHA-SIR-2015010478,SIF_POTENTIAL,0.95,"Toxic, corrosive, or oxygen-displacing substance",Personnel inhaled or directly contacted the released substance,"Containment, isolation, ventilation, or respiratory protection failed","Credible fatal poisoning, asphyxiation, or life-altering chemical injury",The hazardous substance exposure supports a credible fatal or life-altering toxic consequence.,SIF_LABELING_GUIDE_V0_1
OSHA-SIR-2017043721,SIF_POTENTIAL,0.95,"Toxic, corrosive, or oxygen-displacing substance",Personnel inhaled or directly contacted the released substance,"Containment, isolation, ventilation, or respiratory protection failed","Credible fatal poisoning, asphyxiation, or life-altering chemical injury",The hazardous substance exposure supports a credible fatal or life-altering toxic consequence.,SIF_LABELING_GUIDE_V0_1
OSHA-SIR-2019033190,SIF_POTENTIAL,0.94,Moving or rotating machinery and entanglement energy,"Personnel were within an in-running, pull-in, or entanglement zone","Isolation, guarding, or separation from moving parts failed","Credible fatal crushing, pull-in trauma, or life-altering amputation",Personnel exposure to uncontrolled moving machinery supports a credible fatal or life-altering entanglement consequence.,SIF_LABELING_GUIDE_V0_1
OSHA-SIR-2019021679,NON_SIF_POTENTIAL,0.91,"Same-level or short-step slip, trip, or fall energy",Personnel lost footing without an additional high-energy exposure,Walking-surface or footing control failed,Musculoskeletal injury without supported fatal or life-altering potential,The described low-energy fall lacks an additional mechanism supporting credible fatal or life-altering potential.,SIF_LABELING_GUIDE_V0_1
OSHA-SIR-20171211664,SIF_POTENTIAL,0.93,"Heavy moving, shifting, rolling, or collapsing equipment",Personnel occupied the crush or line-of-fire zone,"Stability, exclusion-zone, or movement control failed",Credible fatal or life-altering crush trauma,A person was exposed to uncontrolled heavy movement with credible fatal or life-altering crush potential.,SIF_LABELING_GUIDE_V0_1
OSHA-SIR-2016020995,NON_SIF_POTENTIAL,0.88,"Localized contact, impact, or manual-handling energy",Personnel contacted the immediate object or surface,"Local positioning, handling, or housekeeping control failed",Localized injury without a supported fatal or life-altering escalation,The localized contact mechanism does not support a credible fatal or life-altering potential consequence.,SIF_LABELING_GUIDE_V0_1
OSHA-SIR-2019032243,SIF_POTENTIAL,0.96,"Stored pressure, tension, projectile, or hose-whip energy",Personnel were in the release or projectile line of fire,"Isolation, depressurization, restraint, or containment failed","Credible fatal impact, penetration, major amputation, or internal trauma",Uncontrolled stored energy exposed personnel to a credible fatal or life-altering release consequence.,SIF_LABELING_GUIDE_V0_1
OSHA-SIR-2017032812,NON_SIF_POTENTIAL,0.92,Handheld cutting-tool energy,A hand entered the tool's immediate cutting path,Hand positioning or cut protection was ineffective,Localized hand injury without supported fatal or life-altering potential,The handheld cutting exposure is localized and does not support credible fatal or life-altering potential.,SIF_LABELING_GUIDE_V0_1
OSHA-SIR-2016087087,UNCERTAIN,0.56,Equipment or object energy of unspecified magnitude,"Personnel contact is described, but the full exposure zone is unclear","Critical equipment, isolation, support, or guarding details are missing",Insufficient evidence to establish or exclude fatal or life-altering potential,The equipment mechanism and critical-control details are insufficient for a reliable SIF-potential judgment.,SIF_LABELING_GUIDE_V0_1
OSHA-SIR-20181111446,NON_SIF_POTENTIAL,0.91,"Same-level or short-step slip, trip, or fall energy",Personnel lost footing without an additional high-energy exposure,Walking-surface or footing control failed,Musculoskeletal injury without supported fatal or life-altering potential,The described low-energy fall lacks an additional mechanism supporting credible fatal or life-altering potential.,SIF_LABELING_GUIDE_V0_1
OSHA-SIR-2015010438,UNCERTAIN,0.56,Equipment or object energy of unspecified magnitude,"Personnel contact is described, but the full exposure zone is unclear","Critical equipment, isolation, support, or guarding details are missing",Insufficient evidence to establish or exclude fatal or life-altering potential,The equipment mechanism and critical-control details are insufficient for a reliable SIF-potential judgment.,SIF_LABELING_GUIDE_V0_1
OSHA-SIR-2016098738,SIF_POTENTIAL,0.94,Moving or rotating machinery and entanglement energy,"Personnel were within an in-running, pull-in, or entanglement zone","Isolation, guarding, or separation from moving parts failed","Credible fatal crushing, pull-in trauma, or life-altering amputation",Personnel exposure to uncontrolled moving machinery supports a credible fatal or life-altering entanglement consequence.,SIF_LABELING_GUIDE_V0_1
OSHA-SIR-2015042463,NON_SIF_POTENTIAL,0.88,"Localized contact, impact, or manual-handling energy",Personnel contacted the immediate object or surface,"Local positioning, handling, or housekeeping control failed",Localized injury without a supported fatal or life-altering escalation,The localized contact mechanism does not support a credible fatal or life-altering potential consequence.,SIF_LABELING_GUIDE_V0_1
OSHA-SIR-20161010261,UNCERTAIN,0.56,Equipment or object energy of unspecified magnitude,"Personnel contact is described, but the full exposure zone is unclear","Critical equipment, isolation, support, or guarding details are missing",Insufficient evidence to establish or exclude fatal or life-altering potential,The equipment mechanism and critical-control details are insufficient for a reliable SIF-potential judgment.,SIF_LABELING_GUIDE_V0_1
OSHA-SIR-2016076185,NON_SIF_POTENTIAL,0.89,Localized hand or finger pinch and crush energy,A hand or finger entered the immediate pinch point,Hand placement or local separation control failed,Localized hand injury without a supported fatal or life-altering escalation,The narrative supports a localized low-energy pinch exposure without credible fatal or life-altering escalation.,SIF_LABELING_GUIDE_V0_1
OSHA-SIR-2015020653,NON_SIF_POTENTIAL,0.88,"Localized contact, impact, or manual-handling energy",Personnel contacted the immediate object or surface,"Local positioning, handling, or housekeeping control failed",Localized injury without a supported fatal or life-altering escalation,The localized contact mechanism does not support a credible fatal or life-altering potential consequence.,SIF_LABELING_GUIDE_V0_1
OSHA-SIR-2017054820,NON_SIF_POTENTIAL,0.88,"Localized contact, impact, or manual-handling energy",Personnel contacted the immediate object or surface,"Local positioning, handling, or housekeeping control failed",Localized injury without a supported fatal or life-altering escalation,The localized contact mechanism does not support a credible fatal or life-altering potential consequence.,SIF_LABELING_GUIDE_V0_1
OSHA-SIR-2022020992,NON_SIF_POTENTIAL,0.88,"Localized contact, impact, or manual-handling energy",Personnel contacted the immediate object or surface,"Local positioning, handling, or housekeeping control failed",Localized injury without a supported fatal or life-altering escalation,The localized contact mechanism does not support a credible fatal or life-altering potential consequence.,SIF_LABELING_GUIDE_V0_1
OSHA-SIR-2022032643,NON_SIF_POTENTIAL,0.88,"Localized contact, impact, or manual-handling energy",Personnel contacted the immediate object or surface,"Local positioning, handling, or housekeeping control failed",Localized injury without a supported fatal or life-altering escalation,The localized contact mechanism does not support a credible fatal or life-altering potential consequence.,SIF_LABELING_GUIDE_V0_1
OSHA-SIR-20181010483,NON_SIF_POTENTIAL,0.88,"Localized contact, impact, or manual-handling energy",Personnel contacted the immediate object or surface,"Local positioning, handling, or housekeeping control failed",Localized injury without a supported fatal or life-altering escalation,The localized contact mechanism does not support a credible fatal or life-altering potential consequence.,SIF_LABELING_GUIDE_V0_1
OSHA-SIR-2015020647,SIF_POTENTIAL,0.95,Moving vehicle or mobile-equipment kinetic energy,"An occupant or pedestrian was in the collision, rollover, or run-over path","Traffic separation, spotting, restraint, stability, or vehicle control failed","Credible fatal collision, rollover, ejection, or crush trauma",The uncontrolled vehicle interaction supports a credible fatal or life-altering consequence.,SIF_LABELING_GUIDE_V0_1
OSHA-SIR-2020087443,SIF_POTENTIAL,0.95,Moving vehicle or mobile-equipment kinetic energy,"An occupant or pedestrian was in the collision, rollover, or run-over path","Traffic separation, spotting, restraint, stability, or vehicle control failed","Credible fatal collision, rollover, ejection, or crush trauma",The uncontrolled vehicle interaction supports a credible fatal or life-altering consequence.,SIF_LABELING_GUIDE_V0_1
OSHA-SIR-2015031131,SIF_POTENTIAL,0.95,Moving vehicle or mobile-equipment kinetic energy,"An occupant or pedestrian was in the collision, rollover, or run-over path","Traffic separation, spotting, restraint, stability, or vehicle control failed","Credible fatal collision, rollover, ejection, or crush trauma",The uncontrolled vehicle interaction supports a credible fatal or life-altering consequence.,SIF_LABELING_GUIDE_V0_1
OSHA-SIR-2019099280,SIF_POTENTIAL,0.95,Moving vehicle or mobile-equipment kinetic energy,"An occupant or pedestrian was in the collision, rollover, or run-over path","Traffic separation, spotting, restraint, stability, or vehicle control failed","Credible fatal collision, rollover, ejection, or crush trauma",The uncontrolled vehicle interaction supports a credible fatal or life-altering consequence.,SIF_LABELING_GUIDE_V0_1
OSHA-SIR-2019066117,SIF_POTENTIAL,0.94,Moving or rotating machinery and entanglement energy,"Personnel were within an in-running, pull-in, or entanglement zone","Isolation, guarding, or separation from moving parts failed","Credible fatal crushing, pull-in trauma, or life-altering amputation",Personnel exposure to uncontrolled moving machinery supports a credible fatal or life-altering entanglement consequence.,SIF_LABELING_GUIDE_V0_1
OSHA-SIR-20191112157,NON_SIF_POTENTIAL,0.89,Localized hand or finger pinch and crush energy,A hand or finger entered the immediate pinch point,Hand placement or local separation control failed,Localized hand injury without a supported fatal or life-altering escalation,The narrative supports a localized low-energy pinch exposure without credible fatal or life-altering escalation.,SIF_LABELING_GUIDE_V0_1
OSHA-SIR-20201110744,SIF_POTENTIAL,0.96,"Stored pressure, tension, projectile, or hose-whip energy",Personnel were in the release or projectile line of fire,"Isolation, depressurization, restraint, or containment failed","Credible fatal impact, penetration, major amputation, or internal trauma",Uncontrolled stored energy exposed personnel to a credible fatal or life-altering release consequence.,SIF_LABELING_GUIDE_V0_1
OSHA-SIR-2015031447,UNCERTAIN,0.56,Equipment or object energy of unspecified magnitude,"Personnel contact is described, but the full exposure zone is unclear","Critical equipment, isolation, support, or guarding details are missing",Insufficient evidence to establish or exclude fatal or life-altering potential,The equipment mechanism and critical-control details are insufficient for a reliable SIF-potential judgment.,SIF_LABELING_GUIDE_V0_1
OSHA-SIR-2015010023,UNCERTAIN,0.52,Hazardous mechanism is not adequately described,An outcome is reported without a clear credible exposure path,Critical barrier or control information is absent,Insufficient evidence to establish or exclude fatal or life-altering potential,"The narrative reports an outcome but lacks the hazard, exposure, and barrier facts needed for classification.",SIF_LABELING_GUIDE_V0_1
OSHA-SIR-2015031116,UNCERTAIN,0.52,Hazardous mechanism is not adequately described,An outcome is reported without a clear credible exposure path,Critical barrier or control information is absent,Insufficient evidence to establish or exclude fatal or life-altering potential,"The narrative reports an outcome but lacks the hazard, exposure, and barrier facts needed for classification.",SIF_LABELING_GUIDE_V0_1
OSHA-SIR-2017010232,SIF_POTENTIAL,0.95,Moving vehicle or mobile-equipment kinetic energy,"An occupant or pedestrian was in the collision, rollover, or run-over path","Traffic separation, spotting, restraint, stability, or vehicle control failed","Credible fatal collision, rollover, ejection, or crush trauma",The uncontrolled vehicle interaction supports a credible fatal or life-altering consequence.,SIF_LABELING_GUIDE_V0_1
OSHA-SIR-2019076882,SIF_POTENTIAL,0.95,Moving vehicle or mobile-equipment kinetic energy,"An occupant or pedestrian was in the collision, rollover, or run-over path","Traffic separation, spotting, restraint, stability, or vehicle control failed","Credible fatal collision, rollover, ejection, or crush trauma",The uncontrolled vehicle interaction supports a credible fatal or life-altering consequence.,SIF_LABELING_GUIDE_V0_1
OSHA-SIR-2018021180,SIF_POTENTIAL,0.95,Moving vehicle or mobile-equipment kinetic energy,"An occupant or pedestrian was in the collision, rollover, or run-over path","Traffic separation, spotting, restraint, stability, or vehicle control failed","Credible fatal collision, rollover, ejection, or crush trauma",The uncontrolled vehicle interaction supports a credible fatal or life-altering consequence.,SIF_LABELING_GUIDE_V0_1
OSHA-SIR-2022010896,UNCERTAIN,0.52,Hazardous mechanism is not adequately described,An outcome is reported without a clear credible exposure path,Critical barrier or control information is absent,Insufficient evidence to establish or exclude fatal or life-altering potential,"The narrative reports an outcome but lacks the hazard, exposure, and barrier facts needed for classification.",SIF_LABELING_GUIDE_V0_1
OSHA-SIR-2015096299,SIF_POTENTIAL,0.95,Moving vehicle or mobile-equipment kinetic energy,"An occupant or pedestrian was in the collision, rollover, or run-over path","Traffic separation, spotting, restraint, stability, or vehicle control failed","Credible fatal collision, rollover, ejection, or crush trauma",The uncontrolled vehicle interaction supports a credible fatal or life-altering consequence.,SIF_LABELING_GUIDE_V0_1
OSHA-SIR-2022075823,SIF_POTENTIAL,0.95,Moving vehicle or mobile-equipment kinetic energy,"An occupant or pedestrian was in the collision, rollover, or run-over path","Traffic separation, spotting, restraint, stability, or vehicle control failed","Credible fatal collision, rollover, ejection, or crush trauma",The uncontrolled vehicle interaction supports a credible fatal or life-altering consequence.,SIF_LABELING_GUIDE_V0_1
OSHA-SIR-2015052971,SIF_POTENTIAL,0.97,"Fire, explosion, or ignitable hydrocarbon energy","Personnel were within the flame, heat, or blast zone","Fuel containment, isolation, ignition control, or verification failed","Credible fatal burns, blast trauma, or smoke inhalation",The described fire or explosion exposure supports a credible fatal or life-altering consequence.,SIF_LABELING_GUIDE_V0_1
OSHA-SIR-2018032178,NON_SIF_POTENTIAL,0.91,"Same-level or short-step slip, trip, or fall energy",Personnel lost footing without an additional high-energy exposure,Walking-surface or footing control failed,Musculoskeletal injury without supported fatal or life-altering potential,The described low-energy fall lacks an additional mechanism supporting credible fatal or life-altering potential.,SIF_LABELING_GUIDE_V0_1
OSHA-SIR-2015074344,SIF_POTENTIAL,0.96,Elevated work or an unprotected lower-level fall,Personnel were exposed to a significant fall path,"Platform integrity, edge protection, access, or fall-arrest control failed","Credible fatal head, spinal, or multisystem trauma",The significant fall exposure and failed protective barrier support credible fatal or life-altering potential.,SIF_LABELING_GUIDE_V0_1
OSHA-SIR-2015030396,SIF_POTENTIAL,0.97,Multiple interacting high-energy hazards,"Personnel occupied the combined fall, crush, fire, or line-of-fire zone","Critical stability, isolation, retention, or fall-protection controls failed",Credible fatal or life-altering multisystem trauma,The interacting high-energy hazards and barrier failures support a credible fatal or life-altering consequence.,SIF_LABELING_GUIDE_V0_1
OSHA-SIR-2015010739,SIF_POTENTIAL,0.96,Elevated work or an unprotected lower-level fall,Personnel were exposed to a significant fall path,"Platform integrity, edge protection, access, or fall-arrest control failed","Credible fatal head, spinal, or multisystem trauma",The significant fall exposure and failed protective barrier support credible fatal or life-altering potential.,SIF_LABELING_GUIDE_V0_1
OSHA-SIR-2018065995,SIF_POTENTIAL,0.96,Elevated work or an unprotected lower-level fall,Personnel were exposed to a significant fall path,"Platform integrity, edge protection, access, or fall-arrest control failed","Credible fatal head, spinal, or multisystem trauma",The significant fall exposure and failed protective barrier support credible fatal or life-altering potential.,SIF_LABELING_GUIDE_V0_1
OSHA-SIR-2015075090,SIF_POTENTIAL,0.96,Elevated work or an unprotected lower-level fall,Personnel were exposed to a significant fall path,"Platform integrity, edge protection, access, or fall-arrest control failed","Credible fatal head, spinal, or multisystem trauma",The significant fall exposure and failed protective barrier support credible fatal or life-altering potential.,SIF_LABELING_GUIDE_V0_1
OSHA-SIR-2015010569,SIF_POTENTIAL,0.96,Elevated work or an unprotected lower-level fall,Personnel were exposed to a significant fall path,"Platform integrity, edge protection, access, or fall-arrest control failed","Credible fatal head, spinal, or multisystem trauma",The significant fall exposure and failed protective barrier support credible fatal or life-altering potential.,SIF_LABELING_GUIDE_V0_1
OSHA-SIR-20171010193,SIF_POTENTIAL,0.97,Multiple interacting high-energy hazards,"Personnel occupied the combined fall, crush, fire, or line-of-fire zone","Critical stability, isolation, retention, or fall-protection controls failed",Credible fatal or life-altering multisystem trauma,The interacting high-energy hazards and barrier failures support a credible fatal or life-altering consequence.,SIF_LABELING_GUIDE_V0_1
OSHA-SIR-2015010720,SIF_POTENTIAL,0.97,Multiple interacting high-energy hazards,"Personnel occupied the combined fall, crush, fire, or line-of-fire zone","Critical stability, isolation, retention, or fall-protection controls failed",Credible fatal or life-altering multisystem trauma,The interacting high-energy hazards and barrier failures support a credible fatal or life-altering consequence.,SIF_LABELING_GUIDE_V0_1
OSHA-SIR-2015064201,SIF_POTENTIAL,0.96,Elevated work or an unprotected lower-level fall,Personnel were exposed to a significant fall path,"Platform integrity, edge protection, access, or fall-arrest control failed","Credible fatal head, spinal, or multisystem trauma",The significant fall exposure and failed protective barrier support credible fatal or life-altering potential.,SIF_LABELING_GUIDE_V0_1
OSHA-SIR-2015010364,SIF_POTENTIAL,0.96,Elevated work or an unprotected lower-level fall,Personnel were exposed to a significant fall path,"Platform integrity, edge protection, access, or fall-arrest control failed","Credible fatal head, spinal, or multisystem trauma",The significant fall exposure and failed protective barrier support credible fatal or life-altering potential.,SIF_LABELING_GUIDE_V0_1
OSHA-SIR-2015010054,SIF_POTENTIAL,0.96,Elevated work or an unprotected lower-level fall,Personnel were exposed to a significant fall path,"Platform integrity, edge protection, access, or fall-arrest control failed","Credible fatal head, spinal, or multisystem trauma",The significant fall exposure and failed protective barrier support credible fatal or life-altering potential.,SIF_LABELING_GUIDE_V0_1
OSHA-SIR-2017010402,SIF_POTENTIAL,0.93,"Heavy moving, shifting, rolling, or collapsing equipment",Personnel occupied the crush or line-of-fire zone,"Stability, exclusion-zone, or movement control failed",Credible fatal or life-altering crush trauma,A person was exposed to uncontrolled heavy movement with credible fatal or life-altering crush potential.,SIF_LABELING_GUIDE_V0_1
OSHA-SIR-2019054755,SIF_POTENTIAL,0.94,Moving or rotating machinery and entanglement energy,"Personnel were within an in-running, pull-in, or entanglement zone","Isolation, guarding, or separation from moving parts failed","Credible fatal crushing, pull-in trauma, or life-altering amputation",Personnel exposure to uncontrolled moving machinery supports a credible fatal or life-altering entanglement consequence.,SIF_LABELING_GUIDE_V0_1
OSHA-SIR-2015041930,SIF_POTENTIAL,0.97,Multiple interacting high-energy hazards,"Personnel occupied the combined fall, crush, fire, or line-of-fire zone","Critical stability, isolation, retention, or fall-protection controls failed",Credible fatal or life-altering multisystem trauma,The interacting high-energy hazards and barrier failures support a credible fatal or life-altering consequence.,SIF_LABELING_GUIDE_V0_1
OSHA-SIR-2015107932,SIF_POTENTIAL,0.97,Multiple interacting high-energy hazards,"Personnel occupied the combined fall, crush, fire, or line-of-fire zone","Critical stability, isolation, retention, or fall-protection controls failed",Credible fatal or life-altering multisystem trauma,The interacting high-energy hazards and barrier failures support a credible fatal or life-altering consequence.,SIF_LABELING_GUIDE_V0_1
OSHA-SIR-2015010068,NON_SIF_POTENTIAL,0.91,"Same-level or short-step slip, trip, or fall energy",Personnel lost footing without an additional high-energy exposure,Walking-surface or footing control failed,Musculoskeletal injury without supported fatal or life-altering potential,The described low-energy fall lacks an additional mechanism supporting credible fatal or life-altering potential.,SIF_LABELING_GUIDE_V0_1
OSHA-SIR-2016076633,NON_SIF_POTENTIAL,0.91,"Same-level or short-step slip, trip, or fall energy",Personnel lost footing without an additional high-energy exposure,Walking-surface or footing control failed,Musculoskeletal injury without supported fatal or life-altering potential,The described low-energy fall lacks an additional mechanism supporting credible fatal or life-altering potential.,SIF_LABELING_GUIDE_V0_1
OSHA-SIR-20181011102,SIF_POTENTIAL,0.97,Multiple interacting high-energy hazards,"Personnel occupied the combined fall, crush, fire, or line-of-fire zone","Critical stability, isolation, retention, or fall-protection controls failed",Credible fatal or life-altering multisystem trauma,The interacting high-energy hazards and barrier failures support a credible fatal or life-altering consequence.,SIF_LABELING_GUIDE_V0_1
OSHA-SIR-2019010476,SIF_POTENTIAL,0.97,"Fire, explosion, or ignitable hydrocarbon energy","Personnel were within the flame, heat, or blast zone","Fuel containment, isolation, ignition control, or verification failed","Credible fatal burns, blast trauma, or smoke inhalation",The described fire or explosion exposure supports a credible fatal or life-altering consequence.,SIF_LABELING_GUIDE_V0_1
OSHA-SIR-2015118993,NON_SIF_POTENTIAL,0.95,Manual exertion or awkward body movement,Personnel were exposed to localized musculoskeletal strain,Ergonomic or manual-handling control was ineffective,Musculoskeletal injury without supported fatal or life-altering potential,The exertion mechanism supports musculoskeletal injury but not a credible fatal or life-altering consequence.,SIF_LABELING_GUIDE_V0_1
OSHA-SIR-2019044020,NON_SIF_POTENTIAL,0.95,Manual exertion or awkward body movement,Personnel were exposed to localized musculoskeletal strain,Ergonomic or manual-handling control was ineffective,Musculoskeletal injury without supported fatal or life-altering potential,The exertion mechanism supports musculoskeletal injury but not a credible fatal or life-altering consequence.,SIF_LABELING_GUIDE_V0_1
OSHA-SIR-2019099239,NON_SIF_POTENTIAL,0.95,Manual exertion or awkward body movement,Personnel were exposed to localized musculoskeletal strain,Ergonomic or manual-handling control was ineffective,Musculoskeletal injury without supported fatal or life-altering potential,The exertion mechanism supports musculoskeletal injury but not a credible fatal or life-altering consequence.,SIF_LABELING_GUIDE_V0_1
OSHA-SIR-2015042299,NON_SIF_POTENTIAL,0.95,Manual exertion or awkward body movement,Personnel were exposed to localized musculoskeletal strain,Ergonomic or manual-handling control was ineffective,Musculoskeletal injury without supported fatal or life-altering potential,The exertion mechanism supports musculoskeletal injury but not a credible fatal or life-altering consequence.,SIF_LABELING_GUIDE_V0_1
OSHA-SIR-2018077651,NON_SIF_POTENTIAL,0.95,Manual exertion or awkward body movement,Personnel were exposed to localized musculoskeletal strain,Ergonomic or manual-handling control was ineffective,Musculoskeletal injury without supported fatal or life-altering potential,The exertion mechanism supports musculoskeletal injury but not a credible fatal or life-altering consequence.,SIF_LABELING_GUIDE_V0_1
OSHA-SIR-2015075200,SIF_POTENTIAL,0.95,Moving vehicle or mobile-equipment kinetic energy,"An occupant or pedestrian was in the collision, rollover, or run-over path","Traffic separation, spotting, restraint, stability, or vehicle control failed","Credible fatal collision, rollover, ejection, or crush trauma",The uncontrolled vehicle interaction supports a credible fatal or life-altering consequence.,SIF_LABELING_GUIDE_V0_1
OSHA-SIR-2016021394,SIF_POTENTIAL,0.95,Moving vehicle or mobile-equipment kinetic energy,"An occupant or pedestrian was in the collision, rollover, or run-over path","Traffic separation, spotting, restraint, stability, or vehicle control failed","Credible fatal collision, rollover, ejection, or crush trauma",The uncontrolled vehicle interaction supports a credible fatal or life-altering consequence.,SIF_LABELING_GUIDE_V0_1
OSHA-SIR-2015118676,SIF_POTENTIAL,0.95,Moving vehicle or mobile-equipment kinetic energy,"An occupant or pedestrian was in the collision, rollover, or run-over path","Traffic separation, spotting, restraint, stability, or vehicle control failed","Credible fatal collision, rollover, ejection, or crush trauma",The uncontrolled vehicle interaction supports a credible fatal or life-altering consequence.,SIF_LABELING_GUIDE_V0_1
OSHA-SIR-2017010082,SIF_POTENTIAL,0.95,Moving vehicle or mobile-equipment kinetic energy,"An occupant or pedestrian was in the collision, rollover, or run-over path","Traffic separation, spotting, restraint, stability, or vehicle control failed","Credible fatal collision, rollover, ejection, or crush trauma",The uncontrolled vehicle interaction supports a credible fatal or life-altering consequence.,SIF_LABELING_GUIDE_V0_1
OSHA-SIR-20171212048,SIF_POTENTIAL,0.95,Moving vehicle or mobile-equipment kinetic energy,"An occupant or pedestrian was in the collision, rollover, or run-over path","Traffic separation, spotting, restraint, stability, or vehicle control failed","Credible fatal collision, rollover, ejection, or crush trauma",The uncontrolled vehicle interaction supports a credible fatal or life-altering consequence.,SIF_LABELING_GUIDE_V0_1
OSHA-SIR-2018054320,SIF_POTENTIAL,0.95,Moving vehicle or mobile-equipment kinetic energy,"An occupant or pedestrian was in the collision, rollover, or run-over path","Traffic separation, spotting, restraint, stability, or vehicle control failed","Credible fatal collision, rollover, ejection, or crush trauma",The uncontrolled vehicle interaction supports a credible fatal or life-altering consequence.,SIF_LABELING_GUIDE_V0_1
OSHA-SIR-2015085625,SIF_POTENTIAL,0.95,Moving vehicle or mobile-equipment kinetic energy,"An occupant or pedestrian was in the collision, rollover, or run-over path","Traffic separation, spotting, restraint, stability, or vehicle control failed","Credible fatal collision, rollover, ejection, or crush trauma",The uncontrolled vehicle interaction supports a credible fatal or life-altering consequence.,SIF_LABELING_GUIDE_V0_1
OSHA-SIR-2015074428,SIF_POTENTIAL,0.95,Moving vehicle or mobile-equipment kinetic energy,"An occupant or pedestrian was in the collision, rollover, or run-over path","Traffic separation, spotting, restraint, stability, or vehicle control failed","Credible fatal collision, rollover, ejection, or crush trauma",The uncontrolled vehicle interaction supports a credible fatal or life-altering consequence.,SIF_LABELING_GUIDE_V0_1
OSHA-SIR-2015030990,SIF_POTENTIAL,0.95,Moving vehicle or mobile-equipment kinetic energy,"An occupant or pedestrian was in the collision, rollover, or run-over path","Traffic separation, spotting, restraint, stability, or vehicle control failed","Credible fatal collision, rollover, ejection, or crush trauma",The uncontrolled vehicle interaction supports a credible fatal or life-altering consequence.,SIF_LABELING_GUIDE_V0_1
OSHA-SIR-2018044142,SIF_POTENTIAL,0.95,Moving vehicle or mobile-equipment kinetic energy,"An occupant or pedestrian was in the collision, rollover, or run-over path","Traffic separation, spotting, restraint, stability, or vehicle control failed","Credible fatal collision, rollover, ejection, or crush trauma",The uncontrolled vehicle interaction supports a credible fatal or life-altering consequence.,SIF_LABELING_GUIDE_V0_1
OSHA-SIR-2016010669,SIF_POTENTIAL,0.95,Moving vehicle or mobile-equipment kinetic energy,"An occupant or pedestrian was in the collision, rollover, or run-over path","Traffic separation, spotting, restraint, stability, or vehicle control failed","Credible fatal collision, rollover, ejection, or crush trauma",The uncontrolled vehicle interaction supports a credible fatal or life-altering consequence.,SIF_LABELING_GUIDE_V0_1
OSHA-SIR-2020088291,SIF_POTENTIAL,0.95,"Suspended, lifted, or falling heavy load",Personnel were beneath or immediately beside the load path,"Load support, retention, rigging, or exclusion control failed",Credible fatal crushing or catastrophic head and body trauma,The uncontrolled load and occupied drop zone support a credible fatal or life-altering consequence.,SIF_LABELING_GUIDE_V0_1
OSHA-SIR-2017043241,SIF_POTENTIAL,0.95,Moving vehicle or mobile-equipment kinetic energy,"An occupant or pedestrian was in the collision, rollover, or run-over path","Traffic separation, spotting, restraint, stability, or vehicle control failed","Credible fatal collision, rollover, ejection, or crush trauma",The uncontrolled vehicle interaction supports a credible fatal or life-altering consequence.,SIF_LABELING_GUIDE_V0_1
OSHA-SIR-2015030379,SIF_POTENTIAL,0.95,Moving vehicle or mobile-equipment kinetic energy,"An occupant or pedestrian was in the collision, rollover, or run-over path","Traffic separation, spotting, restraint, stability, or vehicle control failed","Credible fatal collision, rollover, ejection, or crush trauma",The uncontrolled vehicle interaction supports a credible fatal or life-altering consequence.,SIF_LABELING_GUIDE_V0_1
OSHA-SIR-2015042422,SIF_POTENTIAL,0.95,Moving vehicle or mobile-equipment kinetic energy,"An occupant or pedestrian was in the collision, rollover, or run-over path","Traffic separation, spotting, restraint, stability, or vehicle control failed","Credible fatal collision, rollover, ejection, or crush trauma",The uncontrolled vehicle interaction supports a credible fatal or life-altering consequence.,SIF_LABELING_GUIDE_V0_1
OSHA-SIR-20190910175,SIF_POTENTIAL,0.95,Moving vehicle or mobile-equipment kinetic energy,"An occupant or pedestrian was in the collision, rollover, or run-over path","Traffic separation, spotting, restraint, stability, or vehicle control failed","Credible fatal collision, rollover, ejection, or crush trauma",The uncontrolled vehicle interaction supports a credible fatal or life-altering consequence.,SIF_LABELING_GUIDE_V0_1
OSHA-SIR-2020043073,SIF_POTENTIAL,0.95,Moving vehicle or mobile-equipment kinetic energy,"An occupant or pedestrian was in the collision, rollover, or run-over path","Traffic separation, spotting, restraint, stability, or vehicle control failed","Credible fatal collision, rollover, ejection, or crush trauma",The uncontrolled vehicle interaction supports a credible fatal or life-altering consequence.,SIF_LABELING_GUIDE_V0_1
OSHA-SIR-2015030879,SIF_POTENTIAL,0.95,Moving vehicle or mobile-equipment kinetic energy,"An occupant or pedestrian was in the collision, rollover, or run-over path","Traffic separation, spotting, restraint, stability, or vehicle control failed","Credible fatal collision, rollover, ejection, or crush trauma",The uncontrolled vehicle interaction supports a credible fatal or life-altering consequence.,SIF_LABELING_GUIDE_V0_1
OSHA-SIR-2020054454,SIF_POTENTIAL,0.95,Moving vehicle or mobile-equipment kinetic energy,"An occupant or pedestrian was in the collision, rollover, or run-over path","Traffic separation, spotting, restraint, stability, or vehicle control failed","Credible fatal collision, rollover, ejection, or crush trauma",The uncontrolled vehicle interaction supports a credible fatal or life-altering consequence.,SIF_LABELING_GUIDE_V0_1
OSHA-SIR-2019032471,SIF_POTENTIAL,0.93,"Heavy moving, shifting, rolling, or collapsing equipment",Personnel occupied the crush or line-of-fire zone,"Stability, exclusion-zone, or movement control failed",Credible fatal or life-altering crush trauma,A person was exposed to uncontrolled heavy movement with credible fatal or life-altering crush potential.,SIF_LABELING_GUIDE_V0_1
OSHA-SIR-2021086899,SIF_POTENTIAL,0.95,Moving vehicle or mobile-equipment kinetic energy,"An occupant or pedestrian was in the collision, rollover, or run-over path","Traffic separation, spotting, restraint, stability, or vehicle control failed","Credible fatal collision, rollover, ejection, or crush trauma",The uncontrolled vehicle interaction supports a credible fatal or life-altering consequence.,SIF_LABELING_GUIDE_V0_1
OSHA-SIR-2015107520,SIF_POTENTIAL,0.95,Moving vehicle or mobile-equipment kinetic energy,"An occupant or pedestrian was in the collision, rollover, or run-over path","Traffic separation, spotting, restraint, stability, or vehicle control failed","Credible fatal collision, rollover, ejection, or crush trauma",The uncontrolled vehicle interaction supports a credible fatal or life-altering consequence.,SIF_LABELING_GUIDE_V0_1
OSHA-SIR-2015096491,SIF_POTENTIAL,0.95,Moving vehicle or mobile-equipment kinetic energy,"An occupant or pedestrian was in the collision, rollover, or run-over path","Traffic separation, spotting, restraint, stability, or vehicle control failed","Credible fatal collision, rollover, ejection, or crush trauma",The uncontrolled vehicle interaction supports a credible fatal or life-altering consequence.,SIF_LABELING_GUIDE_V0_1
OSHA-SIR-20181010424,SIF_POTENTIAL,0.95,Moving vehicle or mobile-equipment kinetic energy,"An occupant or pedestrian was in the collision, rollover, or run-over path","Traffic separation, spotting, restraint, stability, or vehicle control failed","Credible fatal collision, rollover, ejection, or crush trauma",The uncontrolled vehicle interaction supports a credible fatal or life-altering consequence.,SIF_LABELING_GUIDE_V0_1
OSHA-SIR-2015075247,NON_SIF_POTENTIAL,0.88,"Localized contact, impact, or manual-handling energy",Personnel contacted the immediate object or surface,"Local positioning, handling, or housekeeping control failed",Localized injury without a supported fatal or life-altering escalation,The localized contact mechanism does not support a credible fatal or life-altering potential consequence.,SIF_LABELING_GUIDE_V0_1
OSHA-SIR-2019044133,SIF_POTENTIAL,0.99,Loaded firearm and ballistic energy,Personnel were in the weapon's discharge path,"Safe storage, handling, or access control failed",Credible fatal gunshot or life-altering ballistic trauma,A firearm discharge path exposed personnel to a credible fatal consequence.,SIF_LABELING_GUIDE_V0_1
OSHA-SIR-2018065614,SIF_POTENTIAL,0.99,Loaded firearm and ballistic energy,Personnel were in the weapon's discharge path,"Safe storage, handling, or access control failed",Credible fatal gunshot or life-altering ballistic trauma,A firearm discharge path exposed personnel to a credible fatal consequence.,SIF_LABELING_GUIDE_V0_1
OSHA-SIR-2015041948,SIF_POTENTIAL,0.99,Loaded firearm and ballistic energy,Personnel were in the weapon's discharge path,"Safe storage, handling, or access control failed",Credible fatal gunshot or life-altering ballistic trauma,A firearm discharge path exposed personnel to a credible fatal consequence.,SIF_LABELING_GUIDE_V0_1
OSHA-SIR-2015010318,NON_SIF_POTENTIAL,0.89,Localized hand or finger pinch and crush energy,A hand or finger entered the immediate pinch point,Hand placement or local separation control failed,Localized hand injury without a supported fatal or life-altering escalation,The narrative supports a localized low-energy pinch exposure without credible fatal or life-altering escalation.,SIF_LABELING_GUIDE_V0_1
OSHA-SIR-2015010806,NON_SIF_POTENTIAL,0.91,"Same-level or short-step slip, trip, or fall energy",Personnel lost footing without an additional high-energy exposure,Walking-surface or footing control failed,Musculoskeletal injury without supported fatal or life-altering potential,The described low-energy fall lacks an additional mechanism supporting credible fatal or life-altering potential.,SIF_LABELING_GUIDE_V0_1
OSHA-SIR-2017088097,SIF_POTENTIAL,0.94,Moving or rotating machinery and entanglement energy,"Personnel were within an in-running, pull-in, or entanglement zone","Isolation, guarding, or separation from moving parts failed","Credible fatal crushing, pull-in trauma, or life-altering amputation",Personnel exposure to uncontrolled moving machinery supports a credible fatal or life-altering entanglement consequence.,SIF_LABELING_GUIDE_V0_1
OSHA-SIR-2015010807,UNCERTAIN,0.56,Pressurized-fluid energy of unspecified magnitude,"Personnel contacted the discharge, but severity of the release path is unclear","Pressure, nozzle, guarding, and isolation details are incomplete",Insufficient evidence to establish or exclude fatal or life-altering injection trauma,The pressure magnitude and release-path evidence are insufficient for a reliable SIF-potential judgment.,SIF_LABELING_GUIDE_V0_1
OSHA-SIR-2017109574,NON_SIF_POTENTIAL,0.88,"Localized contact, impact, or manual-handling energy",Personnel contacted the immediate object or surface,"Local positioning, handling, or housekeeping control failed",Localized injury without a supported fatal or life-altering escalation,The localized contact mechanism does not support a credible fatal or life-altering potential consequence.,SIF_LABELING_GUIDE_V0_1
OSHA-SIR-20181010670,SIF_POTENTIAL,0.97,"Fire, explosion, or ignitable hydrocarbon energy","Personnel were within the flame, heat, or blast zone","Fuel containment, isolation, ignition control, or verification failed","Credible fatal burns, blast trauma, or smoke inhalation",The described fire or explosion exposure supports a credible fatal or life-altering consequence.,SIF_LABELING_GUIDE_V0_1
OSHA-SIR-2015096294,SIF_POTENTIAL,0.86,"Venomous, anaphylactic, or high-force animal exposure","Personnel were bitten, stung, or struck by the animal","Detection, avoidance, exclusion, or emergency control was ineffective","Credible fatal envenomation, anaphylaxis, or life-altering trauma",The described animal exposure supports a credible fatal or life-altering consequence.,SIF_LABELING_GUIDE_V0_1
OSHA-SIR-2017065482,SIF_POTENTIAL,0.94,Moving or rotating machinery and entanglement energy,"Personnel were within an in-running, pull-in, or entanglement zone","Isolation, guarding, or separation from moving parts failed","Credible fatal crushing, pull-in trauma, or life-altering amputation",Personnel exposure to uncontrolled moving machinery supports a credible fatal or life-altering entanglement consequence.,SIF_LABELING_GUIDE_V0_1
OSHA-SIR-2016065127,SIF_POTENTIAL,0.97,Multiple interacting high-energy hazards,"Personnel occupied the combined fall, crush, fire, or line-of-fire zone","Critical stability, isolation, retention, or fall-protection controls failed",Credible fatal or life-altering multisystem trauma,The interacting high-energy hazards and barrier failures support a credible fatal or life-altering consequence.,SIF_LABELING_GUIDE_V0_1
OSHA-SIR-20191111472,UNCERTAIN,0.52,Hazardous mechanism is not adequately described,An outcome is reported without a clear credible exposure path,Critical barrier or control information is absent,Insufficient evidence to establish or exclude fatal or life-altering potential,"The narrative reports an outcome but lacks the hazard, exposure, and barrier facts needed for classification.",SIF_LABELING_GUIDE_V0_1
OSHA-SIR-20170412415,SIF_POTENTIAL,0.9,"Sharp, projected, or pressurized material at face level",The eyes and face were directly in the contact path,"Face protection, guarding, or separation was ineffective or absent",Credible permanent loss of vision or penetrating head injury,The direct eye and face exposure supports a credible life-altering permanent vision consequence.,SIF_LABELING_GUIDE_V0_1
OSHA-SIR-2023054552,NON_SIF_POTENTIAL,0.88,"Localized contact, impact, or manual-handling energy",Personnel contacted the immediate object or surface,"Local positioning, handling, or housekeeping control failed",Localized injury without a supported fatal or life-altering escalation,The localized contact mechanism does not support a credible fatal or life-altering potential consequence.,SIF_LABELING_GUIDE_V0_1
OSHA-SIR-2015010273,SIF_POTENTIAL,0.97,Multiple interacting high-energy hazards,"Personnel occupied the combined fall, crush, fire, or line-of-fire zone","Critical stability, isolation, retention, or fall-protection controls failed",Credible fatal or life-altering multisystem trauma,The interacting high-energy hazards and barrier failures support a credible fatal or life-altering consequence.,SIF_LABELING_GUIDE_V0_1
OSHA-SIR-2018054817,NON_SIF_POTENTIAL,0.88,"Localized contact, impact, or manual-handling energy",Personnel contacted the immediate object or surface,"Local positioning, handling, or housekeeping control failed",Localized injury without a supported fatal or life-altering escalation,The localized contact mechanism does not support a credible fatal or life-altering potential consequence.,SIF_LABELING_GUIDE_V0_1
OSHA-SIR-2015031018,UNCERTAIN,0.52,Hazardous mechanism is not adequately described,An outcome is reported without a clear credible exposure path,Critical barrier or control information is absent,Insufficient evidence to establish or exclude fatal or life-altering potential,"The narrative reports an outcome but lacks the hazard, exposure, and barrier facts needed for classification.",SIF_LABELING_GUIDE_V0_1
OSHA-SIR-2021108821,NON_SIF_POTENTIAL,0.88,"Localized contact, impact, or manual-handling energy",Personnel contacted the immediate object or surface,"Local positioning, handling, or housekeeping control failed",Localized injury without a supported fatal or life-altering escalation,The localized contact mechanism does not support a credible fatal or life-altering potential consequence.,SIF_LABELING_GUIDE_V0_1
OSHA-SIR-2015021157,SIF_POTENTIAL,0.96,"Stored pressure, tension, projectile, or hose-whip energy",Personnel were in the release or projectile line of fire,"Isolation, depressurization, restraint, or containment failed","Credible fatal impact, penetration, major amputation, or internal trauma",Uncontrolled stored energy exposed personnel to a credible fatal or life-altering release consequence.,SIF_LABELING_GUIDE_V0_1
OSHA-SIR-2015053786,SIF_POTENTIAL,0.96,"Stored pressure, tension, projectile, or hose-whip energy",Personnel were in the release or projectile line of fire,"Isolation, depressurization, restraint, or containment failed","Credible fatal impact, penetration, major amputation, or internal trauma",Uncontrolled stored energy exposed personnel to a credible fatal or life-altering release consequence.,SIF_LABELING_GUIDE_V0_1
OSHA-SIR-2020066088,SIF_POTENTIAL,0.96,"Stored pressure, tension, projectile, or hose-whip energy",Personnel were in the release or projectile line of fire,"Isolation, depressurization, restraint, or containment failed","Credible fatal impact, penetration, major amputation, or internal trauma",Uncontrolled stored energy exposed personnel to a credible fatal or life-altering release consequence.,SIF_LABELING_GUIDE_V0_1
OSHA-SIR-2016099268,SIF_POTENTIAL,0.96,"Stored pressure, tension, projectile, or hose-whip energy",Personnel were in the release or projectile line of fire,"Isolation, depressurization, restraint, or containment failed","Credible fatal impact, penetration, major amputation, or internal trauma",Uncontrolled stored energy exposed personnel to a credible fatal or life-altering release consequence.,SIF_LABELING_GUIDE_V0_1
OSHA-SIR-20191213024,SIF_POTENTIAL,0.96,"Stored pressure, tension, projectile, or hose-whip energy",Personnel were in the release or projectile line of fire,"Isolation, depressurization, restraint, or containment failed","Credible fatal impact, penetration, major amputation, or internal trauma",Uncontrolled stored energy exposed personnel to a credible fatal or life-altering release consequence.,SIF_LABELING_GUIDE_V0_1
OSHA-SIR-2016098458,SIF_POTENTIAL,0.96,"Stored pressure, tension, projectile, or hose-whip energy",Personnel were in the release or projectile line of fire,"Isolation, depressurization, restraint, or containment failed","Credible fatal impact, penetration, major amputation, or internal trauma",Uncontrolled stored energy exposed personnel to a credible fatal or life-altering release consequence.,SIF_LABELING_GUIDE_V0_1
OSHA-SIR-2018043604,SIF_POTENTIAL,0.96,"Stored pressure, tension, projectile, or hose-whip energy",Personnel were in the release or projectile line of fire,"Isolation, depressurization, restraint, or containment failed","Credible fatal impact, penetration, major amputation, or internal trauma",Uncontrolled stored energy exposed personnel to a credible fatal or life-altering release consequence.,SIF_LABELING_GUIDE_V0_1
OSHA-SIR-2015063456,SIF_POTENTIAL,0.94,Moving or rotating machinery and entanglement energy,"Personnel were within an in-running, pull-in, or entanglement zone","Isolation, guarding, or separation from moving parts failed","Credible fatal crushing, pull-in trauma, or life-altering amputation",Personnel exposure to uncontrolled moving machinery supports a credible fatal or life-altering entanglement consequence.,SIF_LABELING_GUIDE_V0_1
OSHA-SIR-2019043400,SIF_POTENTIAL,0.96,"Stored pressure, tension, projectile, or hose-whip energy",Personnel were in the release or projectile line of fire,"Isolation, depressurization, restraint, or containment failed","Credible fatal impact, penetration, major amputation, or internal trauma",Uncontrolled stored energy exposed personnel to a credible fatal or life-altering release consequence.,SIF_LABELING_GUIDE_V0_1
OSHA-SIR-2015010658,SIF_POTENTIAL,0.96,"Stored pressure, tension, projectile, or hose-whip energy",Personnel were in the release or projectile line of fire,"Isolation, depressurization, restraint, or containment failed","Credible fatal impact, penetration, major amputation, or internal trauma",Uncontrolled stored energy exposed personnel to a credible fatal or life-altering release consequence.,SIF_LABELING_GUIDE_V0_1
OSHA-SIR-2015010441,SIF_POTENTIAL,0.96,"Stored pressure, tension, projectile, or hose-whip energy",Personnel were in the release or projectile line of fire,"Isolation, depressurization, restraint, or containment failed","Credible fatal impact, penetration, major amputation, or internal trauma",Uncontrolled stored energy exposed personnel to a credible fatal or life-altering release consequence.,SIF_LABELING_GUIDE_V0_1
OSHA-SIR-2017021801,SIF_POTENTIAL,0.96,"Stored pressure, tension, projectile, or hose-whip energy",Personnel were in the release or projectile line of fire,"Isolation, depressurization, restraint, or containment failed","Credible fatal impact, penetration, major amputation, or internal trauma",Uncontrolled stored energy exposed personnel to a credible fatal or life-altering release consequence.,SIF_LABELING_GUIDE_V0_1
OSHA-SIR-2015020241,SIF_POTENTIAL,0.96,"Stored pressure, tension, projectile, or hose-whip energy",Personnel were in the release or projectile line of fire,"Isolation, depressurization, restraint, or containment failed","Credible fatal impact, penetration, major amputation, or internal trauma",Uncontrolled stored energy exposed personnel to a credible fatal or life-altering release consequence.,SIF_LABELING_GUIDE_V0_1
OSHA-SIR-2016054820,SIF_POTENTIAL,0.96,"Stored pressure, tension, projectile, or hose-whip energy",Personnel were in the release or projectile line of fire,"Isolation, depressurization, restraint, or containment failed","Credible fatal impact, penetration, major amputation, or internal trauma",Uncontrolled stored energy exposed personnel to a credible fatal or life-altering release consequence.,SIF_LABELING_GUIDE_V0_1
OSHA-SIR-2018055172,SIF_POTENTIAL,0.96,"Stored pressure, tension, projectile, or hose-whip energy",Personnel were in the release or projectile line of fire,"Isolation, depressurization, restraint, or containment failed","Credible fatal impact, penetration, major amputation, or internal trauma",Uncontrolled stored energy exposed personnel to a credible fatal or life-altering release consequence.,SIF_LABELING_GUIDE_V0_1
OSHA-SIR-2016043296,SIF_POTENTIAL,0.93,"Heavy moving, shifting, rolling, or collapsing equipment",Personnel occupied the crush or line-of-fire zone,"Stability, exclusion-zone, or movement control failed",Credible fatal or life-altering crush trauma,A person was exposed to uncontrolled heavy movement with credible fatal or life-altering crush potential.,SIF_LABELING_GUIDE_V0_1
OSHA-SIR-20171110965,SIF_POTENTIAL,0.93,"Heavy moving, shifting, rolling, or collapsing equipment",Personnel occupied the crush or line-of-fire zone,"Stability, exclusion-zone, or movement control failed",Credible fatal or life-altering crush trauma,A person was exposed to uncontrolled heavy movement with credible fatal or life-altering crush potential.,SIF_LABELING_GUIDE_V0_1
OSHA-SIR-2015020518,SIF_POTENTIAL,0.97,Multiple interacting high-energy hazards,"Personnel occupied the combined fall, crush, fire, or line-of-fire zone","Critical stability, isolation, retention, or fall-protection controls failed",Credible fatal or life-altering multisystem trauma,The interacting high-energy hazards and barrier failures support a credible fatal or life-altering consequence.,SIF_LABELING_GUIDE_V0_1
OSHA-SIR-2015042154,SIF_POTENTIAL,0.93,"Heavy moving, shifting, rolling, or collapsing equipment",Personnel occupied the crush or line-of-fire zone,"Stability, exclusion-zone, or movement control failed",Credible fatal or life-altering crush trauma,A person was exposed to uncontrolled heavy movement with credible fatal or life-altering crush potential.,SIF_LABELING_GUIDE_V0_1
OSHA-SIR-2018033060,SIF_POTENTIAL,0.96,"Stored pressure, tension, projectile, or hose-whip energy",Personnel were in the release or projectile line of fire,"Isolation, depressurization, restraint, or containment failed","Credible fatal impact, penetration, major amputation, or internal trauma",Uncontrolled stored energy exposed personnel to a credible fatal or life-altering release consequence.,SIF_LABELING_GUIDE_V0_1
OSHA-SIR-2015042210,UNCERTAIN,0.56,Equipment or object energy of unspecified magnitude,"Personnel contact is described, but the full exposure zone is unclear","Critical equipment, isolation, support, or guarding details are missing",Insufficient evidence to establish or exclude fatal or life-altering potential,The equipment mechanism and critical-control details are insufficient for a reliable SIF-potential judgment.,SIF_LABELING_GUIDE_V0_1
OSHA-SIR-2015021118,SIF_POTENTIAL,0.95,"Suspended, lifted, or falling heavy load",Personnel were beneath or immediately beside the load path,"Load support, retention, rigging, or exclusion control failed",Credible fatal crushing or catastrophic head and body trauma,The uncontrolled load and occupied drop zone support a credible fatal or life-altering consequence.,SIF_LABELING_GUIDE_V0_1
OSHA-SIR-2023087194,SIF_POTENTIAL,0.95,"Suspended, lifted, or falling heavy load",Personnel were beneath or immediately beside the load path,"Load support, retention, rigging, or exclusion control failed",Credible fatal crushing or catastrophic head and body trauma,The uncontrolled load and occupied drop zone support a credible fatal or life-altering consequence.,SIF_LABELING_GUIDE_V0_1
OSHA-SIR-2015086176,SIF_POTENTIAL,0.95,"Suspended, lifted, or falling heavy load",Personnel were beneath or immediately beside the load path,"Load support, retention, rigging, or exclusion control failed",Credible fatal crushing or catastrophic head and body trauma,The uncontrolled load and occupied drop zone support a credible fatal or life-altering consequence.,SIF_LABELING_GUIDE_V0_1
OSHA-SIR-2015020759,SIF_POTENTIAL,0.95,"Suspended, lifted, or falling heavy load",Personnel were beneath or immediately beside the load path,"Load support, retention, rigging, or exclusion control failed",Credible fatal crushing or catastrophic head and body trauma,The uncontrolled load and occupied drop zone support a credible fatal or life-altering consequence.,SIF_LABELING_GUIDE_V0_1
OSHA-SIR-2021087009,SIF_POTENTIAL,0.93,"Heavy moving, shifting, rolling, or collapsing equipment",Personnel occupied the crush or line-of-fire zone,"Stability, exclusion-zone, or movement control failed",Credible fatal or life-altering crush trauma,A person was exposed to uncontrolled heavy movement with credible fatal or life-altering crush potential.,SIF_LABELING_GUIDE_V0_1
OSHA-SIR-2017010028,SIF_POTENTIAL,0.95,"Suspended, lifted, or falling heavy load",Personnel were beneath or immediately beside the load path,"Load support, retention, rigging, or exclusion control failed",Credible fatal crushing or catastrophic head and body trauma,The uncontrolled load and occupied drop zone support a credible fatal or life-altering consequence.,SIF_LABELING_GUIDE_V0_1
OSHA-SIR-2015129170,SIF_POTENTIAL,0.93,"Heavy moving, shifting, rolling, or collapsing equipment",Personnel occupied the crush or line-of-fire zone,"Stability, exclusion-zone, or movement control failed",Credible fatal or life-altering crush trauma,A person was exposed to uncontrolled heavy movement with credible fatal or life-altering crush potential.,SIF_LABELING_GUIDE_V0_1
OSHA-SIR-2021075939,SIF_POTENTIAL,0.95,"Suspended, lifted, or falling heavy load",Personnel were beneath or immediately beside the load path,"Load support, retention, rigging, or exclusion control failed",Credible fatal crushing or catastrophic head and body trauma,The uncontrolled load and occupied drop zone support a credible fatal or life-altering consequence.,SIF_LABELING_GUIDE_V0_1
OSHA-SIR-2015010597,SIF_POTENTIAL,0.95,"Suspended, lifted, or falling heavy load",Personnel were beneath or immediately beside the load path,"Load support, retention, rigging, or exclusion control failed",Credible fatal crushing or catastrophic head and body trauma,The uncontrolled load and occupied drop zone support a credible fatal or life-altering consequence.,SIF_LABELING_GUIDE_V0_1
OSHA-SIR-2018032413,SIF_POTENTIAL,0.95,"Suspended, lifted, or falling heavy load",Personnel were beneath or immediately beside the load path,"Load support, retention, rigging, or exclusion control failed",Credible fatal crushing or catastrophic head and body trauma,The uncontrolled load and occupied drop zone support a credible fatal or life-altering consequence.,SIF_LABELING_GUIDE_V0_1
OSHA-SIR-20201211952,SIF_POTENTIAL,0.95,"Suspended, lifted, or falling heavy load",Personnel were beneath or immediately beside the load path,"Load support, retention, rigging, or exclusion control failed",Credible fatal crushing or catastrophic head and body trauma,The uncontrolled load and occupied drop zone support a credible fatal or life-altering consequence.,SIF_LABELING_GUIDE_V0_1
OSHA-SIR-2015031426,SIF_POTENTIAL,0.95,"Suspended, lifted, or falling heavy load",Personnel were beneath or immediately beside the load path,"Load support, retention, rigging, or exclusion control failed",Credible fatal crushing or catastrophic head and body trauma,The uncontrolled load and occupied drop zone support a credible fatal or life-altering consequence.,SIF_LABELING_GUIDE_V0_1
OSHA-SIR-2021119925,SIF_POTENTIAL,0.95,"Suspended, lifted, or falling heavy load",Personnel were beneath or immediately beside the load path,"Load support, retention, rigging, or exclusion control failed",Credible fatal crushing or catastrophic head and body trauma,The uncontrolled load and occupied drop zone support a credible fatal or life-altering consequence.,SIF_LABELING_GUIDE_V0_1
OSHA-SIR-2020076436,SIF_POTENTIAL,0.97,Multiple interacting high-energy hazards,"Personnel occupied the combined fall, crush, fire, or line-of-fire zone","Critical stability, isolation, retention, or fall-protection controls failed",Credible fatal or life-altering multisystem trauma,The interacting high-energy hazards and barrier failures support a credible fatal or life-altering consequence.,SIF_LABELING_GUIDE_V0_1
OSHA-SIR-2015030582,UNCERTAIN,0.56,Equipment or object energy of unspecified magnitude,"Personnel contact is described, but the full exposure zone is unclear","Critical equipment, isolation, support, or guarding details are missing",Insufficient evidence to establish or exclude fatal or life-altering potential,The equipment mechanism and critical-control details are insufficient for a reliable SIF-potential judgment.,SIF_LABELING_GUIDE_V0_1
OSHA-SIR-2016098843,SIF_POTENTIAL,0.93,"Heavy moving, shifting, rolling, or collapsing equipment",Personnel occupied the crush or line-of-fire zone,"Stability, exclusion-zone, or movement control failed",Credible fatal or life-altering crush trauma,A person was exposed to uncontrolled heavy movement with credible fatal or life-altering crush potential.,SIF_LABELING_GUIDE_V0_1
OSHA-SIR-2016087391,SIF_POTENTIAL,0.95,"Suspended, lifted, or falling heavy load",Personnel were beneath or immediately beside the load path,"Load support, retention, rigging, or exclusion control failed",Credible fatal crushing or catastrophic head and body trauma,The uncontrolled load and occupied drop zone support a credible fatal or life-altering consequence.,SIF_LABELING_GUIDE_V0_1
OSHA-SIR-20161211319,SIF_POTENTIAL,0.95,"Suspended, lifted, or falling heavy load",Personnel were beneath or immediately beside the load path,"Load support, retention, rigging, or exclusion control failed",Credible fatal crushing or catastrophic head and body trauma,The uncontrolled load and occupied drop zone support a credible fatal or life-altering consequence.,SIF_LABELING_GUIDE_V0_1
OSHA-SIR-2021021108,NON_SIF_POTENTIAL,0.89,Localized hand or finger pinch and crush energy,A hand or finger entered the immediate pinch point,Hand placement or local separation control failed,Localized hand injury without a supported fatal or life-altering escalation,The narrative supports a localized low-energy pinch exposure without credible fatal or life-altering escalation.,SIF_LABELING_GUIDE_V0_1
OSHA-SIR-2015052822,SIF_POTENTIAL,0.95,"Suspended, lifted, or falling heavy load",Personnel were beneath or immediately beside the load path,"Load support, retention, rigging, or exclusion control failed",Credible fatal crushing or catastrophic head and body trauma,The uncontrolled load and occupied drop zone support a credible fatal or life-altering consequence.,SIF_LABELING_GUIDE_V0_1
OSHA-SIR-2018021922,NON_SIF_POTENTIAL,0.89,Localized hand or finger pinch and crush energy,A hand or finger entered the immediate pinch point,Hand placement or local separation control failed,Localized hand injury without a supported fatal or life-altering escalation,The narrative supports a localized low-energy pinch exposure without credible fatal or life-altering escalation.,SIF_LABELING_GUIDE_V0_1
OSHA-SIR-2018066035,SIF_POTENTIAL,0.93,"Heavy moving, shifting, rolling, or collapsing equipment",Personnel occupied the crush or line-of-fire zone,"Stability, exclusion-zone, or movement control failed",Credible fatal or life-altering crush trauma,A person was exposed to uncontrolled heavy movement with credible fatal or life-altering crush potential.,SIF_LABELING_GUIDE_V0_1
OSHA-SIR-2015118874,SIF_POTENTIAL,0.93,"Heavy moving, shifting, rolling, or collapsing equipment",Personnel occupied the crush or line-of-fire zone,"Stability, exclusion-zone, or movement control failed",Credible fatal or life-altering crush trauma,A person was exposed to uncontrolled heavy movement with credible fatal or life-altering crush potential.,SIF_LABELING_GUIDE_V0_1
OSHA-SIR-2019011040,SIF_POTENTIAL,0.93,"Heavy moving, shifting, rolling, or collapsing equipment",Personnel occupied the crush or line-of-fire zone,"Stability, exclusion-zone, or movement control failed",Credible fatal or life-altering crush trauma,A person was exposed to uncontrolled heavy movement with credible fatal or life-altering crush potential.,SIF_LABELING_GUIDE_V0_1
OSHA-SIR-20181010628,SIF_POTENTIAL,0.93,"Heavy moving, shifting, rolling, or collapsing equipment",Personnel occupied the crush or line-of-fire zone,"Stability, exclusion-zone, or movement control failed",Credible fatal or life-altering crush trauma,A person was exposed to uncontrolled heavy movement with credible fatal or life-altering crush potential.,SIF_LABELING_GUIDE_V0_1
OSHA-SIR-2019099854,SIF_POTENTIAL,0.95,"Suspended, lifted, or falling heavy load",Personnel were beneath or immediately beside the load path,"Load support, retention, rigging, or exclusion control failed",Credible fatal crushing or catastrophic head and body trauma,The uncontrolled load and occupied drop zone support a credible fatal or life-altering consequence.,SIF_LABELING_GUIDE_V0_1
OSHA-SIR-2016010758,SIF_POTENTIAL,0.96,"Stored pressure, tension, projectile, or hose-whip energy",Personnel were in the release or projectile line of fire,"Isolation, depressurization, restraint, or containment failed","Credible fatal impact, penetration, major amputation, or internal trauma",Uncontrolled stored energy exposed personnel to a credible fatal or life-altering release consequence.,SIF_LABELING_GUIDE_V0_1
OSHA-SIR-2016043242,SIF_POTENTIAL,0.93,"Heavy moving, shifting, rolling, or collapsing equipment",Personnel occupied the crush or line-of-fire zone,"Stability, exclusion-zone, or movement control failed",Credible fatal or life-altering crush trauma,A person was exposed to uncontrolled heavy movement with credible fatal or life-altering crush potential.,SIF_LABELING_GUIDE_V0_1
OSHA-SIR-2018054484,SIF_POTENTIAL,0.95,"Suspended, lifted, or falling heavy load",Personnel were beneath or immediately beside the load path,"Load support, retention, rigging, or exclusion control failed",Credible fatal crushing or catastrophic head and body trauma,The uncontrolled load and occupied drop zone support a credible fatal or life-altering consequence.,SIF_LABELING_GUIDE_V0_1
OSHA-SIR-2016076909,SIF_POTENTIAL,0.95,"Suspended, lifted, or falling heavy load",Personnel were beneath or immediately beside the load path,"Load support, retention, rigging, or exclusion control failed",Credible fatal crushing or catastrophic head and body trauma,The uncontrolled load and occupied drop zone support a credible fatal or life-altering consequence.,SIF_LABELING_GUIDE_V0_1
OSHA-SIR-2015010024,SIF_POTENTIAL,0.96,"Stored pressure, tension, projectile, or hose-whip energy",Personnel were in the release or projectile line of fire,"Isolation, depressurization, restraint, or containment failed","Credible fatal impact, penetration, major amputation, or internal trauma",Uncontrolled stored energy exposed personnel to a credible fatal or life-altering release consequence.,SIF_LABELING_GUIDE_V0_1
OSHA-SIR-2020021385,SIF_POTENTIAL,0.93,"Heavy moving, shifting, rolling, or collapsing equipment",Personnel occupied the crush or line-of-fire zone,"Stability, exclusion-zone, or movement control failed",Credible fatal or life-altering crush trauma,A person was exposed to uncontrolled heavy movement with credible fatal or life-altering crush potential.,SIF_LABELING_GUIDE_V0_1
OSHA-SIR-2018032710,UNCERTAIN,0.56,Equipment or object energy of unspecified magnitude,"Personnel contact is described, but the full exposure zone is unclear","Critical equipment, isolation, support, or guarding details are missing",Insufficient evidence to establish or exclude fatal or life-altering potential,The equipment mechanism and critical-control details are insufficient for a reliable SIF-potential judgment.,SIF_LABELING_GUIDE_V0_1
OSHA-SIR-2016065729,NON_SIF_POTENTIAL,0.93,"Door, gate, or hinge pinch energy",A hand or finger entered the closing pinch point,Hand clearance from the closing path was not maintained,Localized hand injury without supported fatal or life-altering potential,The closing-door pinch is localized and lacks credible fatal or life-altering escalation.,SIF_LABELING_GUIDE_V0_1
OSHA-SIR-2020076617,NON_SIF_POTENTIAL,0.89,Localized hand or finger pinch and crush energy,A hand or finger entered the immediate pinch point,Hand placement or local separation control failed,Localized hand injury without a supported fatal or life-altering escalation,The narrative supports a localized low-energy pinch exposure without credible fatal or life-altering escalation.,SIF_LABELING_GUIDE_V0_1
OSHA-SIR-20171010045,SIF_POTENTIAL,0.93,"Heavy moving, shifting, rolling, or collapsing equipment",Personnel occupied the crush or line-of-fire zone,"Stability, exclusion-zone, or movement control failed",Credible fatal or life-altering crush trauma,A person was exposed to uncontrolled heavy movement with credible fatal or life-altering crush potential.,SIF_LABELING_GUIDE_V0_1
OSHA-SIR-20231211765,NON_SIF_POTENTIAL,0.93,"Door, gate, or hinge pinch energy",A hand or finger entered the closing pinch point,Hand clearance from the closing path was not maintained,Localized hand injury without supported fatal or life-altering potential,The closing-door pinch is localized and lacks credible fatal or life-altering escalation.,SIF_LABELING_GUIDE_V0_1
OSHA-SIR-20201111093,SIF_POTENTIAL,0.95,Moving vehicle or mobile-equipment kinetic energy,"An occupant or pedestrian was in the collision, rollover, or run-over path","Traffic separation, spotting, restraint, stability, or vehicle control failed","Credible fatal collision, rollover, ejection, or crush trauma",The uncontrolled vehicle interaction supports a credible fatal or life-altering consequence.,SIF_LABELING_GUIDE_V0_1
OSHA-SIR-2019054745,SIF_POTENTIAL,0.93,"Heavy moving, shifting, rolling, or collapsing equipment",Personnel occupied the crush or line-of-fire zone,"Stability, exclusion-zone, or movement control failed",Credible fatal or life-altering crush trauma,A person was exposed to uncontrolled heavy movement with credible fatal or life-altering crush potential.,SIF_LABELING_GUIDE_V0_1
OSHA-SIR-2015010444,SIF_POTENTIAL,0.95,Moving vehicle or mobile-equipment kinetic energy,"An occupant or pedestrian was in the collision, rollover, or run-over path","Traffic separation, spotting, restraint, stability, or vehicle control failed","Credible fatal collision, rollover, ejection, or crush trauma",The uncontrolled vehicle interaction supports a credible fatal or life-altering consequence.,SIF_LABELING_GUIDE_V0_1
OSHA-SIR-2018065466,NON_SIF_POTENTIAL,0.89,Localized hand or finger pinch and crush energy,A hand or finger entered the immediate pinch point,Hand placement or local separation control failed,Localized hand injury without a supported fatal or life-altering escalation,The narrative supports a localized low-energy pinch exposure without credible fatal or life-altering escalation.,SIF_LABELING_GUIDE_V0_1
OSHA-SIR-2015031093,SIF_POTENTIAL,0.93,"Heavy moving, shifting, rolling, or collapsing equipment",Personnel occupied the crush or line-of-fire zone,"Stability, exclusion-zone, or movement control failed",Credible fatal or life-altering crush trauma,A person was exposed to uncontrolled heavy movement with credible fatal or life-altering crush potential.,SIF_LABELING_GUIDE_V0_1
OSHA-SIR-20171212120,SIF_POTENTIAL,0.93,"Heavy moving, shifting, rolling, or collapsing equipment",Personnel occupied the crush or line-of-fire zone,"Stability, exclusion-zone, or movement control failed",Credible fatal or life-altering crush trauma,A person was exposed to uncontrolled heavy movement with credible fatal or life-altering crush potential.,SIF_LABELING_GUIDE_V0_1
OSHA-SIR-2017043386,NON_SIF_POTENTIAL,0.89,Localized hand or finger pinch and crush energy,A hand or finger entered the immediate pinch point,Hand placement or local separation control failed,Localized hand injury without a supported fatal or life-altering escalation,The narrative supports a localized low-energy pinch exposure without credible fatal or life-altering escalation.,SIF_LABELING_GUIDE_V0_1
OSHA-SIR-2019021931,SIF_POTENTIAL,0.93,"Heavy moving, shifting, rolling, or collapsing equipment",Personnel occupied the crush or line-of-fire zone,"Stability, exclusion-zone, or movement control failed",Credible fatal or life-altering crush trauma,A person was exposed to uncontrolled heavy movement with credible fatal or life-altering crush potential.,SIF_LABELING_GUIDE_V0_1
OSHA-SIR-2022098322,SIF_POTENTIAL,0.93,"Heavy moving, shifting, rolling, or collapsing equipment",Personnel occupied the crush or line-of-fire zone,"Stability, exclusion-zone, or movement control failed",Credible fatal or life-altering crush trauma,A person was exposed to uncontrolled heavy movement with credible fatal or life-altering crush potential.,SIF_LABELING_GUIDE_V0_1
OSHA-SIR-2021119791,SIF_POTENTIAL,0.95,"Suspended, lifted, or falling heavy load",Personnel were beneath or immediately beside the load path,"Load support, retention, rigging, or exclusion control failed",Credible fatal crushing or catastrophic head and body trauma,The uncontrolled load and occupied drop zone support a credible fatal or life-altering consequence.,SIF_LABELING_GUIDE_V0_1
OSHA-SIR-2018099398,SIF_POTENTIAL,0.95,Moving vehicle or mobile-equipment kinetic energy,"An occupant or pedestrian was in the collision, rollover, or run-over path","Traffic separation, spotting, restraint, stability, or vehicle control failed","Credible fatal collision, rollover, ejection, or crush trauma",The uncontrolled vehicle interaction supports a credible fatal or life-altering consequence.,SIF_LABELING_GUIDE_V0_1
OSHA-SIR-2015118264,SIF_POTENTIAL,0.95,"Suspended, lifted, or falling heavy load",Personnel were beneath or immediately beside the load path,"Load support, retention, rigging, or exclusion control failed",Credible fatal crushing or catastrophic head and body trauma,The uncontrolled load and occupied drop zone support a credible fatal or life-altering consequence.,SIF_LABELING_GUIDE_V0_1
OSHA-SIR-2015021264,SIF_POTENTIAL,0.95,"Suspended, lifted, or falling heavy load",Personnel were beneath or immediately beside the load path,"Load support, retention, rigging, or exclusion control failed",Credible fatal crushing or catastrophic head and body trauma,The uncontrolled load and occupied drop zone support a credible fatal or life-altering consequence.,SIF_LABELING_GUIDE_V0_1
OSHA-SIR-2015010399,SIF_POTENTIAL,0.95,"Suspended, lifted, or falling heavy load",Personnel were beneath or immediately beside the load path,"Load support, retention, rigging, or exclusion control failed",Credible fatal crushing or catastrophic head and body trauma,The uncontrolled load and occupied drop zone support a credible fatal or life-altering consequence.,SIF_LABELING_GUIDE_V0_1
OSHA-SIR-2015010670,SIF_POTENTIAL,0.96,"Stored pressure, tension, projectile, or hose-whip energy",Personnel were in the release or projectile line of fire,"Isolation, depressurization, restraint, or containment failed","Credible fatal impact, penetration, major amputation, or internal trauma",Uncontrolled stored energy exposed personnel to a credible fatal or life-altering release consequence.,SIF_LABELING_GUIDE_V0_1
OSHA-SIR-2019077628,SIF_POTENTIAL,0.95,"Suspended, lifted, or falling heavy load",Personnel were beneath or immediately beside the load path,"Load support, retention, rigging, or exclusion control failed",Credible fatal crushing or catastrophic head and body trauma,The uncontrolled load and occupied drop zone support a credible fatal or life-altering consequence.,SIF_LABELING_GUIDE_V0_1
OSHA-SIR-20161110668,SIF_POTENTIAL,0.96,"Stored pressure, tension, projectile, or hose-whip energy",Personnel were in the release or projectile line of fire,"Isolation, depressurization, restraint, or containment failed","Credible fatal impact, penetration, major amputation, or internal trauma",Uncontrolled stored energy exposed personnel to a credible fatal or life-altering release consequence.,SIF_LABELING_GUIDE_V0_1
OSHA-SIR-2015096308,NON_SIF_POTENTIAL,0.93,"Door, gate, or hinge pinch energy",A hand or finger entered the closing pinch point,Hand clearance from the closing path was not maintained,Localized hand injury without supported fatal or life-altering potential,The closing-door pinch is localized and lacks credible fatal or life-altering escalation.,SIF_LABELING_GUIDE_V0_1
OSHA-SIR-2015020726,SIF_POTENTIAL,0.93,"Heavy moving, shifting, rolling, or collapsing equipment",Personnel occupied the crush or line-of-fire zone,"Stability, exclusion-zone, or movement control failed",Credible fatal or life-altering crush trauma,A person was exposed to uncontrolled heavy movement with credible fatal or life-altering crush potential.,SIF_LABELING_GUIDE_V0_1
OSHA-SIR-2016021254,SIF_POTENTIAL,0.93,"Heavy moving, shifting, rolling, or collapsing equipment",Personnel occupied the crush or line-of-fire zone,"Stability, exclusion-zone, or movement control failed",Credible fatal or life-altering crush trauma,A person was exposed to uncontrolled heavy movement with credible fatal or life-altering crush potential.,SIF_LABELING_GUIDE_V0_1
OSHA-SIR-2021032721,NON_SIF_POTENTIAL,0.93,"Door, gate, or hinge pinch energy",A hand or finger entered the closing pinch point,Hand clearance from the closing path was not maintained,Localized hand injury without supported fatal or life-altering potential,The closing-door pinch is localized and lacks credible fatal or life-altering escalation.,SIF_LABELING_GUIDE_V0_1
OSHA-SIR-2019065947,SIF_POTENTIAL,0.95,"Suspended, lifted, or falling heavy load",Personnel were beneath or immediately beside the load path,"Load support, retention, rigging, or exclusion control failed",Credible fatal crushing or catastrophic head and body trauma,The uncontrolled load and occupied drop zone support a credible fatal or life-altering consequence.,SIF_LABELING_GUIDE_V0_1
OSHA-SIR-2015052803,SIF_POTENTIAL,0.95,Moving vehicle or mobile-equipment kinetic energy,"An occupant or pedestrian was in the collision, rollover, or run-over path","Traffic separation, spotting, restraint, stability, or vehicle control failed","Credible fatal collision, rollover, ejection, or crush trauma",The uncontrolled vehicle interaction supports a credible fatal or life-altering consequence.,SIF_LABELING_GUIDE_V0_1
OSHA-SIR-20181212860,SIF_POTENTIAL,0.95,Moving vehicle or mobile-equipment kinetic energy,"An occupant or pedestrian was in the collision, rollover, or run-over path","Traffic separation, spotting, restraint, stability, or vehicle control failed","Credible fatal collision, rollover, ejection, or crush trauma",The uncontrolled vehicle interaction supports a credible fatal or life-altering consequence.,SIF_LABELING_GUIDE_V0_1
OSHA-SIR-2019054968,SIF_POTENTIAL,0.93,"Heavy moving, shifting, rolling, or collapsing equipment",Personnel occupied the crush or line-of-fire zone,"Stability, exclusion-zone, or movement control failed",Credible fatal or life-altering crush trauma,A person was exposed to uncontrolled heavy movement with credible fatal or life-altering crush potential.,SIF_LABELING_GUIDE_V0_1
OSHA-SIR-2019065723,SIF_POTENTIAL,0.93,"Heavy moving, shifting, rolling, or collapsing equipment",Personnel occupied the crush or line-of-fire zone,"Stability, exclusion-zone, or movement control failed",Credible fatal or life-altering crush trauma,A person was exposed to uncontrolled heavy movement with credible fatal or life-altering crush potential.,SIF_LABELING_GUIDE_V0_1
OSHA-SIR-2018076959,SIF_POTENTIAL,0.98,"Energized electrical equipment, arc flash, or overhead power line",Personnel or conductive equipment entered the electrical hazard zone,"De-energization, approach-distance, grounding, or arc-flash control failed","Credible electrocution, fatal arc burns, or life-altering injury",Personnel exposure to uncontrolled electrical energy supports a credible fatal or life-altering consequence.,SIF_LABELING_GUIDE_V0_1
OSHA-SIR-2015118721,UNCERTAIN,0.55,Potential lower-level fall or opening of unspecified depth,"Personnel were near the fall hazard, but the credible fall path is unclear","Height, edge protection, or fall-protection details are missing",Insufficient evidence to establish or exclude fatal or life-altering fall trauma,The fall height and protective-barrier evidence are insufficient for a reliable SIF-potential judgment.,SIF_LABELING_GUIDE_V0_1
OSHA-SIR-2015053054,SIF_POTENTIAL,0.97,"Fire, explosion, or ignitable hydrocarbon energy","Personnel were within the flame, heat, or blast zone","Fuel containment, isolation, ignition control, or verification failed","Credible fatal burns, blast trauma, or smoke inhalation",The described fire or explosion exposure supports a credible fatal or life-altering consequence.,SIF_LABELING_GUIDE_V0_1
OSHA-SIR-2022010682,SIF_POTENTIAL,0.97,"Fire, explosion, or ignitable hydrocarbon energy","Personnel were within the flame, heat, or blast zone","Fuel containment, isolation, ignition control, or verification failed","Credible fatal burns, blast trauma, or smoke inhalation",The described fire or explosion exposure supports a credible fatal or life-altering consequence.,SIF_LABELING_GUIDE_V0_1
OSHA-SIR-20161010153,SIF_POTENTIAL,0.97,"Fire, explosion, or ignitable hydrocarbon energy","Personnel were within the flame, heat, or blast zone","Fuel containment, isolation, ignition control, or verification failed","Credible fatal burns, blast trauma, or smoke inhalation",The described fire or explosion exposure supports a credible fatal or life-altering consequence.,SIF_LABELING_GUIDE_V0_1
OSHA-SIR-20251010643,SIF_POTENTIAL,0.86,"Venomous, anaphylactic, or high-force animal exposure","Personnel were bitten, stung, or struck by the animal","Detection, avoidance, exclusion, or emergency control was ineffective","Credible fatal envenomation, anaphylaxis, or life-altering trauma",The described animal exposure supports a credible fatal or life-altering consequence.,SIF_LABELING_GUIDE_V0_1
OSHA-SIR-2024032752,NON_SIF_POTENTIAL,0.89,Localized hand or finger pinch and crush energy,A hand or finger entered the immediate pinch point,Hand placement or local separation control failed,Localized hand injury without a supported fatal or life-altering escalation,The narrative supports a localized low-energy pinch exposure without credible fatal or life-altering escalation.,SIF_LABELING_GUIDE_V0_1
