report_id,scenario_family,primary_lsr_design,secondary_scenario_design,cohort_id,control_state_design,site_trend_design,word_count,normalized_narrative,observed_risk,observed_sif_decision,observed_assigned_lsr_ids,observed_unavailable_rule_ids,meaningful_hazard_extraction
DEMO500-0001,Driving,LSR03,none,driving-cohort-1,high,declining,89,"at echo valley works in the internal access road, the rigger prepared driving during the task execution stage. the equipment was light vehicle and reversing camera. the driver was distracted and the vehicle veered toward a pedestrian. a vehicle crash was narrowly avoided. a pedestrian was within the vehicle line of travel. the expected seatbelt, spotter, speed limit, and journey plan was not verified. no serious injury occurred, but severe harm was credible. work stopped, the control was restored, and the event was recorded. demo sequence 0001 was logged.",High,SIF_POTENTIAL,['LSR03'],"['LSR01', 'LSR02', 'LSR08']",True
DEMO500-0002,Driving,LSR03,none,driving-cohort-2,high,rising,89,"at blue mesa yard in the internal access road, the operator prepared driving during verification. the equipment was light vehicle and reversing camera. the vehicle was speeding and the driver lost control. the driver was distracted and the vehicle veered toward a pedestrian. a pedestrian was within the vehicle line of travel. the expected seatbelt, spotter, speed limit, and journey plan was not verified. no serious injury occurred, but severe harm was credible. work stopped, the control was restored, and the event was recorded. demo sequence 0002 was logged.",High,SIF_POTENTIAL,['LSR03'],"['LSR01', 'LSR02', 'LSR08']",True
DEMO500-0003,Driving,LSR03,none,driving-cohort-2,high,stable,104,"at delta point facility in the internal access road, the driver prepared pressure testing during the pre-job setup stage. the equipment was light vehicle and reversing camera. the driver was distracted and the vehicle veered toward a pedestrian. a vehicle crash was narrowly avoided. a pedestrian was within the vehicle line of travel. the expected seatbelt, spotter, speed limit, and journey plan was not verified. no serious injury occurred, but severe harm was credible. work stopped, the control was restored, and the event was recorded. demo sequence 0003 was logged. the vehicle was speeding and the driver lost control. demo sequence 0003 was logged.",High,SIF_POTENTIAL,['LSR03'],"['LSR01', 'LSR02', 'LSR08']",True
DEMO500-0004,Driving,LSR03,Working at height,driving-cohort-2,high,rising,109,"at aurora basin in the internal access road, the rigger prepared drilling during the task execution stage. the equipment was light vehicle and reversing camera. the driver was distracted and the vehicle veered toward a pedestrian. a vehicle crash was narrowly avoided. a pedestrian was within the vehicle line of travel. the expected seatbelt, spotter, speed limit, and journey plan was not verified. a secondary check also covered this area, and a parked trolley was moved clear of the marked route before work stopped. no serious injury occurred, but severe harm was credible. work stopped, the control was restored, and the event was recorded. demo sequence 0004 was logged.",High,SIF_POTENTIAL,['LSR03'],"['LSR01', 'LSR02', 'LSR08']",True
DEMO500-0005,Driving,LSR03,none,driving-cohort-1,high,stable,89,"at cedar ridge station in the internal access road, the driver prepared driving during setup. the equipment was light vehicle and reversing camera. the vehicle was speeding and the driver lost control. the driver was distracted and the vehicle veered toward a pedestrian. a pedestrian was within the vehicle line of travel. the expected seatbelt, spotter, speed limit, and journey plan was not verified. no serious injury occurred, but severe harm was credible. work stopped, the control was restored, and the event was recorded. demo sequence 0005 was logged.",High,SIF_POTENTIAL,['LSR03'],"['LSR01', 'LSR02', 'LSR08']",True
DEMO500-0006,Driving,LSR03,none,driving-cohort-1,high,declining,88,"at frostline depot in the internal access road, the technician prepared driving during verification. the equipment was light vehicle and reversing camera. the vehicle was speeding and the driver lost control. the driver was distracted and the vehicle veered toward a pedestrian. a pedestrian was within the vehicle line of travel. the expected seatbelt, spotter, speed limit, and journey plan was not verified. no serious injury occurred, but severe harm was credible. work stopped, the control was restored, and the event was recorded. demo sequence 0006 was logged.",High,SIF_POTENTIAL,['LSR03'],"['LSR01', 'LSR02', 'LSR08']",True
DEMO500-0007,Driving,LSR03,none,driving-cohort-1,high,stable,89,"at cedar ridge station in the internal access road, the inspector prepared driving during positioning. the equipment was light vehicle and reversing camera. the vehicle was speeding and the driver lost control. the driver was distracted and the vehicle veered toward a pedestrian. a pedestrian was within the vehicle line of travel. the expected seatbelt, spotter, speed limit, and journey plan was not verified. no serious injury occurred, but severe harm was credible. work stopped, the control was restored, and the event was recorded. demo sequence 0007 was logged.",High,SIF_POTENTIAL,['LSR03'],"['LSR01', 'LSR02', 'LSR08']",True
DEMO500-0008,Driving,LSR03,Confined space,driving-cohort-1,high,stable,111,"at delta point facility in the internal access road, the inspector prepared hot work during the task execution stage. the equipment was light vehicle and reversing camera. the driver was distracted and the vehicle veered toward a pedestrian. a vehicle crash was narrowly avoided. a pedestrian was within the vehicle line of travel. the expected seatbelt, spotter, speed limit, and journey plan was not verified. a secondary check also covered this area, and a parked trolley was moved clear of the marked route before work stopped. no serious injury occurred, but severe harm was credible. work stopped, the control was restored, and the event was recorded. demo sequence 0008 was logged.",High,SIF_POTENTIAL,['LSR03'],"['LSR01', 'LSR02', 'LSR08']",True
DEMO500-0009,Driving,LSR03,none,driving-cohort-1,high,stable,89,"at delta point facility in the internal access road, the inspector prepared driving during positioning. the equipment was light vehicle and reversing camera. the vehicle was speeding and the driver lost control. the driver was distracted and the vehicle veered toward a pedestrian. a pedestrian was within the vehicle line of travel. the expected seatbelt, spotter, speed limit, and journey plan was not verified. no serious injury occurred, but severe harm was credible. work stopped, the control was restored, and the event was recorded. demo sequence 0009 was logged.",High,SIF_POTENTIAL,['LSR03'],"['LSR01', 'LSR02', 'LSR08']",True
DEMO500-0010,Driving,LSR03,none,driving-cohort-2,high,rising,88,"at aurora basin in the internal access road, the rigger prepared driving during the task execution stage. the equipment was light vehicle and reversing camera. the driver was distracted and the vehicle veered toward a pedestrian. a vehicle crash was narrowly avoided. a pedestrian was within the vehicle line of travel. the expected seatbelt, spotter, speed limit, and journey plan was not verified. no serious injury occurred, but severe harm was credible. work stopped, the control was restored, and the event was recorded. demo sequence 0010 was logged.",High,SIF_POTENTIAL,['LSR03'],"['LSR01', 'LSR02', 'LSR08']",True
DEMO500-0011,Energy isolation,LSR04,none,energy_isolation-cohort-2,high,declining,75,"at echo valley works in the valve gallery, the operator prepared valve maintenance during the equipment positioning stage. the equipment was process valve and stored-pressure line. stored pressure was not completely isolated. the technician stood in the pressure release path. the expected lockout, drain, and zero-energy verification was not verified. no serious injury occurred, but severe harm was credible. work stopped, the control was restored, and the event was recorded. demo sequence 0011 was logged.",High,SIF_POTENTIAL,['LSR04'],"['LSR01', 'LSR02', 'LSR08']",True
DEMO500-0012,Energy isolation,LSR04,Routine work,energy_isolation-cohort-1,high,declining,96,"at frostline depot in the valve gallery, the driver prepared hot work during the pre-job setup stage. the equipment was process valve and stored-pressure line. stored pressure was not completely isolated. the technician stood in the pressure release path. the expected lockout, drain, and zero-energy verification was not verified. a secondary check also covered this area, and a pressure gauge was checked before the work boundary was reset before work stopped. no serious injury occurred, but severe harm was credible. work stopped, the control was restored, and the event was recorded. demo sequence 0012 was logged.",High,SIF_POTENTIAL,['LSR04'],"['LSR01', 'LSR02', 'LSR08']",True
DEMO500-0013,Energy isolation,LSR04,none,energy_isolation-cohort-2,high,declining,75,"at echo valley works in the valve gallery, the supervisor prepared pressure testing during the pre-job setup stage. the equipment was process valve and stored-pressure line. stored pressure was not completely isolated. the technician stood in the pressure release path. the expected lockout, drain, and zero-energy verification was not verified. no serious injury occurred, but severe harm was credible. work stopped, the control was restored, and the event was recorded. demo sequence 0013 was logged.",High,SIF_POTENTIAL,['LSR04'],"['LSR01', 'LSR02', 'LSR08']",True
DEMO500-0014,Energy isolation,LSR04,none,energy_isolation-cohort-2,high,stable,96,"at cedar ridge station in the valve gallery, the operator prepared drilling during the isolation check stage. the equipment was process valve and stored-pressure line. stored pressure was not completely isolated. the technician stood in the pressure release path. the expected lockout, drain, and zero-energy verification was not verified. no serious injury occurred, but severe harm was credible. work stopped, the control was restored, and the event was recorded. the task status, work boundary, equipment condition, and immediate response were entered in the synthetic shift log for a complete demonstration record. demo sequence 0014 was logged.",High,SIF_POTENTIAL,['LSR04'],"['LSR01', 'LSR02', 'LSR08']",True
DEMO500-0015,Energy isolation,LSR04,none,energy_isolation-cohort-2,high,rising,75,"at blue mesa yard in the valve gallery, the rigger prepared pressure testing during the post-task check stage. the equipment was process valve and stored-pressure line. stored pressure was not completely isolated. the technician stood in the pressure release path. the expected lockout, drain, and zero-energy verification was not verified. no serious injury occurred, but severe harm was credible. work stopped, the control was restored, and the event was recorded. demo sequence 0015 was logged.",High,SIF_POTENTIAL,['LSR04'],"['LSR01', 'LSR02', 'LSR08']",True
DEMO500-0016,Energy isolation,LSR04,Driving,energy_isolation-cohort-1,high,declining,97,"at echo valley works in the valve gallery, the inspector prepared hot work during the task execution stage. the equipment was process valve and stored-pressure line. stored pressure was not completely isolated. the technician stood in the pressure release path. the expected lockout, drain, and zero-energy verification was not verified. a secondary check also covered this area, and a pressure gauge was checked before the work boundary was reset before work stopped. no serious injury occurred, but severe harm was credible. work stopped, the control was restored, and the event was recorded. demo sequence 0016 was logged.",High,SIF_POTENTIAL,['LSR04'],"['LSR01', 'LSR02', 'LSR08']",True
DEMO500-0017,Energy isolation,LSR04,none,energy_isolation-cohort-1,high,stable,75,"at delta point facility in the valve gallery, the inspector prepared mechanical lifting during the task execution stage. the equipment was process valve and stored-pressure line. stored pressure was not completely isolated. the technician stood in the pressure release path. the expected lockout, drain, and zero-energy verification was not verified. no serious injury occurred, but severe harm was credible. work stopped, the control was restored, and the event was recorded. demo sequence 0017 was logged.",High,SIF_POTENTIAL,['LSR04'],"['LSR01', 'LSR02', 'LSR08']",True
DEMO500-0018,Energy isolation,LSR04,none,energy_isolation-cohort-2,high,declining,95,"at frostline depot in the valve gallery, the operator prepared drilling during the equipment positioning stage. the equipment was process valve and stored-pressure line. stored pressure was not completely isolated. the technician stood in the pressure release path. the expected lockout, drain, and zero-energy verification was not verified. no serious injury occurred, but severe harm was credible. work stopped, the control was restored, and the event was recorded. the task status, work boundary, equipment condition, and immediate response were entered in the synthetic shift log for a complete demonstration record. demo sequence 0018 was logged.",High,SIF_POTENTIAL,['LSR04'],"['LSR01', 'LSR02', 'LSR08']",True
DEMO500-0019,Energy isolation,LSR04,none,energy_isolation-cohort-1,high,declining,75,"at echo valley works in the valve gallery, the technician prepared valve maintenance during the isolation check stage. the equipment was process valve and stored-pressure line. stored pressure was not completely isolated. the technician stood in the pressure release path. the expected lockout, drain, and zero-energy verification was not verified. no serious injury occurred, but severe harm was credible. work stopped, the control was restored, and the event was recorded. demo sequence 0019 was logged.",High,SIF_POTENTIAL,['LSR04'],"['LSR01', 'LSR02', 'LSR08']",True
DEMO500-0020,Energy isolation,LSR04,Driving,energy_isolation-cohort-1,high,declining,96,"at frostline depot in the valve gallery, the driver prepared electrical maintenance during the pre-job setup stage. the equipment was process valve and stored-pressure line. stored pressure was not completely isolated. the technician stood in the pressure release path. the expected lockout, drain, and zero-energy verification was not verified. a secondary check also covered this area, and a pressure gauge was checked before the work boundary was reset before work stopped. no serious injury occurred, but severe harm was credible. work stopped, the control was restored, and the event was recorded. demo sequence 0020 was logged.",High,SIF_POTENTIAL,['LSR04'],"['LSR01', 'LSR02', 'LSR08']",True
DEMO500-0021,Hot work,LSR05,none,hot_work-cohort-1,high,rising,87,"at aurora basin in the fabrication bay, the technician prepared mechanical lifting during the pre-job setup stage. the equipment was welding torch, gas cylinder, and nearby vapour source. welding started near flammable gas before the ignition source was controlled. the welder was beside the potential fire and explosion path. the expected permit, gas test, fire watch, and ignition-source control was not verified. no serious injury occurred, but severe harm was credible. work stopped, the control was restored, and the event was recorded. demo sequence 0021 was logged.",High,SIF_POTENTIAL,['LSR05'],"['LSR01', 'LSR02', 'LSR08']",True
DEMO500-0022,Hot work,LSR05,none,hot_work-cohort-1,high,rising,86,"at aurora basin in the fabrication bay, the driver prepared inspection during the pre-job setup stage. the equipment was welding torch, gas cylinder, and nearby vapour source. welding started near flammable gas before the ignition source was controlled. the welder was beside the potential fire and explosion path. the expected permit, gas test, fire watch, and ignition-source control was not verified. no serious injury occurred, but severe harm was credible. work stopped, the control was restored, and the event was recorded. demo sequence 0022 was logged.",High,SIF_POTENTIAL,['LSR05'],"['LSR01', 'LSR02', 'LSR08']",True
DEMO500-0023,Hot work,LSR05,none,hot_work-cohort-2,high,stable,88,"at delta point facility in the fabrication bay, the rigger prepared hot work during the post-task check stage. the equipment was welding torch, gas cylinder, and nearby vapour source. welding started near flammable gas before the ignition source was controlled. the welder was beside the potential fire and explosion path. the expected permit, gas test, fire watch, and ignition-source control was not verified. no serious injury occurred, but severe harm was credible. work stopped, the control was restored, and the event was recorded. demo sequence 0023 was logged.",High,SIF_POTENTIAL,['LSR05'],"['LSR01', 'LSR02', 'LSR08']",True
DEMO500-0024,Hot work,LSR05,Work authorization,hot_work-cohort-2,high,rising,107,"at aurora basin in the fabrication bay, the rigger prepared inspection during the post-task check stage. the equipment was welding torch, gas cylinder, and nearby vapour source. welding started near flammable gas before the ignition source was controlled. the welder was beside the potential fire and explosion path. the expected permit, gas test, fire watch, and ignition-source control was not verified. a secondary check also covered this area, and a portable grinder was isolated before the bay was cleared before work stopped. no serious injury occurred, but severe harm was credible. work stopped, the control was restored, and the event was recorded. demo sequence 0024 was logged.",High,SIF_POTENTIAL,['LSR05'],"['LSR01', 'LSR02', 'LSR08']",True
DEMO500-0025,Hot work,LSR05,none,hot_work-cohort-1,high,rising,86,"at aurora basin in the fabrication bay, the driver prepared drilling during the pre-job setup stage. the equipment was welding torch, gas cylinder, and nearby vapour source. welding started near flammable gas before the ignition source was controlled. the welder was beside the potential fire and explosion path. the expected permit, gas test, fire watch, and ignition-source control was not verified. no serious injury occurred, but severe harm was credible. work stopped, the control was restored, and the event was recorded. demo sequence 0025 was logged.",High,SIF_POTENTIAL,['LSR05'],"['LSR01', 'LSR02', 'LSR08']",True
DEMO500-0026,Hot work,LSR05,none,hot_work-cohort-2,high,declining,88,"at echo valley works in the fabrication bay, the rigger prepared electrical maintenance during the task execution stage. the equipment was welding torch, gas cylinder, and nearby vapour source. welding started near flammable gas before the ignition source was controlled. the welder was beside the potential fire and explosion path. the expected permit, gas test, fire watch, and ignition-source control was not verified. no serious injury occurred, but severe harm was credible. work stopped, the control was restored, and the event was recorded. demo sequence 0026 was logged.",High,SIF_POTENTIAL,['LSR05'],"['LSR01', 'LSR02', 'LSR08']",True
DEMO500-0027,Hot work,LSR05,none,hot_work-cohort-1,high,declining,88,"at echo valley works in the fabrication bay, the inspector prepared valve maintenance during the task execution stage. the equipment was welding torch, gas cylinder, and nearby vapour source. welding started near flammable gas before the ignition source was controlled. the welder was beside the potential fire and explosion path. the expected permit, gas test, fire watch, and ignition-source control was not verified. no serious injury occurred, but severe harm was credible. work stopped, the control was restored, and the event was recorded. demo sequence 0027 was logged.",High,SIF_POTENTIAL,['LSR05'],"['LSR01', 'LSR02', 'LSR08']",True
DEMO500-0028,Hot work,LSR05,Mechanical lifting,hot_work-cohort-2,high,rising,107,"at aurora basin in the fabrication bay, the operator prepared inspection during the isolation check stage. the equipment was welding torch, gas cylinder, and nearby vapour source. welding started near flammable gas before the ignition source was controlled. the welder was beside the potential fire and explosion path. the expected permit, gas test, fire watch, and ignition-source control was not verified. a secondary check also covered this area, and a portable grinder was isolated before the bay was cleared before work stopped. no serious injury occurred, but severe harm was credible. work stopped, the control was restored, and the event was recorded. demo sequence 0028 was logged.",High,SIF_POTENTIAL,['LSR05'],"['LSR01', 'LSR02', 'LSR08']",True
DEMO500-0029,Hot work,LSR05,none,hot_work-cohort-1,high,rising,88,"at blue mesa yard in the fabrication bay, the driver prepared mechanical lifting during the post-task check stage. the equipment was welding torch, gas cylinder, and nearby vapour source. welding started near flammable gas before the ignition source was controlled. the welder was beside the potential fire and explosion path. the expected permit, gas test, fire watch, and ignition-source control was not verified. no serious injury occurred, but severe harm was credible. work stopped, the control was restored, and the event was recorded. demo sequence 0029 was logged.",High,SIF_POTENTIAL,['LSR05'],"['LSR01', 'LSR02', 'LSR08']",True
DEMO500-0030,Hot work,LSR05,none,hot_work-cohort-2,high,rising,87,"at aurora basin in the fabrication bay, the supervisor prepared pressure testing during the isolation check stage. the equipment was welding torch, gas cylinder, and nearby vapour source. welding started near flammable gas before the ignition source was controlled. the welder was beside the potential fire and explosion path. the expected permit, gas test, fire watch, and ignition-source control was not verified. no serious injury occurred, but severe harm was credible. work stopped, the control was restored, and the event was recorded. demo sequence 0030 was logged.",High,SIF_POTENTIAL,['LSR05'],"['LSR01', 'LSR02', 'LSR08']",True
DEMO500-0031,Line of fire,LSR06,none,line_of_fire-cohort-2,high,declining,85,"at echo valley works in the pipe rack laydown area, the operator prepared driving during the equipment positioning stage. the equipment was pipe spool and temporary lifting frame. a suspended load fell and struck a worker. a rigger stood in the line of fire beside the load path. the expected exclusion zone, tag line, and hands-off positioning was not verified. no serious injury occurred, but severe harm was credible. work stopped, the control was restored, and the event was recorded. demo sequence 0031 was logged.",High,SIF_POTENTIAL,['LSR06'],"['LSR01', 'LSR02', 'LSR08']",True
DEMO500-0032,Line of fire,LSR06,Working at height,line_of_fire-cohort-1,high,stable,106,"at cedar ridge station in the pipe rack laydown area, the driver prepared drilling during the post-task check stage. the equipment was pipe spool and temporary lifting frame. a suspended load fell and struck a worker. a rigger stood in the line of fire beside the load path. the expected exclusion zone, tag line, and hands-off positioning was not verified. a secondary check also covered this area, and a small hand tool was moved outside the marked boundary before work stopped. no serious injury occurred, but severe harm was credible. work stopped, the control was restored, and the event was recorded. demo sequence 0032 was logged.",High,SIF_POTENTIAL,['LSR06'],"['LSR01', 'LSR02', 'LSR08']",True
DEMO500-0033,Line of fire,LSR06,none,line_of_fire-cohort-1,high,rising,86,"at blue mesa yard in the pipe rack laydown area, the driver prepared valve maintenance during the post-task check stage. the equipment was pipe spool and temporary lifting frame. a suspended load fell and struck a worker. a rigger stood in the line of fire beside the load path. the expected exclusion zone, tag line, and hands-off positioning was not verified. no serious injury occurred, but severe harm was credible. work stopped, the control was restored, and the event was recorded. demo sequence 0033 was logged.",High,SIF_POTENTIAL,['LSR06'],"['LSR01', 'LSR02', 'LSR08']",True
DEMO500-0034,Line of fire,LSR06,none,line_of_fire-cohort-1,high,stable,85,"at delta point facility in the pipe rack laydown area, the driver prepared inspection during the post-task check stage. the equipment was pipe spool and temporary lifting frame. a suspended load fell and struck a worker. a rigger stood in the line of fire beside the load path. the expected exclusion zone, tag line, and hands-off positioning was not verified. no serious injury occurred, but severe harm was credible. work stopped, the control was restored, and the event was recorded. demo sequence 0034 was logged.",High,SIF_POTENTIAL,['LSR06'],"['LSR01', 'LSR02', 'LSR08']",True
DEMO500-0035,Line of fire,LSR06,none,line_of_fire-cohort-1,high,declining,85,"at frostline depot in the pipe rack laydown area, the driver prepared hot work during the pre-job setup stage. the equipment was pipe spool and temporary lifting frame. a suspended load fell and struck a worker. a rigger stood in the line of fire beside the load path. the expected exclusion zone, tag line, and hands-off positioning was not verified. no serious injury occurred, but severe harm was credible. work stopped, the control was restored, and the event was recorded. demo sequence 0035 was logged.",High,SIF_POTENTIAL,['LSR06'],"['LSR01', 'LSR02', 'LSR08']",True
DEMO500-0036,Line of fire,LSR06,Bypassed safety controls,line_of_fire-cohort-2,high,rising,107,"at blue mesa yard in the pipe rack laydown area, the rigger prepared hot work during the task execution stage. the equipment was pipe spool and temporary lifting frame. a suspended load fell and struck a worker. a rigger stood in the line of fire beside the load path. the expected exclusion zone, tag line, and hands-off positioning was not verified. a secondary check also covered this area, and a small hand tool was moved outside the marked boundary before work stopped. no serious injury occurred, but severe harm was credible. work stopped, the control was restored, and the event was recorded. demo sequence 0036 was logged.",High,SIF_POTENTIAL,['LSR06'],"['LSR01', 'LSR02', 'LSR08']",True
DEMO500-0037,Line of fire,LSR06,none,line_of_fire-cohort-2,high,declining,86,"at echo valley works in the pipe rack laydown area, the supervisor prepared hot work during the pre-job setup stage. the equipment was pipe spool and temporary lifting frame. a suspended load fell and struck a worker. a rigger stood in the line of fire beside the load path. the expected exclusion zone, tag line, and hands-off positioning was not verified. no serious injury occurred, but severe harm was credible. work stopped, the control was restored, and the event was recorded. demo sequence 0037 was logged.",High,SIF_POTENTIAL,['LSR06'],"['LSR01', 'LSR02', 'LSR08']",True
DEMO500-0038,Line of fire,LSR06,none,line_of_fire-cohort-2,high,stable,86,"at cedar ridge station in the pipe rack laydown area, the rigger prepared mechanical lifting during the post-task check stage. the equipment was pipe spool and temporary lifting frame. a suspended load fell and struck a worker. a rigger stood in the line of fire beside the load path. the expected exclusion zone, tag line, and hands-off positioning was not verified. no serious injury occurred, but severe harm was credible. work stopped, the control was restored, and the event was recorded. demo sequence 0038 was logged.",High,SIF_POTENTIAL,['LSR06'],"['LSR01', 'LSR02', 'LSR08']",True
DEMO500-0039,Line of fire,LSR06,none,line_of_fire-cohort-1,high,declining,85,"at echo valley works in the pipe rack laydown area, the inspector prepared drilling during the task execution stage. the equipment was pipe spool and temporary lifting frame. a suspended load fell and struck a worker. a rigger stood in the line of fire beside the load path. the expected exclusion zone, tag line, and hands-off positioning was not verified. no serious injury occurred, but severe harm was credible. work stopped, the control was restored, and the event was recorded. demo sequence 0039 was logged.",High,SIF_POTENTIAL,['LSR06'],"['LSR01', 'LSR02', 'LSR08']",True
DEMO500-0040,Line of fire,LSR06,Routine work,line_of_fire-cohort-2,high,declining,106,"at frostline depot in the pipe rack laydown area, the rigger prepared mechanical lifting during the task execution stage. the equipment was pipe spool and temporary lifting frame. a suspended load fell and struck a worker. a rigger stood in the line of fire beside the load path. the expected exclusion zone, tag line, and hands-off positioning was not verified. a secondary check also covered this area, and a small hand tool was moved outside the marked boundary before work stopped. no serious injury occurred, but severe harm was credible. work stopped, the control was restored, and the event was recorded. demo sequence 0040 was logged.",High,SIF_POTENTIAL,['LSR06'],"['LSR01', 'LSR02', 'LSR08']",True
DEMO500-0041,Mechanical lifting,LSR07,none,mechanical_lifting-cohort-1,high,rising,91,"at blue mesa yard in the lifting pad, the inspector prepared mechanical lifting during the equipment positioning stage. the equipment was crane, sling, and suspended load. the crane, hoist, and rigging failed while the load was lifted. a suspended load fell and struck a worker. the rigger was under or beside the suspended load. the expected lift plan, inspected rigging, and exclusion zone was not verified. no serious injury occurred, but severe harm was credible. work stopped, the control was restored, and the event was recorded. demo sequence 0041 was logged.",High,SIF_POTENTIAL,"['LSR06', 'LSR07']","['LSR01', 'LSR02', 'LSR08']",True
DEMO500-0042,Mechanical lifting,LSR07,none,mechanical_lifting-cohort-2,high,rising,106,"at aurora basin in the lifting pad, the technician prepared valve maintenance during the equipment positioning stage. the equipment was crane, sling, and suspended load. the crane, hoist, and rigging failed while the load was lifted. a suspended load fell and struck a worker. the rigger was under or beside the suspended load. the expected lift plan, inspected rigging, and exclusion zone was not verified. no serious injury occurred, but severe harm was credible. work stopped, the control was restored, and the event was recorded. demo sequence 0042 was logged. the crane, hoist, and rigging failed while the load was lifted. demo sequence 0042 was logged.",High,SIF_POTENTIAL,"['LSR06', 'LSR07']","['LSR01', 'LSR02', 'LSR08']",True
DEMO500-0043,Mechanical lifting,LSR07,none,mechanical_lifting-cohort-1,high,stable,106,"at cedar ridge station in the lifting pad, the inspector prepared driving during the equipment positioning stage. the equipment was crane, sling, and suspended load. the crane, hoist, and rigging failed while the load was lifted. a suspended load fell and struck a worker. the rigger was under or beside the suspended load. the expected lift plan, inspected rigging, and exclusion zone was not verified. no serious injury occurred, but severe harm was credible. work stopped, the control was restored, and the event was recorded. demo sequence 0043 was logged. the crane, hoist, and rigging failed while the load was lifted. demo sequence 0043 was logged.",High,SIF_POTENTIAL,"['LSR06', 'LSR07']","['LSR01', 'LSR02', 'LSR08']",True
DEMO500-0044,Mechanical lifting,LSR07,Work authorization,mechanical_lifting-cohort-2,high,stable,126,"at delta point facility in the lifting pad, the driver prepared drilling during the pre-job setup stage. the equipment was crane, sling, and suspended load. the crane, hoist, and rigging failed while the load was lifted. a suspended load fell and struck a worker. the rigger was under or beside the suspended load. the expected lift plan, inspected rigging, and exclusion zone was not verified. a secondary check also covered this area, and the tag line was repositioned before the next lift before work stopped. no serious injury occurred, but severe harm was credible. work stopped, the control was restored, and the event was recorded. demo sequence 0044 was logged. the crane, hoist, and rigging failed while the load was lifted. demo sequence 0044 was logged.",High,SIF_POTENTIAL,"['LSR06', 'LSR07']","['LSR01', 'LSR02', 'LSR08']",True
DEMO500-0045,Mechanical lifting,LSR07,none,mechanical_lifting-cohort-2,high,rising,90,"at aurora basin in the lifting pad, the technician prepared mechanical lifting during the equipment positioning stage. the equipment was crane, sling, and suspended load. the crane, hoist, and rigging failed while the load was lifted. a suspended load fell and struck a worker. the rigger was under or beside the suspended load. the expected lift plan, inspected rigging, and exclusion zone was not verified. no serious injury occurred, but severe harm was credible. work stopped, the control was restored, and the event was recorded. demo sequence 0045 was logged.",High,SIF_POTENTIAL,"['LSR06', 'LSR07']","['LSR01', 'LSR02', 'LSR08']",True
DEMO500-0046,Mechanical lifting,LSR07,none,mechanical_lifting-cohort-1,high,rising,91,"at blue mesa yard in the lifting pad, the inspector prepared mechanical lifting during the equipment positioning stage. the equipment was crane, sling, and suspended load. the crane, hoist, and rigging failed while the load was lifted. a suspended load fell and struck a worker. the rigger was under or beside the suspended load. the expected lift plan, inspected rigging, and exclusion zone was not verified. no serious injury occurred, but severe harm was credible. work stopped, the control was restored, and the event was recorded. demo sequence 0046 was logged.",High,SIF_POTENTIAL,"['LSR06', 'LSR07']","['LSR01', 'LSR02', 'LSR08']",True
DEMO500-0047,Mechanical lifting,LSR07,none,mechanical_lifting-cohort-2,high,rising,106,"at aurora basin in the lifting pad, the driver prepared valve maintenance during the pre-job setup stage. the equipment was crane, sling, and suspended load. the crane, hoist, and rigging failed while the load was lifted. a suspended load fell and struck a worker. the rigger was under or beside the suspended load. the expected lift plan, inspected rigging, and exclusion zone was not verified. no serious injury occurred, but severe harm was credible. work stopped, the control was restored, and the event was recorded. demo sequence 0047 was logged. the crane, hoist, and rigging failed while the load was lifted. demo sequence 0047 was logged.",High,SIF_POTENTIAL,"['LSR06', 'LSR07']","['LSR01', 'LSR02', 'LSR08']",True
DEMO500-0048,Mechanical lifting,LSR07,Energy isolation,mechanical_lifting-cohort-1,high,stable,126,"at cedar ridge station in the lifting pad, the inspector prepared drilling during the task execution stage. the equipment was crane, sling, and suspended load. the crane, hoist, and rigging failed while the load was lifted. a suspended load fell and struck a worker. the rigger was under or beside the suspended load. the expected lift plan, inspected rigging, and exclusion zone was not verified. a secondary check also covered this area, and the tag line was repositioned before the next lift before work stopped. no serious injury occurred, but severe harm was credible. work stopped, the control was restored, and the event was recorded. demo sequence 0048 was logged. the crane, hoist, and rigging failed while the load was lifted. demo sequence 0048 was logged.",High,SIF_POTENTIAL,"['LSR06', 'LSR07']","['LSR01', 'LSR02', 'LSR08']",True
DEMO500-0049,Mechanical lifting,LSR07,none,mechanical_lifting-cohort-2,high,stable,107,"at cedar ridge station in the lifting pad, the technician prepared valve maintenance during the equipment positioning stage. the equipment was crane, sling, and suspended load. the crane, hoist, and rigging failed while the load was lifted. a suspended load fell and struck a worker. the rigger was under or beside the suspended load. the expected lift plan, inspected rigging, and exclusion zone was not verified. no serious injury occurred, but severe harm was credible. work stopped, the control was restored, and the event was recorded. demo sequence 0049 was logged. the crane, hoist, and rigging failed while the load was lifted. demo sequence 0049 was logged.",High,SIF_POTENTIAL,"['LSR06', 'LSR07']","['LSR01', 'LSR02', 'LSR08']",True
DEMO500-0050,Mechanical lifting,LSR07,none,mechanical_lifting-cohort-1,high,stable,107,"at cedar ridge station in the lifting pad, the operator prepared pressure testing during the equipment positioning stage. the equipment was crane, sling, and suspended load. the crane, hoist, and rigging failed while the load was lifted. a suspended load fell and struck a worker. the rigger was under or beside the suspended load. the expected lift plan, inspected rigging, and exclusion zone was not verified. no serious injury occurred, but severe harm was credible. work stopped, the control was restored, and the event was recorded. demo sequence 0050 was logged. the crane, hoist, and rigging failed while the load was lifted. demo sequence 0050 was logged.",High,SIF_POTENTIAL,"['LSR06', 'LSR07']","['LSR01', 'LSR02', 'LSR08']",True
DEMO500-0051,Working at height,LSR09,none,working_at_height-cohort-2,high,declining,83,"at frostline depot in the maintenance platform, the supervisor prepared drilling during the pre-job setup stage. the equipment was access ladder, scaffold, and fall-protection lanyard. the worker was working at height without fall protection, harness, or lanyard. the worker was positioned at height above the lower deck. the expected guardrail, harness, lanyard, and tie-off point was not verified. no serious injury occurred, but severe harm was credible. work stopped, the control was restored, and the event was recorded. demo sequence 0051 was logged.",High,SIF_POTENTIAL,['LSR09'],"['LSR01', 'LSR02', 'LSR08']",True
DEMO500-0052,Working at height,LSR09,Confined space,working_at_height-cohort-1,high,rising,106,"at aurora basin in the maintenance platform, the driver prepared electrical maintenance during the pre-job setup stage. the equipment was access ladder, scaffold, and fall-protection lanyard. the worker was working at height without fall protection, harness, or lanyard. the worker was positioned at height above the lower deck. the expected guardrail, harness, lanyard, and tie-off point was not verified. a secondary check also covered this area, and a hand tool was lowered to the ground before access resumed before work stopped. no serious injury occurred, but severe harm was credible. work stopped, the control was restored, and the event was recorded. demo sequence 0052 was logged.",High,SIF_POTENTIAL,['LSR09'],"['LSR01', 'LSR02', 'LSR08']",True
DEMO500-0053,Working at height,LSR09,none,working_at_height-cohort-2,high,stable,85,"at delta point facility in the maintenance platform, the operator prepared valve maintenance during the isolation check stage. the equipment was access ladder, scaffold, and fall-protection lanyard. the worker was working at height without fall protection, harness, or lanyard. the worker was positioned at height above the lower deck. the expected guardrail, harness, lanyard, and tie-off point was not verified. no serious injury occurred, but severe harm was credible. work stopped, the control was restored, and the event was recorded. demo sequence 0053 was logged.",High,SIF_POTENTIAL,['LSR09'],"['LSR01', 'LSR02', 'LSR08']",True
DEMO500-0054,Working at height,LSR09,none,working_at_height-cohort-1,high,rising,84,"at aurora basin in the maintenance platform, the driver prepared pressure testing during the pre-job setup stage. the equipment was access ladder, scaffold, and fall-protection lanyard. the worker was working at height without fall protection, harness, or lanyard. the worker was positioned at height above the lower deck. the expected guardrail, harness, lanyard, and tie-off point was not verified. no serious injury occurred, but severe harm was credible. work stopped, the control was restored, and the event was recorded. demo sequence 0054 was logged.",High,SIF_POTENTIAL,['LSR09'],"['LSR01', 'LSR02', 'LSR08']",True
DEMO500-0055,Working at height,LSR09,none,working_at_height-cohort-2,high,declining,84,"at echo valley works in the maintenance platform, the rigger prepared driving during the task execution stage. the equipment was access ladder, scaffold, and fall-protection lanyard. the worker was working at height without fall protection, harness, or lanyard. the worker was positioned at height above the lower deck. the expected guardrail, harness, lanyard, and tie-off point was not verified. no serious injury occurred, but severe harm was credible. work stopped, the control was restored, and the event was recorded. demo sequence 0055 was logged.",High,SIF_POTENTIAL,['LSR09'],"['LSR01', 'LSR02', 'LSR08']",True
DEMO500-0056,Working at height,LSR09,Hot work,working_at_height-cohort-1,high,rising,106,"at aurora basin in the maintenance platform, the driver prepared mechanical lifting during the pre-job setup stage. the equipment was access ladder, scaffold, and fall-protection lanyard. the worker was working at height without fall protection, harness, or lanyard. the worker was positioned at height above the lower deck. the expected guardrail, harness, lanyard, and tie-off point was not verified. a secondary check also covered this area, and a hand tool was lowered to the ground before access resumed before work stopped. no serious injury occurred, but severe harm was credible. work stopped, the control was restored, and the event was recorded. demo sequence 0056 was logged.",High,SIF_POTENTIAL,['LSR09'],"['LSR01', 'LSR02', 'LSR08']",True
DEMO500-0057,Working at height,LSR09,none,working_at_height-cohort-2,high,rising,83,"at aurora basin in the maintenance platform, the operator prepared driving during the equipment positioning stage. the equipment was access ladder, scaffold, and fall-protection lanyard. the worker was working at height without fall protection, harness, or lanyard. the worker was positioned at height above the lower deck. the expected guardrail, harness, lanyard, and tie-off point was not verified. no serious injury occurred, but severe harm was credible. work stopped, the control was restored, and the event was recorded. demo sequence 0057 was logged.",High,SIF_POTENTIAL,['LSR09'],"['LSR01', 'LSR02', 'LSR08']",True
DEMO500-0058,Working at height,LSR09,none,working_at_height-cohort-2,high,rising,84,"at blue mesa yard in the maintenance platform, the rigger prepared driving during the task execution stage. the equipment was access ladder, scaffold, and fall-protection lanyard. the worker was working at height without fall protection, harness, or lanyard. the worker was positioned at height above the lower deck. the expected guardrail, harness, lanyard, and tie-off point was not verified. no serious injury occurred, but severe harm was credible. work stopped, the control was restored, and the event was recorded. demo sequence 0058 was logged.",High,SIF_POTENTIAL,['LSR09'],"['LSR01', 'LSR02', 'LSR08']",True
DEMO500-0059,Working at height,LSR09,none,working_at_height-cohort-2,high,stable,85,"at cedar ridge station in the maintenance platform, the operator prepared electrical maintenance during the equipment positioning stage. the equipment was access ladder, scaffold, and fall-protection lanyard. the worker was working at height without fall protection, harness, or lanyard. the worker was positioned at height above the lower deck. the expected guardrail, harness, lanyard, and tie-off point was not verified. no serious injury occurred, but severe harm was credible. work stopped, the control was restored, and the event was recorded. demo sequence 0059 was logged.",High,SIF_POTENTIAL,['LSR09'],"['LSR01', 'LSR02', 'LSR08']",True
DEMO500-0060,Working at height,LSR09,Mechanical lifting,working_at_height-cohort-1,high,stable,106,"at cedar ridge station in the maintenance platform, the inspector prepared drilling during the equipment positioning stage. the equipment was access ladder, scaffold, and fall-protection lanyard. the worker was working at height without fall protection, harness, or lanyard. the worker was positioned at height above the lower deck. the expected guardrail, harness, lanyard, and tie-off point was not verified. a secondary check also covered this area, and a hand tool was lowered to the ground before access resumed before work stopped. no serious injury occurred, but severe harm was credible. work stopped, the control was restored, and the event was recorded. demo sequence 0060 was logged.",High,SIF_POTENTIAL,['LSR09'],"['LSR01', 'LSR02', 'LSR08']",True
DEMO500-0061,Confined space,LSR02,none,confined_space-cohort-2,high,rising,91,"at blue mesa yard in the vessel entry station, the supervisor prepared inspection during the isolation check stage. the equipment was isolated vessel, gas monitor, and ventilation fan. the confined space entry began without a gas test, attendant, or rescue plan. the entrant was at the vessel opening with a possible toxic atmosphere. the expected entry permit, gas test, attendant, and rescue plan was not verified. no serious injury occurred, but severe harm was credible. work stopped, the control was restored, and the event was recorded. demo sequence 0061 was logged.",High,SIF_POTENTIAL,[],"['LSR01', 'LSR02', 'LSR08']",True
DEMO500-0062,Mechanical lifting,LSR07,none,mechanical_lifting-cohort-1,high,declining,106,"at echo valley works in the lifting pad, the driver prepared driving during the pre-job setup stage. the equipment was crane, sling, and suspended load. the crane, hoist, and rigging failed while the load was lifted. a suspended load fell and struck a worker. the rigger was under or beside the suspended load. the expected lift plan, inspected rigging, and exclusion zone was not verified. no serious injury occurred, but severe harm was credible. work stopped, the control was restored, and the event was recorded. demo sequence 0062 was logged. the crane, hoist, and rigging failed while the load was lifted. demo sequence 0062 was logged.",High,SIF_POTENTIAL,"['LSR06', 'LSR07']","['LSR01', 'LSR02', 'LSR08']",True
DEMO500-0063,Work authorization,LSR08,none,work_authorization-cohort-1,high,stable,88,"at cedar ridge station in the tie-in work front, the inspector prepared electrical maintenance during the task execution stage. the equipment was work package, permit board, and process line. work began without a valid permit after the authorization changed. the technician was at the work front while conditions were not authorized. the expected valid permit, scope check, and authorization handover was not verified. no serious injury occurred, but severe harm was credible. work stopped, the control was restored, and the event was recorded. demo sequence 0063 was logged.",High,SIF_POTENTIAL,[],"['LSR01', 'LSR02', 'LSR08']",True
DEMO500-0064,Routine work,none,Line of fire,routine_work-cohort-2,high,declining,100,"at echo valley works in the workshop aisle, the rigger prepared driving during the post-task check stage. the equipment was hand tool, bench, and disconnected source. a routine task continued after a minor control deviation was observed. a worker walked close to the obstruction. the expected housekeeping, ordinary footing, and task check was not verified. a secondary check also covered this area, and a loose label was replaced on a stored tool before work stopped. no serious injury occurred, but severe harm was credible. work stopped, the control was restored, and the event was recorded. demo sequence 0064 was logged.",High,SIF_POTENTIAL,[],"['LSR01', 'LSR02', 'LSR08']",True
DEMO500-0065,Line of fire,LSR06,none,line_of_fire-cohort-2,high,stable,86,"at delta point facility in the pipe rack laydown area, the supervisor prepared pressure testing during the pre-job setup stage. the equipment was pipe spool and temporary lifting frame. a suspended load fell and struck a worker. a rigger stood in the line of fire beside the load path. the expected exclusion zone, tag line, and hands-off positioning was not verified. no serious injury occurred, but severe harm was credible. work stopped, the control was restored, and the event was recorded. demo sequence 0065 was logged.",High,SIF_POTENTIAL,['LSR06'],"['LSR01', 'LSR02', 'LSR08']",True
DEMO500-0066,Hot work,LSR05,none,hot_work-cohort-1,high,declining,88,"at echo valley works in the fabrication bay, the inspector prepared electrical maintenance during the task execution stage. the equipment was welding torch, gas cylinder, and nearby vapour source. welding started near flammable gas before the ignition source was controlled. the welder was beside the potential fire and explosion path. the expected permit, gas test, fire watch, and ignition-source control was not verified. no serious injury occurred, but severe harm was credible. work stopped, the control was restored, and the event was recorded. demo sequence 0066 was logged.",High,SIF_POTENTIAL,['LSR05'],"['LSR01', 'LSR02', 'LSR08']",True
DEMO500-0067,Routine work,none,none,routine_work-cohort-2,high,stable,80,"at cedar ridge station in the workshop aisle, the supervisor prepared inspection during the isolation check stage. the equipment was hand tool, bench, and disconnected source. a routine task continued after a minor control deviation was observed. a worker walked close to the obstruction. the expected housekeeping, ordinary footing, and task check was not verified. no serious injury occurred, but severe harm was credible. work stopped, the control was restored, and the event was recorded. demo sequence 0067 was logged.",High,SIF_POTENTIAL,[],"['LSR01', 'LSR02', 'LSR08']",True
DEMO500-0068,Line of fire,LSR06,Routine work,line_of_fire-cohort-1,high,declining,105,"at frostline depot in the pipe rack laydown area, the technician prepared driving during the isolation check stage. the equipment was pipe spool and temporary lifting frame. a suspended load fell and struck a worker. a rigger stood in the line of fire beside the load path. the expected exclusion zone, tag line, and hands-off positioning was not verified. a secondary check also covered this area, and a small hand tool was moved outside the marked boundary before work stopped. no serious injury occurred, but severe harm was credible. work stopped, the control was restored, and the event was recorded. demo sequence 0068 was logged.",High,SIF_POTENTIAL,['LSR06'],"['LSR01', 'LSR02', 'LSR08']",True
DEMO500-0069,Routine work,none,none,routine_work-cohort-1,high,rising,80,"at blue mesa yard in the workshop aisle, the technician prepared driving during the pre-job setup stage. the equipment was hand tool, bench, and disconnected source. a routine task continued after a minor control deviation was observed. a worker walked close to the obstruction. the expected housekeeping, ordinary footing, and task check was not verified. no serious injury occurred, but severe harm was credible. work stopped, the control was restored, and the event was recorded. demo sequence 0069 was logged.",High,SIF_POTENTIAL,[],"['LSR01', 'LSR02', 'LSR08']",True
DEMO500-0070,Hot work,LSR05,none,hot_work-cohort-2,high,declining,87,"at frostline depot in the fabrication bay, the operator prepared mechanical lifting during the equipment positioning stage. the equipment was welding torch, gas cylinder, and nearby vapour source. welding started near flammable gas before the ignition source was controlled. the welder was beside the potential fire and explosion path. the expected permit, gas test, fire watch, and ignition-source control was not verified. no serious injury occurred, but severe harm was credible. work stopped, the control was restored, and the event was recorded. demo sequence 0070 was logged.",High,SIF_POTENTIAL,['LSR05'],"['LSR01', 'LSR02', 'LSR08']",True
DEMO500-0071,Hot work,LSR05,none,hot_work-cohort-1,high,stable,88,"at delta point facility in the fabrication bay, the technician prepared mechanical lifting during the pre-job setup stage. the equipment was welding torch, gas cylinder, and nearby vapour source. welding started near flammable gas before the ignition source was controlled. the welder was beside the potential fire and explosion path. the expected permit, gas test, fire watch, and ignition-source control was not verified. no serious injury occurred, but severe harm was credible. work stopped, the control was restored, and the event was recorded. demo sequence 0071 was logged.",High,SIF_POTENTIAL,['LSR05'],"['LSR01', 'LSR02', 'LSR08']",True
DEMO500-0072,Energy isolation,LSR04,Hot work,energy_isolation-cohort-1,high,stable,97,"at cedar ridge station in the valve gallery, the technician prepared electrical maintenance during the isolation check stage. the equipment was process valve and stored-pressure line. stored pressure was not completely isolated. the technician stood in the pressure release path. the expected lockout, drain, and zero-energy verification was not verified. a secondary check also covered this area, and a pressure gauge was checked before the work boundary was reset before work stopped. no serious injury occurred, but severe harm was credible. work stopped, the control was restored, and the event was recorded. demo sequence 0072 was logged.",High,SIF_POTENTIAL,['LSR04'],"['LSR01', 'LSR02', 'LSR08']",True
DEMO500-0073,Hot work,LSR05,none,hot_work-cohort-2,high,rising,86,"at aurora basin in the fabrication bay, the operator prepared driving during the equipment positioning stage. the equipment was welding torch, gas cylinder, and nearby vapour source. welding started near flammable gas before the ignition source was controlled. the welder was beside the potential fire and explosion path. the expected permit, gas test, fire watch, and ignition-source control was not verified. no serious injury occurred, but severe harm was credible. work stopped, the control was restored, and the event was recorded. demo sequence 0073 was logged.",High,SIF_POTENTIAL,['LSR05'],"['LSR01', 'LSR02', 'LSR08']",True
DEMO500-0074,Mechanical lifting,LSR07,none,mechanical_lifting-cohort-2,high,rising,105,"at aurora basin in the lifting pad, the rigger prepared driving during the task execution stage. the equipment was crane, sling, and suspended load. the crane, hoist, and rigging failed while the load was lifted. a suspended load fell and struck a worker. the rigger was under or beside the suspended load. the expected lift plan, inspected rigging, and exclusion zone was not verified. no serious injury occurred, but severe harm was credible. work stopped, the control was restored, and the event was recorded. demo sequence 0074 was logged. the crane, hoist, and rigging failed while the load was lifted. demo sequence 0074 was logged.",High,SIF_POTENTIAL,['LSR07'],"['LSR01', 'LSR02', 'LSR08']",True
DEMO500-0075,Driving,LSR03,none,driving-cohort-2,high,rising,90,"at blue mesa yard in the internal access road, the driver prepared hot work during the pre-job setup stage. the equipment was light vehicle and reversing camera. the driver was distracted and the vehicle veered toward a pedestrian. a vehicle crash was narrowly avoided. a pedestrian was within the vehicle line of travel. the expected seatbelt, spotter, speed limit, and journey plan was not verified. no serious injury occurred, but severe harm was credible. work stopped, the control was restored, and the event was recorded. demo sequence 0075 was logged.",High,SIF_POTENTIAL,['LSR03'],"['LSR01', 'LSR02', 'LSR08']",True
DEMO500-0076,Mechanical lifting,LSR07,Confined space,mechanical_lifting-cohort-1,high,rising,110,"at aurora basin in the lifting pad, the inspector prepared mechanical lifting during the task execution stage. the equipment was crane, sling, and suspended load. the crane, hoist, and rigging failed while the load was lifted. a suspended load fell and struck a worker. the rigger was under or beside the suspended load. the expected lift plan, inspected rigging, and exclusion zone was not verified. a secondary check also covered this area, and the tag line was repositioned before the next lift before work stopped. no serious injury occurred, but severe harm was credible. work stopped, the control was restored, and the event was recorded. demo sequence 0076 was logged.",High,SIF_POTENTIAL,['LSR07'],"['LSR01', 'LSR02', 'LSR08']",True
DEMO500-0077,Routine work,none,none,routine_work-cohort-2,high,declining,80,"at frostline depot in the workshop aisle, the rigger prepared mechanical lifting during the task execution stage. the equipment was hand tool, bench, and disconnected source. a routine task continued after a minor control deviation was observed. a worker walked close to the obstruction. the expected housekeeping, ordinary footing, and task check was not verified. no serious injury occurred, but severe harm was credible. work stopped, the control was restored, and the event was recorded. demo sequence 0077 was logged.",High,SIF_POTENTIAL,[],"['LSR01', 'LSR02', 'LSR08']",True
DEMO500-0078,Energy isolation,LSR04,none,energy_isolation-cohort-2,high,stable,75,"at cedar ridge station in the valve gallery, the rigger prepared mechanical lifting during the post-task check stage. the equipment was process valve and stored-pressure line. stored pressure was not completely isolated. the technician stood in the pressure release path. the expected lockout, drain, and zero-energy verification was not verified. no serious injury occurred, but severe harm was credible. work stopped, the control was restored, and the event was recorded. demo sequence 0078 was logged.",High,SIF_POTENTIAL,['LSR04'],"['LSR01', 'LSR02', 'LSR08']",True
DEMO500-0079,Hot work,LSR05,none,hot_work-cohort-2,high,stable,87,"at delta point facility in the fabrication bay, the supervisor prepared inspection during the isolation check stage. the equipment was welding torch, gas cylinder, and nearby vapour source. welding started near flammable gas before the ignition source was controlled. the welder was beside the potential fire and explosion path. the expected permit, gas test, fire watch, and ignition-source control was not verified. no serious injury occurred, but severe harm was credible. work stopped, the control was restored, and the event was recorded. demo sequence 0079 was logged.",High,SIF_POTENTIAL,['LSR05'],"['LSR01', 'LSR02', 'LSR08']",True
DEMO500-0080,Energy isolation,LSR04,Confined space,energy_isolation-cohort-2,high,rising,96,"at aurora basin in the valve gallery, the rigger prepared electrical maintenance during the post-task check stage. the equipment was process valve and stored-pressure line. stored pressure was not completely isolated. the technician stood in the pressure release path. the expected lockout, drain, and zero-energy verification was not verified. a secondary check also covered this area, and a pressure gauge was checked before the work boundary was reset before work stopped. no serious injury occurred, but severe harm was credible. work stopped, the control was restored, and the event was recorded. demo sequence 0080 was logged.",High,SIF_POTENTIAL,['LSR04'],"['LSR01', 'LSR02', 'LSR08']",True
DEMO500-0081,Hot work,LSR05,none,hot_work-cohort-2,high,declining,88,"at echo valley works in the fabrication bay, the rigger prepared hot work during the task execution stage. the equipment was welding torch, gas cylinder, and nearby vapour source. welding started near flammable gas before the ignition source was controlled. the welder was beside the potential fire and explosion path. the expected permit, gas test, fire watch, and ignition-source control was not verified. no serious injury occurred, but severe harm was credible. work stopped, the control was restored, and the event was recorded. demo sequence 0081 was logged.",High,SIF_POTENTIAL,['LSR05'],"['LSR01', 'LSR02', 'LSR08']",True
DEMO500-0082,Hot work,LSR05,none,hot_work-cohort-1,high,stable,88,"at delta point facility in the fabrication bay, the driver prepared mechanical lifting during the post-task check stage. the equipment was welding torch, gas cylinder, and nearby vapour source. welding started near flammable gas before the ignition source was controlled. the welder was beside the potential fire and explosion path. the expected permit, gas test, fire watch, and ignition-source control was not verified. no serious injury occurred, but severe harm was credible. work stopped, the control was restored, and the event was recorded. demo sequence 0082 was logged.",High,SIF_POTENTIAL,['LSR05'],"['LSR01', 'LSR02', 'LSR08']",True
DEMO500-0083,Routine work,none,none,routine_work-cohort-2,high,stable,80,"at cedar ridge station in the workshop aisle, the operator prepared driving during the equipment positioning stage. the equipment was hand tool, bench, and disconnected source. a routine task continued after a minor control deviation was observed. a worker walked close to the obstruction. the expected housekeeping, ordinary footing, and task check was not verified. no serious injury occurred, but severe harm was credible. work stopped, the control was restored, and the event was recorded. demo sequence 0083 was logged.",High,SIF_POTENTIAL,[],"['LSR01', 'LSR02', 'LSR08']",True
DEMO500-0084,Energy isolation,LSR04,Driving,energy_isolation-cohort-1,high,stable,96,"at cedar ridge station in the valve gallery, the driver prepared drilling during the post-task check stage. the equipment was process valve and stored-pressure line. stored pressure was not completely isolated. the technician stood in the pressure release path. the expected lockout, drain, and zero-energy verification was not verified. a secondary check also covered this area, and a pressure gauge was checked before the work boundary was reset before work stopped. no serious injury occurred, but severe harm was credible. work stopped, the control was restored, and the event was recorded. demo sequence 0084 was logged.",High,SIF_POTENTIAL,['LSR04'],"['LSR01', 'LSR02', 'LSR08']",True
DEMO500-0085,Routine work,none,none,routine_work-cohort-2,high,stable,81,"at cedar ridge station in the workshop aisle, the supervisor prepared valve maintenance during the pre-job setup stage. the equipment was hand tool, bench, and disconnected source. a routine task continued after a minor control deviation was observed. a worker walked close to the obstruction. the expected housekeeping, ordinary footing, and task check was not verified. no serious injury occurred, but severe harm was credible. work stopped, the control was restored, and the event was recorded. demo sequence 0085 was logged.",High,SIF_POTENTIAL,[],"['LSR01', 'LSR02', 'LSR08']",True
DEMO500-0086,Routine work,none,none,routine_work-cohort-2,high,rising,80,"at blue mesa yard in the workshop aisle, the operator prepared inspection during the equipment positioning stage. the equipment was hand tool, bench, and disconnected source. a routine task continued after a minor control deviation was observed. a worker walked close to the obstruction. the expected housekeeping, ordinary footing, and task check was not verified. no serious injury occurred, but severe harm was credible. work stopped, the control was restored, and the event was recorded. demo sequence 0086 was logged.",High,SIF_POTENTIAL,[],"['LSR01', 'LSR02', 'LSR08']",True
DEMO500-0087,Bypassed safety controls,LSR01,none,bypassed_safety_controls-cohort-1,high,rising,80,"at aurora basin in the test stand, the inspector prepared inspection during the equipment positioning stage. the equipment was guarded drive, interlock, and control panel. the guard interlock was bypassed and the safety control was disabled. the operator stood beside the moving-part zone. the expected guard, interlock, test procedure, and stop control was not verified. no serious injury occurred, but severe harm was credible. work stopped, the control was restored, and the event was recorded. demo sequence 0087 was logged.",High,SIF_POTENTIAL,[],"['LSR01', 'LSR02', 'LSR08']",True
DEMO500-0088,Line of fire,LSR06,Work authorization,line_of_fire-cohort-2,high,stable,106,"at delta point facility in the pipe rack laydown area, the rigger prepared driving during the post-task check stage. the equipment was pipe spool and temporary lifting frame. a suspended load fell and struck a worker. a rigger stood in the line of fire beside the load path. the expected exclusion zone, tag line, and hands-off positioning was not verified. a secondary check also covered this area, and a small hand tool was moved outside the marked boundary before work stopped. no serious injury occurred, but severe harm was credible. work stopped, the control was restored, and the event was recorded. demo sequence 0088 was logged.",High,SIF_POTENTIAL,['LSR06'],"['LSR01', 'LSR02', 'LSR08']",True
DEMO500-0089,Driving,LSR03,none,driving-cohort-2,high,rising,104,"at blue mesa yard in the internal access road, the driver prepared pressure testing during the pre-job setup stage. the equipment was light vehicle and reversing camera. the driver was distracted and the vehicle veered toward a pedestrian. a vehicle crash was narrowly avoided. a pedestrian was within the vehicle line of travel. the expected seatbelt, spotter, speed limit, and journey plan was not verified. no serious injury occurred, but severe harm was credible. work stopped, the control was restored, and the event was recorded. demo sequence 0089 was logged. the vehicle was speeding and the driver lost control. demo sequence 0089 was logged.",High,SIF_POTENTIAL,['LSR03'],"['LSR01', 'LSR02', 'LSR08']",True
DEMO500-0090,Bypassed safety controls,LSR01,none,bypassed_safety_controls-cohort-1,high,rising,81,"at aurora basin in the test stand, the inspector prepared valve maintenance during the task execution stage. the equipment was guarded drive, interlock, and control panel. the guard interlock was bypassed and the safety control was disabled. the operator stood beside the moving-part zone. the expected guard, interlock, test procedure, and stop control was not verified. no serious injury occurred, but severe harm was credible. work stopped, the control was restored, and the event was recorded. demo sequence 0090 was logged.",High,SIF_POTENTIAL,[],"['LSR01', 'LSR02', 'LSR08']",True
DEMO500-0091,Energy isolation,LSR04,none,energy_isolation-cohort-1,high,declining,96,"at frostline depot in the valve gallery, the inspector prepared valve maintenance during the equipment positioning stage. the equipment was process valve and stored-pressure line. stored pressure was not completely isolated. the technician stood in the pressure release path. the expected lockout, drain, and zero-energy verification was not verified. no serious injury occurred, but severe harm was credible. work stopped, the control was restored, and the event was recorded. the task status, work boundary, equipment condition, and immediate response were entered in the synthetic shift log for a complete demonstration record. demo sequence 0091 was logged.",High,SIF_POTENTIAL,['LSR04'],"['LSR01', 'LSR02', 'LSR08']",True
DEMO500-0092,Routine work,none,Driving,routine_work-cohort-2,high,declining,100,"at echo valley works in the workshop aisle, the supervisor prepared drilling during the isolation check stage. the equipment was hand tool, bench, and disconnected source. a routine task continued after a minor control deviation was observed. a worker walked close to the obstruction. the expected housekeeping, ordinary footing, and task check was not verified. a secondary check also covered this area, and a loose label was replaced on a stored tool before work stopped. no serious injury occurred, but severe harm was credible. work stopped, the control was restored, and the event was recorded. demo sequence 0092 was logged.",High,SIF_POTENTIAL,[],"['LSR01', 'LSR02', 'LSR08']",True
DEMO500-0093,Confined space,LSR02,none,confined_space-cohort-2,high,declining,91,"at frostline depot in the vessel entry station, the rigger prepared valve maintenance during the task execution stage. the equipment was isolated vessel, gas monitor, and ventilation fan. the confined space entry began without a gas test, attendant, or rescue plan. the entrant was at the vessel opening with a possible toxic atmosphere. the expected entry permit, gas test, attendant, and rescue plan was not verified. no serious injury occurred, but severe harm was credible. work stopped, the control was restored, and the event was recorded. demo sequence 0093 was logged.",High,SIF_POTENTIAL,[],"['LSR01', 'LSR02', 'LSR08']",True
DEMO500-0094,Hot work,LSR05,none,hot_work-cohort-1,high,stable,87,"at delta point facility in the fabrication bay, the driver prepared inspection during the post-task check stage. the equipment was welding torch, gas cylinder, and nearby vapour source. welding started near flammable gas before the ignition source was controlled. the welder was beside the potential fire and explosion path. the expected permit, gas test, fire watch, and ignition-source control was not verified. no serious injury occurred, but severe harm was credible. work stopped, the control was restored, and the event was recorded. demo sequence 0094 was logged.",High,SIF_POTENTIAL,['LSR05'],"['LSR01', 'LSR02', 'LSR08']",True
DEMO500-0095,Mechanical lifting,LSR07,none,mechanical_lifting-cohort-1,high,declining,107,"at echo valley works in the lifting pad, the driver prepared valve maintenance during the pre-job setup stage. the equipment was crane, sling, and suspended load. the crane, hoist, and rigging failed while the load was lifted. a suspended load fell and struck a worker. the rigger was under or beside the suspended load. the expected lift plan, inspected rigging, and exclusion zone was not verified. no serious injury occurred, but severe harm was credible. work stopped, the control was restored, and the event was recorded. demo sequence 0095 was logged. the crane, hoist, and rigging failed while the load was lifted. demo sequence 0095 was logged.",High,SIF_POTENTIAL,"['LSR06', 'LSR07']","['LSR01', 'LSR02', 'LSR08']",True
DEMO500-0096,Routine work,none,Work authorization,routine_work-cohort-1,high,stable,101,"at cedar ridge station in the workshop aisle, the inspector prepared pressure testing during the equipment positioning stage. the equipment was hand tool, bench, and disconnected source. a routine task continued after a minor control deviation was observed. a worker walked close to the obstruction. the expected housekeeping, ordinary footing, and task check was not verified. a secondary check also covered this area, and a loose label was replaced on a stored tool before work stopped. no serious injury occurred, but severe harm was credible. work stopped, the control was restored, and the event was recorded. demo sequence 0096 was logged.",High,SIF_POTENTIAL,[],"['LSR01', 'LSR02', 'LSR08']",True
DEMO500-0097,Bypassed safety controls,LSR01,none,bypassed_safety_controls-cohort-2,high,declining,81,"at frostline depot in the test stand, the operator prepared valve maintenance during the isolation check stage. the equipment was guarded drive, interlock, and control panel. the guard interlock was bypassed and the safety control was disabled. the operator stood beside the moving-part zone. the expected guard, interlock, test procedure, and stop control was not verified. no serious injury occurred, but severe harm was credible. work stopped, the control was restored, and the event was recorded. demo sequence 0097 was logged.",High,SIF_POTENTIAL,[],"['LSR01', 'LSR02', 'LSR08']",True
DEMO500-0098,Energy isolation,LSR04,none,energy_isolation-cohort-2,high,declining,96,"at echo valley works in the valve gallery, the operator prepared driving during the equipment positioning stage. the equipment was process valve and stored-pressure line. stored pressure was not completely isolated. the technician stood in the pressure release path. the expected lockout, drain, and zero-energy verification was not verified. no serious injury occurred, but severe harm was credible. work stopped, the control was restored, and the event was recorded. the task status, work boundary, equipment condition, and immediate response were entered in the synthetic shift log for a complete demonstration record. demo sequence 0098 was logged.",High,SIF_POTENTIAL,['LSR04'],"['LSR01', 'LSR02', 'LSR08']",True
DEMO500-0099,Confined space,LSR02,none,confined_space-cohort-2,high,rising,92,"at blue mesa yard in the vessel entry station, the supervisor prepared electrical maintenance during the pre-job setup stage. the equipment was isolated vessel, gas monitor, and ventilation fan. the confined space entry began without a gas test, attendant, or rescue plan. the entrant was at the vessel opening with a possible toxic atmosphere. the expected entry permit, gas test, attendant, and rescue plan was not verified. no serious injury occurred, but severe harm was credible. work stopped, the control was restored, and the event was recorded. demo sequence 0099 was logged.",High,SIF_POTENTIAL,[],"['LSR01', 'LSR02', 'LSR08']",True
DEMO500-0100,Energy isolation,LSR04,Working at height,energy_isolation-cohort-2,high,declining,96,"at frostline depot in the valve gallery, the operator prepared pressure testing during the equipment positioning stage. the equipment was process valve and stored-pressure line. stored pressure was not completely isolated. the technician stood in the pressure release path. the expected lockout, drain, and zero-energy verification was not verified. a secondary check also covered this area, and a pressure gauge was checked before the work boundary was reset before work stopped. no serious injury occurred, but severe harm was credible. work stopped, the control was restored, and the event was recorded. demo sequence 0100 was logged.",High,SIF_POTENTIAL,['LSR04'],"['LSR01', 'LSR02', 'LSR08']",True
DEMO500-0101,Driving,LSR03,none,driving-cohort-2,high,stable,104,"at cedar ridge station in the internal access road, the driver prepared hot work during the post-task check stage. the equipment was light vehicle and reversing camera. the driver was distracted and the vehicle veered toward a pedestrian. a vehicle crash was narrowly avoided. a pedestrian was within the vehicle line of travel. the expected seatbelt, spotter, speed limit, and journey plan was not verified. no serious injury occurred, but severe harm was credible. work stopped, the control was restored, and the event was recorded. demo sequence 0101 was logged. the vehicle was speeding and the driver lost control. demo sequence 0101 was logged.",High,SIF_POTENTIAL,['LSR03'],"['LSR01', 'LSR02', 'LSR08']",True
DEMO500-0102,Mechanical lifting,LSR07,none,mechanical_lifting-cohort-2,high,stable,91,"at delta point facility in the lifting pad, the driver prepared mechanical lifting during the pre-job setup stage. the equipment was crane, sling, and suspended load. the crane, hoist, and rigging failed while the load was lifted. a suspended load fell and struck a worker. the rigger was under or beside the suspended load. the expected lift plan, inspected rigging, and exclusion zone was not verified. no serious injury occurred, but severe harm was credible. work stopped, the control was restored, and the event was recorded. demo sequence 0102 was logged.",High,SIF_POTENTIAL,"['LSR06', 'LSR07']","['LSR01', 'LSR02', 'LSR08']",True
DEMO500-0103,Energy isolation,LSR04,none,energy_isolation-cohort-1,high,stable,96,"at delta point facility in the valve gallery, the technician prepared drilling during the pre-job setup stage. the equipment was process valve and stored-pressure line. stored pressure was not completely isolated. the technician stood in the pressure release path. the expected lockout, drain, and zero-energy verification was not verified. no serious injury occurred, but severe harm was credible. work stopped, the control was restored, and the event was recorded. the task status, work boundary, equipment condition, and immediate response were entered in the synthetic shift log for a complete demonstration record. demo sequence 0103 was logged.",High,SIF_POTENTIAL,['LSR04'],"['LSR01', 'LSR02', 'LSR08']",True
DEMO500-0104,Energy isolation,LSR04,Hot work,energy_isolation-cohort-1,high,rising,96,"at aurora basin in the valve gallery, the technician prepared mechanical lifting during the pre-job setup stage. the equipment was process valve and stored-pressure line. stored pressure was not completely isolated. the technician stood in the pressure release path. the expected lockout, drain, and zero-energy verification was not verified. a secondary check also covered this area, and a pressure gauge was checked before the work boundary was reset before work stopped. no serious injury occurred, but severe harm was credible. work stopped, the control was restored, and the event was recorded. demo sequence 0104 was logged.",High,SIF_POTENTIAL,['LSR04'],"['LSR01', 'LSR02', 'LSR08']",True
DEMO500-0105,Line of fire,LSR06,none,line_of_fire-cohort-2,high,rising,85,"at aurora basin in the pipe rack laydown area, the operator prepared electrical maintenance during the equipment positioning stage. the equipment was pipe spool and temporary lifting frame. a suspended load fell and struck a worker. a rigger stood in the line of fire beside the load path. the expected exclusion zone, tag line, and hands-off positioning was not verified. no serious injury occurred, but severe harm was credible. work stopped, the control was restored, and the event was recorded. demo sequence 0105 was logged.",High,SIF_POTENTIAL,['LSR06'],"['LSR01', 'LSR02', 'LSR08']",True
DEMO500-0106,Work authorization,LSR08,none,work_authorization-cohort-1,high,rising,88,"at blue mesa yard in the tie-in work front, the driver prepared valve maintenance during the post-task check stage. the equipment was work package, permit board, and process line. work began without a valid permit after the authorization changed. the technician was at the work front while conditions were not authorized. the expected valid permit, scope check, and authorization handover was not verified. no serious injury occurred, but severe harm was credible. work stopped, the control was restored, and the event was recorded. demo sequence 0106 was logged.",High,SIF_POTENTIAL,[],"['LSR01', 'LSR02', 'LSR08']",True
DEMO500-0107,Energy isolation,LSR04,none,energy_isolation-cohort-1,high,declining,95,"at frostline depot in the valve gallery, the technician prepared drilling during the isolation check stage. the equipment was process valve and stored-pressure line. stored pressure was not completely isolated. the technician stood in the pressure release path. the expected lockout, drain, and zero-energy verification was not verified. no serious injury occurred, but severe harm was credible. work stopped, the control was restored, and the event was recorded. the task status, work boundary, equipment condition, and immediate response were entered in the synthetic shift log for a complete demonstration record. demo sequence 0107 was logged.",High,SIF_POTENTIAL,['LSR04'],"['LSR01', 'LSR02', 'LSR08']",True
DEMO500-0108,Routine work,none,Hot work,routine_work-cohort-1,high,rising,100,"at aurora basin in the workshop aisle, the technician prepared hot work during the pre-job setup stage. the equipment was hand tool, bench, and disconnected source. a routine task continued after a minor control deviation was observed. a worker walked close to the obstruction. the expected housekeeping, ordinary footing, and task check was not verified. a secondary check also covered this area, and a loose label was replaced on a stored tool before work stopped. no serious injury occurred, but severe harm was credible. work stopped, the control was restored, and the event was recorded. demo sequence 0108 was logged.",High,SIF_POTENTIAL,[],"['LSR01', 'LSR02', 'LSR08']",True
DEMO500-0109,Driving,LSR03,none,driving-cohort-2,high,rising,103,"at aurora basin in the internal access road, the driver prepared mechanical lifting during the pre-job setup stage. the equipment was light vehicle and reversing camera. the driver was distracted and the vehicle veered toward a pedestrian. a vehicle crash was narrowly avoided. a pedestrian was within the vehicle line of travel. the expected seatbelt, spotter, speed limit, and journey plan was not verified. no serious injury occurred, but severe harm was credible. work stopped, the control was restored, and the event was recorded. demo sequence 0109 was logged. the vehicle was speeding and the driver lost control. demo sequence 0109 was logged.",High,SIF_POTENTIAL,['LSR03'],"['LSR01', 'LSR02', 'LSR08']",True
DEMO500-0110,Driving,LSR03,none,driving-cohort-2,high,declining,104,"at echo valley works in the internal access road, the driver prepared hot work during the pre-job setup stage. the equipment was light vehicle and reversing camera. the driver was distracted and the vehicle veered toward a pedestrian. a vehicle crash was narrowly avoided. a pedestrian was within the vehicle line of travel. the expected seatbelt, spotter, speed limit, and journey plan was not verified. no serious injury occurred, but severe harm was credible. work stopped, the control was restored, and the event was recorded. demo sequence 0110 was logged. the vehicle was speeding and the driver lost control. demo sequence 0110 was logged.",High,SIF_POTENTIAL,['LSR03'],"['LSR01', 'LSR02', 'LSR08']",True
DEMO500-0111,Working at height,LSR09,none,working_at_height-cohort-1,high,stable,84,"at delta point facility in the maintenance platform, the driver prepared drilling during the post-task check stage. the equipment was access ladder, scaffold, and fall-protection lanyard. the worker was working at height without fall protection, harness, or lanyard. the worker was positioned at height above the lower deck. the expected guardrail, harness, lanyard, and tie-off point was not verified. no serious injury occurred, but severe harm was credible. work stopped, the control was restored, and the event was recorded. demo sequence 0111 was logged.",High,SIF_POTENTIAL,['LSR09'],"['LSR01', 'LSR02', 'LSR08']",True
DEMO500-0112,Line of fire,LSR06,Energy isolation,line_of_fire-cohort-1,high,declining,106,"at frostline depot in the pipe rack laydown area, the inspector prepared valve maintenance during the task execution stage. the equipment was pipe spool and temporary lifting frame. a suspended load fell and struck a worker. a rigger stood in the line of fire beside the load path. the expected exclusion zone, tag line, and hands-off positioning was not verified. a secondary check also covered this area, and a small hand tool was moved outside the marked boundary before work stopped. no serious injury occurred, but severe harm was credible. work stopped, the control was restored, and the event was recorded. demo sequence 0112 was logged.",High,SIF_POTENTIAL,['LSR06'],"['LSR01', 'LSR02', 'LSR08']",True
DEMO500-0113,Energy isolation,LSR04,none,energy_isolation-cohort-1,high,declining,75,"at echo valley works in the valve gallery, the driver prepared valve maintenance during the post-task check stage. the equipment was process valve and stored-pressure line. stored pressure was not completely isolated. the technician stood in the pressure release path. the expected lockout, drain, and zero-energy verification was not verified. no serious injury occurred, but severe harm was credible. work stopped, the control was restored, and the event was recorded. demo sequence 0113 was logged.",High,SIF_POTENTIAL,['LSR04'],"['LSR01', 'LSR02', 'LSR08']",True
DEMO500-0114,Mechanical lifting,LSR07,none,mechanical_lifting-cohort-2,high,declining,107,"at echo valley works in the lifting pad, the technician prepared hot work during the isolation check stage. the equipment was crane, sling, and suspended load. the crane, hoist, and rigging failed while the load was lifted. a suspended load fell and struck a worker. the rigger was under or beside the suspended load. the expected lift plan, inspected rigging, and exclusion zone was not verified. no serious injury occurred, but severe harm was credible. work stopped, the control was restored, and the event was recorded. demo sequence 0114 was logged. the crane, hoist, and rigging failed while the load was lifted. demo sequence 0114 was logged.",High,SIF_POTENTIAL,['LSR07'],"['LSR01', 'LSR02', 'LSR08']",True
DEMO500-0115,Mechanical lifting,LSR07,none,mechanical_lifting-cohort-1,high,rising,106,"at aurora basin in the lifting pad, the inspector prepared pressure testing during the equipment positioning stage. the equipment was crane, sling, and suspended load. the crane, hoist, and rigging failed while the load was lifted. a suspended load fell and struck a worker. the rigger was under or beside the suspended load. the expected lift plan, inspected rigging, and exclusion zone was not verified. no serious injury occurred, but severe harm was credible. work stopped, the control was restored, and the event was recorded. demo sequence 0115 was logged. the crane, hoist, and rigging failed while the load was lifted. demo sequence 0115 was logged.",High,SIF_POTENTIAL,"['LSR06', 'LSR07']","['LSR01', 'LSR02', 'LSR08']",True
DEMO500-0116,Energy isolation,LSR04,Work authorization,energy_isolation-cohort-1,high,declining,96,"at frostline depot in the valve gallery, the inspector prepared mechanical lifting during the task execution stage. the equipment was process valve and stored-pressure line. stored pressure was not completely isolated. the technician stood in the pressure release path. the expected lockout, drain, and zero-energy verification was not verified. a secondary check also covered this area, and a pressure gauge was checked before the work boundary was reset before work stopped. no serious injury occurred, but severe harm was credible. work stopped, the control was restored, and the event was recorded. demo sequence 0116 was logged.",High,SIF_POTENTIAL,['LSR04'],"['LSR01', 'LSR02', 'LSR08']",True
DEMO500-0117,Bypassed safety controls,LSR01,none,bypassed_safety_controls-cohort-2,high,stable,82,"at delta point facility in the test stand, the supervisor prepared pressure testing during the isolation check stage. the equipment was guarded drive, interlock, and control panel. the guard interlock was bypassed and the safety control was disabled. the operator stood beside the moving-part zone. the expected guard, interlock, test procedure, and stop control was not verified. no serious injury occurred, but severe harm was credible. work stopped, the control was restored, and the event was recorded. demo sequence 0117 was logged.",High,SIF_POTENTIAL,[],"['LSR01', 'LSR02', 'LSR08']",True
DEMO500-0118,Routine work,none,none,routine_work-cohort-2,high,declining,80,"at frostline depot in the workshop aisle, the rigger prepared valve maintenance during the task execution stage. the equipment was hand tool, bench, and disconnected source. a routine task continued after a minor control deviation was observed. a worker walked close to the obstruction. the expected housekeeping, ordinary footing, and task check was not verified. no serious injury occurred, but severe harm was credible. work stopped, the control was restored, and the event was recorded. demo sequence 0118 was logged.",High,SIF_POTENTIAL,[],"['LSR01', 'LSR02', 'LSR08']",True
DEMO500-0119,Routine work,none,none,routine_work-cohort-2,high,rising,79,"at aurora basin in the workshop aisle, the operator prepared drilling during the equipment positioning stage. the equipment was hand tool, bench, and disconnected source. a routine task continued after a minor control deviation was observed. a worker walked close to the obstruction. the expected housekeeping, ordinary footing, and task check was not verified. no serious injury occurred, but severe harm was credible. work stopped, the control was restored, and the event was recorded. demo sequence 0119 was logged.",High,SIF_POTENTIAL,[],"['LSR01', 'LSR02', 'LSR08']",True
DEMO500-0120,Routine work,none,Bypassed safety controls,routine_work-cohort-1,high,declining,100,"at echo valley works in the workshop aisle, the technician prepared drilling during the isolation check stage. the equipment was hand tool, bench, and disconnected source. a routine task continued after a minor control deviation was observed. a worker walked close to the obstruction. the expected housekeeping, ordinary footing, and task check was not verified. a secondary check also covered this area, and a loose label was replaced on a stored tool before work stopped. no serious injury occurred, but severe harm was credible. work stopped, the control was restored, and the event was recorded. demo sequence 0120 was logged.",High,SIF_POTENTIAL,[],"['LSR01', 'LSR02', 'LSR08']",True
DEMO500-0121,Energy isolation,LSR04,none,energy_isolation-cohort-1,high,rising,96,"at aurora basin in the valve gallery, the technician prepared valve maintenance during the pre-job setup stage. the equipment was process valve and stored-pressure line. stored pressure was not completely isolated. the technician stood in the pressure release path. the expected lockout, drain, and zero-energy verification was not verified. no serious injury occurred, but severe harm was credible. work stopped, the control was restored, and the event was recorded. the task status, work boundary, equipment condition, and immediate response were entered in the synthetic shift log for a complete demonstration record. demo sequence 0121 was logged.",High,SIF_POTENTIAL,['LSR04'],"['LSR01', 'LSR02', 'LSR08']",True
DEMO500-0122,Bypassed safety controls,LSR01,none,bypassed_safety_controls-cohort-2,high,declining,80,"at frostline depot in the test stand, the rigger prepared driving during the task execution stage. the equipment was guarded drive, interlock, and control panel. the guard interlock was bypassed and the safety control was disabled. the operator stood beside the moving-part zone. the expected guard, interlock, test procedure, and stop control was not verified. no serious injury occurred, but severe harm was credible. work stopped, the control was restored, and the event was recorded. demo sequence 0122 was logged.",High,SIF_POTENTIAL,[],"['LSR01', 'LSR02', 'LSR08']",True
DEMO500-0123,Routine work,none,none,routine_work-cohort-1,high,stable,81,"at cedar ridge station in the workshop aisle, the technician prepared valve maintenance during the isolation check stage. the equipment was hand tool, bench, and disconnected source. a routine task continued after a minor control deviation was observed. a worker walked close to the obstruction. the expected housekeeping, ordinary footing, and task check was not verified. no serious injury occurred, but severe harm was credible. work stopped, the control was restored, and the event was recorded. demo sequence 0123 was logged.",High,SIF_POTENTIAL,[],"['LSR01', 'LSR02', 'LSR08']",True
DEMO500-0124,Routine work,none,Confined space,routine_work-cohort-2,high,stable,101,"at cedar ridge station in the workshop aisle, the supervisor prepared valve maintenance during the isolation check stage. the equipment was hand tool, bench, and disconnected source. a routine task continued after a minor control deviation was observed. a worker walked close to the obstruction. the expected housekeeping, ordinary footing, and task check was not verified. a secondary check also covered this area, and a loose label was replaced on a stored tool before work stopped. no serious injury occurred, but severe harm was credible. work stopped, the control was restored, and the event was recorded. demo sequence 0124 was logged.",High,SIF_POTENTIAL,[],"['LSR01', 'LSR02', 'LSR08']",True
DEMO500-0125,Hot work,LSR05,none,hot_work-cohort-2,high,stable,87,"at delta point facility in the fabrication bay, the operator prepared driving during the equipment positioning stage. the equipment was welding torch, gas cylinder, and nearby vapour source. welding started near flammable gas before the ignition source was controlled. the welder was beside the potential fire and explosion path. the expected permit, gas test, fire watch, and ignition-source control was not verified. no serious injury occurred, but severe harm was credible. work stopped, the control was restored, and the event was recorded. demo sequence 0125 was logged.",High,SIF_POTENTIAL,['LSR05'],"['LSR01', 'LSR02', 'LSR08']",True
DEMO500-0126,Confined space,LSR02,none,confined_space-cohort-2,high,declining,92,"at echo valley works in the vessel entry station, the rigger prepared hot work during the post-task check stage. the equipment was isolated vessel, gas monitor, and ventilation fan. the confined space entry began without a gas test, attendant, or rescue plan. the entrant was at the vessel opening with a possible toxic atmosphere. the expected entry permit, gas test, attendant, and rescue plan was not verified. no serious injury occurred, but severe harm was credible. work stopped, the control was restored, and the event was recorded. demo sequence 0126 was logged.",High,SIF_POTENTIAL,[],"['LSR01', 'LSR02', 'LSR08']",True
DEMO500-0127,Working at height,LSR09,none,working_at_height-cohort-1,high,stable,85,"at cedar ridge station in the maintenance platform, the technician prepared valve maintenance during the pre-job setup stage. the equipment was access ladder, scaffold, and fall-protection lanyard. the worker was working at height without fall protection, harness, or lanyard. the worker was positioned at height above the lower deck. the expected guardrail, harness, lanyard, and tie-off point was not verified. no serious injury occurred, but severe harm was credible. work stopped, the control was restored, and the event was recorded. demo sequence 0127 was logged.",High,SIF_POTENTIAL,['LSR09'],"['LSR01', 'LSR02', 'LSR08']",True
DEMO500-0128,Line of fire,LSR06,Routine work,line_of_fire-cohort-1,high,rising,106,"at blue mesa yard in the pipe rack laydown area, the driver prepared inspection during the post-task check stage. the equipment was pipe spool and temporary lifting frame. a suspended load fell and struck a worker. a rigger stood in the line of fire beside the load path. the expected exclusion zone, tag line, and hands-off positioning was not verified. a secondary check also covered this area, and a small hand tool was moved outside the marked boundary before work stopped. no serious injury occurred, but severe harm was credible. work stopped, the control was restored, and the event was recorded. demo sequence 0128 was logged.",High,SIF_POTENTIAL,['LSR06'],"['LSR01', 'LSR02', 'LSR08']",True
DEMO500-0129,Energy isolation,LSR04,none,energy_isolation-cohort-2,high,rising,96,"at aurora basin in the valve gallery, the rigger prepared pressure testing during the task execution stage. the equipment was process valve and stored-pressure line. stored pressure was not completely isolated. the technician stood in the pressure release path. the expected lockout, drain, and zero-energy verification was not verified. no serious injury occurred, but severe harm was credible. work stopped, the control was restored, and the event was recorded. the task status, work boundary, equipment condition, and immediate response were entered in the synthetic shift log for a complete demonstration record. demo sequence 0129 was logged.",High,SIF_POTENTIAL,['LSR04'],"['LSR01', 'LSR02', 'LSR08']",True
DEMO500-0130,Working at height,LSR09,none,working_at_height-cohort-2,high,rising,84,"at blue mesa yard in the maintenance platform, the rigger prepared inspection during the post-task check stage. the equipment was access ladder, scaffold, and fall-protection lanyard. the worker was working at height without fall protection, harness, or lanyard. the worker was positioned at height above the lower deck. the expected guardrail, harness, lanyard, and tie-off point was not verified. no serious injury occurred, but severe harm was credible. work stopped, the control was restored, and the event was recorded. demo sequence 0130 was logged.",High,SIF_POTENTIAL,['LSR09'],"['LSR01', 'LSR02', 'LSR08']",True
DEMO500-0131,Routine work,none,none,routine_work-cohort-2,high,stable,81,"at delta point facility in the workshop aisle, the rigger prepared pressure testing during the post-task check stage. the equipment was hand tool, bench, and disconnected source. a routine task continued after a minor control deviation was observed. a worker walked close to the obstruction. the expected housekeeping, ordinary footing, and task check was not verified. no serious injury occurred, but severe harm was credible. work stopped, the control was restored, and the event was recorded. demo sequence 0131 was logged.",High,SIF_POTENTIAL,[],"['LSR01', 'LSR02', 'LSR08']",True
DEMO500-0132,Routine work,none,Energy isolation,routine_work-cohort-2,high,stable,101,"at delta point facility in the workshop aisle, the rigger prepared electrical maintenance during the task execution stage. the equipment was hand tool, bench, and disconnected source. a routine task continued after a minor control deviation was observed. a worker walked close to the obstruction. the expected housekeeping, ordinary footing, and task check was not verified. a secondary check also covered this area, and a loose label was replaced on a stored tool before work stopped. no serious injury occurred, but severe harm was credible. work stopped, the control was restored, and the event was recorded. demo sequence 0132 was logged.",High,SIF_POTENTIAL,[],"['LSR01', 'LSR02', 'LSR08']",True
DEMO500-0133,Confined space,LSR02,none,confined_space-cohort-1,high,stable,92,"at delta point facility in the vessel entry station, the technician prepared hot work during the isolation check stage. the equipment was isolated vessel, gas monitor, and ventilation fan. the confined space entry began without a gas test, attendant, or rescue plan. the entrant was at the vessel opening with a possible toxic atmosphere. the expected entry permit, gas test, attendant, and rescue plan was not verified. no serious injury occurred, but severe harm was credible. work stopped, the control was restored, and the event was recorded. demo sequence 0133 was logged.",High,SIF_POTENTIAL,[],"['LSR01', 'LSR02', 'LSR08']",True
DEMO500-0134,Energy isolation,LSR04,none,energy_isolation-cohort-1,high,declining,75,"at echo valley works in the valve gallery, the inspector prepared pressure testing during the task execution stage. the equipment was process valve and stored-pressure line. stored pressure was not completely isolated. the technician stood in the pressure release path. the expected lockout, drain, and zero-energy verification was not verified. no serious injury occurred, but severe harm was credible. work stopped, the control was restored, and the event was recorded. demo sequence 0134 was logged.",High,SIF_POTENTIAL,['LSR04'],"['LSR01', 'LSR02', 'LSR08']",True
DEMO500-0135,Routine work,none,none,routine_work-cohort-2,high,rising,79,"at aurora basin in the workshop aisle, the operator prepared driving during the equipment positioning stage. the equipment was hand tool, bench, and disconnected source. a routine task continued after a minor control deviation was observed. a worker walked close to the obstruction. the expected housekeeping, ordinary footing, and task check was not verified. no serious injury occurred, but severe harm was credible. work stopped, the control was restored, and the event was recorded. demo sequence 0135 was logged.",High,SIF_POTENTIAL,[],"['LSR01', 'LSR02', 'LSR08']",True
DEMO500-0136,Driving,LSR03,Working at height,driving-cohort-1,high,stable,111,"at cedar ridge station in the internal access road, the driver prepared pressure testing during the pre-job setup stage. the equipment was light vehicle and reversing camera. the driver was distracted and the vehicle veered toward a pedestrian. a vehicle crash was narrowly avoided. a pedestrian was within the vehicle line of travel. the expected seatbelt, spotter, speed limit, and journey plan was not verified. a secondary check also covered this area, and a parked trolley was moved clear of the marked route before work stopped. no serious injury occurred, but severe harm was credible. work stopped, the control was restored, and the event was recorded. demo sequence 0136 was logged.",High,SIF_POTENTIAL,['LSR03'],"['LSR01', 'LSR02', 'LSR08']",True
DEMO500-0137,Driving,LSR03,none,driving-cohort-2,high,rising,90,"at blue mesa yard in the internal access road, the driver prepared hot work during the pre-job setup stage. the equipment was light vehicle and reversing camera. the driver was distracted and the vehicle veered toward a pedestrian. a vehicle crash was narrowly avoided. a pedestrian was within the vehicle line of travel. the expected seatbelt, spotter, speed limit, and journey plan was not verified. no serious injury occurred, but severe harm was credible. work stopped, the control was restored, and the event was recorded. demo sequence 0137 was logged.",High,SIF_POTENTIAL,['LSR03'],"['LSR01', 'LSR02', 'LSR08']",True
DEMO500-0138,Energy isolation,LSR04,none,energy_isolation-cohort-1,high,stable,96,"at delta point facility in the valve gallery, the technician prepared inspection during the isolation check stage. the equipment was process valve and stored-pressure line. stored pressure was not completely isolated. the technician stood in the pressure release path. the expected lockout, drain, and zero-energy verification was not verified. no serious injury occurred, but severe harm was credible. work stopped, the control was restored, and the event was recorded. the task status, work boundary, equipment condition, and immediate response were entered in the synthetic shift log for a complete demonstration record. demo sequence 0138 was logged.",High,SIF_POTENTIAL,['LSR04'],"['LSR01', 'LSR02', 'LSR08']",True
DEMO500-0139,Routine work,none,none,routine_work-cohort-2,high,stable,81,"at delta point facility in the workshop aisle, the supervisor prepared valve maintenance during the pre-job setup stage. the equipment was hand tool, bench, and disconnected source. a routine task continued after a minor control deviation was observed. a worker walked close to the obstruction. the expected housekeeping, ordinary footing, and task check was not verified. no serious injury occurred, but severe harm was credible. work stopped, the control was restored, and the event was recorded. demo sequence 0139 was logged.",High,SIF_POTENTIAL,[],"['LSR01', 'LSR02', 'LSR08']",True
DEMO500-0140,Bypassed safety controls,LSR01,Confined space,bypassed_safety_controls-cohort-1,high,rising,104,"at blue mesa yard in the test stand, the driver prepared hot work during the post-task check stage. the equipment was guarded drive, interlock, and control panel. the guard interlock was bypassed and the safety control was disabled. the operator stood beside the moving-part zone. the expected guard, interlock, test procedure, and stop control was not verified. a secondary check also covered this area, and a small tool was removed from the test stand before restart before work stopped. no serious injury occurred, but severe harm was credible. work stopped, the control was restored, and the event was recorded. demo sequence 0140 was logged.",High,SIF_POTENTIAL,[],"['LSR01', 'LSR02', 'LSR08']",True
DEMO500-0141,Working at height,LSR09,none,working_at_height-cohort-1,high,declining,84,"at frostline depot in the maintenance platform, the driver prepared valve maintenance during the post-task check stage. the equipment was access ladder, scaffold, and fall-protection lanyard. the worker was working at height without fall protection, harness, or lanyard. the worker was positioned at height above the lower deck. the expected guardrail, harness, lanyard, and tie-off point was not verified. no serious injury occurred, but severe harm was credible. work stopped, the control was restored, and the event was recorded. demo sequence 0141 was logged.",High,SIF_POTENTIAL,['LSR09'],"['LSR01', 'LSR02', 'LSR08']",True
DEMO500-0142,Hot work,LSR05,none,hot_work-cohort-2,high,stable,88,"at cedar ridge station in the fabrication bay, the supervisor prepared pressure testing during the pre-job setup stage. the equipment was welding torch, gas cylinder, and nearby vapour source. welding started near flammable gas before the ignition source was controlled. the welder was beside the potential fire and explosion path. the expected permit, gas test, fire watch, and ignition-source control was not verified. no serious injury occurred, but severe harm was credible. work stopped, the control was restored, and the event was recorded. demo sequence 0142 was logged.",High,SIF_POTENTIAL,['LSR05'],"['LSR01', 'LSR02', 'LSR08']",True
DEMO500-0143,Energy isolation,LSR04,none,energy_isolation-cohort-2,high,declining,75,"at echo valley works in the valve gallery, the operator prepared hot work during the equipment positioning stage. the equipment was process valve and stored-pressure line. stored pressure was not completely isolated. the technician stood in the pressure release path. the expected lockout, drain, and zero-energy verification was not verified. no serious injury occurred, but severe harm was credible. work stopped, the control was restored, and the event was recorded. demo sequence 0143 was logged.",High,SIF_POTENTIAL,['LSR04'],"['LSR01', 'LSR02', 'LSR08']",True
DEMO500-0144,Mechanical lifting,LSR07,Bypassed safety controls,mechanical_lifting-cohort-2,high,declining,126,"at echo valley works in the lifting pad, the driver prepared inspection during the post-task check stage. the equipment was crane, sling, and suspended load. the crane, hoist, and rigging failed while the load was lifted. a suspended load fell and struck a worker. the rigger was under or beside the suspended load. the expected lift plan, inspected rigging, and exclusion zone was not verified. a secondary check also covered this area, and the tag line was repositioned before the next lift before work stopped. no serious injury occurred, but severe harm was credible. work stopped, the control was restored, and the event was recorded. demo sequence 0144 was logged. the crane, hoist, and rigging failed while the load was lifted. demo sequence 0144 was logged.",High,SIF_POTENTIAL,['LSR07'],"['LSR01', 'LSR02', 'LSR08']",True
DEMO500-0145,Driving,LSR03,none,driving-cohort-2,high,rising,90,"at blue mesa yard in the internal access road, the driver prepared hot work during the pre-job setup stage. the equipment was light vehicle and reversing camera. the driver was distracted and the vehicle veered toward a pedestrian. a vehicle crash was narrowly avoided. a pedestrian was within the vehicle line of travel. the expected seatbelt, spotter, speed limit, and journey plan was not verified. no serious injury occurred, but severe harm was credible. work stopped, the control was restored, and the event was recorded. demo sequence 0145 was logged.",High,SIF_POTENTIAL,['LSR03'],"['LSR01', 'LSR02', 'LSR08']",True
DEMO500-0146,Routine work,none,none,routine_work-cohort-1,high,stable,80,"at cedar ridge station in the workshop aisle, the technician prepared drilling during the pre-job setup stage. the equipment was hand tool, bench, and disconnected source. a routine task continued after a minor control deviation was observed. a worker walked close to the obstruction. the expected housekeeping, ordinary footing, and task check was not verified. no serious injury occurred, but severe harm was credible. work stopped, the control was restored, and the event was recorded. demo sequence 0146 was logged.",High,SIF_POTENTIAL,[],"['LSR01', 'LSR02', 'LSR08']",True
DEMO500-0147,Hot work,LSR05,none,hot_work-cohort-2,high,rising,86,"at aurora basin in the fabrication bay, the supervisor prepared driving during the pre-job setup stage. the equipment was welding torch, gas cylinder, and nearby vapour source. welding started near flammable gas before the ignition source was controlled. the welder was beside the potential fire and explosion path. the expected permit, gas test, fire watch, and ignition-source control was not verified. no serious injury occurred, but severe harm was credible. work stopped, the control was restored, and the event was recorded. demo sequence 0147 was logged.",High,SIF_POTENTIAL,['LSR05'],"['LSR01', 'LSR02', 'LSR08']",True
DEMO500-0148,Routine work,none,Energy isolation,routine_work-cohort-1,high,stable,100,"at delta point facility in the workshop aisle, the inspector prepared driving during the task execution stage. the equipment was hand tool, bench, and disconnected source. a routine task continued after a minor control deviation was observed. a worker walked close to the obstruction. the expected housekeeping, ordinary footing, and task check was not verified. a secondary check also covered this area, and a loose label was replaced on a stored tool before work stopped. no serious injury occurred, but severe harm was credible. work stopped, the control was restored, and the event was recorded. demo sequence 0148 was logged.",High,SIF_POTENTIAL,[],"['LSR01', 'LSR02', 'LSR08']",True
DEMO500-0149,Line of fire,LSR06,none,line_of_fire-cohort-1,high,stable,86,"at cedar ridge station in the pipe rack laydown area, the driver prepared mechanical lifting during the post-task check stage. the equipment was pipe spool and temporary lifting frame. a suspended load fell and struck a worker. a rigger stood in the line of fire beside the load path. the expected exclusion zone, tag line, and hands-off positioning was not verified. no serious injury occurred, but severe harm was credible. work stopped, the control was restored, and the event was recorded. demo sequence 0149 was logged.",High,SIF_POTENTIAL,['LSR06'],"['LSR01', 'LSR02', 'LSR08']",True
DEMO500-0150,Driving,LSR03,none,driving-cohort-1,high,rising,89,"at blue mesa yard in the internal access road, the driver prepared driving during setup. the equipment was light vehicle and reversing camera. the vehicle was speeding and the driver lost control. the driver was distracted and the vehicle veered toward a pedestrian. a pedestrian was within the vehicle line of travel. the expected seatbelt, spotter, speed limit, and journey plan was not verified. no serious injury occurred, but severe harm was credible. work stopped, the control was restored, and the event was recorded. demo sequence 0150 was logged.",High,SIF_POTENTIAL,['LSR03'],"['LSR01', 'LSR02', 'LSR08']",True
DEMO500-0151,Working at height,LSR09,none,working_at_height-cohort-1,high,stable,85,"at delta point facility in the maintenance platform, the inspector prepared pressure testing during the equipment positioning stage. the equipment was access ladder, scaffold, and fall-protection lanyard. the worker was working at height without fall protection, harness, or lanyard. the worker was positioned at height above the lower deck. the expected guardrail, harness, lanyard, and tie-off point was not verified. no serious injury occurred, but severe harm was credible. work stopped, the control was restored, and the event was recorded. demo sequence 0151 was logged.",High,SIF_POTENTIAL,['LSR09'],"['LSR01', 'LSR02', 'LSR08']",True
DEMO500-0152,Driving,LSR03,Mechanical lifting,driving-cohort-2,high,stable,111,"at cedar ridge station in the internal access road, the driver prepared pressure testing during the pre-job setup stage. the equipment was light vehicle and reversing camera. the driver was distracted and the vehicle veered toward a pedestrian. a vehicle crash was narrowly avoided. a pedestrian was within the vehicle line of travel. the expected seatbelt, spotter, speed limit, and journey plan was not verified. a secondary check also covered this area, and a parked trolley was moved clear of the marked route before work stopped. no serious injury occurred, but severe harm was credible. work stopped, the control was restored, and the event was recorded. demo sequence 0152 was logged.",High,SIF_POTENTIAL,['LSR03'],"['LSR01', 'LSR02', 'LSR08']",True
DEMO500-0153,Mechanical lifting,LSR07,none,mechanical_lifting-cohort-2,high,declining,107,"at echo valley works in the lifting pad, the driver prepared hot work during the pre-job setup stage. the equipment was crane, sling, and suspended load. the crane, hoist, and rigging failed while the load was lifted. a suspended load fell and struck a worker. the rigger was under or beside the suspended load. the expected lift plan, inspected rigging, and exclusion zone was not verified. no serious injury occurred, but severe harm was credible. work stopped, the control was restored, and the event was recorded. demo sequence 0153 was logged. the crane, hoist, and rigging failed while the load was lifted. demo sequence 0153 was logged.",High,SIF_POTENTIAL,"['LSR06', 'LSR07']","['LSR01', 'LSR02', 'LSR08']",True
DEMO500-0154,Line of fire,LSR06,none,line_of_fire-cohort-2,high,rising,85,"at aurora basin in the pipe rack laydown area, the rigger prepared electrical maintenance during the task execution stage. the equipment was pipe spool and temporary lifting frame. a suspended load fell and struck a worker. a rigger stood in the line of fire beside the load path. the expected exclusion zone, tag line, and hands-off positioning was not verified. no serious injury occurred, but severe harm was credible. work stopped, the control was restored, and the event was recorded. demo sequence 0154 was logged.",High,SIF_POTENTIAL,['LSR06'],"['LSR01', 'LSR02', 'LSR08']",True
DEMO500-0155,Routine work,none,none,routine_work-cohort-1,high,rising,81,"at blue mesa yard in the workshop aisle, the driver prepared valve maintenance during the pre-job setup stage. the equipment was hand tool, bench, and disconnected source. a routine task continued after a minor control deviation was observed. a worker walked close to the obstruction. the expected housekeeping, ordinary footing, and task check was not verified. no serious injury occurred, but severe harm was credible. work stopped, the control was restored, and the event was recorded. demo sequence 0155 was logged.",High,SIF_POTENTIAL,[],"['LSR01', 'LSR02', 'LSR08']",True
DEMO500-0156,Mechanical lifting,LSR07,Routine work,mechanical_lifting-cohort-2,high,rising,111,"at blue mesa yard in the lifting pad, the operator prepared mechanical lifting during the equipment positioning stage. the equipment was crane, sling, and suspended load. the crane, hoist, and rigging failed while the load was lifted. a suspended load fell and struck a worker. the rigger was under or beside the suspended load. the expected lift plan, inspected rigging, and exclusion zone was not verified. a secondary check also covered this area, and the tag line was repositioned before the next lift before work stopped. no serious injury occurred, but severe harm was credible. work stopped, the control was restored, and the event was recorded. demo sequence 0156 was logged.",High,SIF_POTENTIAL,"['LSR06', 'LSR07']","['LSR01', 'LSR02', 'LSR08']",True
DEMO500-0157,Mechanical lifting,LSR07,none,mechanical_lifting-cohort-2,high,rising,105,"at aurora basin in the lifting pad, the operator prepared driving during the equipment positioning stage. the equipment was crane, sling, and suspended load. the crane, hoist, and rigging failed while the load was lifted. a suspended load fell and struck a worker. the rigger was under or beside the suspended load. the expected lift plan, inspected rigging, and exclusion zone was not verified. no serious injury occurred, but severe harm was credible. work stopped, the control was restored, and the event was recorded. demo sequence 0157 was logged. the crane, hoist, and rigging failed while the load was lifted. demo sequence 0157 was logged.",High,SIF_POTENTIAL,"['LSR06', 'LSR07']","['LSR01', 'LSR02', 'LSR08']",True
DEMO500-0158,Line of fire,LSR06,none,line_of_fire-cohort-1,high,stable,85,"at delta point facility in the pipe rack laydown area, the inspector prepared inspection during the equipment positioning stage. the equipment was pipe spool and temporary lifting frame. a suspended load fell and struck a worker. a rigger stood in the line of fire beside the load path. the expected exclusion zone, tag line, and hands-off positioning was not verified. no serious injury occurred, but severe harm was credible. work stopped, the control was restored, and the event was recorded. demo sequence 0158 was logged.",High,SIF_POTENTIAL,['LSR06'],"['LSR01', 'LSR02', 'LSR08']",True
DEMO500-0159,Line of fire,LSR06,none,line_of_fire-cohort-2,high,declining,85,"at frostline depot in the pipe rack laydown area, the rigger prepared valve maintenance during the task execution stage. the equipment was pipe spool and temporary lifting frame. a suspended load fell and struck a worker. a rigger stood in the line of fire beside the load path. the expected exclusion zone, tag line, and hands-off positioning was not verified. no serious injury occurred, but severe harm was credible. work stopped, the control was restored, and the event was recorded. demo sequence 0159 was logged.",High,SIF_POTENTIAL,['LSR06'],"['LSR01', 'LSR02', 'LSR08']",True
DEMO500-0160,Energy isolation,LSR04,Work authorization,energy_isolation-cohort-2,high,stable,97,"at delta point facility in the valve gallery, the supervisor prepared valve maintenance during the pre-job setup stage. the equipment was process valve and stored-pressure line. stored pressure was not completely isolated. the technician stood in the pressure release path. the expected lockout, drain, and zero-energy verification was not verified. a secondary check also covered this area, and a pressure gauge was checked before the work boundary was reset before work stopped. no serious injury occurred, but severe harm was credible. work stopped, the control was restored, and the event was recorded. demo sequence 0160 was logged.",High,SIF_POTENTIAL,['LSR04'],"['LSR01', 'LSR02', 'LSR08']",True
DEMO500-0161,Mechanical lifting,LSR07,none,mechanical_lifting-cohort-2,medium,stable,115,"at delta point facility in the workshop aisle, during routine inspection, a worker used a small hand tool. nearby was a parked load and inspected sling, not in use. the worker slipped on a dry step while walking beside the bench, lost balance, and rolled an ankle. the worker caught a finger on the tool case but did not fall. no one was exposed to serious harm and no credible fatal outcome was identified. the ordinary footing control was present and verified. the ankle and finger were checked after the slip. the fingertip was checked. the worker removed the step and continued. the task was paused for a control check. demo sequence 0161 was logged.",Medium,HUMAN_REVIEW,[],"['LSR01', 'LSR02', 'LSR08']",True
DEMO500-0162,Bypassed safety controls,LSR01,none,bypassed_safety_controls-cohort-2,medium,stable,121,"at cedar ridge station in the workshop aisle, during routine inspection, a worker used a small hand tool. nearby was a secured guard and idle control panel, not in use. the worker slipped on a dry step while walking beside the bench, lost balance, and rolled an ankle. the worker caught a finger on the tool case but did not fall. no one was exposed to serious harm and no credible fatal outcome was identified. the ordinary footing control was present and verified. the ankle and finger were checked after the slip. the fingertip was checked. the worker removed the step and continued. the area was checked before work continued. the task was paused for review. demo sequence 0162 was logged.",Medium,HUMAN_REVIEW,[],"['LSR01', 'LSR02', 'LSR08']",True
DEMO500-0163,Routine work,none,none,routine_work-cohort-2,medium,rising,119,"at aurora basin in the workshop aisle, during routine inspection, a worker used a small hand tool. nearby was a hand tool and parked vehicle, not in use. the worker slipped on a dry step while walking beside the bench, lost balance, and rolled an ankle. the worker caught a finger on the tool case but did not fall. no one was exposed to serious harm and no credible fatal outcome was identified. the ordinary footing control was present and verified. the ankle and finger were checked after the slip. the fingertip was checked. the worker removed the step and continued. the area was checked before work continued. the task was paused for review. demo sequence 0163 was logged.",Medium,HUMAN_REVIEW,[],"['LSR01', 'LSR02', 'LSR08']",True
DEMO500-0164,Hot work,LSR05,Work authorization,hot_work-cohort-2,medium,rising,118,"at blue mesa yard in the workshop aisle, during routine inspection, a worker used a small hand tool. nearby was a cool hot-work torch and closed cylinder, not in use. the worker slipped on a dry step while walking beside the bench, lost balance, and rolled an ankle. the worker caught a finger on the tool case but did not fall. no one was exposed to serious harm and no credible fatal outcome was identified. the ordinary footing control was present and verified. the ankle and finger were checked after the slip. the fingertip was checked. the worker removed the step and continued. a pressure line was nearby but no source was connected. demo sequence 0164 was logged.",Medium,HUMAN_REVIEW,[],"['LSR01', 'LSR02', 'LSR08']",True
DEMO500-0165,Mechanical lifting,LSR07,none,mechanical_lifting-cohort-1,medium,stable,115,"at delta point facility in the workshop aisle, during routine inspection, a worker used a small hand tool. nearby was a parked load and inspected sling, not in use. the worker slipped on a dry step while walking beside the bench, lost balance, and rolled an ankle. the worker caught a finger on the tool case but did not fall. no one was exposed to serious harm and no credible fatal outcome was identified. the ordinary footing control was present and verified. the ankle and finger were checked after the slip. the fingertip was checked. the worker removed the step and continued. the task was paused for a control check. demo sequence 0165 was logged.",Medium,HUMAN_REVIEW,[],"['LSR01', 'LSR02', 'LSR08']",True
DEMO500-0166,Work authorization,LSR08,none,work_authorization-cohort-1,medium,stable,115,"at delta point facility in the workshop aisle, during routine inspection, a worker used a small hand tool. nearby was a checked permit board and hand tool, not in use. the worker slipped on a dry step while walking beside the bench, lost balance, and rolled an ankle. the worker caught a finger on the tool case but did not fall. no one was exposed to serious harm and no credible fatal outcome was identified. the ordinary footing control was present and verified. the ankle and finger were checked after the slip. the fingertip was checked. the worker removed the step and continued. the area was checked before work continued. demo sequence 0166 was logged.",Medium,HUMAN_REVIEW,[],"['LSR01', 'LSR02', 'LSR08']",True
DEMO500-0167,Mechanical lifting,LSR07,none,mechanical_lifting-cohort-1,medium,rising,115,"at blue mesa yard in the workshop aisle, during routine inspection, a worker used a small hand tool. nearby was a parked load and inspected sling, not in use. the worker slipped on a dry step while walking beside the bench, lost balance, and rolled an ankle. the worker caught a finger on the tool case but did not fall. no one was exposed to serious harm and no credible fatal outcome was identified. the ordinary footing control was present and verified. the ankle and finger were checked after the slip. the fingertip was checked. the worker removed the step and continued. the task was paused for a control check. demo sequence 0167 was logged.",Medium,HUMAN_REVIEW,[],"['LSR01', 'LSR02', 'LSR08']",True
DEMO500-0168,Confined space,LSR02,Working at height,confined_space-cohort-1,medium,stable,121,"at cedar ridge station in the workshop aisle, during routine inspection, a worker used a small hand tool. nearby was a closed vessel and idle gas monitor, not in use. the worker slipped on a dry step while walking beside the bench, lost balance, and rolled an ankle. the worker caught a finger on the tool case but did not fall. no one was exposed to serious harm and no credible fatal outcome was identified. the ordinary footing control was present and verified. the ankle and finger were checked after the slip. the fingertip was checked. the worker removed the step and continued. the area was checked before work continued. the task was paused for review. demo sequence 0168 was logged.",Medium,HUMAN_REVIEW,[],"['LSR01', 'LSR02', 'LSR08']",True
DEMO500-0169,Confined space,LSR02,none,confined_space-cohort-2,medium,stable,115,"at delta point facility in the workshop aisle, during routine inspection, a worker used a small hand tool. nearby was a closed vessel and idle gas monitor, not in use. the worker slipped on a dry step while walking beside the bench, lost balance, and rolled an ankle. the worker caught a finger on the tool case but did not fall. no one was exposed to serious harm and no credible fatal outcome was identified. the ordinary footing control was present and verified. the ankle and finger were checked after the slip. the fingertip was checked. the worker removed the step and continued. the area was checked before work continued. demo sequence 0169 was logged.",Medium,HUMAN_REVIEW,[],"['LSR01', 'LSR02', 'LSR08']",True
DEMO500-0170,Work authorization,LSR08,none,work_authorization-cohort-1,medium,declining,120,"at frostline depot in the workshop aisle, during routine inspection, a worker used a small hand tool. nearby was a checked permit board and hand tool, not in use. the worker slipped on a dry step while walking beside the bench, lost balance, and rolled an ankle. the worker caught a finger on the tool case but did not fall. no one was exposed to serious harm and no credible fatal outcome was identified. the ordinary footing control was present and verified. the ankle and finger were checked after the slip. the fingertip was checked. the worker removed the step and continued. the area was checked before work continued. the task was paused for review. demo sequence 0170 was logged.",Medium,HUMAN_REVIEW,[],"['LSR01', 'LSR02', 'LSR08']",True
DEMO500-0171,Hot work,LSR05,none,hot_work-cohort-1,medium,stable,121,"at cedar ridge station in the workshop aisle, during routine inspection, a worker used a small hand tool. nearby was a cool hot-work torch and closed cylinder, not in use. the worker slipped on a dry step while walking beside the bench, lost balance, and rolled an ankle. the worker caught a finger on the tool case but did not fall. no one was exposed to serious harm and no credible fatal outcome was identified. the ordinary footing control was present and verified. the ankle and finger were checked after the slip. the fingertip was checked. the worker removed the step and continued. the area was checked before work continued. the task was paused for review. demo sequence 0171 was logged.",Medium,HUMAN_REVIEW,[],"['LSR01', 'LSR02', 'LSR08']",True
DEMO500-0172,Hot work,LSR05,Confined space,hot_work-cohort-1,medium,rising,120,"at aurora basin in the workshop aisle, during routine inspection, a worker used a small hand tool. nearby was a cool hot-work torch and closed cylinder, not in use. the worker slipped on a dry step while walking beside the bench, lost balance, and rolled an ankle. the worker caught a finger on the tool case but did not fall. no one was exposed to serious harm and no credible fatal outcome was identified. the ordinary footing control was present and verified. the ankle and finger were checked after the slip. the fingertip was checked. the worker removed the step and continued. the area was checked before work continued. the task was paused for review. demo sequence 0172 was logged.",Medium,HUMAN_REVIEW,[],"['LSR01', 'LSR02', 'LSR08']",True
DEMO500-0173,Line of fire,LSR06,none,line_of_fire-cohort-2,medium,rising,114,"at blue mesa yard in the workshop aisle, during routine inspection, a worker used a small hand tool. nearby was a parked load and marked floor, not in use. the worker slipped on a dry step while walking beside the bench, lost balance, and rolled an ankle. the worker caught a finger on the tool case but did not fall. no one was exposed to serious harm and no credible fatal outcome was identified. the ordinary footing control was present and verified. the ankle and finger were checked after the slip. the fingertip was checked. the worker removed the step and continued. the area was checked before work continued. demo sequence 0173 was logged.",Medium,HUMAN_REVIEW,[],"['LSR01', 'LSR02', 'LSR08']",True
DEMO500-0174,Line of fire,LSR06,none,line_of_fire-cohort-2,medium,rising,114,"at blue mesa yard in the workshop aisle, during routine inspection, a worker used a small hand tool. nearby was a parked load and marked floor, not in use. the worker slipped on a dry step while walking beside the bench, lost balance, and rolled an ankle. the worker caught a finger on the tool case but did not fall. no one was exposed to serious harm and no credible fatal outcome was identified. the ordinary footing control was present and verified. the ankle and finger were checked after the slip. the fingertip was checked. the worker removed the step and continued. the area was checked before work continued. demo sequence 0174 was logged.",Medium,HUMAN_REVIEW,[],"['LSR01', 'LSR02', 'LSR08']",True
DEMO500-0175,Energy isolation,LSR04,none,energy_isolation-cohort-2,medium,rising,116,"at blue mesa yard in the workshop aisle, during routine inspection, a worker used a small hand tool. nearby was a closed pressure valve and disconnected line, not in use. the worker slipped on a dry step while walking beside the bench, lost balance, and rolled an ankle. the worker caught a finger on the tool case but did not fall. no one was exposed to serious harm and no credible fatal outcome was identified. the ordinary footing control was present and verified. the ankle and finger were checked after the slip. the fingertip was checked. the worker removed the step and continued. the task was paused for a control check. demo sequence 0175 was logged.",Medium,HUMAN_REVIEW,[],"['LSR01', 'LSR02', 'LSR08']",True
DEMO500-0176,Mechanical lifting,LSR07,Line of fire,mechanical_lifting-cohort-1,medium,stable,115,"at delta point facility in the workshop aisle, during routine inspection, a worker used a small hand tool. nearby was a parked load and inspected sling, not in use. the worker slipped on a dry step while walking beside the bench, lost balance, and rolled an ankle. the worker caught a finger on the tool case but did not fall. no one was exposed to serious harm and no credible fatal outcome was identified. the ordinary footing control was present and verified. the ankle and finger were checked after the slip. the fingertip was checked. the worker removed the step and continued. the task was paused for a control check. demo sequence 0176 was logged.",Medium,HUMAN_REVIEW,[],"['LSR01', 'LSR02', 'LSR08']",True
DEMO500-0177,Line of fire,LSR06,none,line_of_fire-cohort-1,medium,stable,115,"at cedar ridge station in the workshop aisle, during routine inspection, a worker used a small hand tool. nearby was a parked load and marked floor, not in use. the worker slipped on a dry step while walking beside the bench, lost balance, and rolled an ankle. the worker caught a finger on the tool case but did not fall. no one was exposed to serious harm and no credible fatal outcome was identified. the ordinary footing control was present and verified. the ankle and finger were checked after the slip. the fingertip was checked. the worker removed the step and continued. the barrier was reviewed before the task continued. demo sequence 0177 was logged.",Medium,HUMAN_REVIEW,[],"['LSR01', 'LSR02', 'LSR08']",True
DEMO500-0178,Mechanical lifting,LSR07,none,mechanical_lifting-cohort-2,medium,declining,115,"at echo valley works in the workshop aisle, during routine inspection, a worker used a small hand tool. nearby was a parked load and inspected sling, not in use. the worker slipped on a dry step while walking beside the bench, lost balance, and rolled an ankle. the worker caught a finger on the tool case but did not fall. no one was exposed to serious harm and no credible fatal outcome was identified. the ordinary footing control was present and verified. the ankle and finger were checked after the slip. the fingertip was checked. the worker removed the step and continued. the task was paused for a control check. demo sequence 0178 was logged.",Medium,HUMAN_REVIEW,[],"['LSR01', 'LSR02', 'LSR08']",True
DEMO500-0179,Work authorization,LSR08,none,work_authorization-cohort-1,medium,declining,120,"at frostline depot in the workshop aisle, during routine inspection, a worker used a small hand tool. nearby was a checked permit board and hand tool, not in use. the worker slipped on a dry step while walking beside the bench, lost balance, and rolled an ankle. the worker caught a finger on the tool case but did not fall. no one was exposed to serious harm and no credible fatal outcome was identified. the ordinary footing control was present and verified. the ankle and finger were checked after the slip. the fingertip was checked. the worker removed the step and continued. the area was checked before work continued. the task was paused for review. demo sequence 0179 was logged.",Medium,HUMAN_REVIEW,[],"['LSR01', 'LSR02', 'LSR08']",True
DEMO500-0180,Confined space,LSR02,Hot work,confined_space-cohort-1,medium,rising,121,"at blue mesa yard in the workshop aisle, during routine inspection, a worker used a small hand tool. nearby was a closed vessel and idle gas monitor, not in use. the worker slipped on a dry step while walking beside the bench, lost balance, and rolled an ankle. the worker caught a finger on the tool case but did not fall. no one was exposed to serious harm and no credible fatal outcome was identified. the ordinary footing control was present and verified. the ankle and finger were checked after the slip. the fingertip was checked. the worker removed the step and continued. the area was checked before work continued. the task was paused for review. demo sequence 0180 was logged.",Medium,HUMAN_REVIEW,[],"['LSR01', 'LSR02', 'LSR08']",True
DEMO500-0181,Hot work,LSR05,none,hot_work-cohort-1,medium,stable,121,"at cedar ridge station in the workshop aisle, during routine inspection, a worker used a small hand tool. nearby was a cool hot-work torch and closed cylinder, not in use. the worker slipped on a dry step while walking beside the bench, lost balance, and rolled an ankle. the worker caught a finger on the tool case but did not fall. no one was exposed to serious harm and no credible fatal outcome was identified. the ordinary footing control was present and verified. the ankle and finger were checked after the slip. the fingertip was checked. the worker removed the step and continued. the area was checked before work continued. the task was paused for review. demo sequence 0181 was logged.",Medium,HUMAN_REVIEW,[],"['LSR01', 'LSR02', 'LSR08']",True
DEMO500-0182,Confined space,LSR02,none,confined_space-cohort-2,medium,rising,120,"at aurora basin in the workshop aisle, during routine inspection, a worker used a small hand tool. nearby was a closed vessel and idle gas monitor, not in use. the worker slipped on a dry step while walking beside the bench, lost balance, and rolled an ankle. the worker caught a finger on the tool case but did not fall. no one was exposed to serious harm and no credible fatal outcome was identified. the ordinary footing control was present and verified. the ankle and finger were checked after the slip. the fingertip was checked. the worker removed the step and continued. the area was checked before work continued. the task was paused for review. demo sequence 0182 was logged.",Medium,HUMAN_REVIEW,[],"['LSR01', 'LSR02', 'LSR08']",True
DEMO500-0183,Hot work,LSR05,none,hot_work-cohort-1,medium,stable,121,"at cedar ridge station in the workshop aisle, during routine inspection, a worker used a small hand tool. nearby was a cool hot-work torch and closed cylinder, not in use. the worker slipped on a dry step while walking beside the bench, lost balance, and rolled an ankle. the worker caught a finger on the tool case but did not fall. no one was exposed to serious harm and no credible fatal outcome was identified. the ordinary footing control was present and verified. the ankle and finger were checked after the slip. the fingertip was checked. the worker removed the step and continued. the area was checked before work continued. the task was paused for review. demo sequence 0183 was logged.",Medium,HUMAN_REVIEW,[],"['LSR01', 'LSR02', 'LSR08']",True
DEMO500-0184,Working at height,LSR09,Work authorization,working_at_height-cohort-1,medium,rising,120,"at blue mesa yard in the workshop aisle, during routine inspection, a worker used a small hand tool. nearby was a secured ladder and closed platform, not in use. the worker slipped on a dry step while walking beside the bench, lost balance, and rolled an ankle. the worker caught a finger on the tool case but did not fall. no one was exposed to serious harm and no credible fatal outcome was identified. the ordinary footing control was present and verified. the ankle and finger were checked after the slip. the fingertip was checked. the worker removed the step and continued. the area was checked before work continued. the task was paused for review. demo sequence 0184 was logged.",Medium,HUMAN_REVIEW,[],"['LSR01', 'LSR02', 'LSR08']",True
DEMO500-0185,Routine work,none,none,routine_work-cohort-1,medium,rising,119,"at aurora basin in the workshop aisle, during routine inspection, a worker used a small hand tool. nearby was a hand tool and parked vehicle, not in use. the worker slipped on a dry step while walking beside the bench, lost balance, and rolled an ankle. the worker caught a finger on the tool case but did not fall. no one was exposed to serious harm and no credible fatal outcome was identified. the ordinary footing control was present and verified. the ankle and finger were checked after the slip. the fingertip was checked. the worker removed the step and continued. the area was checked before work continued. the task was paused for review. demo sequence 0185 was logged.",Medium,HUMAN_REVIEW,[],"['LSR01', 'LSR02', 'LSR08']",True
DEMO500-0186,Working at height,LSR09,none,working_at_height-cohort-2,medium,rising,119,"at aurora basin in the workshop aisle, during routine inspection, a worker used a small hand tool. nearby was a secured ladder and closed platform, not in use. the worker slipped on a dry step while walking beside the bench, lost balance, and rolled an ankle. the worker caught a finger on the tool case but did not fall. no one was exposed to serious harm and no credible fatal outcome was identified. the ordinary footing control was present and verified. the ankle and finger were checked after the slip. the fingertip was checked. the worker removed the step and continued. the area was checked before work continued. the task was paused for review. demo sequence 0186 was logged.",Medium,HUMAN_REVIEW,[],"['LSR01', 'LSR02', 'LSR08']",True
DEMO500-0187,Line of fire,LSR06,none,line_of_fire-cohort-1,medium,stable,115,"at cedar ridge station in the workshop aisle, during routine inspection, a worker used a small hand tool. nearby was a parked load and marked floor, not in use. the worker slipped on a dry step while walking beside the bench, lost balance, and rolled an ankle. the worker caught a finger on the tool case but did not fall. no one was exposed to serious harm and no credible fatal outcome was identified. the ordinary footing control was present and verified. the ankle and finger were checked after the slip. the fingertip was checked. the worker removed the step and continued. the barrier was reviewed before the task continued. demo sequence 0187 was logged.",Medium,HUMAN_REVIEW,[],"['LSR01', 'LSR02', 'LSR08']",True
DEMO500-0188,Working at height,LSR09,Bypassed safety controls,working_at_height-cohort-2,medium,stable,120,"at cedar ridge station in the workshop aisle, during routine inspection, a worker used a small hand tool. nearby was a secured ladder and closed platform, not in use. the worker slipped on a dry step while walking beside the bench, lost balance, and rolled an ankle. the worker caught a finger on the tool case but did not fall. no one was exposed to serious harm and no credible fatal outcome was identified. the ordinary footing control was present and verified. the ankle and finger were checked after the slip. the fingertip was checked. the worker removed the step and continued. the area was checked before work continued. the task was paused for review. demo sequence 0188 was logged.",Medium,HUMAN_REVIEW,[],"['LSR01', 'LSR02', 'LSR08']",True
DEMO500-0189,Working at height,LSR09,none,working_at_height-cohort-1,medium,declining,120,"at echo valley works in the workshop aisle, during routine inspection, a worker used a small hand tool. nearby was a secured ladder and closed platform, not in use. the worker slipped on a dry step while walking beside the bench, lost balance, and rolled an ankle. the worker caught a finger on the tool case but did not fall. no one was exposed to serious harm and no credible fatal outcome was identified. the ordinary footing control was present and verified. the ankle and finger were checked after the slip. the fingertip was checked. the worker removed the step and continued. the area was checked before work continued. the task was paused for review. demo sequence 0189 was logged.",Medium,HUMAN_REVIEW,[],"['LSR01', 'LSR02', 'LSR08']",True
DEMO500-0190,Routine work,none,none,routine_work-cohort-2,medium,declining,120,"at echo valley works in the workshop aisle, during routine inspection, a worker used a small hand tool. nearby was a hand tool and parked vehicle, not in use. the worker slipped on a dry step while walking beside the bench, lost balance, and rolled an ankle. the worker caught a finger on the tool case but did not fall. no one was exposed to serious harm and no credible fatal outcome was identified. the ordinary footing control was present and verified. the ankle and finger were checked after the slip. the fingertip was checked. the worker removed the step and continued. the area was checked before work continued. the task was paused for review. demo sequence 0190 was logged.",Medium,HUMAN_REVIEW,[],"['LSR01', 'LSR02', 'LSR08']",True
DEMO500-0191,Energy isolation,LSR04,none,energy_isolation-cohort-2,medium,rising,116,"at blue mesa yard in the workshop aisle, during routine inspection, a worker used a small hand tool. nearby was a closed pressure valve and disconnected line, not in use. the worker slipped on a dry step while walking beside the bench, lost balance, and rolled an ankle. the worker caught a finger on the tool case but did not fall. no one was exposed to serious harm and no credible fatal outcome was identified. the ordinary footing control was present and verified. the ankle and finger were checked after the slip. the fingertip was checked. the worker removed the step and continued. the task was paused for a control check. demo sequence 0191 was logged.",Medium,HUMAN_REVIEW,[],"['LSR01', 'LSR02', 'LSR08']",True
DEMO500-0192,Work authorization,LSR08,Bypassed safety controls,work_authorization-cohort-1,medium,declining,116,"at echo valley works in the workshop aisle, during routine inspection, a worker used a small hand tool. nearby was a checked permit board and hand tool, not in use. the worker slipped on a dry step while walking beside the bench, lost balance, and rolled an ankle. the worker caught a finger on the tool case but did not fall. no one was exposed to serious harm and no credible fatal outcome was identified. the ordinary footing control was present and verified. the ankle and finger were checked after the slip. the fingertip was checked. the worker removed the step and continued. the barrier was reviewed before the task continued. demo sequence 0192 was logged.",Medium,HUMAN_REVIEW,[],"['LSR01', 'LSR02', 'LSR08']",True
DEMO500-0193,Line of fire,LSR06,none,line_of_fire-cohort-1,medium,rising,114,"at aurora basin in the workshop aisle, during routine inspection, a worker used a small hand tool. nearby was a parked load and marked floor, not in use. the worker slipped on a dry step while walking beside the bench, lost balance, and rolled an ankle. the worker caught a finger on the tool case but did not fall. no one was exposed to serious harm and no credible fatal outcome was identified. the ordinary footing control was present and verified. the ankle and finger were checked after the slip. the fingertip was checked. the worker removed the step and continued. the barrier was reviewed before the task continued. demo sequence 0193 was logged.",Medium,HUMAN_REVIEW,[],"['LSR01', 'LSR02', 'LSR08']",True
DEMO500-0194,Line of fire,LSR06,none,line_of_fire-cohort-1,medium,rising,114,"at blue mesa yard in the workshop aisle, during routine inspection, a worker used a small hand tool. nearby was a parked load and marked floor, not in use. the worker slipped on a dry step while walking beside the bench, lost balance, and rolled an ankle. the worker caught a finger on the tool case but did not fall. no one was exposed to serious harm and no credible fatal outcome was identified. the ordinary footing control was present and verified. the ankle and finger were checked after the slip. the fingertip was checked. the worker removed the step and continued. the area was checked before work continued. demo sequence 0194 was logged.",Medium,HUMAN_REVIEW,[],"['LSR01', 'LSR02', 'LSR08']",True
DEMO500-0195,Work authorization,LSR08,none,work_authorization-cohort-1,medium,rising,120,"at aurora basin in the workshop aisle, during routine inspection, a worker used a small hand tool. nearby was a checked permit board and hand tool, not in use. the worker slipped on a dry step while walking beside the bench, lost balance, and rolled an ankle. the worker caught a finger on the tool case but did not fall. no one was exposed to serious harm and no credible fatal outcome was identified. the ordinary footing control was present and verified. the ankle and finger were checked after the slip. the fingertip was checked. the worker removed the step and continued. the area was checked before work continued. the task was paused for review. demo sequence 0195 was logged.",Medium,HUMAN_REVIEW,[],"['LSR01', 'LSR02', 'LSR08']",True
DEMO500-0196,Hot work,LSR05,Confined space,hot_work-cohort-2,medium,rising,120,"at aurora basin in the workshop aisle, during routine inspection, a worker used a small hand tool. nearby was a cool hot-work torch and closed cylinder, not in use. the worker slipped on a dry step while walking beside the bench, lost balance, and rolled an ankle. the worker caught a finger on the tool case but did not fall. no one was exposed to serious harm and no credible fatal outcome was identified. the ordinary footing control was present and verified. the ankle and finger were checked after the slip. the fingertip was checked. the worker removed the step and continued. the area was checked before work continued. the task was paused for review. demo sequence 0196 was logged.",Medium,HUMAN_REVIEW,[],"['LSR01', 'LSR02', 'LSR08']",True
DEMO500-0197,Line of fire,LSR06,none,line_of_fire-cohort-1,medium,declining,115,"at echo valley works in the workshop aisle, during routine inspection, a worker used a small hand tool. nearby was a parked load and marked floor, not in use. the worker slipped on a dry step while walking beside the bench, lost balance, and rolled an ankle. the worker caught a finger on the tool case but did not fall. no one was exposed to serious harm and no credible fatal outcome was identified. the ordinary footing control was present and verified. the ankle and finger were checked after the slip. the fingertip was checked. the worker removed the step and continued. the barrier was reviewed before the task continued. demo sequence 0197 was logged.",Medium,HUMAN_REVIEW,[],"['LSR01', 'LSR02', 'LSR08']",True
DEMO500-0198,Work authorization,LSR08,none,work_authorization-cohort-1,medium,stable,121,"at cedar ridge station in the workshop aisle, during routine inspection, a worker used a small hand tool. nearby was a checked permit board and hand tool, not in use. the worker slipped on a dry step while walking beside the bench, lost balance, and rolled an ankle. the worker caught a finger on the tool case but did not fall. no one was exposed to serious harm and no credible fatal outcome was identified. the ordinary footing control was present and verified. the ankle and finger were checked after the slip. the fingertip was checked. the worker removed the step and continued. the area was checked before work continued. the task was paused for review. demo sequence 0198 was logged.",Medium,HUMAN_REVIEW,[],"['LSR01', 'LSR02', 'LSR08']",True
DEMO500-0199,Energy isolation,LSR04,none,energy_isolation-cohort-1,medium,declining,115,"at frostline depot in the workshop aisle, during routine inspection, a worker used a small hand tool. nearby was a closed pressure valve and disconnected line, not in use. the worker slipped on a dry step while walking beside the bench, lost balance, and rolled an ankle. the worker caught a finger on the tool case but did not fall. no one was exposed to serious harm and no credible fatal outcome was identified. the ordinary footing control was present and verified. the ankle and finger were checked after the slip. the fingertip was checked. the worker removed the step and continued. the task was paused for a control check. demo sequence 0199 was logged.",Medium,HUMAN_REVIEW,[],"['LSR01', 'LSR02', 'LSR08']",True
DEMO500-0200,Energy isolation,LSR04,Confined space,energy_isolation-cohort-2,medium,stable,116,"at cedar ridge station in the workshop aisle, during routine inspection, a worker used a small hand tool. nearby was a closed pressure valve and disconnected line, not in use. the worker slipped on a dry step while walking beside the bench, lost balance, and rolled an ankle. the worker caught a finger on the tool case but did not fall. no one was exposed to serious harm and no credible fatal outcome was identified. the ordinary footing control was present and verified. the ankle and finger were checked after the slip. the fingertip was checked. the worker removed the step and continued. the task was paused for a control check. demo sequence 0200 was logged.",Medium,HUMAN_REVIEW,[],"['LSR01', 'LSR02', 'LSR08']",True
DEMO500-0201,Work authorization,LSR08,none,work_authorization-cohort-2,medium,declining,116,"at echo valley works in the workshop aisle, during routine inspection, a worker used a small hand tool. nearby was a checked permit board and hand tool, not in use. the worker slipped on a dry step while walking beside the bench, lost balance, and rolled an ankle. the worker caught a finger on the tool case but did not fall. no one was exposed to serious harm and no credible fatal outcome was identified. the ordinary footing control was present and verified. the ankle and finger were checked after the slip. the fingertip was checked. the worker removed the step and continued. the barrier was reviewed before the task continued. demo sequence 0201 was logged.",Medium,HUMAN_REVIEW,[],"['LSR01', 'LSR02', 'LSR08']",True
DEMO500-0202,Driving,LSR03,none,driving-cohort-1,medium,declining,115,"at echo valley works in the workshop aisle, during routine inspection, a worker used a small hand tool. nearby was a parked vehicle and clear route, not in use. the worker slipped on a dry step while walking beside the bench, lost balance, and rolled an ankle. the worker caught a finger on the tool case but did not fall. no one was exposed to serious harm and no credible fatal outcome was identified. the ordinary footing control was present and verified. the ankle and finger were checked after the slip. the fingertip was checked. the worker removed the step and continued. the barrier was reviewed before the task continued. demo sequence 0202 was logged.",Medium,HUMAN_REVIEW,[],"['LSR01', 'LSR02', 'LSR08']",True
DEMO500-0203,Driving,LSR03,none,driving-cohort-2,medium,stable,120,"at cedar ridge station in the workshop aisle, during routine inspection, a worker used a small hand tool. nearby was a parked vehicle and clear route, not in use. the worker slipped on a dry step while walking beside the bench, lost balance, and rolled an ankle. the worker caught a finger on the tool case but did not fall. no one was exposed to serious harm and no credible fatal outcome was identified. the ordinary footing control was present and verified. the ankle and finger were checked after the slip. the fingertip was checked. the worker removed the step and continued. the area was checked before work continued. the task was paused for review. demo sequence 0203 was logged.",Medium,HUMAN_REVIEW,[],"['LSR01', 'LSR02', 'LSR08']",True
DEMO500-0204,Routine work,none,Hot work,routine_work-cohort-2,medium,rising,119,"at aurora basin in the workshop aisle, during routine inspection, a worker used a small hand tool. nearby was a hand tool and parked vehicle, not in use. the worker slipped on a dry step while walking beside the bench, lost balance, and rolled an ankle. the worker caught a finger on the tool case but did not fall. no one was exposed to serious harm and no credible fatal outcome was identified. the ordinary footing control was present and verified. the ankle and finger were checked after the slip. the fingertip was checked. the worker removed the step and continued. the area was checked before work continued. the task was paused for review. demo sequence 0204 was logged.",Medium,HUMAN_REVIEW,[],"['LSR01', 'LSR02', 'LSR08']",True
DEMO500-0205,Routine work,none,none,routine_work-cohort-1,medium,declining,120,"at echo valley works in the workshop aisle, during routine inspection, a worker used a small hand tool. nearby was a hand tool and parked vehicle, not in use. the worker slipped on a dry step while walking beside the bench, lost balance, and rolled an ankle. the worker caught a finger on the tool case but did not fall. no one was exposed to serious harm and no credible fatal outcome was identified. the ordinary footing control was present and verified. the ankle and finger were checked after the slip. the fingertip was checked. the worker removed the step and continued. the area was checked before work continued. the task was paused for review. demo sequence 0205 was logged.",Medium,HUMAN_REVIEW,[],"['LSR01', 'LSR02', 'LSR08']",True
DEMO500-0206,Routine work,none,none,routine_work-cohort-1,medium,rising,120,"at blue mesa yard in the workshop aisle, during routine inspection, a worker used a small hand tool. nearby was a hand tool and parked vehicle, not in use. the worker slipped on a dry step while walking beside the bench, lost balance, and rolled an ankle. the worker caught a finger on the tool case but did not fall. no one was exposed to serious harm and no credible fatal outcome was identified. the ordinary footing control was present and verified. the ankle and finger were checked after the slip. the fingertip was checked. the worker removed the step and continued. the area was checked before work continued. the task was paused for review. demo sequence 0206 was logged.",Medium,HUMAN_REVIEW,[],"['LSR01', 'LSR02', 'LSR08']",True
DEMO500-0207,Mechanical lifting,LSR07,none,mechanical_lifting-cohort-1,medium,declining,115,"at echo valley works in the workshop aisle, during routine inspection, a worker used a small hand tool. nearby was a parked load and inspected sling, not in use. the worker slipped on a dry step while walking beside the bench, lost balance, and rolled an ankle. the worker caught a finger on the tool case but did not fall. no one was exposed to serious harm and no credible fatal outcome was identified. the ordinary footing control was present and verified. the ankle and finger were checked after the slip. the fingertip was checked. the worker removed the step and continued. the task was paused for a control check. demo sequence 0207 was logged.",Medium,HUMAN_REVIEW,[],"['LSR01', 'LSR02', 'LSR08']",True
DEMO500-0208,Energy isolation,LSR04,Driving,energy_isolation-cohort-2,medium,stable,116,"at cedar ridge station in the workshop aisle, during routine inspection, a worker used a small hand tool. nearby was a closed pressure valve and disconnected line, not in use. the worker slipped on a dry step while walking beside the bench, lost balance, and rolled an ankle. the worker caught a finger on the tool case but did not fall. no one was exposed to serious harm and no credible fatal outcome was identified. the ordinary footing control was present and verified. the ankle and finger were checked after the slip. the fingertip was checked. the worker removed the step and continued. the task was paused for a control check. demo sequence 0208 was logged.",Medium,HUMAN_REVIEW,[],"['LSR01', 'LSR02', 'LSR08']",True
DEMO500-0209,Work authorization,LSR08,none,work_authorization-cohort-1,medium,rising,120,"at aurora basin in the workshop aisle, during routine inspection, a worker used a small hand tool. nearby was a checked permit board and hand tool, not in use. the worker slipped on a dry step while walking beside the bench, lost balance, and rolled an ankle. the worker caught a finger on the tool case but did not fall. no one was exposed to serious harm and no credible fatal outcome was identified. the ordinary footing control was present and verified. the ankle and finger were checked after the slip. the fingertip was checked. the worker removed the step and continued. the area was checked before work continued. the task was paused for review. demo sequence 0209 was logged.",Medium,HUMAN_REVIEW,[],"['LSR01', 'LSR02', 'LSR08']",True
DEMO500-0210,Energy isolation,LSR04,none,energy_isolation-cohort-1,medium,stable,116,"at cedar ridge station in the workshop aisle, during routine inspection, a worker used a small hand tool. nearby was a closed pressure valve and disconnected line, not in use. the worker slipped on a dry step while walking beside the bench, lost balance, and rolled an ankle. the worker caught a finger on the tool case but did not fall. no one was exposed to serious harm and no credible fatal outcome was identified. the ordinary footing control was present and verified. the ankle and finger were checked after the slip. the fingertip was checked. the worker removed the step and continued. the task was paused for a control check. demo sequence 0210 was logged.",Medium,HUMAN_REVIEW,[],"['LSR01', 'LSR02', 'LSR08']",True
DEMO500-0211,Confined space,LSR02,none,confined_space-cohort-2,medium,stable,121,"at cedar ridge station in the workshop aisle, during routine inspection, a worker used a small hand tool. nearby was a closed vessel and idle gas monitor, not in use. the worker slipped on a dry step while walking beside the bench, lost balance, and rolled an ankle. the worker caught a finger on the tool case but did not fall. no one was exposed to serious harm and no credible fatal outcome was identified. the ordinary footing control was present and verified. the ankle and finger were checked after the slip. the fingertip was checked. the worker removed the step and continued. the area was checked before work continued. the task was paused for review. demo sequence 0211 was logged.",Medium,HUMAN_REVIEW,[],"['LSR01', 'LSR02', 'LSR08']",True
DEMO500-0212,Line of fire,LSR06,Energy isolation,line_of_fire-cohort-1,medium,declining,115,"at echo valley works in the workshop aisle, during routine inspection, a worker used a small hand tool. nearby was a parked load and marked floor, not in use. the worker slipped on a dry step while walking beside the bench, lost balance, and rolled an ankle. the worker caught a finger on the tool case but did not fall. no one was exposed to serious harm and no credible fatal outcome was identified. the ordinary footing control was present and verified. the ankle and finger were checked after the slip. the fingertip was checked. the worker removed the step and continued. the barrier was reviewed before the task continued. demo sequence 0212 was logged.",Medium,HUMAN_REVIEW,[],"['LSR01', 'LSR02', 'LSR08']",True
DEMO500-0213,Driving,LSR03,none,driving-cohort-1,medium,declining,115,"at echo valley works in the workshop aisle, during routine inspection, a worker used a small hand tool. nearby was a parked vehicle and clear route, not in use. the worker slipped on a dry step while walking beside the bench, lost balance, and rolled an ankle. the worker caught a finger on the tool case but did not fall. no one was exposed to serious harm and no credible fatal outcome was identified. the ordinary footing control was present and verified. the ankle and finger were checked after the slip. the fingertip was checked. the worker removed the step and continued. the barrier was reviewed before the task continued. demo sequence 0213 was logged.",Medium,HUMAN_REVIEW,[],"['LSR01', 'LSR02', 'LSR08']",True
DEMO500-0214,Mechanical lifting,LSR07,none,mechanical_lifting-cohort-2,medium,rising,114,"at aurora basin in the workshop aisle, during routine inspection, a worker used a small hand tool. nearby was a parked load and inspected sling, not in use. the worker slipped on a dry step while walking beside the bench, lost balance, and rolled an ankle. the worker caught a finger on the tool case but did not fall. no one was exposed to serious harm and no credible fatal outcome was identified. the ordinary footing control was present and verified. the ankle and finger were checked after the slip. the fingertip was checked. the worker removed the step and continued. the task was paused for a control check. demo sequence 0214 was logged.",Medium,HUMAN_REVIEW,[],"['LSR01', 'LSR02', 'LSR08']",True
DEMO500-0215,Driving,LSR03,none,driving-cohort-1,medium,stable,114,"at delta point facility in the workshop aisle, during routine inspection, a worker used a small hand tool. nearby was a parked vehicle and clear route, not in use. the worker slipped on a dry step while walking beside the bench, lost balance, and rolled an ankle. the worker caught a finger on the tool case but did not fall. no one was exposed to serious harm and no credible fatal outcome was identified. the ordinary footing control was present and verified. the ankle and finger were checked after the slip. the fingertip was checked. the worker removed the step and continued. the area was checked before work continued. demo sequence 0215 was logged.",Medium,HUMAN_REVIEW,[],"['LSR01', 'LSR02', 'LSR08']",True
DEMO500-0216,Hot work,LSR05,Confined space,hot_work-cohort-1,medium,rising,118,"at blue mesa yard in the workshop aisle, during routine inspection, a worker used a small hand tool. nearby was a cool hot-work torch and closed cylinder, not in use. the worker slipped on a dry step while walking beside the bench, lost balance, and rolled an ankle. the worker caught a finger on the tool case but did not fall. no one was exposed to serious harm and no credible fatal outcome was identified. the ordinary footing control was present and verified. the ankle and finger were checked after the slip. the fingertip was checked. the worker removed the step and continued. a pressure line was nearby but no source was connected. demo sequence 0216 was logged.",Medium,HUMAN_REVIEW,[],"['LSR01', 'LSR02', 'LSR08']",True
DEMO500-0217,Work authorization,LSR08,none,work_authorization-cohort-1,medium,rising,120,"at aurora basin in the workshop aisle, during routine inspection, a worker used a small hand tool. nearby was a checked permit board and hand tool, not in use. the worker slipped on a dry step while walking beside the bench, lost balance, and rolled an ankle. the worker caught a finger on the tool case but did not fall. no one was exposed to serious harm and no credible fatal outcome was identified. the ordinary footing control was present and verified. the ankle and finger were checked after the slip. the fingertip was checked. the worker removed the step and continued. the area was checked before work continued. the task was paused for review. demo sequence 0217 was logged.",Medium,HUMAN_REVIEW,[],"['LSR01', 'LSR02', 'LSR08']",True
DEMO500-0218,Hot work,LSR05,none,hot_work-cohort-1,medium,rising,118,"at blue mesa yard in the workshop aisle, during routine inspection, a worker used a small hand tool. nearby was a cool hot-work torch and closed cylinder, not in use. the worker slipped on a dry step while walking beside the bench, lost balance, and rolled an ankle. the worker caught a finger on the tool case but did not fall. no one was exposed to serious harm and no credible fatal outcome was identified. the ordinary footing control was present and verified. the ankle and finger were checked after the slip. the fingertip was checked. the worker removed the step and continued. a pressure line was nearby but no source was connected. demo sequence 0218 was logged.",Medium,HUMAN_REVIEW,[],"['LSR01', 'LSR02', 'LSR08']",True
DEMO500-0219,Working at height,LSR09,none,working_at_height-cohort-2,medium,rising,119,"at aurora basin in the workshop aisle, during routine inspection, a worker used a small hand tool. nearby was a secured ladder and closed platform, not in use. the worker slipped on a dry step while walking beside the bench, lost balance, and rolled an ankle. the worker caught a finger on the tool case but did not fall. no one was exposed to serious harm and no credible fatal outcome was identified. the ordinary footing control was present and verified. the ankle and finger were checked after the slip. the fingertip was checked. the worker removed the step and continued. the area was checked before work continued. the task was paused for review. demo sequence 0219 was logged.",Medium,HUMAN_REVIEW,[],"['LSR01', 'LSR02', 'LSR08']",True
DEMO500-0220,Working at height,LSR09,Work authorization,working_at_height-cohort-2,medium,declining,120,"at echo valley works in the workshop aisle, during routine inspection, a worker used a small hand tool. nearby was a secured ladder and closed platform, not in use. the worker slipped on a dry step while walking beside the bench, lost balance, and rolled an ankle. the worker caught a finger on the tool case but did not fall. no one was exposed to serious harm and no credible fatal outcome was identified. the ordinary footing control was present and verified. the ankle and finger were checked after the slip. the fingertip was checked. the worker removed the step and continued. the area was checked before work continued. the task was paused for review. demo sequence 0220 was logged.",Medium,HUMAN_REVIEW,[],"['LSR01', 'LSR02', 'LSR08']",True
DEMO500-0221,Routine work,none,none,routine_work-cohort-1,medium,rising,119,"at aurora basin in the workshop aisle, during routine inspection, a worker used a small hand tool. nearby was a hand tool and parked vehicle, not in use. the worker slipped on a dry step while walking beside the bench, lost balance, and rolled an ankle. the worker caught a finger on the tool case but did not fall. no one was exposed to serious harm and no credible fatal outcome was identified. the ordinary footing control was present and verified. the ankle and finger were checked after the slip. the fingertip was checked. the worker removed the step and continued. the area was checked before work continued. the task was paused for review. demo sequence 0221 was logged.",Medium,HUMAN_REVIEW,[],"['LSR01', 'LSR02', 'LSR08']",True
DEMO500-0222,Bypassed safety controls,LSR01,none,bypassed_safety_controls-cohort-1,medium,stable,115,"at delta point facility in the workshop aisle, during routine inspection, a worker used a small hand tool. nearby was a secured guard and idle control panel, not in use. the worker slipped on a dry step while walking beside the bench, lost balance, and rolled an ankle. the worker caught a finger on the tool case but did not fall. no one was exposed to serious harm and no credible fatal outcome was identified. the ordinary footing control was present and verified. the ankle and finger were checked after the slip. the fingertip was checked. the worker removed the step and continued. the area was checked before work continued. demo sequence 0222 was logged.",Medium,HUMAN_REVIEW,[],"['LSR01', 'LSR02', 'LSR08']",True
DEMO500-0223,Hot work,LSR05,none,hot_work-cohort-2,medium,declining,120,"at frostline depot in the workshop aisle, during routine inspection, a worker used a small hand tool. nearby was a cool hot-work torch and closed cylinder, not in use. the worker slipped on a dry step while walking beside the bench, lost balance, and rolled an ankle. the worker caught a finger on the tool case but did not fall. no one was exposed to serious harm and no credible fatal outcome was identified. the ordinary footing control was present and verified. the ankle and finger were checked after the slip. the fingertip was checked. the worker removed the step and continued. the area was checked before work continued. the task was paused for review. demo sequence 0223 was logged.",Medium,HUMAN_REVIEW,[],"['LSR01', 'LSR02', 'LSR08']",True
DEMO500-0224,Routine work,none,Line of fire,routine_work-cohort-2,medium,stable,120,"at delta point facility in the workshop aisle, during routine inspection, a worker used a small hand tool. nearby was a hand tool and parked vehicle, not in use. the worker slipped on a dry step while walking beside the bench, lost balance, and rolled an ankle. the worker caught a finger on the tool case but did not fall. no one was exposed to serious harm and no credible fatal outcome was identified. the ordinary footing control was present and verified. the ankle and finger were checked after the slip. the fingertip was checked. the worker removed the step and continued. the area was checked before work continued. the task was paused for review. demo sequence 0224 was logged.",Medium,HUMAN_REVIEW,[],"['LSR01', 'LSR02', 'LSR08']",True
DEMO500-0225,Routine work,none,none,routine_work-cohort-1,medium,rising,119,"at aurora basin in the workshop aisle, during routine inspection, a worker used a small hand tool. nearby was a hand tool and parked vehicle, not in use. the worker slipped on a dry step while walking beside the bench, lost balance, and rolled an ankle. the worker caught a finger on the tool case but did not fall. no one was exposed to serious harm and no credible fatal outcome was identified. the ordinary footing control was present and verified. the ankle and finger were checked after the slip. the fingertip was checked. the worker removed the step and continued. the area was checked before work continued. the task was paused for review. demo sequence 0225 was logged.",Medium,HUMAN_REVIEW,[],"['LSR01', 'LSR02', 'LSR08']",True
DEMO500-0226,Line of fire,LSR06,none,line_of_fire-cohort-2,medium,stable,115,"at delta point facility in the workshop aisle, during routine inspection, a worker used a small hand tool. nearby was a parked load and marked floor, not in use. the worker slipped on a dry step while walking beside the bench, lost balance, and rolled an ankle. the worker caught a finger on the tool case but did not fall. no one was exposed to serious harm and no credible fatal outcome was identified. the ordinary footing control was present and verified. the ankle and finger were checked after the slip. the fingertip was checked. the worker removed the step and continued. the barrier was reviewed before the task continued. demo sequence 0226 was logged.",Medium,HUMAN_REVIEW,[],"['LSR01', 'LSR02', 'LSR08']",True
DEMO500-0227,Routine work,none,none,routine_work-cohort-1,medium,declining,120,"at echo valley works in the workshop aisle, during routine inspection, a worker used a small hand tool. nearby was a hand tool and parked vehicle, not in use. the worker slipped on a dry step while walking beside the bench, lost balance, and rolled an ankle. the worker caught a finger on the tool case but did not fall. no one was exposed to serious harm and no credible fatal outcome was identified. the ordinary footing control was present and verified. the ankle and finger were checked after the slip. the fingertip was checked. the worker removed the step and continued. the area was checked before work continued. the task was paused for review. demo sequence 0227 was logged.",Medium,HUMAN_REVIEW,[],"['LSR01', 'LSR02', 'LSR08']",True
DEMO500-0228,Line of fire,LSR06,Energy isolation,line_of_fire-cohort-2,medium,stable,115,"at cedar ridge station in the workshop aisle, during routine inspection, a worker used a small hand tool. nearby was a parked load and marked floor, not in use. the worker slipped on a dry step while walking beside the bench, lost balance, and rolled an ankle. the worker caught a finger on the tool case but did not fall. no one was exposed to serious harm and no credible fatal outcome was identified. the ordinary footing control was present and verified. the ankle and finger were checked after the slip. the fingertip was checked. the worker removed the step and continued. the barrier was reviewed before the task continued. demo sequence 0228 was logged.",Medium,HUMAN_REVIEW,[],"['LSR01', 'LSR02', 'LSR08']",True
DEMO500-0229,Routine work,none,none,routine_work-cohort-1,medium,rising,120,"at blue mesa yard in the workshop aisle, during routine inspection, a worker used a small hand tool. nearby was a hand tool and parked vehicle, not in use. the worker slipped on a dry step while walking beside the bench, lost balance, and rolled an ankle. the worker caught a finger on the tool case but did not fall. no one was exposed to serious harm and no credible fatal outcome was identified. the ordinary footing control was present and verified. the ankle and finger were checked after the slip. the fingertip was checked. the worker removed the step and continued. the area was checked before work continued. the task was paused for review. demo sequence 0229 was logged.",Medium,HUMAN_REVIEW,[],"['LSR01', 'LSR02', 'LSR08']",True
DEMO500-0230,Hot work,LSR05,none,hot_work-cohort-2,medium,rising,120,"at aurora basin in the workshop aisle, during routine inspection, a worker used a small hand tool. nearby was a cool hot-work torch and closed cylinder, not in use. the worker slipped on a dry step while walking beside the bench, lost balance, and rolled an ankle. the worker caught a finger on the tool case but did not fall. no one was exposed to serious harm and no credible fatal outcome was identified. the ordinary footing control was present and verified. the ankle and finger were checked after the slip. the fingertip was checked. the worker removed the step and continued. the area was checked before work continued. the task was paused for review. demo sequence 0230 was logged.",Medium,HUMAN_REVIEW,[],"['LSR01', 'LSR02', 'LSR08']",True
DEMO500-0231,Hot work,LSR05,none,hot_work-cohort-2,medium,stable,121,"at cedar ridge station in the workshop aisle, during routine inspection, a worker used a small hand tool. nearby was a cool hot-work torch and closed cylinder, not in use. the worker slipped on a dry step while walking beside the bench, lost balance, and rolled an ankle. the worker caught a finger on the tool case but did not fall. no one was exposed to serious harm and no credible fatal outcome was identified. the ordinary footing control was present and verified. the ankle and finger were checked after the slip. the fingertip was checked. the worker removed the step and continued. the area was checked before work continued. the task was paused for review. demo sequence 0231 was logged.",Medium,HUMAN_REVIEW,[],"['LSR01', 'LSR02', 'LSR08']",True
DEMO500-0232,Mechanical lifting,LSR07,Work authorization,mechanical_lifting-cohort-2,medium,rising,115,"at blue mesa yard in the workshop aisle, during routine inspection, a worker used a small hand tool. nearby was a parked load and inspected sling, not in use. the worker slipped on a dry step while walking beside the bench, lost balance, and rolled an ankle. the worker caught a finger on the tool case but did not fall. no one was exposed to serious harm and no credible fatal outcome was identified. the ordinary footing control was present and verified. the ankle and finger were checked after the slip. the fingertip was checked. the worker removed the step and continued. the task was paused for a control check. demo sequence 0232 was logged.",Medium,HUMAN_REVIEW,[],"['LSR01', 'LSR02', 'LSR08']",True
DEMO500-0233,Bypassed safety controls,LSR01,none,bypassed_safety_controls-cohort-1,medium,rising,121,"at blue mesa yard in the workshop aisle, during routine inspection, a worker used a small hand tool. nearby was a secured guard and idle control panel, not in use. the worker slipped on a dry step while walking beside the bench, lost balance, and rolled an ankle. the worker caught a finger on the tool case but did not fall. no one was exposed to serious harm and no credible fatal outcome was identified. the ordinary footing control was present and verified. the ankle and finger were checked after the slip. the fingertip was checked. the worker removed the step and continued. the area was checked before work continued. the task was paused for review. demo sequence 0233 was logged.",Medium,HUMAN_REVIEW,[],"['LSR01', 'LSR02', 'LSR08']",True
DEMO500-0234,Routine work,none,none,routine_work-cohort-2,medium,rising,120,"at blue mesa yard in the workshop aisle, during routine inspection, a worker used a small hand tool. nearby was a hand tool and parked vehicle, not in use. the worker slipped on a dry step while walking beside the bench, lost balance, and rolled an ankle. the worker caught a finger on the tool case but did not fall. no one was exposed to serious harm and no credible fatal outcome was identified. the ordinary footing control was present and verified. the ankle and finger were checked after the slip. the fingertip was checked. the worker removed the step and continued. the area was checked before work continued. the task was paused for review. demo sequence 0234 was logged.",Medium,HUMAN_REVIEW,[],"['LSR01', 'LSR02', 'LSR08']",True
DEMO500-0235,Mechanical lifting,LSR07,none,mechanical_lifting-cohort-2,medium,stable,115,"at cedar ridge station in the workshop aisle, during routine inspection, a worker used a small hand tool. nearby was a parked load and inspected sling, not in use. the worker slipped on a dry step while walking beside the bench, lost balance, and rolled an ankle. the worker caught a finger on the tool case but did not fall. no one was exposed to serious harm and no credible fatal outcome was identified. the ordinary footing control was present and verified. the ankle and finger were checked after the slip. the fingertip was checked. the worker removed the step and continued. the task was paused for a control check. demo sequence 0235 was logged.",Medium,HUMAN_REVIEW,[],"['LSR01', 'LSR02', 'LSR08']",True
DEMO500-0236,Line of fire,LSR06,Confined space,line_of_fire-cohort-2,medium,stable,115,"at cedar ridge station in the workshop aisle, during routine inspection, a worker used a small hand tool. nearby was a parked load and marked floor, not in use. the worker slipped on a dry step while walking beside the bench, lost balance, and rolled an ankle. the worker caught a finger on the tool case but did not fall. no one was exposed to serious harm and no credible fatal outcome was identified. the ordinary footing control was present and verified. the ankle and finger were checked after the slip. the fingertip was checked. the worker removed the step and continued. the barrier was reviewed before the task continued. demo sequence 0236 was logged.",Medium,HUMAN_REVIEW,[],"['LSR01', 'LSR02', 'LSR08']",True
DEMO500-0237,Bypassed safety controls,LSR01,none,bypassed_safety_controls-cohort-1,medium,rising,121,"at blue mesa yard in the workshop aisle, during routine inspection, a worker used a small hand tool. nearby was a secured guard and idle control panel, not in use. the worker slipped on a dry step while walking beside the bench, lost balance, and rolled an ankle. the worker caught a finger on the tool case but did not fall. no one was exposed to serious harm and no credible fatal outcome was identified. the ordinary footing control was present and verified. the ankle and finger were checked after the slip. the fingertip was checked. the worker removed the step and continued. the area was checked before work continued. the task was paused for review. demo sequence 0237 was logged.",Medium,HUMAN_REVIEW,[],"['LSR01', 'LSR02', 'LSR08']",True
DEMO500-0238,Work authorization,LSR08,none,work_authorization-cohort-1,medium,stable,121,"at delta point facility in the workshop aisle, during routine inspection, a worker used a small hand tool. nearby was a checked permit board and hand tool, not in use. the worker slipped on a dry step while walking beside the bench, lost balance, and rolled an ankle. the worker caught a finger on the tool case but did not fall. no one was exposed to serious harm and no credible fatal outcome was identified. the ordinary footing control was present and verified. the ankle and finger were checked after the slip. the fingertip was checked. the worker removed the step and continued. the area was checked before work continued. the task was paused for review. demo sequence 0238 was logged.",Medium,HUMAN_REVIEW,[],"['LSR01', 'LSR02', 'LSR08']",True
DEMO500-0239,Work authorization,LSR08,none,work_authorization-cohort-2,medium,rising,120,"at aurora basin in the workshop aisle, during routine inspection, a worker used a small hand tool. nearby was a checked permit board and hand tool, not in use. the worker slipped on a dry step while walking beside the bench, lost balance, and rolled an ankle. the worker caught a finger on the tool case but did not fall. no one was exposed to serious harm and no credible fatal outcome was identified. the ordinary footing control was present and verified. the ankle and finger were checked after the slip. the fingertip was checked. the worker removed the step and continued. the area was checked before work continued. the task was paused for review. demo sequence 0239 was logged.",Medium,HUMAN_REVIEW,[],"['LSR01', 'LSR02', 'LSR08']",True
DEMO500-0240,Mechanical lifting,LSR07,Hot work,mechanical_lifting-cohort-1,medium,rising,115,"at blue mesa yard in the workshop aisle, during routine inspection, a worker used a small hand tool. nearby was a parked load and inspected sling, not in use. the worker slipped on a dry step while walking beside the bench, lost balance, and rolled an ankle. the worker caught a finger on the tool case but did not fall. no one was exposed to serious harm and no credible fatal outcome was identified. the ordinary footing control was present and verified. the ankle and finger were checked after the slip. the fingertip was checked. the worker removed the step and continued. the task was paused for a control check. demo sequence 0240 was logged.",Medium,HUMAN_REVIEW,[],"['LSR01', 'LSR02', 'LSR08']",True
DEMO500-0241,Work authorization,LSR08,none,work_authorization-cohort-2,medium,stable,121,"at cedar ridge station in the workshop aisle, during routine inspection, a worker used a small hand tool. nearby was a checked permit board and hand tool, not in use. the worker slipped on a dry step while walking beside the bench, lost balance, and rolled an ankle. the worker caught a finger on the tool case but did not fall. no one was exposed to serious harm and no credible fatal outcome was identified. the ordinary footing control was present and verified. the ankle and finger were checked after the slip. the fingertip was checked. the worker removed the step and continued. the area was checked before work continued. the task was paused for review. demo sequence 0241 was logged.",Medium,HUMAN_REVIEW,[],"['LSR01', 'LSR02', 'LSR08']",True
DEMO500-0242,Working at height,LSR09,none,working_at_height-cohort-1,medium,rising,119,"at aurora basin in the workshop aisle, during routine inspection, a worker used a small hand tool. nearby was a secured ladder and closed platform, not in use. the worker slipped on a dry step while walking beside the bench, lost balance, and rolled an ankle. the worker caught a finger on the tool case but did not fall. no one was exposed to serious harm and no credible fatal outcome was identified. the ordinary footing control was present and verified. the ankle and finger were checked after the slip. the fingertip was checked. the worker removed the step and continued. the area was checked before work continued. the task was paused for review. demo sequence 0242 was logged.",Medium,HUMAN_REVIEW,[],"['LSR01', 'LSR02', 'LSR08']",True
DEMO500-0243,Energy isolation,LSR04,none,energy_isolation-cohort-2,medium,declining,115,"at frostline depot in the workshop aisle, during routine inspection, a worker used a small hand tool. nearby was a closed pressure valve and disconnected line, not in use. the worker slipped on a dry step while walking beside the bench, lost balance, and rolled an ankle. the worker caught a finger on the tool case but did not fall. no one was exposed to serious harm and no credible fatal outcome was identified. the ordinary footing control was present and verified. the ankle and finger were checked after the slip. the fingertip was checked. the worker removed the step and continued. the task was paused for a control check. demo sequence 0243 was logged.",Medium,HUMAN_REVIEW,[],"['LSR01', 'LSR02', 'LSR08']",True
DEMO500-0244,Hot work,LSR05,Mechanical lifting,hot_work-cohort-1,medium,declining,120,"at frostline depot in the workshop aisle, during routine inspection, a worker used a small hand tool. nearby was a cool hot-work torch and closed cylinder, not in use. the worker slipped on a dry step while walking beside the bench, lost balance, and rolled an ankle. the worker caught a finger on the tool case but did not fall. no one was exposed to serious harm and no credible fatal outcome was identified. the ordinary footing control was present and verified. the ankle and finger were checked after the slip. the fingertip was checked. the worker removed the step and continued. the area was checked before work continued. the task was paused for review. demo sequence 0244 was logged.",Medium,HUMAN_REVIEW,[],"['LSR01', 'LSR02', 'LSR08']",True
DEMO500-0245,Driving,LSR03,none,driving-cohort-1,medium,rising,120,"at blue mesa yard in the workshop aisle, during routine inspection, a worker used a small hand tool. nearby was a parked vehicle and clear route, not in use. the worker slipped on a dry step while walking beside the bench, lost balance, and rolled an ankle. the worker caught a finger on the tool case but did not fall. no one was exposed to serious harm and no credible fatal outcome was identified. the ordinary footing control was present and verified. the ankle and finger were checked after the slip. the fingertip was checked. the worker removed the step and continued. the area was checked before work continued. the task was paused for review. demo sequence 0245 was logged.",Medium,HUMAN_REVIEW,[],"['LSR01', 'LSR02', 'LSR08']",True
DEMO500-0246,Working at height,LSR09,none,working_at_height-cohort-1,medium,declining,119,"at frostline depot in the workshop aisle, during routine inspection, a worker used a small hand tool. nearby was a secured ladder and closed platform, not in use. the worker slipped on a dry step while walking beside the bench, lost balance, and rolled an ankle. the worker caught a finger on the tool case but did not fall. no one was exposed to serious harm and no credible fatal outcome was identified. the ordinary footing control was present and verified. the ankle and finger were checked after the slip. the fingertip was checked. the worker removed the step and continued. the area was checked before work continued. the task was paused for review. demo sequence 0246 was logged.",Medium,HUMAN_REVIEW,[],"['LSR01', 'LSR02', 'LSR08']",True
DEMO500-0247,Routine work,none,none,routine_work-cohort-1,medium,stable,120,"at cedar ridge station in the workshop aisle, during routine inspection, a worker used a small hand tool. nearby was a hand tool and parked vehicle, not in use. the worker slipped on a dry step while walking beside the bench, lost balance, and rolled an ankle. the worker caught a finger on the tool case but did not fall. no one was exposed to serious harm and no credible fatal outcome was identified. the ordinary footing control was present and verified. the ankle and finger were checked after the slip. the fingertip was checked. the worker removed the step and continued. the area was checked before work continued. the task was paused for review. demo sequence 0247 was logged.",Medium,HUMAN_REVIEW,[],"['LSR01', 'LSR02', 'LSR08']",True
DEMO500-0248,Routine work,none,Working at height,routine_work-cohort-1,medium,declining,119,"at frostline depot in the workshop aisle, during routine inspection, a worker used a small hand tool. nearby was a hand tool and parked vehicle, not in use. the worker slipped on a dry step while walking beside the bench, lost balance, and rolled an ankle. the worker caught a finger on the tool case but did not fall. no one was exposed to serious harm and no credible fatal outcome was identified. the ordinary footing control was present and verified. the ankle and finger were checked after the slip. the fingertip was checked. the worker removed the step and continued. the area was checked before work continued. the task was paused for review. demo sequence 0248 was logged.",Medium,HUMAN_REVIEW,[],"['LSR01', 'LSR02', 'LSR08']",True
DEMO500-0249,Line of fire,LSR06,none,line_of_fire-cohort-1,medium,declining,114,"at frostline depot in the workshop aisle, during routine inspection, a worker used a small hand tool. nearby was a parked load and marked floor, not in use. the worker slipped on a dry step while walking beside the bench, lost balance, and rolled an ankle. the worker caught a finger on the tool case but did not fall. no one was exposed to serious harm and no credible fatal outcome was identified. the ordinary footing control was present and verified. the ankle and finger were checked after the slip. the fingertip was checked. the worker removed the step and continued. the barrier was reviewed before the task continued. demo sequence 0249 was logged.",Medium,HUMAN_REVIEW,[],"['LSR01', 'LSR02', 'LSR08']",True
DEMO500-0250,Bypassed safety controls,LSR01,none,bypassed_safety_controls-cohort-1,medium,rising,121,"at blue mesa yard in the workshop aisle, during routine inspection, a worker used a small hand tool. nearby was a secured guard and idle control panel, not in use. the worker slipped on a dry step while walking beside the bench, lost balance, and rolled an ankle. the worker caught a finger on the tool case but did not fall. no one was exposed to serious harm and no credible fatal outcome was identified. the ordinary footing control was present and verified. the ankle and finger were checked after the slip. the fingertip was checked. the worker removed the step and continued. the area was checked before work continued. the task was paused for review. demo sequence 0250 was logged.",Medium,HUMAN_REVIEW,[],"['LSR01', 'LSR02', 'LSR08']",True
DEMO500-0251,Line of fire,LSR06,none,line_of_fire-cohort-1,medium,rising,114,"at blue mesa yard in the workshop aisle, during routine inspection, a worker used a small hand tool. nearby was a parked load and marked floor, not in use. the worker slipped on a dry step while walking beside the bench, lost balance, and rolled an ankle. the worker caught a finger on the tool case but did not fall. no one was exposed to serious harm and no credible fatal outcome was identified. the ordinary footing control was present and verified. the ankle and finger were checked after the slip. the fingertip was checked. the worker removed the step and continued. the area was checked before work continued. demo sequence 0251 was logged.",Medium,HUMAN_REVIEW,[],"['LSR01', 'LSR02', 'LSR08']",True
DEMO500-0252,Routine work,none,Confined space,routine_work-cohort-1,medium,stable,120,"at cedar ridge station in the workshop aisle, during routine inspection, a worker used a small hand tool. nearby was a hand tool and parked vehicle, not in use. the worker slipped on a dry step while walking beside the bench, lost balance, and rolled an ankle. the worker caught a finger on the tool case but did not fall. no one was exposed to serious harm and no credible fatal outcome was identified. the ordinary footing control was present and verified. the ankle and finger were checked after the slip. the fingertip was checked. the worker removed the step and continued. the area was checked before work continued. the task was paused for review. demo sequence 0252 was logged.",Medium,HUMAN_REVIEW,[],"['LSR01', 'LSR02', 'LSR08']",True
DEMO500-0253,Working at height,LSR09,none,working_at_height-cohort-2,medium,rising,120,"at blue mesa yard in the workshop aisle, during routine inspection, a worker used a small hand tool. nearby was a secured ladder and closed platform, not in use. the worker slipped on a dry step while walking beside the bench, lost balance, and rolled an ankle. the worker caught a finger on the tool case but did not fall. no one was exposed to serious harm and no credible fatal outcome was identified. the ordinary footing control was present and verified. the ankle and finger were checked after the slip. the fingertip was checked. the worker removed the step and continued. the area was checked before work continued. the task was paused for review. demo sequence 0253 was logged.",Medium,HUMAN_REVIEW,[],"['LSR01', 'LSR02', 'LSR08']",True
DEMO500-0254,Hot work,LSR05,none,hot_work-cohort-2,medium,declining,120,"at frostline depot in the workshop aisle, during routine inspection, a worker used a small hand tool. nearby was a cool hot-work torch and closed cylinder, not in use. the worker slipped on a dry step while walking beside the bench, lost balance, and rolled an ankle. the worker caught a finger on the tool case but did not fall. no one was exposed to serious harm and no credible fatal outcome was identified. the ordinary footing control was present and verified. the ankle and finger were checked after the slip. the fingertip was checked. the worker removed the step and continued. the area was checked before work continued. the task was paused for review. demo sequence 0254 was logged.",Medium,HUMAN_REVIEW,[],"['LSR01', 'LSR02', 'LSR08']",True
DEMO500-0255,Confined space,LSR02,none,confined_space-cohort-2,medium,stable,121,"at delta point facility in the workshop aisle, during routine inspection, a worker used a small hand tool. nearby was a closed vessel and idle gas monitor, not in use. the worker slipped on a dry step while walking beside the bench, lost balance, and rolled an ankle. the worker caught a finger on the tool case but did not fall. no one was exposed to serious harm and no credible fatal outcome was identified. the ordinary footing control was present and verified. the ankle and finger were checked after the slip. the fingertip was checked. the worker removed the step and continued. the area was checked before work continued. the task was paused for review. demo sequence 0255 was logged.",Medium,HUMAN_REVIEW,[],"['LSR01', 'LSR02', 'LSR08']",True
DEMO500-0256,Working at height,LSR09,Energy isolation,working_at_height-cohort-2,medium,rising,120,"at blue mesa yard in the workshop aisle, during routine inspection, a worker used a small hand tool. nearby was a secured ladder and closed platform, not in use. the worker slipped on a dry step while walking beside the bench, lost balance, and rolled an ankle. the worker caught a finger on the tool case but did not fall. no one was exposed to serious harm and no credible fatal outcome was identified. the ordinary footing control was present and verified. the ankle and finger were checked after the slip. the fingertip was checked. the worker removed the step and continued. the area was checked before work continued. the task was paused for review. demo sequence 0256 was logged.",Medium,HUMAN_REVIEW,[],"['LSR01', 'LSR02', 'LSR08']",True
DEMO500-0257,Driving,LSR03,none,driving-cohort-2,medium,declining,119,"at frostline depot in the workshop aisle, during routine inspection, a worker used a small hand tool. nearby was a parked vehicle and clear route, not in use. the worker slipped on a dry step while walking beside the bench, lost balance, and rolled an ankle. the worker caught a finger on the tool case but did not fall. no one was exposed to serious harm and no credible fatal outcome was identified. the ordinary footing control was present and verified. the ankle and finger were checked after the slip. the fingertip was checked. the worker removed the step and continued. the area was checked before work continued. the task was paused for review. demo sequence 0257 was logged.",Medium,HUMAN_REVIEW,[],"['LSR01', 'LSR02', 'LSR08']",True
DEMO500-0258,Work authorization,LSR08,none,work_authorization-cohort-1,medium,stable,121,"at delta point facility in the workshop aisle, during routine inspection, a worker used a small hand tool. nearby was a checked permit board and hand tool, not in use. the worker slipped on a dry step while walking beside the bench, lost balance, and rolled an ankle. the worker caught a finger on the tool case but did not fall. no one was exposed to serious harm and no credible fatal outcome was identified. the ordinary footing control was present and verified. the ankle and finger were checked after the slip. the fingertip was checked. the worker removed the step and continued. the area was checked before work continued. the task was paused for review. demo sequence 0258 was logged.",Medium,HUMAN_REVIEW,[],"['LSR01', 'LSR02', 'LSR08']",True
DEMO500-0259,Mechanical lifting,LSR07,none,mechanical_lifting-cohort-1,medium,declining,115,"at echo valley works in the workshop aisle, during routine inspection, a worker used a small hand tool. nearby was a parked load and inspected sling, not in use. the worker slipped on a dry step while walking beside the bench, lost balance, and rolled an ankle. the worker caught a finger on the tool case but did not fall. no one was exposed to serious harm and no credible fatal outcome was identified. the ordinary footing control was present and verified. the ankle and finger were checked after the slip. the fingertip was checked. the worker removed the step and continued. the task was paused for a control check. demo sequence 0259 was logged.",Medium,HUMAN_REVIEW,[],"['LSR01', 'LSR02', 'LSR08']",True
DEMO500-0260,Confined space,LSR02,Work authorization,confined_space-cohort-2,medium,declining,120,"at frostline depot in the workshop aisle, during routine inspection, a worker used a small hand tool. nearby was a closed vessel and idle gas monitor, not in use. the worker slipped on a dry step while walking beside the bench, lost balance, and rolled an ankle. the worker caught a finger on the tool case but did not fall. no one was exposed to serious harm and no credible fatal outcome was identified. the ordinary footing control was present and verified. the ankle and finger were checked after the slip. the fingertip was checked. the worker removed the step and continued. the area was checked before work continued. the task was paused for review. demo sequence 0260 was logged.",Medium,HUMAN_REVIEW,[],"['LSR01', 'LSR02', 'LSR08']",True
DEMO500-0261,Bypassed safety controls,LSR01,none,bypassed_safety_controls-cohort-1,medium,rising,120,"at aurora basin in the workshop aisle, during routine inspection, a worker used a small hand tool. nearby was a secured guard and idle control panel, not in use. the worker slipped on a dry step while walking beside the bench, lost balance, and rolled an ankle. the worker caught a finger on the tool case but did not fall. no one was exposed to serious harm and no credible fatal outcome was identified. the ordinary footing control was present and verified. the ankle and finger were checked after the slip. the fingertip was checked. the worker removed the step and continued. the area was checked before work continued. the task was paused for review. demo sequence 0261 was logged.",Medium,HUMAN_REVIEW,[],"['LSR01', 'LSR02', 'LSR08']",True
DEMO500-0262,Mechanical lifting,LSR07,none,mechanical_lifting-cohort-2,medium,rising,115,"at blue mesa yard in the workshop aisle, during routine inspection, a worker used a small hand tool. nearby was a parked load and inspected sling, not in use. the worker slipped on a dry step while walking beside the bench, lost balance, and rolled an ankle. the worker caught a finger on the tool case but did not fall. no one was exposed to serious harm and no credible fatal outcome was identified. the ordinary footing control was present and verified. the ankle and finger were checked after the slip. the fingertip was checked. the worker removed the step and continued. the task was paused for a control check. demo sequence 0262 was logged.",Medium,HUMAN_REVIEW,[],"['LSR01', 'LSR02', 'LSR08']",True
DEMO500-0263,Line of fire,LSR06,none,line_of_fire-cohort-2,medium,rising,114,"at aurora basin in the workshop aisle, during routine inspection, a worker used a small hand tool. nearby was a parked load and marked floor, not in use. the worker slipped on a dry step while walking beside the bench, lost balance, and rolled an ankle. the worker caught a finger on the tool case but did not fall. no one was exposed to serious harm and no credible fatal outcome was identified. the ordinary footing control was present and verified. the ankle and finger were checked after the slip. the fingertip was checked. the worker removed the step and continued. the barrier was reviewed before the task continued. demo sequence 0263 was logged.",Medium,HUMAN_REVIEW,[],"['LSR01', 'LSR02', 'LSR08']",True
DEMO500-0264,Driving,LSR03,Routine work,driving-cohort-1,medium,stable,114,"at delta point facility in the workshop aisle, during routine inspection, a worker used a small hand tool. nearby was a parked vehicle and clear route, not in use. the worker slipped on a dry step while walking beside the bench, lost balance, and rolled an ankle. the worker caught a finger on the tool case but did not fall. no one was exposed to serious harm and no credible fatal outcome was identified. the ordinary footing control was present and verified. the ankle and finger were checked after the slip. the fingertip was checked. the worker removed the step and continued. the area was checked before work continued. demo sequence 0264 was logged.",Medium,HUMAN_REVIEW,[],"['LSR01', 'LSR02', 'LSR08']",True
DEMO500-0265,Driving,LSR03,none,driving-cohort-2,medium,declining,119,"at frostline depot in the workshop aisle, during routine inspection, a worker used a small hand tool. nearby was a parked vehicle and clear route, not in use. the worker slipped on a dry step while walking beside the bench, lost balance, and rolled an ankle. the worker caught a finger on the tool case but did not fall. no one was exposed to serious harm and no credible fatal outcome was identified. the ordinary footing control was present and verified. the ankle and finger were checked after the slip. the fingertip was checked. the worker removed the step and continued. the area was checked before work continued. the task was paused for review. demo sequence 0265 was logged.",Medium,HUMAN_REVIEW,[],"['LSR01', 'LSR02', 'LSR08']",True
DEMO500-0266,Line of fire,LSR06,none,line_of_fire-cohort-1,medium,stable,115,"at delta point facility in the workshop aisle, during routine inspection, a worker used a small hand tool. nearby was a parked load and marked floor, not in use. the worker slipped on a dry step while walking beside the bench, lost balance, and rolled an ankle. the worker caught a finger on the tool case but did not fall. no one was exposed to serious harm and no credible fatal outcome was identified. the ordinary footing control was present and verified. the ankle and finger were checked after the slip. the fingertip was checked. the worker removed the step and continued. the barrier was reviewed before the task continued. demo sequence 0266 was logged.",Medium,HUMAN_REVIEW,[],"['LSR01', 'LSR02', 'LSR08']",True
DEMO500-0267,Bypassed safety controls,LSR01,none,bypassed_safety_controls-cohort-2,medium,declining,120,"at frostline depot in the workshop aisle, during routine inspection, a worker used a small hand tool. nearby was a secured guard and idle control panel, not in use. the worker slipped on a dry step while walking beside the bench, lost balance, and rolled an ankle. the worker caught a finger on the tool case but did not fall. no one was exposed to serious harm and no credible fatal outcome was identified. the ordinary footing control was present and verified. the ankle and finger were checked after the slip. the fingertip was checked. the worker removed the step and continued. the area was checked before work continued. the task was paused for review. demo sequence 0267 was logged.",Medium,HUMAN_REVIEW,[],"['LSR01', 'LSR02', 'LSR08']",True
DEMO500-0268,Confined space,LSR02,Routine work,confined_space-cohort-2,medium,rising,121,"at blue mesa yard in the workshop aisle, during routine inspection, a worker used a small hand tool. nearby was a closed vessel and idle gas monitor, not in use. the worker slipped on a dry step while walking beside the bench, lost balance, and rolled an ankle. the worker caught a finger on the tool case but did not fall. no one was exposed to serious harm and no credible fatal outcome was identified. the ordinary footing control was present and verified. the ankle and finger were checked after the slip. the fingertip was checked. the worker removed the step and continued. the area was checked before work continued. the task was paused for review. demo sequence 0268 was logged.",Medium,HUMAN_REVIEW,[],"['LSR01', 'LSR02', 'LSR08']",True
DEMO500-0269,Routine work,none,none,routine_work-cohort-2,medium,declining,120,"at echo valley works in the workshop aisle, during routine inspection, a worker used a small hand tool. nearby was a hand tool and parked vehicle, not in use. the worker slipped on a dry step while walking beside the bench, lost balance, and rolled an ankle. the worker caught a finger on the tool case but did not fall. no one was exposed to serious harm and no credible fatal outcome was identified. the ordinary footing control was present and verified. the ankle and finger were checked after the slip. the fingertip was checked. the worker removed the step and continued. the area was checked before work continued. the task was paused for review. demo sequence 0269 was logged.",Medium,HUMAN_REVIEW,[],"['LSR01', 'LSR02', 'LSR08']",True
DEMO500-0270,Working at height,LSR09,none,working_at_height-cohort-2,medium,declining,120,"at echo valley works in the workshop aisle, during routine inspection, a worker used a small hand tool. nearby was a secured ladder and closed platform, not in use. the worker slipped on a dry step while walking beside the bench, lost balance, and rolled an ankle. the worker caught a finger on the tool case but did not fall. no one was exposed to serious harm and no credible fatal outcome was identified. the ordinary footing control was present and verified. the ankle and finger were checked after the slip. the fingertip was checked. the worker removed the step and continued. the area was checked before work continued. the task was paused for review. demo sequence 0270 was logged.",Medium,HUMAN_REVIEW,[],"['LSR01', 'LSR02', 'LSR08']",True
DEMO500-0271,Routine work,none,none,routine_work-cohort-2,medium,stable,120,"at delta point facility in the workshop aisle, during routine inspection, a worker used a small hand tool. nearby was a hand tool and parked vehicle, not in use. the worker slipped on a dry step while walking beside the bench, lost balance, and rolled an ankle. the worker caught a finger on the tool case but did not fall. no one was exposed to serious harm and no credible fatal outcome was identified. the ordinary footing control was present and verified. the ankle and finger were checked after the slip. the fingertip was checked. the worker removed the step and continued. the area was checked before work continued. the task was paused for review. demo sequence 0271 was logged.",Medium,HUMAN_REVIEW,[],"['LSR01', 'LSR02', 'LSR08']",True
DEMO500-0272,Routine work,none,Working at height,routine_work-cohort-1,medium,stable,120,"at delta point facility in the workshop aisle, during routine inspection, a worker used a small hand tool. nearby was a hand tool and parked vehicle, not in use. the worker slipped on a dry step while walking beside the bench, lost balance, and rolled an ankle. the worker caught a finger on the tool case but did not fall. no one was exposed to serious harm and no credible fatal outcome was identified. the ordinary footing control was present and verified. the ankle and finger were checked after the slip. the fingertip was checked. the worker removed the step and continued. the area was checked before work continued. the task was paused for review. demo sequence 0272 was logged.",Medium,HUMAN_REVIEW,[],"['LSR01', 'LSR02', 'LSR08']",True
DEMO500-0273,Routine work,none,none,routine_work-cohort-2,medium,rising,119,"at aurora basin in the workshop aisle, during routine inspection, a worker used a small hand tool. nearby was a hand tool and parked vehicle, not in use. the worker slipped on a dry step while walking beside the bench, lost balance, and rolled an ankle. the worker caught a finger on the tool case but did not fall. no one was exposed to serious harm and no credible fatal outcome was identified. the ordinary footing control was present and verified. the ankle and finger were checked after the slip. the fingertip was checked. the worker removed the step and continued. the area was checked before work continued. the task was paused for review. demo sequence 0273 was logged.",Medium,HUMAN_REVIEW,[],"['LSR01', 'LSR02', 'LSR08']",True
DEMO500-0274,Mechanical lifting,LSR07,none,mechanical_lifting-cohort-1,medium,rising,114,"at aurora basin in the workshop aisle, during routine inspection, a worker used a small hand tool. nearby was a parked load and inspected sling, not in use. the worker slipped on a dry step while walking beside the bench, lost balance, and rolled an ankle. the worker caught a finger on the tool case but did not fall. no one was exposed to serious harm and no credible fatal outcome was identified. the ordinary footing control was present and verified. the ankle and finger were checked after the slip. the fingertip was checked. the worker removed the step and continued. the task was paused for a control check. demo sequence 0274 was logged.",Medium,HUMAN_REVIEW,[],"['LSR01', 'LSR02', 'LSR08']",True
DEMO500-0275,Bypassed safety controls,LSR01,none,bypassed_safety_controls-cohort-2,medium,rising,120,"at aurora basin in the workshop aisle, during routine inspection, a worker used a small hand tool. nearby was a secured guard and idle control panel, not in use. the worker slipped on a dry step while walking beside the bench, lost balance, and rolled an ankle. the worker caught a finger on the tool case but did not fall. no one was exposed to serious harm and no credible fatal outcome was identified. the ordinary footing control was present and verified. the ankle and finger were checked after the slip. the fingertip was checked. the worker removed the step and continued. the area was checked before work continued. the task was paused for review. demo sequence 0275 was logged.",Medium,HUMAN_REVIEW,[],"['LSR01', 'LSR02', 'LSR08']",True
DEMO500-0276,Energy isolation,LSR04,Working at height,energy_isolation-cohort-1,medium,declining,115,"at frostline depot in the workshop aisle, during routine inspection, a worker used a small hand tool. nearby was a closed pressure valve and disconnected line, not in use. the worker slipped on a dry step while walking beside the bench, lost balance, and rolled an ankle. the worker caught a finger on the tool case but did not fall. no one was exposed to serious harm and no credible fatal outcome was identified. the ordinary footing control was present and verified. the ankle and finger were checked after the slip. the fingertip was checked. the worker removed the step and continued. the task was paused for a control check. demo sequence 0276 was logged.",Medium,HUMAN_REVIEW,[],"['LSR01', 'LSR02', 'LSR08']",True
DEMO500-0277,Line of fire,LSR06,none,line_of_fire-cohort-2,medium,stable,115,"at cedar ridge station in the workshop aisle, during routine inspection, a worker used a small hand tool. nearby was a parked load and marked floor, not in use. the worker slipped on a dry step while walking beside the bench, lost balance, and rolled an ankle. the worker caught a finger on the tool case but did not fall. no one was exposed to serious harm and no credible fatal outcome was identified. the ordinary footing control was present and verified. the ankle and finger were checked after the slip. the fingertip was checked. the worker removed the step and continued. the barrier was reviewed before the task continued. demo sequence 0277 was logged.",Medium,HUMAN_REVIEW,[],"['LSR01', 'LSR02', 'LSR08']",True
DEMO500-0278,Mechanical lifting,LSR07,none,mechanical_lifting-cohort-2,medium,stable,115,"at cedar ridge station in the workshop aisle, during routine inspection, a worker used a small hand tool. nearby was a parked load and inspected sling, not in use. the worker slipped on a dry step while walking beside the bench, lost balance, and rolled an ankle. the worker caught a finger on the tool case but did not fall. no one was exposed to serious harm and no credible fatal outcome was identified. the ordinary footing control was present and verified. the ankle and finger were checked after the slip. the fingertip was checked. the worker removed the step and continued. the task was paused for a control check. demo sequence 0278 was logged.",Medium,HUMAN_REVIEW,[],"['LSR01', 'LSR02', 'LSR08']",True
DEMO500-0279,Bypassed safety controls,LSR01,none,bypassed_safety_controls-cohort-2,medium,rising,120,"at aurora basin in the workshop aisle, during routine inspection, a worker used a small hand tool. nearby was a secured guard and idle control panel, not in use. the worker slipped on a dry step while walking beside the bench, lost balance, and rolled an ankle. the worker caught a finger on the tool case but did not fall. no one was exposed to serious harm and no credible fatal outcome was identified. the ordinary footing control was present and verified. the ankle and finger were checked after the slip. the fingertip was checked. the worker removed the step and continued. the area was checked before work continued. the task was paused for review. demo sequence 0279 was logged.",Medium,HUMAN_REVIEW,[],"['LSR01', 'LSR02', 'LSR08']",True
DEMO500-0280,Bypassed safety controls,LSR01,Working at height,bypassed_safety_controls-cohort-1,medium,rising,120,"at aurora basin in the workshop aisle, during routine inspection, a worker used a small hand tool. nearby was a secured guard and idle control panel, not in use. the worker slipped on a dry step while walking beside the bench, lost balance, and rolled an ankle. the worker caught a finger on the tool case but did not fall. no one was exposed to serious harm and no credible fatal outcome was identified. the ordinary footing control was present and verified. the ankle and finger were checked after the slip. the fingertip was checked. the worker removed the step and continued. the area was checked before work continued. the task was paused for review. demo sequence 0280 was logged.",Medium,HUMAN_REVIEW,[],"['LSR01', 'LSR02', 'LSR08']",True
DEMO500-0281,Line of fire,LSR06,none,line_of_fire-cohort-2,low,stable,107,"at cedar ridge station in the workshop aisle, during routine inspection, a worker used a small hand tool. nearby was a parked load and marked floor, not in use. the worker slipped on a dry step while walking beside the bench, lost balance, and rolled an ankle. the worker caught a finger on the tool case but did not fall. no one was exposed to serious harm and no credible fatal outcome was identified. the ordinary footing control was present and verified. the ankle and finger were checked after the slip. the fingertip was checked. the worker removed the step and continued. demo sequence 0281 was logged.",Low,NON_SIF_POTENTIAL,[],"['LSR01', 'LSR02', 'LSR08']",True
DEMO500-0282,Driving,LSR03,none,driving-cohort-1,low,rising,107,"at blue mesa yard in the workshop aisle, during routine inspection, a worker used a small hand tool. nearby was a parked vehicle and clear route, not in use. the worker slipped on a dry step while walking beside the bench, lost balance, and rolled an ankle. the worker caught a finger on the tool case but did not fall. no one was exposed to serious harm and no credible fatal outcome was identified. the ordinary footing control was present and verified. the ankle and finger were checked after the slip. the fingertip was checked. the worker removed the step and continued. demo sequence 0282 was logged.",Low,NON_SIF_POTENTIAL,[],"['LSR01', 'LSR02', 'LSR08']",True
DEMO500-0283,Working at height,LSR09,none,working_at_height-cohort-2,low,stable,107,"at cedar ridge station in the workshop aisle, during routine inspection, a worker used a small hand tool. nearby was a secured ladder and closed platform, not in use. the worker slipped on a dry step while walking beside the bench, lost balance, and rolled an ankle. the worker caught a finger on the tool case but did not fall. no one was exposed to serious harm and no credible fatal outcome was identified. the ordinary footing control was present and verified. the ankle and finger were checked after the slip. the fingertip was checked. the worker removed the step and continued. demo sequence 0283 was logged.",Low,NON_SIF_POTENTIAL,[],"['LSR01', 'LSR02', 'LSR08']",True
DEMO500-0284,Energy isolation,LSR04,Work authorization,energy_isolation-cohort-1,low,stable,108,"at cedar ridge station in the workshop aisle, during routine inspection, a worker used a small hand tool. nearby was a closed pressure valve and disconnected line, not in use. the worker slipped on a dry step while walking beside the bench, lost balance, and rolled an ankle. the worker caught a finger on the tool case but did not fall. no one was exposed to serious harm and no credible fatal outcome was identified. the ordinary footing control was present and verified. the ankle and finger were checked after the slip. the fingertip was checked. the worker removed the step and continued. demo sequence 0284 was logged.",Low,NON_SIF_POTENTIAL,[],"['LSR01', 'LSR02', 'LSR08']",True
DEMO500-0285,Routine work,none,none,routine_work-cohort-1,low,rising,107,"at blue mesa yard in the workshop aisle, during routine inspection, a worker used a small hand tool. nearby was a hand tool and parked vehicle, not in use. the worker slipped on a dry step while walking beside the bench, lost balance, and rolled an ankle. the worker caught a finger on the tool case but did not fall. no one was exposed to serious harm and no credible fatal outcome was identified. the ordinary footing control was present and verified. the ankle and finger were checked after the slip. the fingertip was checked. the worker removed the step and continued. demo sequence 0285 was logged.",Low,NON_SIF_POTENTIAL,[],"['LSR01', 'LSR02', 'LSR08']",True
DEMO500-0286,Hot work,LSR05,none,hot_work-cohort-2,low,rising,107,"at aurora basin in the workshop aisle, during routine inspection, a worker used a small hand tool. nearby was a cool hot-work torch and closed cylinder, not in use. the worker slipped on a dry step while walking beside the bench, lost balance, and rolled an ankle. the worker caught a finger on the tool case but did not fall. no one was exposed to serious harm and no credible fatal outcome was identified. the ordinary footing control was present and verified. the ankle and finger were checked after the slip. the fingertip was checked. the worker removed the step and continued. demo sequence 0286 was logged.",Low,NON_SIF_POTENTIAL,[],"['LSR01', 'LSR02', 'LSR08']",True
DEMO500-0287,Energy isolation,LSR04,none,energy_isolation-cohort-2,low,stable,108,"at delta point facility in the workshop aisle, during routine inspection, a worker used a small hand tool. nearby was a closed pressure valve and disconnected line, not in use. the worker slipped on a dry step while walking beside the bench, lost balance, and rolled an ankle. the worker caught a finger on the tool case but did not fall. no one was exposed to serious harm and no credible fatal outcome was identified. the ordinary footing control was present and verified. the ankle and finger were checked after the slip. the fingertip was checked. the worker removed the step and continued. demo sequence 0287 was logged.",Low,NON_SIF_POTENTIAL,[],"['LSR01', 'LSR02', 'LSR08']",True
DEMO500-0288,Energy isolation,LSR04,Routine work,energy_isolation-cohort-1,low,rising,107,"at aurora basin in the workshop aisle, during routine inspection, a worker used a small hand tool. nearby was a closed pressure valve and disconnected line, not in use. the worker slipped on a dry step while walking beside the bench, lost balance, and rolled an ankle. the worker caught a finger on the tool case but did not fall. no one was exposed to serious harm and no credible fatal outcome was identified. the ordinary footing control was present and verified. the ankle and finger were checked after the slip. the fingertip was checked. the worker removed the step and continued. demo sequence 0288 was logged.",Low,NON_SIF_POTENTIAL,[],"['LSR01', 'LSR02', 'LSR08']",True
DEMO500-0289,Work authorization,LSR08,none,work_authorization-cohort-1,low,rising,107,"at aurora basin in the workshop aisle, during routine inspection, a worker used a small hand tool. nearby was a checked permit board and hand tool, not in use. the worker slipped on a dry step while walking beside the bench, lost balance, and rolled an ankle. the worker caught a finger on the tool case but did not fall. no one was exposed to serious harm and no credible fatal outcome was identified. the ordinary footing control was present and verified. the ankle and finger were checked after the slip. the fingertip was checked. the worker removed the step and continued. demo sequence 0289 was logged.",Low,NON_SIF_POTENTIAL,[],"['LSR01', 'LSR02', 'LSR08']",True
DEMO500-0290,Routine work,none,none,routine_work-cohort-2,low,stable,107,"at delta point facility in the workshop aisle, during routine inspection, a worker used a small hand tool. nearby was a hand tool and parked vehicle, not in use. the worker slipped on a dry step while walking beside the bench, lost balance, and rolled an ankle. the worker caught a finger on the tool case but did not fall. no one was exposed to serious harm and no credible fatal outcome was identified. the ordinary footing control was present and verified. the ankle and finger were checked after the slip. the fingertip was checked. the worker removed the step and continued. demo sequence 0290 was logged.",Low,NON_SIF_POTENTIAL,[],"['LSR01', 'LSR02', 'LSR08']",True
DEMO500-0291,Mechanical lifting,LSR07,none,mechanical_lifting-cohort-1,low,stable,107,"at delta point facility in the workshop aisle, during routine inspection, a worker used a small hand tool. nearby was a parked load and inspected sling, not in use. the worker slipped on a dry step while walking beside the bench, lost balance, and rolled an ankle. the worker caught a finger on the tool case but did not fall. no one was exposed to serious harm and no credible fatal outcome was identified. the ordinary footing control was present and verified. the ankle and finger were checked after the slip. the fingertip was checked. the worker removed the step and continued. demo sequence 0291 was logged.",Low,NON_SIF_POTENTIAL,[],"['LSR01', 'LSR02', 'LSR08']",True
DEMO500-0292,Driving,LSR03,Work authorization,driving-cohort-2,low,rising,106,"at aurora basin in the workshop aisle, during routine inspection, a worker used a small hand tool. nearby was a parked vehicle and clear route, not in use. the worker slipped on a dry step while walking beside the bench, lost balance, and rolled an ankle. the worker caught a finger on the tool case but did not fall. no one was exposed to serious harm and no credible fatal outcome was identified. the ordinary footing control was present and verified. the ankle and finger were checked after the slip. the fingertip was checked. the worker removed the step and continued. demo sequence 0292 was logged.",Low,NON_SIF_POTENTIAL,[],"['LSR01', 'LSR02', 'LSR08']",True
DEMO500-0293,Routine work,none,none,routine_work-cohort-1,low,declining,107,"at echo valley works in the workshop aisle, during routine inspection, a worker used a small hand tool. nearby was a hand tool and parked vehicle, not in use. the worker slipped on a dry step while walking beside the bench, lost balance, and rolled an ankle. the worker caught a finger on the tool case but did not fall. no one was exposed to serious harm and no credible fatal outcome was identified. the ordinary footing control was present and verified. the ankle and finger were checked after the slip. the fingertip was checked. the worker removed the step and continued. demo sequence 0293 was logged.",Low,NON_SIF_POTENTIAL,[],"['LSR01', 'LSR02', 'LSR08']",True
DEMO500-0294,Energy isolation,LSR04,none,energy_isolation-cohort-2,low,stable,108,"at delta point facility in the workshop aisle, during routine inspection, a worker used a small hand tool. nearby was a closed pressure valve and disconnected line, not in use. the worker slipped on a dry step while walking beside the bench, lost balance, and rolled an ankle. the worker caught a finger on the tool case but did not fall. no one was exposed to serious harm and no credible fatal outcome was identified. the ordinary footing control was present and verified. the ankle and finger were checked after the slip. the fingertip was checked. the worker removed the step and continued. demo sequence 0294 was logged.",Low,NON_SIF_POTENTIAL,[],"['LSR01', 'LSR02', 'LSR08']",True
DEMO500-0295,Working at height,LSR09,none,working_at_height-cohort-2,low,declining,107,"at echo valley works in the workshop aisle, during routine inspection, a worker used a small hand tool. nearby was a secured ladder and closed platform, not in use. the worker slipped on a dry step while walking beside the bench, lost balance, and rolled an ankle. the worker caught a finger on the tool case but did not fall. no one was exposed to serious harm and no credible fatal outcome was identified. the ordinary footing control was present and verified. the ankle and finger were checked after the slip. the fingertip was checked. the worker removed the step and continued. demo sequence 0295 was logged.",Low,NON_SIF_POTENTIAL,[],"['LSR01', 'LSR02', 'LSR08']",True
DEMO500-0296,Routine work,none,Work authorization,routine_work-cohort-2,low,declining,107,"at echo valley works in the workshop aisle, during routine inspection, a worker used a small hand tool. nearby was a hand tool and parked vehicle, not in use. the worker slipped on a dry step while walking beside the bench, lost balance, and rolled an ankle. the worker caught a finger on the tool case but did not fall. no one was exposed to serious harm and no credible fatal outcome was identified. the ordinary footing control was present and verified. the ankle and finger were checked after the slip. the fingertip was checked. the worker removed the step and continued. demo sequence 0296 was logged.",Low,NON_SIF_POTENTIAL,[],"['LSR01', 'LSR02', 'LSR08']",True
DEMO500-0297,Confined space,LSR02,none,confined_space-cohort-1,low,stable,108,"at cedar ridge station in the workshop aisle, during routine inspection, a worker used a small hand tool. nearby was a closed vessel and idle gas monitor, not in use. the worker slipped on a dry step while walking beside the bench, lost balance, and rolled an ankle. the worker caught a finger on the tool case but did not fall. no one was exposed to serious harm and no credible fatal outcome was identified. the ordinary footing control was present and verified. the ankle and finger were checked after the slip. the fingertip was checked. the worker removed the step and continued. demo sequence 0297 was logged.",Low,NON_SIF_POTENTIAL,[],"['LSR01', 'LSR02', 'LSR08']",True
DEMO500-0298,Working at height,LSR09,none,working_at_height-cohort-2,low,declining,107,"at echo valley works in the workshop aisle, during routine inspection, a worker used a small hand tool. nearby was a secured ladder and closed platform, not in use. the worker slipped on a dry step while walking beside the bench, lost balance, and rolled an ankle. the worker caught a finger on the tool case but did not fall. no one was exposed to serious harm and no credible fatal outcome was identified. the ordinary footing control was present and verified. the ankle and finger were checked after the slip. the fingertip was checked. the worker removed the step and continued. demo sequence 0298 was logged.",Low,NON_SIF_POTENTIAL,[],"['LSR01', 'LSR02', 'LSR08']",True
DEMO500-0299,Hot work,LSR05,none,hot_work-cohort-2,low,rising,107,"at aurora basin in the workshop aisle, during routine inspection, a worker used a small hand tool. nearby was a cool hot-work torch and closed cylinder, not in use. the worker slipped on a dry step while walking beside the bench, lost balance, and rolled an ankle. the worker caught a finger on the tool case but did not fall. no one was exposed to serious harm and no credible fatal outcome was identified. the ordinary footing control was present and verified. the ankle and finger were checked after the slip. the fingertip was checked. the worker removed the step and continued. demo sequence 0299 was logged.",Low,NON_SIF_POTENTIAL,[],"['LSR01', 'LSR02', 'LSR08']",True
DEMO500-0300,Mechanical lifting,LSR07,Routine work,mechanical_lifting-cohort-1,low,stable,107,"at delta point facility in the workshop aisle, during routine inspection, a worker used a small hand tool. nearby was a parked load and inspected sling, not in use. the worker slipped on a dry step while walking beside the bench, lost balance, and rolled an ankle. the worker caught a finger on the tool case but did not fall. no one was exposed to serious harm and no credible fatal outcome was identified. the ordinary footing control was present and verified. the ankle and finger were checked after the slip. the fingertip was checked. the worker removed the step and continued. demo sequence 0300 was logged.",Low,NON_SIF_POTENTIAL,[],"['LSR01', 'LSR02', 'LSR08']",True
DEMO500-0301,Driving,LSR03,none,driving-cohort-1,low,stable,107,"at delta point facility in the workshop aisle, during routine inspection, a worker used a small hand tool. nearby was a parked vehicle and clear route, not in use. the worker slipped on a dry step while walking beside the bench, lost balance, and rolled an ankle. the worker caught a finger on the tool case but did not fall. no one was exposed to serious harm and no credible fatal outcome was identified. the ordinary footing control was present and verified. the ankle and finger were checked after the slip. the fingertip was checked. the worker removed the step and continued. demo sequence 0301 was logged.",Low,NON_SIF_POTENTIAL,[],"['LSR01', 'LSR02', 'LSR08']",True
DEMO500-0302,Mechanical lifting,LSR07,none,mechanical_lifting-cohort-2,low,rising,106,"at aurora basin in the workshop aisle, during routine inspection, a worker used a small hand tool. nearby was a parked load and inspected sling, not in use. the worker slipped on a dry step while walking beside the bench, lost balance, and rolled an ankle. the worker caught a finger on the tool case but did not fall. no one was exposed to serious harm and no credible fatal outcome was identified. the ordinary footing control was present and verified. the ankle and finger were checked after the slip. the fingertip was checked. the worker removed the step and continued. demo sequence 0302 was logged.",Low,NON_SIF_POTENTIAL,[],"['LSR01', 'LSR02', 'LSR08']",True
DEMO500-0303,Work authorization,LSR08,none,work_authorization-cohort-2,low,declining,107,"at frostline depot in the workshop aisle, during routine inspection, a worker used a small hand tool. nearby was a checked permit board and hand tool, not in use. the worker slipped on a dry step while walking beside the bench, lost balance, and rolled an ankle. the worker caught a finger on the tool case but did not fall. no one was exposed to serious harm and no credible fatal outcome was identified. the ordinary footing control was present and verified. the ankle and finger were checked after the slip. the fingertip was checked. the worker removed the step and continued. demo sequence 0303 was logged.",Low,NON_SIF_POTENTIAL,[],"['LSR01', 'LSR02', 'LSR08']",True
DEMO500-0304,Driving,LSR03,Line of fire,driving-cohort-1,low,stable,107,"at delta point facility in the workshop aisle, during routine inspection, a worker used a small hand tool. nearby was a parked vehicle and clear route, not in use. the worker slipped on a dry step while walking beside the bench, lost balance, and rolled an ankle. the worker caught a finger on the tool case but did not fall. no one was exposed to serious harm and no credible fatal outcome was identified. the ordinary footing control was present and verified. the ankle and finger were checked after the slip. the fingertip was checked. the worker removed the step and continued. demo sequence 0304 was logged.",Low,NON_SIF_POTENTIAL,[],"['LSR01', 'LSR02', 'LSR08']",True
DEMO500-0305,Mechanical lifting,LSR07,none,mechanical_lifting-cohort-2,low,rising,107,"at blue mesa yard in the workshop aisle, during routine inspection, a worker used a small hand tool. nearby was a parked load and inspected sling, not in use. the worker slipped on a dry step while walking beside the bench, lost balance, and rolled an ankle. the worker caught a finger on the tool case but did not fall. no one was exposed to serious harm and no credible fatal outcome was identified. the ordinary footing control was present and verified. the ankle and finger were checked after the slip. the fingertip was checked. the worker removed the step and continued. demo sequence 0305 was logged.",Low,NON_SIF_POTENTIAL,[],"['LSR01', 'LSR02', 'LSR08']",True
DEMO500-0306,Driving,LSR03,none,driving-cohort-1,low,rising,107,"at blue mesa yard in the workshop aisle, during routine inspection, a worker used a small hand tool. nearby was a parked vehicle and clear route, not in use. the worker slipped on a dry step while walking beside the bench, lost balance, and rolled an ankle. the worker caught a finger on the tool case but did not fall. no one was exposed to serious harm and no credible fatal outcome was identified. the ordinary footing control was present and verified. the ankle and finger were checked after the slip. the fingertip was checked. the worker removed the step and continued. demo sequence 0306 was logged.",Low,NON_SIF_POTENTIAL,[],"['LSR01', 'LSR02', 'LSR08']",True
DEMO500-0307,Bypassed safety controls,LSR01,none,bypassed_safety_controls-cohort-1,low,stable,108,"at delta point facility in the workshop aisle, during routine inspection, a worker used a small hand tool. nearby was a secured guard and idle control panel, not in use. the worker slipped on a dry step while walking beside the bench, lost balance, and rolled an ankle. the worker caught a finger on the tool case but did not fall. no one was exposed to serious harm and no credible fatal outcome was identified. the ordinary footing control was present and verified. the ankle and finger were checked after the slip. the fingertip was checked. the worker removed the step and continued. demo sequence 0307 was logged.",Low,NON_SIF_POTENTIAL,[],"['LSR01', 'LSR02', 'LSR08']",True
DEMO500-0308,Mechanical lifting,LSR07,Routine work,mechanical_lifting-cohort-1,low,stable,107,"at delta point facility in the workshop aisle, during routine inspection, a worker used a small hand tool. nearby was a parked load and inspected sling, not in use. the worker slipped on a dry step while walking beside the bench, lost balance, and rolled an ankle. the worker caught a finger on the tool case but did not fall. no one was exposed to serious harm and no credible fatal outcome was identified. the ordinary footing control was present and verified. the ankle and finger were checked after the slip. the fingertip was checked. the worker removed the step and continued. demo sequence 0308 was logged.",Low,NON_SIF_POTENTIAL,[],"['LSR01', 'LSR02', 'LSR08']",True
DEMO500-0309,Driving,LSR03,none,driving-cohort-1,low,stable,107,"at cedar ridge station in the workshop aisle, during routine inspection, a worker used a small hand tool. nearby was a parked vehicle and clear route, not in use. the worker slipped on a dry step while walking beside the bench, lost balance, and rolled an ankle. the worker caught a finger on the tool case but did not fall. no one was exposed to serious harm and no credible fatal outcome was identified. the ordinary footing control was present and verified. the ankle and finger were checked after the slip. the fingertip was checked. the worker removed the step and continued. demo sequence 0309 was logged.",Low,NON_SIF_POTENTIAL,[],"['LSR01', 'LSR02', 'LSR08']",True
DEMO500-0310,Routine work,none,none,routine_work-cohort-2,low,stable,107,"at delta point facility in the workshop aisle, during routine inspection, a worker used a small hand tool. nearby was a hand tool and parked vehicle, not in use. the worker slipped on a dry step while walking beside the bench, lost balance, and rolled an ankle. the worker caught a finger on the tool case but did not fall. no one was exposed to serious harm and no credible fatal outcome was identified. the ordinary footing control was present and verified. the ankle and finger were checked after the slip. the fingertip was checked. the worker removed the step and continued. demo sequence 0310 was logged.",Low,NON_SIF_POTENTIAL,[],"['LSR01', 'LSR02', 'LSR08']",True
DEMO500-0311,Hot work,LSR05,none,hot_work-cohort-1,low,declining,108,"at echo valley works in the workshop aisle, during routine inspection, a worker used a small hand tool. nearby was a cool hot-work torch and closed cylinder, not in use. the worker slipped on a dry step while walking beside the bench, lost balance, and rolled an ankle. the worker caught a finger on the tool case but did not fall. no one was exposed to serious harm and no credible fatal outcome was identified. the ordinary footing control was present and verified. the ankle and finger were checked after the slip. the fingertip was checked. the worker removed the step and continued. demo sequence 0311 was logged.",Low,NON_SIF_POTENTIAL,[],"['LSR01', 'LSR02', 'LSR08']",True
DEMO500-0312,Work authorization,LSR08,Line of fire,work_authorization-cohort-1,low,stable,108,"at cedar ridge station in the workshop aisle, during routine inspection, a worker used a small hand tool. nearby was a checked permit board and hand tool, not in use. the worker slipped on a dry step while walking beside the bench, lost balance, and rolled an ankle. the worker caught a finger on the tool case but did not fall. no one was exposed to serious harm and no credible fatal outcome was identified. the ordinary footing control was present and verified. the ankle and finger were checked after the slip. the fingertip was checked. the worker removed the step and continued. demo sequence 0312 was logged.",Low,NON_SIF_POTENTIAL,[],"['LSR01', 'LSR02', 'LSR08']",True
DEMO500-0313,Energy isolation,LSR04,none,energy_isolation-cohort-1,low,rising,108,"at blue mesa yard in the workshop aisle, during routine inspection, a worker used a small hand tool. nearby was a closed pressure valve and disconnected line, not in use. the worker slipped on a dry step while walking beside the bench, lost balance, and rolled an ankle. the worker caught a finger on the tool case but did not fall. no one was exposed to serious harm and no credible fatal outcome was identified. the ordinary footing control was present and verified. the ankle and finger were checked after the slip. the fingertip was checked. the worker removed the step and continued. demo sequence 0313 was logged.",Low,NON_SIF_POTENTIAL,[],"['LSR01', 'LSR02', 'LSR08']",True
DEMO500-0314,Energy isolation,LSR04,none,energy_isolation-cohort-1,low,rising,107,"at aurora basin in the workshop aisle, during routine inspection, a worker used a small hand tool. nearby was a closed pressure valve and disconnected line, not in use. the worker slipped on a dry step while walking beside the bench, lost balance, and rolled an ankle. the worker caught a finger on the tool case but did not fall. no one was exposed to serious harm and no credible fatal outcome was identified. the ordinary footing control was present and verified. the ankle and finger were checked after the slip. the fingertip was checked. the worker removed the step and continued. demo sequence 0314 was logged.",Low,NON_SIF_POTENTIAL,[],"['LSR01', 'LSR02', 'LSR08']",True
DEMO500-0315,Routine work,none,none,routine_work-cohort-2,low,stable,107,"at delta point facility in the workshop aisle, during routine inspection, a worker used a small hand tool. nearby was a hand tool and parked vehicle, not in use. the worker slipped on a dry step while walking beside the bench, lost balance, and rolled an ankle. the worker caught a finger on the tool case but did not fall. no one was exposed to serious harm and no credible fatal outcome was identified. the ordinary footing control was present and verified. the ankle and finger were checked after the slip. the fingertip was checked. the worker removed the step and continued. demo sequence 0315 was logged.",Low,NON_SIF_POTENTIAL,[],"['LSR01', 'LSR02', 'LSR08']",True
DEMO500-0316,Working at height,LSR09,Work authorization,working_at_height-cohort-2,low,stable,107,"at delta point facility in the workshop aisle, during routine inspection, a worker used a small hand tool. nearby was a secured ladder and closed platform, not in use. the worker slipped on a dry step while walking beside the bench, lost balance, and rolled an ankle. the worker caught a finger on the tool case but did not fall. no one was exposed to serious harm and no credible fatal outcome was identified. the ordinary footing control was present and verified. the ankle and finger were checked after the slip. the fingertip was checked. the worker removed the step and continued. demo sequence 0316 was logged.",Low,NON_SIF_POTENTIAL,[],"['LSR01', 'LSR02', 'LSR08']",True
DEMO500-0317,Driving,LSR03,none,driving-cohort-1,low,stable,107,"at cedar ridge station in the workshop aisle, during routine inspection, a worker used a small hand tool. nearby was a parked vehicle and clear route, not in use. the worker slipped on a dry step while walking beside the bench, lost balance, and rolled an ankle. the worker caught a finger on the tool case but did not fall. no one was exposed to serious harm and no credible fatal outcome was identified. the ordinary footing control was present and verified. the ankle and finger were checked after the slip. the fingertip was checked. the worker removed the step and continued. demo sequence 0317 was logged.",Low,NON_SIF_POTENTIAL,[],"['LSR01', 'LSR02', 'LSR08']",True
DEMO500-0318,Hot work,LSR05,none,hot_work-cohort-1,low,stable,108,"at delta point facility in the workshop aisle, during routine inspection, a worker used a small hand tool. nearby was a cool hot-work torch and closed cylinder, not in use. the worker slipped on a dry step while walking beside the bench, lost balance, and rolled an ankle. the worker caught a finger on the tool case but did not fall. no one was exposed to serious harm and no credible fatal outcome was identified. the ordinary footing control was present and verified. the ankle and finger were checked after the slip. the fingertip was checked. the worker removed the step and continued. demo sequence 0318 was logged.",Low,NON_SIF_POTENTIAL,[],"['LSR01', 'LSR02', 'LSR08']",True
DEMO500-0319,Line of fire,LSR06,none,line_of_fire-cohort-1,low,declining,107,"at echo valley works in the workshop aisle, during routine inspection, a worker used a small hand tool. nearby was a parked load and marked floor, not in use. the worker slipped on a dry step while walking beside the bench, lost balance, and rolled an ankle. the worker caught a finger on the tool case but did not fall. no one was exposed to serious harm and no credible fatal outcome was identified. the ordinary footing control was present and verified. the ankle and finger were checked after the slip. the fingertip was checked. the worker removed the step and continued. demo sequence 0319 was logged.",Low,NON_SIF_POTENTIAL,[],"['LSR01', 'LSR02', 'LSR08']",True
DEMO500-0320,Energy isolation,LSR04,Hot work,energy_isolation-cohort-1,low,rising,108,"at blue mesa yard in the workshop aisle, during routine inspection, a worker used a small hand tool. nearby was a closed pressure valve and disconnected line, not in use. the worker slipped on a dry step while walking beside the bench, lost balance, and rolled an ankle. the worker caught a finger on the tool case but did not fall. no one was exposed to serious harm and no credible fatal outcome was identified. the ordinary footing control was present and verified. the ankle and finger were checked after the slip. the fingertip was checked. the worker removed the step and continued. demo sequence 0320 was logged.",Low,NON_SIF_POTENTIAL,[],"['LSR01', 'LSR02', 'LSR08']",True
DEMO500-0321,Confined space,LSR02,none,confined_space-cohort-2,low,stable,108,"at cedar ridge station in the workshop aisle, during routine inspection, a worker used a small hand tool. nearby was a closed vessel and idle gas monitor, not in use. the worker slipped on a dry step while walking beside the bench, lost balance, and rolled an ankle. the worker caught a finger on the tool case but did not fall. no one was exposed to serious harm and no credible fatal outcome was identified. the ordinary footing control was present and verified. the ankle and finger were checked after the slip. the fingertip was checked. the worker removed the step and continued. demo sequence 0321 was logged.",Low,NON_SIF_POTENTIAL,[],"['LSR01', 'LSR02', 'LSR08']",True
DEMO500-0322,Bypassed safety controls,LSR01,none,bypassed_safety_controls-cohort-2,low,rising,107,"at aurora basin in the workshop aisle, during routine inspection, a worker used a small hand tool. nearby was a secured guard and idle control panel, not in use. the worker slipped on a dry step while walking beside the bench, lost balance, and rolled an ankle. the worker caught a finger on the tool case but did not fall. no one was exposed to serious harm and no credible fatal outcome was identified. the ordinary footing control was present and verified. the ankle and finger were checked after the slip. the fingertip was checked. the worker removed the step and continued. demo sequence 0322 was logged.",Low,NON_SIF_POTENTIAL,[],"['LSR01', 'LSR02', 'LSR08']",True
DEMO500-0323,Energy isolation,LSR04,none,energy_isolation-cohort-2,low,rising,108,"at blue mesa yard in the workshop aisle, during routine inspection, a worker used a small hand tool. nearby was a closed pressure valve and disconnected line, not in use. the worker slipped on a dry step while walking beside the bench, lost balance, and rolled an ankle. the worker caught a finger on the tool case but did not fall. no one was exposed to serious harm and no credible fatal outcome was identified. the ordinary footing control was present and verified. the ankle and finger were checked after the slip. the fingertip was checked. the worker removed the step and continued. demo sequence 0323 was logged.",Low,NON_SIF_POTENTIAL,[],"['LSR01', 'LSR02', 'LSR08']",True
DEMO500-0324,Energy isolation,LSR04,Hot work,energy_isolation-cohort-1,low,rising,108,"at blue mesa yard in the workshop aisle, during routine inspection, a worker used a small hand tool. nearby was a closed pressure valve and disconnected line, not in use. the worker slipped on a dry step while walking beside the bench, lost balance, and rolled an ankle. the worker caught a finger on the tool case but did not fall. no one was exposed to serious harm and no credible fatal outcome was identified. the ordinary footing control was present and verified. the ankle and finger were checked after the slip. the fingertip was checked. the worker removed the step and continued. demo sequence 0324 was logged.",Low,NON_SIF_POTENTIAL,[],"['LSR01', 'LSR02', 'LSR08']",True
DEMO500-0325,Routine work,none,none,routine_work-cohort-2,low,declining,107,"at echo valley works in the workshop aisle, during routine inspection, a worker used a small hand tool. nearby was a hand tool and parked vehicle, not in use. the worker slipped on a dry step while walking beside the bench, lost balance, and rolled an ankle. the worker caught a finger on the tool case but did not fall. no one was exposed to serious harm and no credible fatal outcome was identified. the ordinary footing control was present and verified. the ankle and finger were checked after the slip. the fingertip was checked. the worker removed the step and continued. demo sequence 0325 was logged.",Low,NON_SIF_POTENTIAL,[],"['LSR01', 'LSR02', 'LSR08']",True
DEMO500-0326,Bypassed safety controls,LSR01,none,bypassed_safety_controls-cohort-1,low,rising,107,"at aurora basin in the workshop aisle, during routine inspection, a worker used a small hand tool. nearby was a secured guard and idle control panel, not in use. the worker slipped on a dry step while walking beside the bench, lost balance, and rolled an ankle. the worker caught a finger on the tool case but did not fall. no one was exposed to serious harm and no credible fatal outcome was identified. the ordinary footing control was present and verified. the ankle and finger were checked after the slip. the fingertip was checked. the worker removed the step and continued. demo sequence 0326 was logged.",Low,NON_SIF_POTENTIAL,[],"['LSR01', 'LSR02', 'LSR08']",True
DEMO500-0327,Energy isolation,LSR04,none,energy_isolation-cohort-1,low,rising,107,"at aurora basin in the workshop aisle, during routine inspection, a worker used a small hand tool. nearby was a closed pressure valve and disconnected line, not in use. the worker slipped on a dry step while walking beside the bench, lost balance, and rolled an ankle. the worker caught a finger on the tool case but did not fall. no one was exposed to serious harm and no credible fatal outcome was identified. the ordinary footing control was present and verified. the ankle and finger were checked after the slip. the fingertip was checked. the worker removed the step and continued. demo sequence 0327 was logged.",Low,NON_SIF_POTENTIAL,[],"['LSR01', 'LSR02', 'LSR08']",True
DEMO500-0328,Line of fire,LSR06,Energy isolation,line_of_fire-cohort-1,low,rising,107,"at blue mesa yard in the workshop aisle, during routine inspection, a worker used a small hand tool. nearby was a parked load and marked floor, not in use. the worker slipped on a dry step while walking beside the bench, lost balance, and rolled an ankle. the worker caught a finger on the tool case but did not fall. no one was exposed to serious harm and no credible fatal outcome was identified. the ordinary footing control was present and verified. the ankle and finger were checked after the slip. the fingertip was checked. the worker removed the step and continued. demo sequence 0328 was logged.",Low,NON_SIF_POTENTIAL,[],"['LSR01', 'LSR02', 'LSR08']",True
DEMO500-0329,Routine work,none,none,routine_work-cohort-1,low,stable,107,"at delta point facility in the workshop aisle, during routine inspection, a worker used a small hand tool. nearby was a hand tool and parked vehicle, not in use. the worker slipped on a dry step while walking beside the bench, lost balance, and rolled an ankle. the worker caught a finger on the tool case but did not fall. no one was exposed to serious harm and no credible fatal outcome was identified. the ordinary footing control was present and verified. the ankle and finger were checked after the slip. the fingertip was checked. the worker removed the step and continued. demo sequence 0329 was logged.",Low,NON_SIF_POTENTIAL,[],"['LSR01', 'LSR02', 'LSR08']",True
DEMO500-0330,Mechanical lifting,LSR07,none,mechanical_lifting-cohort-2,low,rising,106,"at aurora basin in the workshop aisle, during routine inspection, a worker used a small hand tool. nearby was a parked load and inspected sling, not in use. the worker slipped on a dry step while walking beside the bench, lost balance, and rolled an ankle. the worker caught a finger on the tool case but did not fall. no one was exposed to serious harm and no credible fatal outcome was identified. the ordinary footing control was present and verified. the ankle and finger were checked after the slip. the fingertip was checked. the worker removed the step and continued. demo sequence 0330 was logged.",Low,NON_SIF_POTENTIAL,[],"['LSR01', 'LSR02', 'LSR08']",True
DEMO500-0331,Energy isolation,LSR04,none,energy_isolation-cohort-2,low,rising,107,"at aurora basin in the workshop aisle, during routine inspection, a worker used a small hand tool. nearby was a closed pressure valve and disconnected line, not in use. the worker slipped on a dry step while walking beside the bench, lost balance, and rolled an ankle. the worker caught a finger on the tool case but did not fall. no one was exposed to serious harm and no credible fatal outcome was identified. the ordinary footing control was present and verified. the ankle and finger were checked after the slip. the fingertip was checked. the worker removed the step and continued. demo sequence 0331 was logged.",Low,NON_SIF_POTENTIAL,[],"['LSR01', 'LSR02', 'LSR08']",True
DEMO500-0332,Routine work,none,Line of fire,routine_work-cohort-1,low,rising,106,"at aurora basin in the workshop aisle, during routine inspection, a worker used a small hand tool. nearby was a hand tool and parked vehicle, not in use. the worker slipped on a dry step while walking beside the bench, lost balance, and rolled an ankle. the worker caught a finger on the tool case but did not fall. no one was exposed to serious harm and no credible fatal outcome was identified. the ordinary footing control was present and verified. the ankle and finger were checked after the slip. the fingertip was checked. the worker removed the step and continued. demo sequence 0332 was logged.",Low,NON_SIF_POTENTIAL,[],"['LSR01', 'LSR02', 'LSR08']",True
DEMO500-0333,Working at height,LSR09,none,working_at_height-cohort-1,low,rising,107,"at blue mesa yard in the workshop aisle, during routine inspection, a worker used a small hand tool. nearby was a secured ladder and closed platform, not in use. the worker slipped on a dry step while walking beside the bench, lost balance, and rolled an ankle. the worker caught a finger on the tool case but did not fall. no one was exposed to serious harm and no credible fatal outcome was identified. the ordinary footing control was present and verified. the ankle and finger were checked after the slip. the fingertip was checked. the worker removed the step and continued. demo sequence 0333 was logged.",Low,NON_SIF_POTENTIAL,[],"['LSR01', 'LSR02', 'LSR08']",True
DEMO500-0334,Energy isolation,LSR04,none,energy_isolation-cohort-2,low,declining,108,"at echo valley works in the workshop aisle, during routine inspection, a worker used a small hand tool. nearby was a closed pressure valve and disconnected line, not in use. the worker slipped on a dry step while walking beside the bench, lost balance, and rolled an ankle. the worker caught a finger on the tool case but did not fall. no one was exposed to serious harm and no credible fatal outcome was identified. the ordinary footing control was present and verified. the ankle and finger were checked after the slip. the fingertip was checked. the worker removed the step and continued. demo sequence 0334 was logged.",Low,NON_SIF_POTENTIAL,[],"['LSR01', 'LSR02', 'LSR08']",True
DEMO500-0335,Working at height,LSR09,none,working_at_height-cohort-2,low,rising,106,"at aurora basin in the workshop aisle, during routine inspection, a worker used a small hand tool. nearby was a secured ladder and closed platform, not in use. the worker slipped on a dry step while walking beside the bench, lost balance, and rolled an ankle. the worker caught a finger on the tool case but did not fall. no one was exposed to serious harm and no credible fatal outcome was identified. the ordinary footing control was present and verified. the ankle and finger were checked after the slip. the fingertip was checked. the worker removed the step and continued. demo sequence 0335 was logged.",Low,NON_SIF_POTENTIAL,[],"['LSR01', 'LSR02', 'LSR08']",True
DEMO500-0336,Working at height,LSR09,Routine work,working_at_height-cohort-1,low,stable,107,"at delta point facility in the workshop aisle, during routine inspection, a worker used a small hand tool. nearby was a secured ladder and closed platform, not in use. the worker slipped on a dry step while walking beside the bench, lost balance, and rolled an ankle. the worker caught a finger on the tool case but did not fall. no one was exposed to serious harm and no credible fatal outcome was identified. the ordinary footing control was present and verified. the ankle and finger were checked after the slip. the fingertip was checked. the worker removed the step and continued. demo sequence 0336 was logged.",Low,NON_SIF_POTENTIAL,[],"['LSR01', 'LSR02', 'LSR08']",True
DEMO500-0337,Line of fire,LSR06,none,line_of_fire-cohort-2,low,rising,107,"at blue mesa yard in the workshop aisle, during routine inspection, a worker used a small hand tool. nearby was a parked load and marked floor, not in use. the worker slipped on a dry step while walking beside the bench, lost balance, and rolled an ankle. the worker caught a finger on the tool case but did not fall. no one was exposed to serious harm and no credible fatal outcome was identified. the ordinary footing control was present and verified. the ankle and finger were checked after the slip. the fingertip was checked. the worker removed the step and continued. demo sequence 0337 was logged.",Low,NON_SIF_POTENTIAL,[],"['LSR01', 'LSR02', 'LSR08']",True
DEMO500-0338,Line of fire,LSR06,none,line_of_fire-cohort-1,low,rising,107,"at blue mesa yard in the workshop aisle, during routine inspection, a worker used a small hand tool. nearby was a parked load and marked floor, not in use. the worker slipped on a dry step while walking beside the bench, lost balance, and rolled an ankle. the worker caught a finger on the tool case but did not fall. no one was exposed to serious harm and no credible fatal outcome was identified. the ordinary footing control was present and verified. the ankle and finger were checked after the slip. the fingertip was checked. the worker removed the step and continued. demo sequence 0338 was logged.",Low,NON_SIF_POTENTIAL,[],"['LSR01', 'LSR02', 'LSR08']",True
DEMO500-0339,Routine work,none,none,routine_work-cohort-2,low,declining,107,"at echo valley works in the workshop aisle, during routine inspection, a worker used a small hand tool. nearby was a hand tool and parked vehicle, not in use. the worker slipped on a dry step while walking beside the bench, lost balance, and rolled an ankle. the worker caught a finger on the tool case but did not fall. no one was exposed to serious harm and no credible fatal outcome was identified. the ordinary footing control was present and verified. the ankle and finger were checked after the slip. the fingertip was checked. the worker removed the step and continued. demo sequence 0339 was logged.",Low,NON_SIF_POTENTIAL,[],"['LSR01', 'LSR02', 'LSR08']",True
DEMO500-0340,Mechanical lifting,LSR07,Work authorization,mechanical_lifting-cohort-1,low,rising,106,"at aurora basin in the workshop aisle, during routine inspection, a worker used a small hand tool. nearby was a parked load and inspected sling, not in use. the worker slipped on a dry step while walking beside the bench, lost balance, and rolled an ankle. the worker caught a finger on the tool case but did not fall. no one was exposed to serious harm and no credible fatal outcome was identified. the ordinary footing control was present and verified. the ankle and finger were checked after the slip. the fingertip was checked. the worker removed the step and continued. demo sequence 0340 was logged.",Low,NON_SIF_POTENTIAL,[],"['LSR01', 'LSR02', 'LSR08']",True
DEMO500-0341,Routine work,none,none,routine_work-cohort-1,low,rising,106,"at aurora basin in the workshop aisle, during routine inspection, a worker used a small hand tool. nearby was a hand tool and parked vehicle, not in use. the worker slipped on a dry step while walking beside the bench, lost balance, and rolled an ankle. the worker caught a finger on the tool case but did not fall. no one was exposed to serious harm and no credible fatal outcome was identified. the ordinary footing control was present and verified. the ankle and finger were checked after the slip. the fingertip was checked. the worker removed the step and continued. demo sequence 0341 was logged.",Low,NON_SIF_POTENTIAL,[],"['LSR01', 'LSR02', 'LSR08']",True
DEMO500-0342,Mechanical lifting,LSR07,none,mechanical_lifting-cohort-2,low,stable,107,"at cedar ridge station in the workshop aisle, during routine inspection, a worker used a small hand tool. nearby was a parked load and inspected sling, not in use. the worker slipped on a dry step while walking beside the bench, lost balance, and rolled an ankle. the worker caught a finger on the tool case but did not fall. no one was exposed to serious harm and no credible fatal outcome was identified. the ordinary footing control was present and verified. the ankle and finger were checked after the slip. the fingertip was checked. the worker removed the step and continued. demo sequence 0342 was logged.",Low,NON_SIF_POTENTIAL,[],"['LSR01', 'LSR02', 'LSR08']",True
DEMO500-0343,Confined space,LSR02,none,confined_space-cohort-1,low,stable,108,"at delta point facility in the workshop aisle, during routine inspection, a worker used a small hand tool. nearby was a closed vessel and idle gas monitor, not in use. the worker slipped on a dry step while walking beside the bench, lost balance, and rolled an ankle. the worker caught a finger on the tool case but did not fall. no one was exposed to serious harm and no credible fatal outcome was identified. the ordinary footing control was present and verified. the ankle and finger were checked after the slip. the fingertip was checked. the worker removed the step and continued. demo sequence 0343 was logged.",Low,NON_SIF_POTENTIAL,[],"['LSR01', 'LSR02', 'LSR08']",True
DEMO500-0344,Energy isolation,LSR04,Hot work,energy_isolation-cohort-2,low,stable,108,"at delta point facility in the workshop aisle, during routine inspection, a worker used a small hand tool. nearby was a closed pressure valve and disconnected line, not in use. the worker slipped on a dry step while walking beside the bench, lost balance, and rolled an ankle. the worker caught a finger on the tool case but did not fall. no one was exposed to serious harm and no credible fatal outcome was identified. the ordinary footing control was present and verified. the ankle and finger were checked after the slip. the fingertip was checked. the worker removed the step and continued. demo sequence 0344 was logged.",Low,NON_SIF_POTENTIAL,[],"['LSR01', 'LSR02', 'LSR08']",True
DEMO500-0345,Line of fire,LSR06,none,line_of_fire-cohort-1,low,rising,106,"at aurora basin in the workshop aisle, during routine inspection, a worker used a small hand tool. nearby was a parked load and marked floor, not in use. the worker slipped on a dry step while walking beside the bench, lost balance, and rolled an ankle. the worker caught a finger on the tool case but did not fall. no one was exposed to serious harm and no credible fatal outcome was identified. the ordinary footing control was present and verified. the ankle and finger were checked after the slip. the fingertip was checked. the worker removed the step and continued. demo sequence 0345 was logged.",Low,NON_SIF_POTENTIAL,[],"['LSR01', 'LSR02', 'LSR08']",True
DEMO500-0346,Line of fire,LSR06,none,line_of_fire-cohort-1,low,declining,106,"at frostline depot in the workshop aisle, during routine inspection, a worker used a small hand tool. nearby was a parked load and marked floor, not in use. the worker slipped on a dry step while walking beside the bench, lost balance, and rolled an ankle. the worker caught a finger on the tool case but did not fall. no one was exposed to serious harm and no credible fatal outcome was identified. the ordinary footing control was present and verified. the ankle and finger were checked after the slip. the fingertip was checked. the worker removed the step and continued. demo sequence 0346 was logged.",Low,NON_SIF_POTENTIAL,[],"['LSR01', 'LSR02', 'LSR08']",True
DEMO500-0347,Confined space,LSR02,none,confined_space-cohort-2,low,declining,108,"at echo valley works in the workshop aisle, during routine inspection, a worker used a small hand tool. nearby was a closed vessel and idle gas monitor, not in use. the worker slipped on a dry step while walking beside the bench, lost balance, and rolled an ankle. the worker caught a finger on the tool case but did not fall. no one was exposed to serious harm and no credible fatal outcome was identified. the ordinary footing control was present and verified. the ankle and finger were checked after the slip. the fingertip was checked. the worker removed the step and continued. demo sequence 0347 was logged.",Low,NON_SIF_POTENTIAL,[],"['LSR01', 'LSR02', 'LSR08']",True
DEMO500-0348,Work authorization,LSR08,Bypassed safety controls,work_authorization-cohort-1,low,declining,108,"at echo valley works in the workshop aisle, during routine inspection, a worker used a small hand tool. nearby was a checked permit board and hand tool, not in use. the worker slipped on a dry step while walking beside the bench, lost balance, and rolled an ankle. the worker caught a finger on the tool case but did not fall. no one was exposed to serious harm and no credible fatal outcome was identified. the ordinary footing control was present and verified. the ankle and finger were checked after the slip. the fingertip was checked. the worker removed the step and continued. demo sequence 0348 was logged.",Low,NON_SIF_POTENTIAL,[],"['LSR01', 'LSR02', 'LSR08']",True
DEMO500-0349,Confined space,LSR02,none,confined_space-cohort-2,low,rising,108,"at blue mesa yard in the workshop aisle, during routine inspection, a worker used a small hand tool. nearby was a closed vessel and idle gas monitor, not in use. the worker slipped on a dry step while walking beside the bench, lost balance, and rolled an ankle. the worker caught a finger on the tool case but did not fall. no one was exposed to serious harm and no credible fatal outcome was identified. the ordinary footing control was present and verified. the ankle and finger were checked after the slip. the fingertip was checked. the worker removed the step and continued. demo sequence 0349 was logged.",Low,NON_SIF_POTENTIAL,[],"['LSR01', 'LSR02', 'LSR08']",True
DEMO500-0350,Hot work,LSR05,none,hot_work-cohort-1,low,rising,108,"at blue mesa yard in the workshop aisle, during routine inspection, a worker used a small hand tool. nearby was a cool hot-work torch and closed cylinder, not in use. the worker slipped on a dry step while walking beside the bench, lost balance, and rolled an ankle. the worker caught a finger on the tool case but did not fall. no one was exposed to serious harm and no credible fatal outcome was identified. the ordinary footing control was present and verified. the ankle and finger were checked after the slip. the fingertip was checked. the worker removed the step and continued. demo sequence 0350 was logged.",Low,NON_SIF_POTENTIAL,[],"['LSR01', 'LSR02', 'LSR08']",True
DEMO500-0351,Energy isolation,LSR04,none,energy_isolation-cohort-1,low,declining,107,"at frostline depot in the workshop aisle, during routine inspection, a worker used a small hand tool. nearby was a closed pressure valve and disconnected line, not in use. the worker slipped on a dry step while walking beside the bench, lost balance, and rolled an ankle. the worker caught a finger on the tool case but did not fall. no one was exposed to serious harm and no credible fatal outcome was identified. the ordinary footing control was present and verified. the ankle and finger were checked after the slip. the fingertip was checked. the worker removed the step and continued. demo sequence 0351 was logged.",Low,NON_SIF_POTENTIAL,[],"['LSR01', 'LSR02', 'LSR08']",True
DEMO500-0352,Confined space,LSR02,Routine work,confined_space-cohort-1,low,declining,107,"at frostline depot in the workshop aisle, during routine inspection, a worker used a small hand tool. nearby was a closed vessel and idle gas monitor, not in use. the worker slipped on a dry step while walking beside the bench, lost balance, and rolled an ankle. the worker caught a finger on the tool case but did not fall. no one was exposed to serious harm and no credible fatal outcome was identified. the ordinary footing control was present and verified. the ankle and finger were checked after the slip. the fingertip was checked. the worker removed the step and continued. demo sequence 0352 was logged.",Low,NON_SIF_POTENTIAL,[],"['LSR01', 'LSR02', 'LSR08']",True
DEMO500-0353,Routine work,none,none,routine_work-cohort-2,low,stable,107,"at cedar ridge station in the workshop aisle, during routine inspection, a worker used a small hand tool. nearby was a hand tool and parked vehicle, not in use. the worker slipped on a dry step while walking beside the bench, lost balance, and rolled an ankle. the worker caught a finger on the tool case but did not fall. no one was exposed to serious harm and no credible fatal outcome was identified. the ordinary footing control was present and verified. the ankle and finger were checked after the slip. the fingertip was checked. the worker removed the step and continued. demo sequence 0353 was logged.",Low,NON_SIF_POTENTIAL,[],"['LSR01', 'LSR02', 'LSR08']",True
DEMO500-0354,Line of fire,LSR06,none,line_of_fire-cohort-1,low,declining,106,"at frostline depot in the workshop aisle, during routine inspection, a worker used a small hand tool. nearby was a parked load and marked floor, not in use. the worker slipped on a dry step while walking beside the bench, lost balance, and rolled an ankle. the worker caught a finger on the tool case but did not fall. no one was exposed to serious harm and no credible fatal outcome was identified. the ordinary footing control was present and verified. the ankle and finger were checked after the slip. the fingertip was checked. the worker removed the step and continued. demo sequence 0354 was logged.",Low,NON_SIF_POTENTIAL,[],"['LSR01', 'LSR02', 'LSR08']",True
DEMO500-0355,Working at height,LSR09,none,working_at_height-cohort-1,low,rising,107,"at blue mesa yard in the workshop aisle, during routine inspection, a worker used a small hand tool. nearby was a secured ladder and closed platform, not in use. the worker slipped on a dry step while walking beside the bench, lost balance, and rolled an ankle. the worker caught a finger on the tool case but did not fall. no one was exposed to serious harm and no credible fatal outcome was identified. the ordinary footing control was present and verified. the ankle and finger were checked after the slip. the fingertip was checked. the worker removed the step and continued. demo sequence 0355 was logged.",Low,NON_SIF_POTENTIAL,[],"['LSR01', 'LSR02', 'LSR08']",True
DEMO500-0356,Confined space,LSR02,Working at height,confined_space-cohort-2,low,stable,108,"at delta point facility in the workshop aisle, during routine inspection, a worker used a small hand tool. nearby was a closed vessel and idle gas monitor, not in use. the worker slipped on a dry step while walking beside the bench, lost balance, and rolled an ankle. the worker caught a finger on the tool case but did not fall. no one was exposed to serious harm and no credible fatal outcome was identified. the ordinary footing control was present and verified. the ankle and finger were checked after the slip. the fingertip was checked. the worker removed the step and continued. demo sequence 0356 was logged.",Low,NON_SIF_POTENTIAL,[],"['LSR01', 'LSR02', 'LSR08']",True
DEMO500-0357,Routine work,none,none,routine_work-cohort-2,low,rising,107,"at blue mesa yard in the workshop aisle, during routine inspection, a worker used a small hand tool. nearby was a hand tool and parked vehicle, not in use. the worker slipped on a dry step while walking beside the bench, lost balance, and rolled an ankle. the worker caught a finger on the tool case but did not fall. no one was exposed to serious harm and no credible fatal outcome was identified. the ordinary footing control was present and verified. the ankle and finger were checked after the slip. the fingertip was checked. the worker removed the step and continued. demo sequence 0357 was logged.",Low,NON_SIF_POTENTIAL,[],"['LSR01', 'LSR02', 'LSR08']",True
DEMO500-0358,Line of fire,LSR06,none,line_of_fire-cohort-1,low,rising,107,"at blue mesa yard in the workshop aisle, during routine inspection, a worker used a small hand tool. nearby was a parked load and marked floor, not in use. the worker slipped on a dry step while walking beside the bench, lost balance, and rolled an ankle. the worker caught a finger on the tool case but did not fall. no one was exposed to serious harm and no credible fatal outcome was identified. the ordinary footing control was present and verified. the ankle and finger were checked after the slip. the fingertip was checked. the worker removed the step and continued. demo sequence 0358 was logged.",Low,NON_SIF_POTENTIAL,[],"['LSR01', 'LSR02', 'LSR08']",True
DEMO500-0359,Confined space,LSR02,none,confined_space-cohort-2,low,stable,108,"at cedar ridge station in the workshop aisle, during routine inspection, a worker used a small hand tool. nearby was a closed vessel and idle gas monitor, not in use. the worker slipped on a dry step while walking beside the bench, lost balance, and rolled an ankle. the worker caught a finger on the tool case but did not fall. no one was exposed to serious harm and no credible fatal outcome was identified. the ordinary footing control was present and verified. the ankle and finger were checked after the slip. the fingertip was checked. the worker removed the step and continued. demo sequence 0359 was logged.",Low,NON_SIF_POTENTIAL,[],"['LSR01', 'LSR02', 'LSR08']",True
DEMO500-0360,Hot work,LSR05,Driving,hot_work-cohort-1,low,rising,107,"at aurora basin in the workshop aisle, during routine inspection, a worker used a small hand tool. nearby was a cool hot-work torch and closed cylinder, not in use. the worker slipped on a dry step while walking beside the bench, lost balance, and rolled an ankle. the worker caught a finger on the tool case but did not fall. no one was exposed to serious harm and no credible fatal outcome was identified. the ordinary footing control was present and verified. the ankle and finger were checked after the slip. the fingertip was checked. the worker removed the step and continued. demo sequence 0360 was logged.",Low,NON_SIF_POTENTIAL,[],"['LSR01', 'LSR02', 'LSR08']",True
DEMO500-0361,Mechanical lifting,LSR07,none,mechanical_lifting-cohort-1,low,declining,107,"at echo valley works in the workshop aisle, during routine inspection, a worker used a small hand tool. nearby was a parked load and inspected sling, not in use. the worker slipped on a dry step while walking beside the bench, lost balance, and rolled an ankle. the worker caught a finger on the tool case but did not fall. no one was exposed to serious harm and no credible fatal outcome was identified. the ordinary footing control was present and verified. the ankle and finger were checked after the slip. the fingertip was checked. the worker removed the step and continued. demo sequence 0361 was logged.",Low,NON_SIF_POTENTIAL,[],"['LSR01', 'LSR02', 'LSR08']",True
DEMO500-0362,Mechanical lifting,LSR07,none,mechanical_lifting-cohort-2,low,rising,106,"at aurora basin in the workshop aisle, during routine inspection, a worker used a small hand tool. nearby was a parked load and inspected sling, not in use. the worker slipped on a dry step while walking beside the bench, lost balance, and rolled an ankle. the worker caught a finger on the tool case but did not fall. no one was exposed to serious harm and no credible fatal outcome was identified. the ordinary footing control was present and verified. the ankle and finger were checked after the slip. the fingertip was checked. the worker removed the step and continued. demo sequence 0362 was logged.",Low,NON_SIF_POTENTIAL,[],"['LSR01', 'LSR02', 'LSR08']",True
DEMO500-0363,Mechanical lifting,LSR07,none,mechanical_lifting-cohort-2,low,declining,107,"at echo valley works in the workshop aisle, during routine inspection, a worker used a small hand tool. nearby was a parked load and inspected sling, not in use. the worker slipped on a dry step while walking beside the bench, lost balance, and rolled an ankle. the worker caught a finger on the tool case but did not fall. no one was exposed to serious harm and no credible fatal outcome was identified. the ordinary footing control was present and verified. the ankle and finger were checked after the slip. the fingertip was checked. the worker removed the step and continued. demo sequence 0363 was logged.",Low,NON_SIF_POTENTIAL,[],"['LSR01', 'LSR02', 'LSR08']",True
DEMO500-0364,Hot work,LSR05,Work authorization,hot_work-cohort-2,low,stable,108,"at delta point facility in the workshop aisle, during routine inspection, a worker used a small hand tool. nearby was a cool hot-work torch and closed cylinder, not in use. the worker slipped on a dry step while walking beside the bench, lost balance, and rolled an ankle. the worker caught a finger on the tool case but did not fall. no one was exposed to serious harm and no credible fatal outcome was identified. the ordinary footing control was present and verified. the ankle and finger were checked after the slip. the fingertip was checked. the worker removed the step and continued. demo sequence 0364 was logged.",Low,NON_SIF_POTENTIAL,[],"['LSR01', 'LSR02', 'LSR08']",True
DEMO500-0365,Energy isolation,LSR04,none,energy_isolation-cohort-2,low,declining,107,"at frostline depot in the workshop aisle, during routine inspection, a worker used a small hand tool. nearby was a closed pressure valve and disconnected line, not in use. the worker slipped on a dry step while walking beside the bench, lost balance, and rolled an ankle. the worker caught a finger on the tool case but did not fall. no one was exposed to serious harm and no credible fatal outcome was identified. the ordinary footing control was present and verified. the ankle and finger were checked after the slip. the fingertip was checked. the worker removed the step and continued. demo sequence 0365 was logged.",Low,NON_SIF_POTENTIAL,[],"['LSR01', 'LSR02', 'LSR08']",True
DEMO500-0366,Routine work,none,none,routine_work-cohort-2,low,rising,106,"at aurora basin in the workshop aisle, during routine inspection, a worker used a small hand tool. nearby was a hand tool and parked vehicle, not in use. the worker slipped on a dry step while walking beside the bench, lost balance, and rolled an ankle. the worker caught a finger on the tool case but did not fall. no one was exposed to serious harm and no credible fatal outcome was identified. the ordinary footing control was present and verified. the ankle and finger were checked after the slip. the fingertip was checked. the worker removed the step and continued. demo sequence 0366 was logged.",Low,NON_SIF_POTENTIAL,[],"['LSR01', 'LSR02', 'LSR08']",True
DEMO500-0367,Mechanical lifting,LSR07,none,mechanical_lifting-cohort-2,low,rising,107,"at blue mesa yard in the workshop aisle, during routine inspection, a worker used a small hand tool. nearby was a parked load and inspected sling, not in use. the worker slipped on a dry step while walking beside the bench, lost balance, and rolled an ankle. the worker caught a finger on the tool case but did not fall. no one was exposed to serious harm and no credible fatal outcome was identified. the ordinary footing control was present and verified. the ankle and finger were checked after the slip. the fingertip was checked. the worker removed the step and continued. demo sequence 0367 was logged.",Low,NON_SIF_POTENTIAL,[],"['LSR01', 'LSR02', 'LSR08']",True
DEMO500-0368,Energy isolation,LSR04,Routine work,energy_isolation-cohort-2,low,stable,108,"at delta point facility in the workshop aisle, during routine inspection, a worker used a small hand tool. nearby was a closed pressure valve and disconnected line, not in use. the worker slipped on a dry step while walking beside the bench, lost balance, and rolled an ankle. the worker caught a finger on the tool case but did not fall. no one was exposed to serious harm and no credible fatal outcome was identified. the ordinary footing control was present and verified. the ankle and finger were checked after the slip. the fingertip was checked. the worker removed the step and continued. demo sequence 0368 was logged.",Low,NON_SIF_POTENTIAL,[],"['LSR01', 'LSR02', 'LSR08']",True
DEMO500-0369,Routine work,none,none,routine_work-cohort-1,low,declining,106,"at frostline depot in the workshop aisle, during routine inspection, a worker used a small hand tool. nearby was a hand tool and parked vehicle, not in use. the worker slipped on a dry step while walking beside the bench, lost balance, and rolled an ankle. the worker caught a finger on the tool case but did not fall. no one was exposed to serious harm and no credible fatal outcome was identified. the ordinary footing control was present and verified. the ankle and finger were checked after the slip. the fingertip was checked. the worker removed the step and continued. demo sequence 0369 was logged.",Low,NON_SIF_POTENTIAL,[],"['LSR01', 'LSR02', 'LSR08']",True
DEMO500-0370,Line of fire,LSR06,none,line_of_fire-cohort-1,low,rising,107,"at blue mesa yard in the workshop aisle, during routine inspection, a worker used a small hand tool. nearby was a parked load and marked floor, not in use. the worker slipped on a dry step while walking beside the bench, lost balance, and rolled an ankle. the worker caught a finger on the tool case but did not fall. no one was exposed to serious harm and no credible fatal outcome was identified. the ordinary footing control was present and verified. the ankle and finger were checked after the slip. the fingertip was checked. the worker removed the step and continued. demo sequence 0370 was logged.",Low,NON_SIF_POTENTIAL,[],"['LSR01', 'LSR02', 'LSR08']",True
DEMO500-0371,Hot work,LSR05,none,hot_work-cohort-2,low,stable,108,"at delta point facility in the workshop aisle, during routine inspection, a worker used a small hand tool. nearby was a cool hot-work torch and closed cylinder, not in use. the worker slipped on a dry step while walking beside the bench, lost balance, and rolled an ankle. the worker caught a finger on the tool case but did not fall. no one was exposed to serious harm and no credible fatal outcome was identified. the ordinary footing control was present and verified. the ankle and finger were checked after the slip. the fingertip was checked. the worker removed the step and continued. demo sequence 0371 was logged.",Low,NON_SIF_POTENTIAL,[],"['LSR01', 'LSR02', 'LSR08']",True
DEMO500-0372,Bypassed safety controls,LSR01,Confined space,bypassed_safety_controls-cohort-1,low,rising,108,"at blue mesa yard in the workshop aisle, during routine inspection, a worker used a small hand tool. nearby was a secured guard and idle control panel, not in use. the worker slipped on a dry step while walking beside the bench, lost balance, and rolled an ankle. the worker caught a finger on the tool case but did not fall. no one was exposed to serious harm and no credible fatal outcome was identified. the ordinary footing control was present and verified. the ankle and finger were checked after the slip. the fingertip was checked. the worker removed the step and continued. demo sequence 0372 was logged.",Low,NON_SIF_POTENTIAL,[],"['LSR01', 'LSR02', 'LSR08']",True
DEMO500-0373,Confined space,LSR02,none,confined_space-cohort-1,low,rising,108,"at blue mesa yard in the workshop aisle, during routine inspection, a worker used a small hand tool. nearby was a closed vessel and idle gas monitor, not in use. the worker slipped on a dry step while walking beside the bench, lost balance, and rolled an ankle. the worker caught a finger on the tool case but did not fall. no one was exposed to serious harm and no credible fatal outcome was identified. the ordinary footing control was present and verified. the ankle and finger were checked after the slip. the fingertip was checked. the worker removed the step and continued. demo sequence 0373 was logged.",Low,NON_SIF_POTENTIAL,[],"['LSR01', 'LSR02', 'LSR08']",True
DEMO500-0374,Work authorization,LSR08,none,work_authorization-cohort-1,low,stable,108,"at cedar ridge station in the workshop aisle, during routine inspection, a worker used a small hand tool. nearby was a checked permit board and hand tool, not in use. the worker slipped on a dry step while walking beside the bench, lost balance, and rolled an ankle. the worker caught a finger on the tool case but did not fall. no one was exposed to serious harm and no credible fatal outcome was identified. the ordinary footing control was present and verified. the ankle and finger were checked after the slip. the fingertip was checked. the worker removed the step and continued. demo sequence 0374 was logged.",Low,NON_SIF_POTENTIAL,[],"['LSR01', 'LSR02', 'LSR08']",True
DEMO500-0375,Driving,LSR03,none,driving-cohort-2,low,rising,106,"at aurora basin in the workshop aisle, during routine inspection, a worker used a small hand tool. nearby was a parked vehicle and clear route, not in use. the worker slipped on a dry step while walking beside the bench, lost balance, and rolled an ankle. the worker caught a finger on the tool case but did not fall. no one was exposed to serious harm and no credible fatal outcome was identified. the ordinary footing control was present and verified. the ankle and finger were checked after the slip. the fingertip was checked. the worker removed the step and continued. demo sequence 0375 was logged.",Low,NON_SIF_POTENTIAL,[],"['LSR01', 'LSR02', 'LSR08']",True
DEMO500-0376,Energy isolation,LSR04,Mechanical lifting,energy_isolation-cohort-2,low,declining,107,"at frostline depot in the workshop aisle, during routine inspection, a worker used a small hand tool. nearby was a closed pressure valve and disconnected line, not in use. the worker slipped on a dry step while walking beside the bench, lost balance, and rolled an ankle. the worker caught a finger on the tool case but did not fall. no one was exposed to serious harm and no credible fatal outcome was identified. the ordinary footing control was present and verified. the ankle and finger were checked after the slip. the fingertip was checked. the worker removed the step and continued. demo sequence 0376 was logged.",Low,NON_SIF_POTENTIAL,[],"['LSR01', 'LSR02', 'LSR08']",True
DEMO500-0377,Work authorization,LSR08,none,work_authorization-cohort-2,low,rising,107,"at aurora basin in the workshop aisle, during routine inspection, a worker used a small hand tool. nearby was a checked permit board and hand tool, not in use. the worker slipped on a dry step while walking beside the bench, lost balance, and rolled an ankle. the worker caught a finger on the tool case but did not fall. no one was exposed to serious harm and no credible fatal outcome was identified. the ordinary footing control was present and verified. the ankle and finger were checked after the slip. the fingertip was checked. the worker removed the step and continued. demo sequence 0377 was logged.",Low,NON_SIF_POTENTIAL,[],"['LSR01', 'LSR02', 'LSR08']",True
DEMO500-0378,Hot work,LSR05,none,hot_work-cohort-1,low,stable,108,"at delta point facility in the workshop aisle, during routine inspection, a worker used a small hand tool. nearby was a cool hot-work torch and closed cylinder, not in use. the worker slipped on a dry step while walking beside the bench, lost balance, and rolled an ankle. the worker caught a finger on the tool case but did not fall. no one was exposed to serious harm and no credible fatal outcome was identified. the ordinary footing control was present and verified. the ankle and finger were checked after the slip. the fingertip was checked. the worker removed the step and continued. demo sequence 0378 was logged.",Low,NON_SIF_POTENTIAL,[],"['LSR01', 'LSR02', 'LSR08']",True
DEMO500-0379,Energy isolation,LSR04,none,energy_isolation-cohort-1,low,rising,107,"at aurora basin in the workshop aisle, during routine inspection, a worker used a small hand tool. nearby was a closed pressure valve and disconnected line, not in use. the worker slipped on a dry step while walking beside the bench, lost balance, and rolled an ankle. the worker caught a finger on the tool case but did not fall. no one was exposed to serious harm and no credible fatal outcome was identified. the ordinary footing control was present and verified. the ankle and finger were checked after the slip. the fingertip was checked. the worker removed the step and continued. demo sequence 0379 was logged.",Low,NON_SIF_POTENTIAL,[],"['LSR01', 'LSR02', 'LSR08']",True
DEMO500-0380,Line of fire,LSR06,Working at height,line_of_fire-cohort-1,low,declining,106,"at frostline depot in the workshop aisle, during routine inspection, a worker used a small hand tool. nearby was a parked load and marked floor, not in use. the worker slipped on a dry step while walking beside the bench, lost balance, and rolled an ankle. the worker caught a finger on the tool case but did not fall. no one was exposed to serious harm and no credible fatal outcome was identified. the ordinary footing control was present and verified. the ankle and finger were checked after the slip. the fingertip was checked. the worker removed the step and continued. demo sequence 0380 was logged.",Low,NON_SIF_POTENTIAL,[],"['LSR01', 'LSR02', 'LSR08']",True
DEMO500-0381,Confined space,LSR02,none,confined_space-cohort-1,low,rising,107,"at aurora basin in the workshop aisle, during routine inspection, a worker used a small hand tool. nearby was a closed vessel and idle gas monitor, not in use. the worker slipped on a dry step while walking beside the bench, lost balance, and rolled an ankle. the worker caught a finger on the tool case but did not fall. no one was exposed to serious harm and no credible fatal outcome was identified. the ordinary footing control was present and verified. the ankle and finger were checked after the slip. the fingertip was checked. the worker removed the step and continued. demo sequence 0381 was logged.",Low,NON_SIF_POTENTIAL,[],"['LSR01', 'LSR02', 'LSR08']",True
DEMO500-0382,Confined space,LSR02,none,confined_space-cohort-1,low,rising,107,"at aurora basin in the workshop aisle, during routine inspection, a worker used a small hand tool. nearby was a closed vessel and idle gas monitor, not in use. the worker slipped on a dry step while walking beside the bench, lost balance, and rolled an ankle. the worker caught a finger on the tool case but did not fall. no one was exposed to serious harm and no credible fatal outcome was identified. the ordinary footing control was present and verified. the ankle and finger were checked after the slip. the fingertip was checked. the worker removed the step and continued. demo sequence 0382 was logged.",Low,NON_SIF_POTENTIAL,[],"['LSR01', 'LSR02', 'LSR08']",True
DEMO500-0383,Mechanical lifting,LSR07,none,mechanical_lifting-cohort-1,low,rising,107,"at blue mesa yard in the workshop aisle, during routine inspection, a worker used a small hand tool. nearby was a parked load and inspected sling, not in use. the worker slipped on a dry step while walking beside the bench, lost balance, and rolled an ankle. the worker caught a finger on the tool case but did not fall. no one was exposed to serious harm and no credible fatal outcome was identified. the ordinary footing control was present and verified. the ankle and finger were checked after the slip. the fingertip was checked. the worker removed the step and continued. demo sequence 0383 was logged.",Low,NON_SIF_POTENTIAL,[],"['LSR01', 'LSR02', 'LSR08']",True
DEMO500-0384,Work authorization,LSR08,Mechanical lifting,work_authorization-cohort-2,low,declining,108,"at echo valley works in the workshop aisle, during routine inspection, a worker used a small hand tool. nearby was a checked permit board and hand tool, not in use. the worker slipped on a dry step while walking beside the bench, lost balance, and rolled an ankle. the worker caught a finger on the tool case but did not fall. no one was exposed to serious harm and no credible fatal outcome was identified. the ordinary footing control was present and verified. the ankle and finger were checked after the slip. the fingertip was checked. the worker removed the step and continued. demo sequence 0384 was logged.",Low,NON_SIF_POTENTIAL,[],"['LSR01', 'LSR02', 'LSR08']",True
DEMO500-0385,Line of fire,LSR06,none,line_of_fire-cohort-2,low,rising,106,"at aurora basin in the workshop aisle, during routine inspection, a worker used a small hand tool. nearby was a parked load and marked floor, not in use. the worker slipped on a dry step while walking beside the bench, lost balance, and rolled an ankle. the worker caught a finger on the tool case but did not fall. no one was exposed to serious harm and no credible fatal outcome was identified. the ordinary footing control was present and verified. the ankle and finger were checked after the slip. the fingertip was checked. the worker removed the step and continued. demo sequence 0385 was logged.",Low,NON_SIF_POTENTIAL,[],"['LSR01', 'LSR02', 'LSR08']",True
DEMO500-0386,Work authorization,LSR08,none,work_authorization-cohort-1,low,rising,108,"at blue mesa yard in the workshop aisle, during routine inspection, a worker used a small hand tool. nearby was a checked permit board and hand tool, not in use. the worker slipped on a dry step while walking beside the bench, lost balance, and rolled an ankle. the worker caught a finger on the tool case but did not fall. no one was exposed to serious harm and no credible fatal outcome was identified. the ordinary footing control was present and verified. the ankle and finger were checked after the slip. the fingertip was checked. the worker removed the step and continued. demo sequence 0386 was logged.",Low,NON_SIF_POTENTIAL,[],"['LSR01', 'LSR02', 'LSR08']",True
DEMO500-0387,Energy isolation,LSR04,none,energy_isolation-cohort-1,low,declining,108,"at echo valley works in the workshop aisle, during routine inspection, a worker used a small hand tool. nearby was a closed pressure valve and disconnected line, not in use. the worker slipped on a dry step while walking beside the bench, lost balance, and rolled an ankle. the worker caught a finger on the tool case but did not fall. no one was exposed to serious harm and no credible fatal outcome was identified. the ordinary footing control was present and verified. the ankle and finger were checked after the slip. the fingertip was checked. the worker removed the step and continued. demo sequence 0387 was logged.",Low,NON_SIF_POTENTIAL,[],"['LSR01', 'LSR02', 'LSR08']",True
DEMO500-0388,Hot work,LSR05,Driving,hot_work-cohort-1,low,rising,108,"at blue mesa yard in the workshop aisle, during routine inspection, a worker used a small hand tool. nearby was a cool hot-work torch and closed cylinder, not in use. the worker slipped on a dry step while walking beside the bench, lost balance, and rolled an ankle. the worker caught a finger on the tool case but did not fall. no one was exposed to serious harm and no credible fatal outcome was identified. the ordinary footing control was present and verified. the ankle and finger were checked after the slip. the fingertip was checked. the worker removed the step and continued. demo sequence 0388 was logged.",Low,NON_SIF_POTENTIAL,[],"['LSR01', 'LSR02', 'LSR08']",True
DEMO500-0389,Hot work,LSR05,none,hot_work-cohort-2,low,declining,107,"at frostline depot in the workshop aisle, during routine inspection, a worker used a small hand tool. nearby was a cool hot-work torch and closed cylinder, not in use. the worker slipped on a dry step while walking beside the bench, lost balance, and rolled an ankle. the worker caught a finger on the tool case but did not fall. no one was exposed to serious harm and no credible fatal outcome was identified. the ordinary footing control was present and verified. the ankle and finger were checked after the slip. the fingertip was checked. the worker removed the step and continued. demo sequence 0389 was logged.",Low,NON_SIF_POTENTIAL,[],"['LSR01', 'LSR02', 'LSR08']",True
DEMO500-0390,Energy isolation,LSR04,none,energy_isolation-cohort-2,low,rising,107,"at aurora basin in the workshop aisle, during routine inspection, a worker used a small hand tool. nearby was a closed pressure valve and disconnected line, not in use. the worker slipped on a dry step while walking beside the bench, lost balance, and rolled an ankle. the worker caught a finger on the tool case but did not fall. no one was exposed to serious harm and no credible fatal outcome was identified. the ordinary footing control was present and verified. the ankle and finger were checked after the slip. the fingertip was checked. the worker removed the step and continued. demo sequence 0390 was logged.",Low,NON_SIF_POTENTIAL,[],"['LSR01', 'LSR02', 'LSR08']",True
DEMO500-0391,Energy isolation,LSR04,none,energy_isolation-cohort-2,low,rising,107,"at aurora basin in the workshop aisle, during routine inspection, a worker used a small hand tool. nearby was a closed pressure valve and disconnected line, not in use. the worker slipped on a dry step while walking beside the bench, lost balance, and rolled an ankle. the worker caught a finger on the tool case but did not fall. no one was exposed to serious harm and no credible fatal outcome was identified. the ordinary footing control was present and verified. the ankle and finger were checked after the slip. the fingertip was checked. the worker removed the step and continued. demo sequence 0391 was logged.",Low,NON_SIF_POTENTIAL,[],"['LSR01', 'LSR02', 'LSR08']",True
DEMO500-0392,Hot work,LSR05,Driving,hot_work-cohort-2,low,rising,107,"at aurora basin in the workshop aisle, during routine inspection, a worker used a small hand tool. nearby was a cool hot-work torch and closed cylinder, not in use. the worker slipped on a dry step while walking beside the bench, lost balance, and rolled an ankle. the worker caught a finger on the tool case but did not fall. no one was exposed to serious harm and no credible fatal outcome was identified. the ordinary footing control was present and verified. the ankle and finger were checked after the slip. the fingertip was checked. the worker removed the step and continued. demo sequence 0392 was logged.",Low,NON_SIF_POTENTIAL,[],"['LSR01', 'LSR02', 'LSR08']",True
DEMO500-0393,Driving,LSR03,none,driving-cohort-1,low,declining,106,"at frostline depot in the workshop aisle, during routine inspection, a worker used a small hand tool. nearby was a parked vehicle and clear route, not in use. the worker slipped on a dry step while walking beside the bench, lost balance, and rolled an ankle. the worker caught a finger on the tool case but did not fall. no one was exposed to serious harm and no credible fatal outcome was identified. the ordinary footing control was present and verified. the ankle and finger were checked after the slip. the fingertip was checked. the worker removed the step and continued. demo sequence 0393 was logged.",Low,NON_SIF_POTENTIAL,[],"['LSR01', 'LSR02', 'LSR08']",True
DEMO500-0394,Driving,LSR03,none,driving-cohort-1,low,stable,107,"at delta point facility in the workshop aisle, during routine inspection, a worker used a small hand tool. nearby was a parked vehicle and clear route, not in use. the worker slipped on a dry step while walking beside the bench, lost balance, and rolled an ankle. the worker caught a finger on the tool case but did not fall. no one was exposed to serious harm and no credible fatal outcome was identified. the ordinary footing control was present and verified. the ankle and finger were checked after the slip. the fingertip was checked. the worker removed the step and continued. demo sequence 0394 was logged.",Low,NON_SIF_POTENTIAL,[],"['LSR01', 'LSR02', 'LSR08']",True
DEMO500-0395,Line of fire,LSR06,none,line_of_fire-cohort-2,low,declining,107,"at echo valley works in the workshop aisle, during routine inspection, a worker used a small hand tool. nearby was a parked load and marked floor, not in use. the worker slipped on a dry step while walking beside the bench, lost balance, and rolled an ankle. the worker caught a finger on the tool case but did not fall. no one was exposed to serious harm and no credible fatal outcome was identified. the ordinary footing control was present and verified. the ankle and finger were checked after the slip. the fingertip was checked. the worker removed the step and continued. demo sequence 0395 was logged.",Low,NON_SIF_POTENTIAL,[],"['LSR01', 'LSR02', 'LSR08']",True
DEMO500-0396,Routine work,none,Line of fire,routine_work-cohort-1,low,stable,107,"at cedar ridge station in the workshop aisle, during routine inspection, a worker used a small hand tool. nearby was a hand tool and parked vehicle, not in use. the worker slipped on a dry step while walking beside the bench, lost balance, and rolled an ankle. the worker caught a finger on the tool case but did not fall. no one was exposed to serious harm and no credible fatal outcome was identified. the ordinary footing control was present and verified. the ankle and finger were checked after the slip. the fingertip was checked. the worker removed the step and continued. demo sequence 0396 was logged.",Low,NON_SIF_POTENTIAL,[],"['LSR01', 'LSR02', 'LSR08']",True
DEMO500-0397,Routine work,none,none,routine_work-cohort-1,low,rising,106,"at aurora basin in the workshop aisle, during routine inspection, a worker used a small hand tool. nearby was a hand tool and parked vehicle, not in use. the worker slipped on a dry step while walking beside the bench, lost balance, and rolled an ankle. the worker caught a finger on the tool case but did not fall. no one was exposed to serious harm and no credible fatal outcome was identified. the ordinary footing control was present and verified. the ankle and finger were checked after the slip. the fingertip was checked. the worker removed the step and continued. demo sequence 0397 was logged.",Low,NON_SIF_POTENTIAL,[],"['LSR01', 'LSR02', 'LSR08']",True
DEMO500-0398,Mechanical lifting,LSR07,none,mechanical_lifting-cohort-1,low,declining,106,"at frostline depot in the workshop aisle, during routine inspection, a worker used a small hand tool. nearby was a parked load and inspected sling, not in use. the worker slipped on a dry step while walking beside the bench, lost balance, and rolled an ankle. the worker caught a finger on the tool case but did not fall. no one was exposed to serious harm and no credible fatal outcome was identified. the ordinary footing control was present and verified. the ankle and finger were checked after the slip. the fingertip was checked. the worker removed the step and continued. demo sequence 0398 was logged.",Low,NON_SIF_POTENTIAL,[],"['LSR01', 'LSR02', 'LSR08']",True
DEMO500-0399,Routine work,none,none,routine_work-cohort-2,low,rising,107,"at blue mesa yard in the workshop aisle, during routine inspection, a worker used a small hand tool. nearby was a hand tool and parked vehicle, not in use. the worker slipped on a dry step while walking beside the bench, lost balance, and rolled an ankle. the worker caught a finger on the tool case but did not fall. no one was exposed to serious harm and no credible fatal outcome was identified. the ordinary footing control was present and verified. the ankle and finger were checked after the slip. the fingertip was checked. the worker removed the step and continued. demo sequence 0399 was logged.",Low,NON_SIF_POTENTIAL,[],"['LSR01', 'LSR02', 'LSR08']",True
DEMO500-0400,Line of fire,LSR06,Bypassed safety controls,line_of_fire-cohort-2,low,declining,107,"at echo valley works in the workshop aisle, during routine inspection, a worker used a small hand tool. nearby was a parked load and marked floor, not in use. the worker slipped on a dry step while walking beside the bench, lost balance, and rolled an ankle. the worker caught a finger on the tool case but did not fall. no one was exposed to serious harm and no credible fatal outcome was identified. the ordinary footing control was present and verified. the ankle and finger were checked after the slip. the fingertip was checked. the worker removed the step and continued. demo sequence 0400 was logged.",Low,NON_SIF_POTENTIAL,[],"['LSR01', 'LSR02', 'LSR08']",True
DEMO500-0401,Hot work,LSR05,none,hot_work-cohort-2,low,declining,107,"at frostline depot in the workshop aisle, during routine inspection, a worker used a small hand tool. nearby was a cool hot-work torch and closed cylinder, not in use. the worker slipped on a dry step while walking beside the bench, lost balance, and rolled an ankle. the worker caught a finger on the tool case but did not fall. no one was exposed to serious harm and no credible fatal outcome was identified. the ordinary footing control was present and verified. the ankle and finger were checked after the slip. the fingertip was checked. the worker removed the step and continued. demo sequence 0401 was logged.",Low,NON_SIF_POTENTIAL,[],"['LSR01', 'LSR02', 'LSR08']",True
DEMO500-0402,Confined space,LSR02,none,confined_space-cohort-1,low,stable,108,"at cedar ridge station in the workshop aisle, during routine inspection, a worker used a small hand tool. nearby was a closed vessel and idle gas monitor, not in use. the worker slipped on a dry step while walking beside the bench, lost balance, and rolled an ankle. the worker caught a finger on the tool case but did not fall. no one was exposed to serious harm and no credible fatal outcome was identified. the ordinary footing control was present and verified. the ankle and finger were checked after the slip. the fingertip was checked. the worker removed the step and continued. demo sequence 0402 was logged.",Low,NON_SIF_POTENTIAL,[],"['LSR01', 'LSR02', 'LSR08']",True
DEMO500-0403,Mechanical lifting,LSR07,none,mechanical_lifting-cohort-1,low,stable,107,"at delta point facility in the workshop aisle, during routine inspection, a worker used a small hand tool. nearby was a parked load and inspected sling, not in use. the worker slipped on a dry step while walking beside the bench, lost balance, and rolled an ankle. the worker caught a finger on the tool case but did not fall. no one was exposed to serious harm and no credible fatal outcome was identified. the ordinary footing control was present and verified. the ankle and finger were checked after the slip. the fingertip was checked. the worker removed the step and continued. demo sequence 0403 was logged.",Low,NON_SIF_POTENTIAL,[],"['LSR01', 'LSR02', 'LSR08']",True
DEMO500-0404,Working at height,LSR09,Energy isolation,working_at_height-cohort-2,low,stable,107,"at cedar ridge station in the workshop aisle, during routine inspection, a worker used a small hand tool. nearby was a secured ladder and closed platform, not in use. the worker slipped on a dry step while walking beside the bench, lost balance, and rolled an ankle. the worker caught a finger on the tool case but did not fall. no one was exposed to serious harm and no credible fatal outcome was identified. the ordinary footing control was present and verified. the ankle and finger were checked after the slip. the fingertip was checked. the worker removed the step and continued. demo sequence 0404 was logged.",Low,NON_SIF_POTENTIAL,[],"['LSR01', 'LSR02', 'LSR08']",True
DEMO500-0405,Driving,LSR03,none,driving-cohort-1,low,rising,107,"at blue mesa yard in the workshop aisle, during routine inspection, a worker used a small hand tool. nearby was a parked vehicle and clear route, not in use. the worker slipped on a dry step while walking beside the bench, lost balance, and rolled an ankle. the worker caught a finger on the tool case but did not fall. no one was exposed to serious harm and no credible fatal outcome was identified. the ordinary footing control was present and verified. the ankle and finger were checked after the slip. the fingertip was checked. the worker removed the step and continued. demo sequence 0405 was logged.",Low,NON_SIF_POTENTIAL,[],"['LSR01', 'LSR02', 'LSR08']",True
DEMO500-0406,Driving,LSR03,none,driving-cohort-1,low,declining,106,"at frostline depot in the workshop aisle, during routine inspection, a worker used a small hand tool. nearby was a parked vehicle and clear route, not in use. the worker slipped on a dry step while walking beside the bench, lost balance, and rolled an ankle. the worker caught a finger on the tool case but did not fall. no one was exposed to serious harm and no credible fatal outcome was identified. the ordinary footing control was present and verified. the ankle and finger were checked after the slip. the fingertip was checked. the worker removed the step and continued. demo sequence 0406 was logged.",Low,NON_SIF_POTENTIAL,[],"['LSR01', 'LSR02', 'LSR08']",True
DEMO500-0407,Confined space,LSR02,none,confined_space-cohort-1,low,declining,107,"at frostline depot in the workshop aisle, during routine inspection, a worker used a small hand tool. nearby was a closed vessel and idle gas monitor, not in use. the worker slipped on a dry step while walking beside the bench, lost balance, and rolled an ankle. the worker caught a finger on the tool case but did not fall. no one was exposed to serious harm and no credible fatal outcome was identified. the ordinary footing control was present and verified. the ankle and finger were checked after the slip. the fingertip was checked. the worker removed the step and continued. demo sequence 0407 was logged.",Low,NON_SIF_POTENTIAL,[],"['LSR01', 'LSR02', 'LSR08']",True
DEMO500-0408,Mechanical lifting,LSR07,Hot work,mechanical_lifting-cohort-1,low,declining,107,"at echo valley works in the workshop aisle, during routine inspection, a worker used a small hand tool. nearby was a parked load and inspected sling, not in use. the worker slipped on a dry step while walking beside the bench, lost balance, and rolled an ankle. the worker caught a finger on the tool case but did not fall. no one was exposed to serious harm and no credible fatal outcome was identified. the ordinary footing control was present and verified. the ankle and finger were checked after the slip. the fingertip was checked. the worker removed the step and continued. demo sequence 0408 was logged.",Low,NON_SIF_POTENTIAL,[],"['LSR01', 'LSR02', 'LSR08']",True
DEMO500-0409,Work authorization,LSR08,none,work_authorization-cohort-1,low,stable,108,"at cedar ridge station in the workshop aisle, during routine inspection, a worker used a small hand tool. nearby was a checked permit board and hand tool, not in use. the worker slipped on a dry step while walking beside the bench, lost balance, and rolled an ankle. the worker caught a finger on the tool case but did not fall. no one was exposed to serious harm and no credible fatal outcome was identified. the ordinary footing control was present and verified. the ankle and finger were checked after the slip. the fingertip was checked. the worker removed the step and continued. demo sequence 0409 was logged.",Low,NON_SIF_POTENTIAL,[],"['LSR01', 'LSR02', 'LSR08']",True
DEMO500-0410,Line of fire,LSR06,none,line_of_fire-cohort-2,low,stable,107,"at cedar ridge station in the workshop aisle, during routine inspection, a worker used a small hand tool. nearby was a parked load and marked floor, not in use. the worker slipped on a dry step while walking beside the bench, lost balance, and rolled an ankle. the worker caught a finger on the tool case but did not fall. no one was exposed to serious harm and no credible fatal outcome was identified. the ordinary footing control was present and verified. the ankle and finger were checked after the slip. the fingertip was checked. the worker removed the step and continued. demo sequence 0410 was logged.",Low,NON_SIF_POTENTIAL,[],"['LSR01', 'LSR02', 'LSR08']",True
DEMO500-0411,Mechanical lifting,LSR07,none,mechanical_lifting-cohort-2,low,stable,107,"at delta point facility in the workshop aisle, during routine inspection, a worker used a small hand tool. nearby was a parked load and inspected sling, not in use. the worker slipped on a dry step while walking beside the bench, lost balance, and rolled an ankle. the worker caught a finger on the tool case but did not fall. no one was exposed to serious harm and no credible fatal outcome was identified. the ordinary footing control was present and verified. the ankle and finger were checked after the slip. the fingertip was checked. the worker removed the step and continued. demo sequence 0411 was logged.",Low,NON_SIF_POTENTIAL,[],"['LSR01', 'LSR02', 'LSR08']",True
DEMO500-0412,Routine work,none,Line of fire,routine_work-cohort-1,low,rising,107,"at blue mesa yard in the workshop aisle, during routine inspection, a worker used a small hand tool. nearby was a hand tool and parked vehicle, not in use. the worker slipped on a dry step while walking beside the bench, lost balance, and rolled an ankle. the worker caught a finger on the tool case but did not fall. no one was exposed to serious harm and no credible fatal outcome was identified. the ordinary footing control was present and verified. the ankle and finger were checked after the slip. the fingertip was checked. the worker removed the step and continued. demo sequence 0412 was logged.",Low,NON_SIF_POTENTIAL,[],"['LSR01', 'LSR02', 'LSR08']",True
DEMO500-0413,Routine work,none,none,routine_work-cohort-2,low,declining,106,"at frostline depot in the workshop aisle, during routine inspection, a worker used a small hand tool. nearby was a hand tool and parked vehicle, not in use. the worker slipped on a dry step while walking beside the bench, lost balance, and rolled an ankle. the worker caught a finger on the tool case but did not fall. no one was exposed to serious harm and no credible fatal outcome was identified. the ordinary footing control was present and verified. the ankle and finger were checked after the slip. the fingertip was checked. the worker removed the step and continued. demo sequence 0413 was logged.",Low,NON_SIF_POTENTIAL,[],"['LSR01', 'LSR02', 'LSR08']",True
DEMO500-0414,Routine work,none,none,routine_work-cohort-1,low,declining,106,"at frostline depot in the workshop aisle, during routine inspection, a worker used a small hand tool. nearby was a hand tool and parked vehicle, not in use. the worker slipped on a dry step while walking beside the bench, lost balance, and rolled an ankle. the worker caught a finger on the tool case but did not fall. no one was exposed to serious harm and no credible fatal outcome was identified. the ordinary footing control was present and verified. the ankle and finger were checked after the slip. the fingertip was checked. the worker removed the step and continued. demo sequence 0414 was logged.",Low,NON_SIF_POTENTIAL,[],"['LSR01', 'LSR02', 'LSR08']",True
DEMO500-0415,Driving,LSR03,none,driving-cohort-1,low,stable,107,"at cedar ridge station in the workshop aisle, during routine inspection, a worker used a small hand tool. nearby was a parked vehicle and clear route, not in use. the worker slipped on a dry step while walking beside the bench, lost balance, and rolled an ankle. the worker caught a finger on the tool case but did not fall. no one was exposed to serious harm and no credible fatal outcome was identified. the ordinary footing control was present and verified. the ankle and finger were checked after the slip. the fingertip was checked. the worker removed the step and continued. demo sequence 0415 was logged.",Low,NON_SIF_POTENTIAL,[],"['LSR01', 'LSR02', 'LSR08']",True
DEMO500-0416,Mechanical lifting,LSR07,Bypassed safety controls,mechanical_lifting-cohort-1,low,rising,107,"at blue mesa yard in the workshop aisle, during routine inspection, a worker used a small hand tool. nearby was a parked load and inspected sling, not in use. the worker slipped on a dry step while walking beside the bench, lost balance, and rolled an ankle. the worker caught a finger on the tool case but did not fall. no one was exposed to serious harm and no credible fatal outcome was identified. the ordinary footing control was present and verified. the ankle and finger were checked after the slip. the fingertip was checked. the worker removed the step and continued. demo sequence 0416 was logged.",Low,NON_SIF_POTENTIAL,[],"['LSR01', 'LSR02', 'LSR08']",True
DEMO500-0417,Routine work,none,none,routine_work-cohort-1,low,stable,107,"at delta point facility in the workshop aisle, during routine inspection, a worker used a small hand tool. nearby was a hand tool and parked vehicle, not in use. the worker slipped on a dry step while walking beside the bench, lost balance, and rolled an ankle. the worker caught a finger on the tool case but did not fall. no one was exposed to serious harm and no credible fatal outcome was identified. the ordinary footing control was present and verified. the ankle and finger were checked after the slip. the fingertip was checked. the worker removed the step and continued. demo sequence 0417 was logged.",Low,NON_SIF_POTENTIAL,[],"['LSR01', 'LSR02', 'LSR08']",True
DEMO500-0418,Working at height,LSR09,none,working_at_height-cohort-1,low,stable,107,"at delta point facility in the workshop aisle, during routine inspection, a worker used a small hand tool. nearby was a secured ladder and closed platform, not in use. the worker slipped on a dry step while walking beside the bench, lost balance, and rolled an ankle. the worker caught a finger on the tool case but did not fall. no one was exposed to serious harm and no credible fatal outcome was identified. the ordinary footing control was present and verified. the ankle and finger were checked after the slip. the fingertip was checked. the worker removed the step and continued. demo sequence 0418 was logged.",Low,NON_SIF_POTENTIAL,[],"['LSR01', 'LSR02', 'LSR08']",True
DEMO500-0419,Confined space,LSR02,none,confined_space-cohort-1,low,rising,108,"at blue mesa yard in the workshop aisle, during routine inspection, a worker used a small hand tool. nearby was a closed vessel and idle gas monitor, not in use. the worker slipped on a dry step while walking beside the bench, lost balance, and rolled an ankle. the worker caught a finger on the tool case but did not fall. no one was exposed to serious harm and no credible fatal outcome was identified. the ordinary footing control was present and verified. the ankle and finger were checked after the slip. the fingertip was checked. the worker removed the step and continued. demo sequence 0419 was logged.",Low,NON_SIF_POTENTIAL,[],"['LSR01', 'LSR02', 'LSR08']",True
DEMO500-0420,Bypassed safety controls,LSR01,Confined space,bypassed_safety_controls-cohort-2,low,stable,108,"at delta point facility in the workshop aisle, during routine inspection, a worker used a small hand tool. nearby was a secured guard and idle control panel, not in use. the worker slipped on a dry step while walking beside the bench, lost balance, and rolled an ankle. the worker caught a finger on the tool case but did not fall. no one was exposed to serious harm and no credible fatal outcome was identified. the ordinary footing control was present and verified. the ankle and finger were checked after the slip. the fingertip was checked. the worker removed the step and continued. demo sequence 0420 was logged.",Low,NON_SIF_POTENTIAL,[],"['LSR01', 'LSR02', 'LSR08']",True
DEMO500-0421,Work authorization,LSR08,none,work_authorization-cohort-1,low,declining,108,"at echo valley works in the workshop aisle, during routine inspection, a worker used a small hand tool. nearby was a checked permit board and hand tool, not in use. the worker slipped on a dry step while walking beside the bench, lost balance, and rolled an ankle. the worker caught a finger on the tool case but did not fall. no one was exposed to serious harm and no credible fatal outcome was identified. the ordinary footing control was present and verified. the ankle and finger were checked after the slip. the fingertip was checked. the worker removed the step and continued. demo sequence 0421 was logged.",Low,NON_SIF_POTENTIAL,[],"['LSR01', 'LSR02', 'LSR08']",True
DEMO500-0422,Confined space,LSR02,none,confined_space-cohort-1,low,rising,107,"at aurora basin in the workshop aisle, during routine inspection, a worker used a small hand tool. nearby was a closed vessel and idle gas monitor, not in use. the worker slipped on a dry step while walking beside the bench, lost balance, and rolled an ankle. the worker caught a finger on the tool case but did not fall. no one was exposed to serious harm and no credible fatal outcome was identified. the ordinary footing control was present and verified. the ankle and finger were checked after the slip. the fingertip was checked. the worker removed the step and continued. demo sequence 0422 was logged.",Low,NON_SIF_POTENTIAL,[],"['LSR01', 'LSR02', 'LSR08']",True
DEMO500-0423,Routine work,none,none,routine_work-cohort-2,low,rising,107,"at blue mesa yard in the workshop aisle, during routine inspection, a worker used a small hand tool. nearby was a hand tool and parked vehicle, not in use. the worker slipped on a dry step while walking beside the bench, lost balance, and rolled an ankle. the worker caught a finger on the tool case but did not fall. no one was exposed to serious harm and no credible fatal outcome was identified. the ordinary footing control was present and verified. the ankle and finger were checked after the slip. the fingertip was checked. the worker removed the step and continued. demo sequence 0423 was logged.",Low,NON_SIF_POTENTIAL,[],"['LSR01', 'LSR02', 'LSR08']",True
DEMO500-0424,Work authorization,LSR08,Mechanical lifting,work_authorization-cohort-1,low,rising,108,"at blue mesa yard in the workshop aisle, during routine inspection, a worker used a small hand tool. nearby was a checked permit board and hand tool, not in use. the worker slipped on a dry step while walking beside the bench, lost balance, and rolled an ankle. the worker caught a finger on the tool case but did not fall. no one was exposed to serious harm and no credible fatal outcome was identified. the ordinary footing control was present and verified. the ankle and finger were checked after the slip. the fingertip was checked. the worker removed the step and continued. demo sequence 0424 was logged.",Low,NON_SIF_POTENTIAL,[],"['LSR01', 'LSR02', 'LSR08']",True
DEMO500-0425,Line of fire,LSR06,none,line_of_fire-cohort-2,low,rising,106,"at aurora basin in the workshop aisle, during routine inspection, a worker used a small hand tool. nearby was a parked load and marked floor, not in use. the worker slipped on a dry step while walking beside the bench, lost balance, and rolled an ankle. the worker caught a finger on the tool case but did not fall. no one was exposed to serious harm and no credible fatal outcome was identified. the ordinary footing control was present and verified. the ankle and finger were checked after the slip. the fingertip was checked. the worker removed the step and continued. demo sequence 0425 was logged.",Low,NON_SIF_POTENTIAL,[],"['LSR01', 'LSR02', 'LSR08']",True
DEMO500-0426,Energy isolation,LSR04,none,energy_isolation-cohort-2,low,declining,107,"at frostline depot in the workshop aisle, during routine inspection, a worker used a small hand tool. nearby was a closed pressure valve and disconnected line, not in use. the worker slipped on a dry step while walking beside the bench, lost balance, and rolled an ankle. the worker caught a finger on the tool case but did not fall. no one was exposed to serious harm and no credible fatal outcome was identified. the ordinary footing control was present and verified. the ankle and finger were checked after the slip. the fingertip was checked. the worker removed the step and continued. demo sequence 0426 was logged.",Low,NON_SIF_POTENTIAL,[],"['LSR01', 'LSR02', 'LSR08']",True
DEMO500-0427,Working at height,LSR09,none,working_at_height-cohort-2,low,stable,107,"at cedar ridge station in the workshop aisle, during routine inspection, a worker used a small hand tool. nearby was a secured ladder and closed platform, not in use. the worker slipped on a dry step while walking beside the bench, lost balance, and rolled an ankle. the worker caught a finger on the tool case but did not fall. no one was exposed to serious harm and no credible fatal outcome was identified. the ordinary footing control was present and verified. the ankle and finger were checked after the slip. the fingertip was checked. the worker removed the step and continued. demo sequence 0427 was logged.",Low,NON_SIF_POTENTIAL,[],"['LSR01', 'LSR02', 'LSR08']",True
DEMO500-0428,Working at height,LSR09,Work authorization,working_at_height-cohort-1,low,stable,107,"at delta point facility in the workshop aisle, during routine inspection, a worker used a small hand tool. nearby was a secured ladder and closed platform, not in use. the worker slipped on a dry step while walking beside the bench, lost balance, and rolled an ankle. the worker caught a finger on the tool case but did not fall. no one was exposed to serious harm and no credible fatal outcome was identified. the ordinary footing control was present and verified. the ankle and finger were checked after the slip. the fingertip was checked. the worker removed the step and continued. demo sequence 0428 was logged.",Low,NON_SIF_POTENTIAL,[],"['LSR01', 'LSR02', 'LSR08']",True
DEMO500-0429,Driving,LSR03,none,driving-cohort-1,low,stable,107,"at cedar ridge station in the workshop aisle, during routine inspection, a worker used a small hand tool. nearby was a parked vehicle and clear route, not in use. the worker slipped on a dry step while walking beside the bench, lost balance, and rolled an ankle. the worker caught a finger on the tool case but did not fall. no one was exposed to serious harm and no credible fatal outcome was identified. the ordinary footing control was present and verified. the ankle and finger were checked after the slip. the fingertip was checked. the worker removed the step and continued. demo sequence 0429 was logged.",Low,NON_SIF_POTENTIAL,[],"['LSR01', 'LSR02', 'LSR08']",True
DEMO500-0430,Line of fire,LSR06,none,line_of_fire-cohort-2,low,declining,107,"at echo valley works in the workshop aisle, during routine inspection, a worker used a small hand tool. nearby was a parked load and marked floor, not in use. the worker slipped on a dry step while walking beside the bench, lost balance, and rolled an ankle. the worker caught a finger on the tool case but did not fall. no one was exposed to serious harm and no credible fatal outcome was identified. the ordinary footing control was present and verified. the ankle and finger were checked after the slip. the fingertip was checked. the worker removed the step and continued. demo sequence 0430 was logged.",Low,NON_SIF_POTENTIAL,[],"['LSR01', 'LSR02', 'LSR08']",True
DEMO500-0431,Energy isolation,LSR04,none,energy_isolation-cohort-1,low,rising,108,"at blue mesa yard in the workshop aisle, during routine inspection, a worker used a small hand tool. nearby was a closed pressure valve and disconnected line, not in use. the worker slipped on a dry step while walking beside the bench, lost balance, and rolled an ankle. the worker caught a finger on the tool case but did not fall. no one was exposed to serious harm and no credible fatal outcome was identified. the ordinary footing control was present and verified. the ankle and finger were checked after the slip. the fingertip was checked. the worker removed the step and continued. demo sequence 0431 was logged.",Low,NON_SIF_POTENTIAL,[],"['LSR01', 'LSR02', 'LSR08']",True
DEMO500-0432,Bypassed safety controls,LSR01,Energy isolation,bypassed_safety_controls-cohort-2,low,declining,107,"at frostline depot in the workshop aisle, during routine inspection, a worker used a small hand tool. nearby was a secured guard and idle control panel, not in use. the worker slipped on a dry step while walking beside the bench, lost balance, and rolled an ankle. the worker caught a finger on the tool case but did not fall. no one was exposed to serious harm and no credible fatal outcome was identified. the ordinary footing control was present and verified. the ankle and finger were checked after the slip. the fingertip was checked. the worker removed the step and continued. demo sequence 0432 was logged.",Low,NON_SIF_POTENTIAL,[],"['LSR01', 'LSR02', 'LSR08']",True
DEMO500-0433,Routine work,none,none,routine_work-cohort-2,low,declining,107,"at echo valley works in the workshop aisle, during routine inspection, a worker used a small hand tool. nearby was a hand tool and parked vehicle, not in use. the worker slipped on a dry step while walking beside the bench, lost balance, and rolled an ankle. the worker caught a finger on the tool case but did not fall. no one was exposed to serious harm and no credible fatal outcome was identified. the ordinary footing control was present and verified. the ankle and finger were checked after the slip. the fingertip was checked. the worker removed the step and continued. demo sequence 0433 was logged.",Low,NON_SIF_POTENTIAL,[],"['LSR01', 'LSR02', 'LSR08']",True
DEMO500-0434,Hot work,LSR05,none,hot_work-cohort-2,low,declining,107,"at frostline depot in the workshop aisle, during routine inspection, a worker used a small hand tool. nearby was a cool hot-work torch and closed cylinder, not in use. the worker slipped on a dry step while walking beside the bench, lost balance, and rolled an ankle. the worker caught a finger on the tool case but did not fall. no one was exposed to serious harm and no credible fatal outcome was identified. the ordinary footing control was present and verified. the ankle and finger were checked after the slip. the fingertip was checked. the worker removed the step and continued. demo sequence 0434 was logged.",Low,NON_SIF_POTENTIAL,[],"['LSR01', 'LSR02', 'LSR08']",True
DEMO500-0435,Confined space,LSR02,none,confined_space-cohort-1,low,stable,108,"at cedar ridge station in the workshop aisle, during routine inspection, a worker used a small hand tool. nearby was a closed vessel and idle gas monitor, not in use. the worker slipped on a dry step while walking beside the bench, lost balance, and rolled an ankle. the worker caught a finger on the tool case but did not fall. no one was exposed to serious harm and no credible fatal outcome was identified. the ordinary footing control was present and verified. the ankle and finger were checked after the slip. the fingertip was checked. the worker removed the step and continued. demo sequence 0435 was logged.",Low,NON_SIF_POTENTIAL,[],"['LSR01', 'LSR02', 'LSR08']",True
DEMO500-0436,Energy isolation,LSR04,Hot work,energy_isolation-cohort-2,low,rising,107,"at aurora basin in the workshop aisle, during routine inspection, a worker used a small hand tool. nearby was a closed pressure valve and disconnected line, not in use. the worker slipped on a dry step while walking beside the bench, lost balance, and rolled an ankle. the worker caught a finger on the tool case but did not fall. no one was exposed to serious harm and no credible fatal outcome was identified. the ordinary footing control was present and verified. the ankle and finger were checked after the slip. the fingertip was checked. the worker removed the step and continued. demo sequence 0436 was logged.",Low,NON_SIF_POTENTIAL,[],"['LSR01', 'LSR02', 'LSR08']",True
DEMO500-0437,Driving,LSR03,none,driving-cohort-1,low,declining,107,"at echo valley works in the workshop aisle, during routine inspection, a worker used a small hand tool. nearby was a parked vehicle and clear route, not in use. the worker slipped on a dry step while walking beside the bench, lost balance, and rolled an ankle. the worker caught a finger on the tool case but did not fall. no one was exposed to serious harm and no credible fatal outcome was identified. the ordinary footing control was present and verified. the ankle and finger were checked after the slip. the fingertip was checked. the worker removed the step and continued. demo sequence 0437 was logged.",Low,NON_SIF_POTENTIAL,[],"['LSR01', 'LSR02', 'LSR08']",True
DEMO500-0438,Line of fire,LSR06,none,line_of_fire-cohort-2,low,rising,107,"at blue mesa yard in the workshop aisle, during routine inspection, a worker used a small hand tool. nearby was a parked load and marked floor, not in use. the worker slipped on a dry step while walking beside the bench, lost balance, and rolled an ankle. the worker caught a finger on the tool case but did not fall. no one was exposed to serious harm and no credible fatal outcome was identified. the ordinary footing control was present and verified. the ankle and finger were checked after the slip. the fingertip was checked. the worker removed the step and continued. demo sequence 0438 was logged.",Low,NON_SIF_POTENTIAL,[],"['LSR01', 'LSR02', 'LSR08']",True
DEMO500-0439,Working at height,LSR09,none,working_at_height-cohort-1,low,rising,106,"at aurora basin in the workshop aisle, during routine inspection, a worker used a small hand tool. nearby was a secured ladder and closed platform, not in use. the worker slipped on a dry step while walking beside the bench, lost balance, and rolled an ankle. the worker caught a finger on the tool case but did not fall. no one was exposed to serious harm and no credible fatal outcome was identified. the ordinary footing control was present and verified. the ankle and finger were checked after the slip. the fingertip was checked. the worker removed the step and continued. demo sequence 0439 was logged.",Low,NON_SIF_POTENTIAL,[],"['LSR01', 'LSR02', 'LSR08']",True
DEMO500-0440,Energy isolation,LSR04,Confined space,energy_isolation-cohort-2,low,stable,108,"at delta point facility in the workshop aisle, during routine inspection, a worker used a small hand tool. nearby was a closed pressure valve and disconnected line, not in use. the worker slipped on a dry step while walking beside the bench, lost balance, and rolled an ankle. the worker caught a finger on the tool case but did not fall. no one was exposed to serious harm and no credible fatal outcome was identified. the ordinary footing control was present and verified. the ankle and finger were checked after the slip. the fingertip was checked. the worker removed the step and continued. demo sequence 0440 was logged.",Low,NON_SIF_POTENTIAL,[],"['LSR01', 'LSR02', 'LSR08']",True
DEMO500-0441,Line of fire,LSR06,none,line_of_fire-cohort-1,low,stable,107,"at cedar ridge station in the workshop aisle, during routine inspection, a worker used a small hand tool. nearby was a parked load and marked floor, not in use. the worker slipped on a dry step while walking beside the bench, lost balance, and rolled an ankle. the worker caught a finger on the tool case but did not fall. no one was exposed to serious harm and no credible fatal outcome was identified. the ordinary footing control was present and verified. the ankle and finger were checked after the slip. the fingertip was checked. the worker removed the step and continued. demo sequence 0441 was logged.",Low,NON_SIF_POTENTIAL,[],"['LSR01', 'LSR02', 'LSR08']",True
DEMO500-0442,Work authorization,LSR08,none,work_authorization-cohort-1,low,declining,108,"at echo valley works in the workshop aisle, during routine inspection, a worker used a small hand tool. nearby was a checked permit board and hand tool, not in use. the worker slipped on a dry step while walking beside the bench, lost balance, and rolled an ankle. the worker caught a finger on the tool case but did not fall. no one was exposed to serious harm and no credible fatal outcome was identified. the ordinary footing control was present and verified. the ankle and finger were checked after the slip. the fingertip was checked. the worker removed the step and continued. demo sequence 0442 was logged.",Low,NON_SIF_POTENTIAL,[],"['LSR01', 'LSR02', 'LSR08']",True
DEMO500-0443,Routine work,none,none,routine_work-cohort-1,low,stable,107,"at cedar ridge station in the workshop aisle, during routine inspection, a worker used a small hand tool. nearby was a hand tool and parked vehicle, not in use. the worker slipped on a dry step while walking beside the bench, lost balance, and rolled an ankle. the worker caught a finger on the tool case but did not fall. no one was exposed to serious harm and no credible fatal outcome was identified. the ordinary footing control was present and verified. the ankle and finger were checked after the slip. the fingertip was checked. the worker removed the step and continued. demo sequence 0443 was logged.",Low,NON_SIF_POTENTIAL,[],"['LSR01', 'LSR02', 'LSR08']",True
DEMO500-0444,Routine work,none,Bypassed safety controls,routine_work-cohort-2,low,rising,107,"at blue mesa yard in the workshop aisle, during routine inspection, a worker used a small hand tool. nearby was a hand tool and parked vehicle, not in use. the worker slipped on a dry step while walking beside the bench, lost balance, and rolled an ankle. the worker caught a finger on the tool case but did not fall. no one was exposed to serious harm and no credible fatal outcome was identified. the ordinary footing control was present and verified. the ankle and finger were checked after the slip. the fingertip was checked. the worker removed the step and continued. demo sequence 0444 was logged.",Low,NON_SIF_POTENTIAL,[],"['LSR01', 'LSR02', 'LSR08']",True
DEMO500-0445,Working at height,LSR09,none,working_at_height-cohort-2,low,declining,106,"at frostline depot in the workshop aisle, during routine inspection, a worker used a small hand tool. nearby was a secured ladder and closed platform, not in use. the worker slipped on a dry step while walking beside the bench, lost balance, and rolled an ankle. the worker caught a finger on the tool case but did not fall. no one was exposed to serious harm and no credible fatal outcome was identified. the ordinary footing control was present and verified. the ankle and finger were checked after the slip. the fingertip was checked. the worker removed the step and continued. demo sequence 0445 was logged.",Low,NON_SIF_POTENTIAL,[],"['LSR01', 'LSR02', 'LSR08']",True
DEMO500-0446,Energy isolation,LSR04,none,energy_isolation-cohort-2,low,declining,107,"at frostline depot in the workshop aisle, during routine inspection, a worker used a small hand tool. nearby was a closed pressure valve and disconnected line, not in use. the worker slipped on a dry step while walking beside the bench, lost balance, and rolled an ankle. the worker caught a finger on the tool case but did not fall. no one was exposed to serious harm and no credible fatal outcome was identified. the ordinary footing control was present and verified. the ankle and finger were checked after the slip. the fingertip was checked. the worker removed the step and continued. demo sequence 0446 was logged.",Low,NON_SIF_POTENTIAL,[],"['LSR01', 'LSR02', 'LSR08']",True
DEMO500-0447,Line of fire,LSR06,none,line_of_fire-cohort-2,low,stable,107,"at delta point facility in the workshop aisle, during routine inspection, a worker used a small hand tool. nearby was a parked load and marked floor, not in use. the worker slipped on a dry step while walking beside the bench, lost balance, and rolled an ankle. the worker caught a finger on the tool case but did not fall. no one was exposed to serious harm and no credible fatal outcome was identified. the ordinary footing control was present and verified. the ankle and finger were checked after the slip. the fingertip was checked. the worker removed the step and continued. demo sequence 0447 was logged.",Low,NON_SIF_POTENTIAL,[],"['LSR01', 'LSR02', 'LSR08']",True
DEMO500-0448,Hot work,LSR05,Energy isolation,hot_work-cohort-2,low,declining,107,"at frostline depot in the workshop aisle, during routine inspection, a worker used a small hand tool. nearby was a cool hot-work torch and closed cylinder, not in use. the worker slipped on a dry step while walking beside the bench, lost balance, and rolled an ankle. the worker caught a finger on the tool case but did not fall. no one was exposed to serious harm and no credible fatal outcome was identified. the ordinary footing control was present and verified. the ankle and finger were checked after the slip. the fingertip was checked. the worker removed the step and continued. demo sequence 0448 was logged.",Low,NON_SIF_POTENTIAL,[],"['LSR01', 'LSR02', 'LSR08']",True
DEMO500-0449,Confined space,LSR02,none,confined_space-cohort-2,low,rising,107,"at aurora basin in the workshop aisle, during routine inspection, a worker used a small hand tool. nearby was a closed vessel and idle gas monitor, not in use. the worker slipped on a dry step while walking beside the bench, lost balance, and rolled an ankle. the worker caught a finger on the tool case but did not fall. no one was exposed to serious harm and no credible fatal outcome was identified. the ordinary footing control was present and verified. the ankle and finger were checked after the slip. the fingertip was checked. the worker removed the step and continued. demo sequence 0449 was logged.",Low,NON_SIF_POTENTIAL,[],"['LSR01', 'LSR02', 'LSR08']",True
DEMO500-0450,Driving,LSR03,none,driving-cohort-2,low,rising,106,"at aurora basin in the workshop aisle, during routine inspection, a worker used a small hand tool. nearby was a parked vehicle and clear route, not in use. the worker slipped on a dry step while walking beside the bench, lost balance, and rolled an ankle. the worker caught a finger on the tool case but did not fall. no one was exposed to serious harm and no credible fatal outcome was identified. the ordinary footing control was present and verified. the ankle and finger were checked after the slip. the fingertip was checked. the worker removed the step and continued. demo sequence 0450 was logged.",Low,NON_SIF_POTENTIAL,[],"['LSR01', 'LSR02', 'LSR08']",True
DEMO500-0451,Work authorization,LSR08,none,work_authorization-cohort-2,low,rising,107,"at aurora basin in the workshop aisle, during routine inspection, a worker used a small hand tool. nearby was a checked permit board and hand tool, not in use. the worker slipped on a dry step while walking beside the bench, lost balance, and rolled an ankle. the worker caught a finger on the tool case but did not fall. no one was exposed to serious harm and no credible fatal outcome was identified. the ordinary footing control was present and verified. the ankle and finger were checked after the slip. the fingertip was checked. the worker removed the step and continued. demo sequence 0451 was logged.",Low,NON_SIF_POTENTIAL,[],"['LSR01', 'LSR02', 'LSR08']",True
DEMO500-0452,Driving,LSR03,Bypassed safety controls,driving-cohort-2,low,stable,107,"at cedar ridge station in the workshop aisle, during routine inspection, a worker used a small hand tool. nearby was a parked vehicle and clear route, not in use. the worker slipped on a dry step while walking beside the bench, lost balance, and rolled an ankle. the worker caught a finger on the tool case but did not fall. no one was exposed to serious harm and no credible fatal outcome was identified. the ordinary footing control was present and verified. the ankle and finger were checked after the slip. the fingertip was checked. the worker removed the step and continued. demo sequence 0452 was logged.",Low,NON_SIF_POTENTIAL,[],"['LSR01', 'LSR02', 'LSR08']",True
DEMO500-0453,Routine work,none,none,routine_work-cohort-1,low,stable,107,"at cedar ridge station in the workshop aisle, during routine inspection, a worker used a small hand tool. nearby was a hand tool and parked vehicle, not in use. the worker slipped on a dry step while walking beside the bench, lost balance, and rolled an ankle. the worker caught a finger on the tool case but did not fall. no one was exposed to serious harm and no credible fatal outcome was identified. the ordinary footing control was present and verified. the ankle and finger were checked after the slip. the fingertip was checked. the worker removed the step and continued. demo sequence 0453 was logged.",Low,NON_SIF_POTENTIAL,[],"['LSR01', 'LSR02', 'LSR08']",True
DEMO500-0454,Working at height,LSR09,none,working_at_height-cohort-1,low,stable,107,"at delta point facility in the workshop aisle, during routine inspection, a worker used a small hand tool. nearby was a secured ladder and closed platform, not in use. the worker slipped on a dry step while walking beside the bench, lost balance, and rolled an ankle. the worker caught a finger on the tool case but did not fall. no one was exposed to serious harm and no credible fatal outcome was identified. the ordinary footing control was present and verified. the ankle and finger were checked after the slip. the fingertip was checked. the worker removed the step and continued. demo sequence 0454 was logged.",Low,NON_SIF_POTENTIAL,[],"['LSR01', 'LSR02', 'LSR08']",True
DEMO500-0455,Confined space,LSR02,none,confined_space-cohort-1,low,stable,108,"at delta point facility in the workshop aisle, during routine inspection, a worker used a small hand tool. nearby was a closed vessel and idle gas monitor, not in use. the worker slipped on a dry step while walking beside the bench, lost balance, and rolled an ankle. the worker caught a finger on the tool case but did not fall. no one was exposed to serious harm and no credible fatal outcome was identified. the ordinary footing control was present and verified. the ankle and finger were checked after the slip. the fingertip was checked. the worker removed the step and continued. demo sequence 0455 was logged.",Low,NON_SIF_POTENTIAL,[],"['LSR01', 'LSR02', 'LSR08']",True
DEMO500-0456,Routine work,none,Driving,routine_work-cohort-2,low,stable,107,"at cedar ridge station in the workshop aisle, during routine inspection, a worker used a small hand tool. nearby was a hand tool and parked vehicle, not in use. the worker slipped on a dry step while walking beside the bench, lost balance, and rolled an ankle. the worker caught a finger on the tool case but did not fall. no one was exposed to serious harm and no credible fatal outcome was identified. the ordinary footing control was present and verified. the ankle and finger were checked after the slip. the fingertip was checked. the worker removed the step and continued. demo sequence 0456 was logged.",Low,NON_SIF_POTENTIAL,[],"['LSR01', 'LSR02', 'LSR08']",True
DEMO500-0457,Driving,LSR03,none,driving-cohort-2,low,declining,107,"at echo valley works in the workshop aisle, during routine inspection, a worker used a small hand tool. nearby was a parked vehicle and clear route, not in use. the worker slipped on a dry step while walking beside the bench, lost balance, and rolled an ankle. the worker caught a finger on the tool case but did not fall. no one was exposed to serious harm and no credible fatal outcome was identified. the ordinary footing control was present and verified. the ankle and finger were checked after the slip. the fingertip was checked. the worker removed the step and continued. demo sequence 0457 was logged.",Low,NON_SIF_POTENTIAL,[],"['LSR01', 'LSR02', 'LSR08']",True
DEMO500-0458,Routine work,none,none,routine_work-cohort-1,low,declining,106,"at frostline depot in the workshop aisle, during routine inspection, a worker used a small hand tool. nearby was a hand tool and parked vehicle, not in use. the worker slipped on a dry step while walking beside the bench, lost balance, and rolled an ankle. the worker caught a finger on the tool case but did not fall. no one was exposed to serious harm and no credible fatal outcome was identified. the ordinary footing control was present and verified. the ankle and finger were checked after the slip. the fingertip was checked. the worker removed the step and continued. demo sequence 0458 was logged.",Low,NON_SIF_POTENTIAL,[],"['LSR01', 'LSR02', 'LSR08']",True
DEMO500-0459,Work authorization,LSR08,none,work_authorization-cohort-2,low,rising,107,"at aurora basin in the workshop aisle, during routine inspection, a worker used a small hand tool. nearby was a checked permit board and hand tool, not in use. the worker slipped on a dry step while walking beside the bench, lost balance, and rolled an ankle. the worker caught a finger on the tool case but did not fall. no one was exposed to serious harm and no credible fatal outcome was identified. the ordinary footing control was present and verified. the ankle and finger were checked after the slip. the fingertip was checked. the worker removed the step and continued. demo sequence 0459 was logged.",Low,NON_SIF_POTENTIAL,[],"['LSR01', 'LSR02', 'LSR08']",True
DEMO500-0460,Bypassed safety controls,LSR01,Energy isolation,bypassed_safety_controls-cohort-2,low,rising,107,"at aurora basin in the workshop aisle, during routine inspection, a worker used a small hand tool. nearby was a secured guard and idle control panel, not in use. the worker slipped on a dry step while walking beside the bench, lost balance, and rolled an ankle. the worker caught a finger on the tool case but did not fall. no one was exposed to serious harm and no credible fatal outcome was identified. the ordinary footing control was present and verified. the ankle and finger were checked after the slip. the fingertip was checked. the worker removed the step and continued. demo sequence 0460 was logged.",Low,NON_SIF_POTENTIAL,[],"['LSR01', 'LSR02', 'LSR08']",True
DEMO500-0461,Hot work,LSR05,none,hot_work-cohort-1,low,stable,108,"at cedar ridge station in the workshop aisle, during routine inspection, a worker used a small hand tool. nearby was a cool hot-work torch and closed cylinder, not in use. the worker slipped on a dry step while walking beside the bench, lost balance, and rolled an ankle. the worker caught a finger on the tool case but did not fall. no one was exposed to serious harm and no credible fatal outcome was identified. the ordinary footing control was present and verified. the ankle and finger were checked after the slip. the fingertip was checked. the worker removed the step and continued. demo sequence 0461 was logged.",Low,NON_SIF_POTENTIAL,[],"['LSR01', 'LSR02', 'LSR08']",True
DEMO500-0462,Bypassed safety controls,LSR01,none,bypassed_safety_controls-cohort-1,low,stable,108,"at delta point facility in the workshop aisle, during routine inspection, a worker used a small hand tool. nearby was a secured guard and idle control panel, not in use. the worker slipped on a dry step while walking beside the bench, lost balance, and rolled an ankle. the worker caught a finger on the tool case but did not fall. no one was exposed to serious harm and no credible fatal outcome was identified. the ordinary footing control was present and verified. the ankle and finger were checked after the slip. the fingertip was checked. the worker removed the step and continued. demo sequence 0462 was logged.",Low,NON_SIF_POTENTIAL,[],"['LSR01', 'LSR02', 'LSR08']",True
DEMO500-0463,Working at height,LSR09,none,working_at_height-cohort-1,low,declining,106,"at frostline depot in the workshop aisle, during routine inspection, a worker used a small hand tool. nearby was a secured ladder and closed platform, not in use. the worker slipped on a dry step while walking beside the bench, lost balance, and rolled an ankle. the worker caught a finger on the tool case but did not fall. no one was exposed to serious harm and no credible fatal outcome was identified. the ordinary footing control was present and verified. the ankle and finger were checked after the slip. the fingertip was checked. the worker removed the step and continued. demo sequence 0463 was logged.",Low,NON_SIF_POTENTIAL,[],"['LSR01', 'LSR02', 'LSR08']",True
DEMO500-0464,Confined space,LSR02,Line of fire,confined_space-cohort-2,low,stable,108,"at cedar ridge station in the workshop aisle, during routine inspection, a worker used a small hand tool. nearby was a closed vessel and idle gas monitor, not in use. the worker slipped on a dry step while walking beside the bench, lost balance, and rolled an ankle. the worker caught a finger on the tool case but did not fall. no one was exposed to serious harm and no credible fatal outcome was identified. the ordinary footing control was present and verified. the ankle and finger were checked after the slip. the fingertip was checked. the worker removed the step and continued. demo sequence 0464 was logged.",Low,NON_SIF_POTENTIAL,[],"['LSR01', 'LSR02', 'LSR08']",True
DEMO500-0465,Confined space,LSR02,none,confined_space-cohort-2,low,rising,108,"at blue mesa yard in the workshop aisle, during routine inspection, a worker used a small hand tool. nearby was a closed vessel and idle gas monitor, not in use. the worker slipped on a dry step while walking beside the bench, lost balance, and rolled an ankle. the worker caught a finger on the tool case but did not fall. no one was exposed to serious harm and no credible fatal outcome was identified. the ordinary footing control was present and verified. the ankle and finger were checked after the slip. the fingertip was checked. the worker removed the step and continued. demo sequence 0465 was logged.",Low,NON_SIF_POTENTIAL,[],"['LSR01', 'LSR02', 'LSR08']",True
DEMO500-0466,Routine work,none,none,routine_work-cohort-1,low,declining,106,"at frostline depot in the workshop aisle, during routine inspection, a worker used a small hand tool. nearby was a hand tool and parked vehicle, not in use. the worker slipped on a dry step while walking beside the bench, lost balance, and rolled an ankle. the worker caught a finger on the tool case but did not fall. no one was exposed to serious harm and no credible fatal outcome was identified. the ordinary footing control was present and verified. the ankle and finger were checked after the slip. the fingertip was checked. the worker removed the step and continued. demo sequence 0466 was logged.",Low,NON_SIF_POTENTIAL,[],"['LSR01', 'LSR02', 'LSR08']",True
DEMO500-0467,Confined space,LSR02,none,confined_space-cohort-1,low,rising,107,"at aurora basin in the workshop aisle, during routine inspection, a worker used a small hand tool. nearby was a closed vessel and idle gas monitor, not in use. the worker slipped on a dry step while walking beside the bench, lost balance, and rolled an ankle. the worker caught a finger on the tool case but did not fall. no one was exposed to serious harm and no credible fatal outcome was identified. the ordinary footing control was present and verified. the ankle and finger were checked after the slip. the fingertip was checked. the worker removed the step and continued. demo sequence 0467 was logged.",Low,NON_SIF_POTENTIAL,[],"['LSR01', 'LSR02', 'LSR08']",True
DEMO500-0468,Driving,LSR03,Mechanical lifting,driving-cohort-1,low,declining,106,"at frostline depot in the workshop aisle, during routine inspection, a worker used a small hand tool. nearby was a parked vehicle and clear route, not in use. the worker slipped on a dry step while walking beside the bench, lost balance, and rolled an ankle. the worker caught a finger on the tool case but did not fall. no one was exposed to serious harm and no credible fatal outcome was identified. the ordinary footing control was present and verified. the ankle and finger were checked after the slip. the fingertip was checked. the worker removed the step and continued. demo sequence 0468 was logged.",Low,NON_SIF_POTENTIAL,[],"['LSR01', 'LSR02', 'LSR08']",True
DEMO500-0469,Mechanical lifting,LSR07,none,mechanical_lifting-cohort-1,low,rising,107,"at blue mesa yard in the workshop aisle, during routine inspection, a worker used a small hand tool. nearby was a parked load and inspected sling, not in use. the worker slipped on a dry step while walking beside the bench, lost balance, and rolled an ankle. the worker caught a finger on the tool case but did not fall. no one was exposed to serious harm and no credible fatal outcome was identified. the ordinary footing control was present and verified. the ankle and finger were checked after the slip. the fingertip was checked. the worker removed the step and continued. demo sequence 0469 was logged.",Low,NON_SIF_POTENTIAL,[],"['LSR01', 'LSR02', 'LSR08']",True
DEMO500-0470,Bypassed safety controls,LSR01,none,bypassed_safety_controls-cohort-1,low,declining,108,"at echo valley works in the workshop aisle, during routine inspection, a worker used a small hand tool. nearby was a secured guard and idle control panel, not in use. the worker slipped on a dry step while walking beside the bench, lost balance, and rolled an ankle. the worker caught a finger on the tool case but did not fall. no one was exposed to serious harm and no credible fatal outcome was identified. the ordinary footing control was present and verified. the ankle and finger were checked after the slip. the fingertip was checked. the worker removed the step and continued. demo sequence 0470 was logged.",Low,NON_SIF_POTENTIAL,[],"['LSR01', 'LSR02', 'LSR08']",True
DEMO500-0471,Routine work,none,none,routine_work-cohort-2,low,stable,107,"at cedar ridge station in the workshop aisle, during routine inspection, a worker used a small hand tool. nearby was a hand tool and parked vehicle, not in use. the worker slipped on a dry step while walking beside the bench, lost balance, and rolled an ankle. the worker caught a finger on the tool case but did not fall. no one was exposed to serious harm and no credible fatal outcome was identified. the ordinary footing control was present and verified. the ankle and finger were checked after the slip. the fingertip was checked. the worker removed the step and continued. demo sequence 0471 was logged.",Low,NON_SIF_POTENTIAL,[],"['LSR01', 'LSR02', 'LSR08']",True
DEMO500-0472,Driving,LSR03,Routine work,driving-cohort-1,low,declining,107,"at echo valley works in the workshop aisle, during routine inspection, a worker used a small hand tool. nearby was a parked vehicle and clear route, not in use. the worker slipped on a dry step while walking beside the bench, lost balance, and rolled an ankle. the worker caught a finger on the tool case but did not fall. no one was exposed to serious harm and no credible fatal outcome was identified. the ordinary footing control was present and verified. the ankle and finger were checked after the slip. the fingertip was checked. the worker removed the step and continued. demo sequence 0472 was logged.",Low,NON_SIF_POTENTIAL,[],"['LSR01', 'LSR02', 'LSR08']",True
DEMO500-0473,Work authorization,LSR08,none,work_authorization-cohort-2,low,stable,108,"at delta point facility in the workshop aisle, during routine inspection, a worker used a small hand tool. nearby was a checked permit board and hand tool, not in use. the worker slipped on a dry step while walking beside the bench, lost balance, and rolled an ankle. the worker caught a finger on the tool case but did not fall. no one was exposed to serious harm and no credible fatal outcome was identified. the ordinary footing control was present and verified. the ankle and finger were checked after the slip. the fingertip was checked. the worker removed the step and continued. demo sequence 0473 was logged.",Low,NON_SIF_POTENTIAL,[],"['LSR01', 'LSR02', 'LSR08']",True
DEMO500-0474,Line of fire,LSR06,none,line_of_fire-cohort-1,low,declining,106,"at frostline depot in the workshop aisle, during routine inspection, a worker used a small hand tool. nearby was a parked load and marked floor, not in use. the worker slipped on a dry step while walking beside the bench, lost balance, and rolled an ankle. the worker caught a finger on the tool case but did not fall. no one was exposed to serious harm and no credible fatal outcome was identified. the ordinary footing control was present and verified. the ankle and finger were checked after the slip. the fingertip was checked. the worker removed the step and continued. demo sequence 0474 was logged.",Low,NON_SIF_POTENTIAL,[],"['LSR01', 'LSR02', 'LSR08']",True
DEMO500-0475,Routine work,none,none,routine_work-cohort-2,low,declining,107,"at echo valley works in the workshop aisle, during routine inspection, a worker used a small hand tool. nearby was a hand tool and parked vehicle, not in use. the worker slipped on a dry step while walking beside the bench, lost balance, and rolled an ankle. the worker caught a finger on the tool case but did not fall. no one was exposed to serious harm and no credible fatal outcome was identified. the ordinary footing control was present and verified. the ankle and finger were checked after the slip. the fingertip was checked. the worker removed the step and continued. demo sequence 0475 was logged.",Low,NON_SIF_POTENTIAL,[],"['LSR01', 'LSR02', 'LSR08']",True
DEMO500-0476,Routine work,none,Mechanical lifting,routine_work-cohort-2,low,declining,106,"at frostline depot in the workshop aisle, during routine inspection, a worker used a small hand tool. nearby was a hand tool and parked vehicle, not in use. the worker slipped on a dry step while walking beside the bench, lost balance, and rolled an ankle. the worker caught a finger on the tool case but did not fall. no one was exposed to serious harm and no credible fatal outcome was identified. the ordinary footing control was present and verified. the ankle and finger were checked after the slip. the fingertip was checked. the worker removed the step and continued. demo sequence 0476 was logged.",Low,NON_SIF_POTENTIAL,[],"['LSR01', 'LSR02', 'LSR08']",True
DEMO500-0477,Driving,LSR03,none,driving-cohort-2,low,stable,107,"at cedar ridge station in the workshop aisle, during routine inspection, a worker used a small hand tool. nearby was a parked vehicle and clear route, not in use. the worker slipped on a dry step while walking beside the bench, lost balance, and rolled an ankle. the worker caught a finger on the tool case but did not fall. no one was exposed to serious harm and no credible fatal outcome was identified. the ordinary footing control was present and verified. the ankle and finger were checked after the slip. the fingertip was checked. the worker removed the step and continued. demo sequence 0477 was logged.",Low,NON_SIF_POTENTIAL,[],"['LSR01', 'LSR02', 'LSR08']",True
DEMO500-0478,Energy isolation,LSR04,none,energy_isolation-cohort-2,low,declining,108,"at echo valley works in the workshop aisle, during routine inspection, a worker used a small hand tool. nearby was a closed pressure valve and disconnected line, not in use. the worker slipped on a dry step while walking beside the bench, lost balance, and rolled an ankle. the worker caught a finger on the tool case but did not fall. no one was exposed to serious harm and no credible fatal outcome was identified. the ordinary footing control was present and verified. the ankle and finger were checked after the slip. the fingertip was checked. the worker removed the step and continued. demo sequence 0478 was logged.",Low,NON_SIF_POTENTIAL,[],"['LSR01', 'LSR02', 'LSR08']",True
DEMO500-0479,Work authorization,LSR08,none,work_authorization-cohort-1,low,declining,108,"at echo valley works in the workshop aisle, during routine inspection, a worker used a small hand tool. nearby was a checked permit board and hand tool, not in use. the worker slipped on a dry step while walking beside the bench, lost balance, and rolled an ankle. the worker caught a finger on the tool case but did not fall. no one was exposed to serious harm and no credible fatal outcome was identified. the ordinary footing control was present and verified. the ankle and finger were checked after the slip. the fingertip was checked. the worker removed the step and continued. demo sequence 0479 was logged.",Low,NON_SIF_POTENTIAL,[],"['LSR01', 'LSR02', 'LSR08']",True
DEMO500-0480,Work authorization,LSR08,Hot work,work_authorization-cohort-2,low,declining,107,"at frostline depot in the workshop aisle, during routine inspection, a worker used a small hand tool. nearby was a checked permit board and hand tool, not in use. the worker slipped on a dry step while walking beside the bench, lost balance, and rolled an ankle. the worker caught a finger on the tool case but did not fall. no one was exposed to serious harm and no credible fatal outcome was identified. the ordinary footing control was present and verified. the ankle and finger were checked after the slip. the fingertip was checked. the worker removed the step and continued. demo sequence 0480 was logged.",Low,NON_SIF_POTENTIAL,[],"['LSR01', 'LSR02', 'LSR08']",True
DEMO500-0481,Routine work,none,none,routine_work-cohort-2,low,rising,107,"at blue mesa yard in the workshop aisle, during routine inspection, a worker used a small hand tool. nearby was a hand tool and parked vehicle, not in use. the worker slipped on a dry step while walking beside the bench, lost balance, and rolled an ankle. the worker caught a finger on the tool case but did not fall. no one was exposed to serious harm and no credible fatal outcome was identified. the ordinary footing control was present and verified. the ankle and finger were checked after the slip. the fingertip was checked. the worker removed the step and continued. demo sequence 0481 was logged.",Low,NON_SIF_POTENTIAL,[],"['LSR01', 'LSR02', 'LSR08']",True
DEMO500-0482,Line of fire,LSR06,none,line_of_fire-cohort-2,low,stable,107,"at cedar ridge station in the workshop aisle, during routine inspection, a worker used a small hand tool. nearby was a parked load and marked floor, not in use. the worker slipped on a dry step while walking beside the bench, lost balance, and rolled an ankle. the worker caught a finger on the tool case but did not fall. no one was exposed to serious harm and no credible fatal outcome was identified. the ordinary footing control was present and verified. the ankle and finger were checked after the slip. the fingertip was checked. the worker removed the step and continued. demo sequence 0482 was logged.",Low,NON_SIF_POTENTIAL,[],"['LSR01', 'LSR02', 'LSR08']",True
DEMO500-0483,Mechanical lifting,LSR07,none,mechanical_lifting-cohort-2,low,rising,107,"at blue mesa yard in the workshop aisle, during routine inspection, a worker used a small hand tool. nearby was a parked load and inspected sling, not in use. the worker slipped on a dry step while walking beside the bench, lost balance, and rolled an ankle. the worker caught a finger on the tool case but did not fall. no one was exposed to serious harm and no credible fatal outcome was identified. the ordinary footing control was present and verified. the ankle and finger were checked after the slip. the fingertip was checked. the worker removed the step and continued. demo sequence 0483 was logged.",Low,NON_SIF_POTENTIAL,[],"['LSR01', 'LSR02', 'LSR08']",True
DEMO500-0484,Energy isolation,LSR04,Driving,energy_isolation-cohort-2,low,declining,107,"at frostline depot in the workshop aisle, during routine inspection, a worker used a small hand tool. nearby was a closed pressure valve and disconnected line, not in use. the worker slipped on a dry step while walking beside the bench, lost balance, and rolled an ankle. the worker caught a finger on the tool case but did not fall. no one was exposed to serious harm and no credible fatal outcome was identified. the ordinary footing control was present and verified. the ankle and finger were checked after the slip. the fingertip was checked. the worker removed the step and continued. demo sequence 0484 was logged.",Low,NON_SIF_POTENTIAL,[],"['LSR01', 'LSR02', 'LSR08']",True
DEMO500-0485,Work authorization,LSR08,none,work_authorization-cohort-1,low,stable,108,"at cedar ridge station in the workshop aisle, during routine inspection, a worker used a small hand tool. nearby was a checked permit board and hand tool, not in use. the worker slipped on a dry step while walking beside the bench, lost balance, and rolled an ankle. the worker caught a finger on the tool case but did not fall. no one was exposed to serious harm and no credible fatal outcome was identified. the ordinary footing control was present and verified. the ankle and finger were checked after the slip. the fingertip was checked. the worker removed the step and continued. demo sequence 0485 was logged.",Low,NON_SIF_POTENTIAL,[],"['LSR01', 'LSR02', 'LSR08']",True
DEMO500-0486,Routine work,none,none,routine_work-cohort-1,low,rising,107,"at blue mesa yard in the workshop aisle, during routine inspection, a worker used a small hand tool. nearby was a hand tool and parked vehicle, not in use. the worker slipped on a dry step while walking beside the bench, lost balance, and rolled an ankle. the worker caught a finger on the tool case but did not fall. no one was exposed to serious harm and no credible fatal outcome was identified. the ordinary footing control was present and verified. the ankle and finger were checked after the slip. the fingertip was checked. the worker removed the step and continued. demo sequence 0486 was logged.",Low,NON_SIF_POTENTIAL,[],"['LSR01', 'LSR02', 'LSR08']",True
DEMO500-0487,Working at height,LSR09,none,working_at_height-cohort-2,low,stable,107,"at delta point facility in the workshop aisle, during routine inspection, a worker used a small hand tool. nearby was a secured ladder and closed platform, not in use. the worker slipped on a dry step while walking beside the bench, lost balance, and rolled an ankle. the worker caught a finger on the tool case but did not fall. no one was exposed to serious harm and no credible fatal outcome was identified. the ordinary footing control was present and verified. the ankle and finger were checked after the slip. the fingertip was checked. the worker removed the step and continued. demo sequence 0487 was logged.",Low,NON_SIF_POTENTIAL,[],"['LSR01', 'LSR02', 'LSR08']",True
DEMO500-0488,Working at height,LSR09,Energy isolation,working_at_height-cohort-2,low,declining,106,"at frostline depot in the workshop aisle, during routine inspection, a worker used a small hand tool. nearby was a secured ladder and closed platform, not in use. the worker slipped on a dry step while walking beside the bench, lost balance, and rolled an ankle. the worker caught a finger on the tool case but did not fall. no one was exposed to serious harm and no credible fatal outcome was identified. the ordinary footing control was present and verified. the ankle and finger were checked after the slip. the fingertip was checked. the worker removed the step and continued. demo sequence 0488 was logged.",Low,NON_SIF_POTENTIAL,[],"['LSR01', 'LSR02', 'LSR08']",True
DEMO500-0489,Working at height,LSR09,none,working_at_height-cohort-1,low,stable,107,"at cedar ridge station in the workshop aisle, during routine inspection, a worker used a small hand tool. nearby was a secured ladder and closed platform, not in use. the worker slipped on a dry step while walking beside the bench, lost balance, and rolled an ankle. the worker caught a finger on the tool case but did not fall. no one was exposed to serious harm and no credible fatal outcome was identified. the ordinary footing control was present and verified. the ankle and finger were checked after the slip. the fingertip was checked. the worker removed the step and continued. demo sequence 0489 was logged.",Low,NON_SIF_POTENTIAL,[],"['LSR01', 'LSR02', 'LSR08']",True
DEMO500-0490,Work authorization,LSR08,none,work_authorization-cohort-1,low,rising,107,"at aurora basin in the workshop aisle, during routine inspection, a worker used a small hand tool. nearby was a checked permit board and hand tool, not in use. the worker slipped on a dry step while walking beside the bench, lost balance, and rolled an ankle. the worker caught a finger on the tool case but did not fall. no one was exposed to serious harm and no credible fatal outcome was identified. the ordinary footing control was present and verified. the ankle and finger were checked after the slip. the fingertip was checked. the worker removed the step and continued. demo sequence 0490 was logged.",Low,NON_SIF_POTENTIAL,[],"['LSR01', 'LSR02', 'LSR08']",True
DEMO500-0491,Routine work,none,none,routine_work-cohort-2,low,declining,106,"at frostline depot in the workshop aisle, during routine inspection, a worker used a small hand tool. nearby was a hand tool and parked vehicle, not in use. the worker slipped on a dry step while walking beside the bench, lost balance, and rolled an ankle. the worker caught a finger on the tool case but did not fall. no one was exposed to serious harm and no credible fatal outcome was identified. the ordinary footing control was present and verified. the ankle and finger were checked after the slip. the fingertip was checked. the worker removed the step and continued. demo sequence 0491 was logged.",Low,NON_SIF_POTENTIAL,[],"['LSR01', 'LSR02', 'LSR08']",True
DEMO500-0492,Routine work,none,Line of fire,routine_work-cohort-2,low,declining,107,"at echo valley works in the workshop aisle, during routine inspection, a worker used a small hand tool. nearby was a hand tool and parked vehicle, not in use. the worker slipped on a dry step while walking beside the bench, lost balance, and rolled an ankle. the worker caught a finger on the tool case but did not fall. no one was exposed to serious harm and no credible fatal outcome was identified. the ordinary footing control was present and verified. the ankle and finger were checked after the slip. the fingertip was checked. the worker removed the step and continued. demo sequence 0492 was logged.",Low,NON_SIF_POTENTIAL,[],"['LSR01', 'LSR02', 'LSR08']",True
DEMO500-0493,Work authorization,LSR08,none,work_authorization-cohort-2,low,rising,108,"at blue mesa yard in the workshop aisle, during routine inspection, a worker used a small hand tool. nearby was a checked permit board and hand tool, not in use. the worker slipped on a dry step while walking beside the bench, lost balance, and rolled an ankle. the worker caught a finger on the tool case but did not fall. no one was exposed to serious harm and no credible fatal outcome was identified. the ordinary footing control was present and verified. the ankle and finger were checked after the slip. the fingertip was checked. the worker removed the step and continued. demo sequence 0493 was logged.",Low,NON_SIF_POTENTIAL,[],"['LSR01', 'LSR02', 'LSR08']",True
DEMO500-0494,Routine work,none,none,routine_work-cohort-2,low,declining,107,"at echo valley works in the workshop aisle, during routine inspection, a worker used a small hand tool. nearby was a hand tool and parked vehicle, not in use. the worker slipped on a dry step while walking beside the bench, lost balance, and rolled an ankle. the worker caught a finger on the tool case but did not fall. no one was exposed to serious harm and no credible fatal outcome was identified. the ordinary footing control was present and verified. the ankle and finger were checked after the slip. the fingertip was checked. the worker removed the step and continued. demo sequence 0494 was logged.",Low,NON_SIF_POTENTIAL,[],"['LSR01', 'LSR02', 'LSR08']",True
DEMO500-0495,Confined space,LSR02,none,confined_space-cohort-1,low,rising,108,"at blue mesa yard in the workshop aisle, during routine inspection, a worker used a small hand tool. nearby was a closed vessel and idle gas monitor, not in use. the worker slipped on a dry step while walking beside the bench, lost balance, and rolled an ankle. the worker caught a finger on the tool case but did not fall. no one was exposed to serious harm and no credible fatal outcome was identified. the ordinary footing control was present and verified. the ankle and finger were checked after the slip. the fingertip was checked. the worker removed the step and continued. demo sequence 0495 was logged.",Low,NON_SIF_POTENTIAL,[],"['LSR01', 'LSR02', 'LSR08']",True
DEMO500-0496,Line of fire,LSR06,Confined space,line_of_fire-cohort-1,low,declining,106,"at frostline depot in the workshop aisle, during routine inspection, a worker used a small hand tool. nearby was a parked load and marked floor, not in use. the worker slipped on a dry step while walking beside the bench, lost balance, and rolled an ankle. the worker caught a finger on the tool case but did not fall. no one was exposed to serious harm and no credible fatal outcome was identified. the ordinary footing control was present and verified. the ankle and finger were checked after the slip. the fingertip was checked. the worker removed the step and continued. demo sequence 0496 was logged.",Low,NON_SIF_POTENTIAL,[],"['LSR01', 'LSR02', 'LSR08']",True
DEMO500-0497,Routine work,none,none,routine_work-cohort-2,low,rising,107,"at blue mesa yard in the workshop aisle, during routine inspection, a worker used a small hand tool. nearby was a hand tool and parked vehicle, not in use. the worker slipped on a dry step while walking beside the bench, lost balance, and rolled an ankle. the worker caught a finger on the tool case but did not fall. no one was exposed to serious harm and no credible fatal outcome was identified. the ordinary footing control was present and verified. the ankle and finger were checked after the slip. the fingertip was checked. the worker removed the step and continued. demo sequence 0497 was logged.",Low,NON_SIF_POTENTIAL,[],"['LSR01', 'LSR02', 'LSR08']",True
DEMO500-0498,Energy isolation,LSR04,none,energy_isolation-cohort-1,low,stable,108,"at cedar ridge station in the workshop aisle, during routine inspection, a worker used a small hand tool. nearby was a closed pressure valve and disconnected line, not in use. the worker slipped on a dry step while walking beside the bench, lost balance, and rolled an ankle. the worker caught a finger on the tool case but did not fall. no one was exposed to serious harm and no credible fatal outcome was identified. the ordinary footing control was present and verified. the ankle and finger were checked after the slip. the fingertip was checked. the worker removed the step and continued. demo sequence 0498 was logged.",Low,NON_SIF_POTENTIAL,[],"['LSR01', 'LSR02', 'LSR08']",True
DEMO500-0499,Line of fire,LSR06,none,line_of_fire-cohort-2,low,rising,106,"at aurora basin in the workshop aisle, during routine inspection, a worker used a small hand tool. nearby was a parked load and marked floor, not in use. the worker slipped on a dry step while walking beside the bench, lost balance, and rolled an ankle. the worker caught a finger on the tool case but did not fall. no one was exposed to serious harm and no credible fatal outcome was identified. the ordinary footing control was present and verified. the ankle and finger were checked after the slip. the fingertip was checked. the worker removed the step and continued. demo sequence 0499 was logged.",Low,NON_SIF_POTENTIAL,[],"['LSR01', 'LSR02', 'LSR08']",True
DEMO500-0500,Driving,LSR03,Routine work,driving-cohort-2,low,declining,107,"at echo valley works in the workshop aisle, during routine inspection, a worker used a small hand tool. nearby was a parked vehicle and clear route, not in use. the worker slipped on a dry step while walking beside the bench, lost balance, and rolled an ankle. the worker caught a finger on the tool case but did not fall. no one was exposed to serious harm and no credible fatal outcome was identified. the ordinary footing control was present and verified. the ankle and finger were checked after the slip. the fingertip was checked. the worker removed the step and continued. demo sequence 0500 was logged.",Low,NON_SIF_POTENTIAL,[],"['LSR01', 'LSR02', 'LSR08']",True
