report_id,report_date,site,activity,report_type,narrative,source
DEMO500-0001,2026-08-12,Echo Valley Works,Driving,Near Miss,"At Echo Valley Works in the internal access road, the rigger prepared driving during the task execution stage. The equipment was light vehicle and reversing camera. The driver was distracted and the vehicle veered toward a pedestrian. A vehicle crash was narrowly avoided. a pedestrian was within the vehicle line of travel. The expected seatbelt, spotter, speed limit, and journey plan was not verified. No serious injury occurred, but severe harm was credible. Work stopped, the control was restored, and the event was recorded. Demo sequence 0001 was logged.",synthetic_judge_demo_v0_1
DEMO500-0002,2026-07-20,Blue Mesa Yard,Mechanical Lifting,Incident,"At Blue Mesa Yard in the internal access road, the operator prepared driving during verification. The equipment was light vehicle and reversing camera. The vehicle was speeding and the driver lost control. The driver was distracted and the vehicle veered toward a pedestrian. a pedestrian was within the vehicle line of travel. The expected seatbelt, spotter, speed limit, and journey plan was not verified. No serious injury occurred, but severe harm was credible. Work stopped, the control was restored, and the event was recorded. Demo sequence 0002 was logged.",synthetic_judge_demo_v0_1
DEMO500-0003,2026-08-18,Delta Point Facility,Pressure Testing,Incident,"At Delta Point Facility in the internal access road, the driver prepared pressure testing during the pre-job setup stage. The equipment was light vehicle and reversing camera. The driver was distracted and the vehicle veered toward a pedestrian. A vehicle crash was narrowly avoided. a pedestrian was within the vehicle line of travel. The expected seatbelt, spotter, speed limit, and journey plan was not verified. No serious injury occurred, but severe harm was credible. Work stopped, the control was restored, and the event was recorded. Demo sequence 0003 was logged. The vehicle was speeding and the driver lost control. Demo sequence 0003 was logged.",synthetic_judge_demo_v0_1
DEMO500-0004,2026-08-19,Aurora Basin,Drilling,Near Miss,"At Aurora Basin in the internal access road, the rigger prepared drilling during the task execution stage. The equipment was light vehicle and reversing camera. The driver was distracted and the vehicle veered toward a pedestrian. A vehicle crash was narrowly avoided. a pedestrian was within the vehicle line of travel. The expected seatbelt, spotter, speed limit, and journey plan was not verified. A secondary check also covered this area, and a parked trolley was moved clear of the marked route before work stopped. No serious injury occurred, but severe harm was credible. Work stopped, the control was restored, and the event was recorded. Demo sequence 0004 was logged.",synthetic_judge_demo_v0_1
DEMO500-0005,2026-09-03,Cedar Ridge Station,Mechanical Lifting,Unsafe Condition,"At Cedar Ridge Station in the internal access road, the driver prepared driving during setup. The equipment was light vehicle and reversing camera. The vehicle was speeding and the driver lost control. The driver was distracted and the vehicle veered toward a pedestrian. a pedestrian was within the vehicle line of travel. The expected seatbelt, spotter, speed limit, and journey plan was not verified. No serious injury occurred, but severe harm was credible. Work stopped, the control was restored, and the event was recorded. Demo sequence 0005 was logged.",synthetic_judge_demo_v0_1
DEMO500-0006,2026-08-10,Frostline Depot,Valve Maintenance,Near Miss,"At Frostline Depot in the internal access road, the technician prepared driving during verification. The equipment was light vehicle and reversing camera. The vehicle was speeding and the driver lost control. The driver was distracted and the vehicle veered toward a pedestrian. a pedestrian was within the vehicle line of travel. The expected seatbelt, spotter, speed limit, and journey plan was not verified. No serious injury occurred, but severe harm was credible. Work stopped, the control was restored, and the event was recorded. Demo sequence 0006 was logged.",synthetic_judge_demo_v0_1
DEMO500-0007,2026-08-18,Cedar Ridge Station,Pressure Testing,Near Miss,"At Cedar Ridge Station in the internal access road, the inspector prepared driving during positioning. The equipment was light vehicle and reversing camera. The vehicle was speeding and the driver lost control. The driver was distracted and the vehicle veered toward a pedestrian. a pedestrian was within the vehicle line of travel. The expected seatbelt, spotter, speed limit, and journey plan was not verified. No serious injury occurred, but severe harm was credible. Work stopped, the control was restored, and the event was recorded. Demo sequence 0007 was logged.",synthetic_judge_demo_v0_1
DEMO500-0008,2026-08-27,Delta Point Facility,Hot Work,Incident,"At Delta Point Facility in the internal access road, the inspector prepared hot work during the task execution stage. The equipment was light vehicle and reversing camera. The driver was distracted and the vehicle veered toward a pedestrian. A vehicle crash was narrowly avoided. a pedestrian was within the vehicle line of travel. The expected seatbelt, spotter, speed limit, and journey plan was not verified. A secondary check also covered this area, and a parked trolley was moved clear of the marked route before work stopped. No serious injury occurred, but severe harm was credible. Work stopped, the control was restored, and the event was recorded. Demo sequence 0008 was logged.",synthetic_judge_demo_v0_1
DEMO500-0009,2026-08-31,Delta Point Facility,Valve Maintenance,Unsafe Act,"At Delta Point Facility in the internal access road, the inspector prepared driving during positioning. The equipment was light vehicle and reversing camera. The vehicle was speeding and the driver lost control. The driver was distracted and the vehicle veered toward a pedestrian. a pedestrian was within the vehicle line of travel. The expected seatbelt, spotter, speed limit, and journey plan was not verified. No serious injury occurred, but severe harm was credible. Work stopped, the control was restored, and the event was recorded. Demo sequence 0009 was logged.",synthetic_judge_demo_v0_1
DEMO500-0010,2026-07-27,Aurora Basin,Driving,Near Miss,"At Aurora Basin in the internal access road, the rigger prepared driving during the task execution stage. The equipment was light vehicle and reversing camera. The driver was distracted and the vehicle veered toward a pedestrian. A vehicle crash was narrowly avoided. a pedestrian was within the vehicle line of travel. The expected seatbelt, spotter, speed limit, and journey plan was not verified. No serious injury occurred, but severe harm was credible. Work stopped, the control was restored, and the event was recorded. Demo sequence 0010 was logged.",synthetic_judge_demo_v0_1
DEMO500-0011,2026-09-01,Echo Valley Works,Valve Maintenance,Unsafe Condition,"At Echo Valley Works in the valve gallery, the operator prepared valve maintenance during the equipment positioning stage. The equipment was process valve and stored-pressure line. Stored pressure was not completely isolated. the technician stood in the pressure release path. The expected lockout, drain, and zero-energy verification was not verified. No serious injury occurred, but severe harm was credible. Work stopped, the control was restored, and the event was recorded. Demo sequence 0011 was logged.",synthetic_judge_demo_v0_1
DEMO500-0012,2026-07-28,Frostline Depot,Hot Work,Near Miss,"At Frostline Depot in the valve gallery, the driver prepared hot work during the pre-job setup stage. The equipment was process valve and stored-pressure line. Stored pressure was not completely isolated. the technician stood in the pressure release path. The expected lockout, drain, and zero-energy verification was not verified. A secondary check also covered this area, and a pressure gauge was checked before the work boundary was reset before work stopped. No serious injury occurred, but severe harm was credible. Work stopped, the control was restored, and the event was recorded. Demo sequence 0012 was logged.",synthetic_judge_demo_v0_1
DEMO500-0013,2026-09-10,Echo Valley Works,Pressure Testing,Unsafe Condition,"At Echo Valley Works in the valve gallery, the supervisor prepared pressure testing during the pre-job setup stage. The equipment was process valve and stored-pressure line. Stored pressure was not completely isolated. the technician stood in the pressure release path. The expected lockout, drain, and zero-energy verification was not verified. No serious injury occurred, but severe harm was credible. Work stopped, the control was restored, and the event was recorded. Demo sequence 0013 was logged.",synthetic_judge_demo_v0_1
DEMO500-0014,2026-08-27,Cedar Ridge Station,Drilling,Near Miss,"At Cedar Ridge Station in the valve gallery, the operator prepared drilling during the isolation check stage. The equipment was process valve and stored-pressure line. Stored pressure was not completely isolated. the technician stood in the pressure release path. The expected lockout, drain, and zero-energy verification was not verified. No serious injury occurred, but severe harm was credible. Work stopped, the control was restored, and the event was recorded. The task status, work boundary, equipment condition, and immediate response were entered in the synthetic shift log for a complete demonstration record. Demo sequence 0014 was logged.",synthetic_judge_demo_v0_1
DEMO500-0015,2026-08-19,Blue Mesa Yard,Pressure Testing,Incident,"At Blue Mesa Yard in the valve gallery, the rigger prepared pressure testing during the post-task check stage. The equipment was process valve and stored-pressure line. Stored pressure was not completely isolated. the technician stood in the pressure release path. The expected lockout, drain, and zero-energy verification was not verified. No serious injury occurred, but severe harm was credible. Work stopped, the control was restored, and the event was recorded. Demo sequence 0015 was logged.",synthetic_judge_demo_v0_1
DEMO500-0016,2026-07-27,Echo Valley Works,Hot Work,Near Miss,"At Echo Valley Works in the valve gallery, the inspector prepared hot work during the task execution stage. The equipment was process valve and stored-pressure line. Stored pressure was not completely isolated. the technician stood in the pressure release path. The expected lockout, drain, and zero-energy verification was not verified. A secondary check also covered this area, and a pressure gauge was checked before the work boundary was reset before work stopped. No serious injury occurred, but severe harm was credible. Work stopped, the control was restored, and the event was recorded. Demo sequence 0016 was logged.",synthetic_judge_demo_v0_1
DEMO500-0017,2026-08-11,Delta Point Facility,Mechanical Lifting,Unsafe Act,"At Delta Point Facility in the valve gallery, the inspector prepared mechanical lifting during the task execution stage. The equipment was process valve and stored-pressure line. Stored pressure was not completely isolated. the technician stood in the pressure release path. The expected lockout, drain, and zero-energy verification was not verified. No serious injury occurred, but severe harm was credible. Work stopped, the control was restored, and the event was recorded. Demo sequence 0017 was logged.",synthetic_judge_demo_v0_1
DEMO500-0018,2026-08-24,Frostline Depot,Drilling,Near Miss,"At Frostline Depot in the valve gallery, the operator prepared drilling during the equipment positioning stage. The equipment was process valve and stored-pressure line. Stored pressure was not completely isolated. the technician stood in the pressure release path. The expected lockout, drain, and zero-energy verification was not verified. No serious injury occurred, but severe harm was credible. Work stopped, the control was restored, and the event was recorded. The task status, work boundary, equipment condition, and immediate response were entered in the synthetic shift log for a complete demonstration record. Demo sequence 0018 was logged.",synthetic_judge_demo_v0_1
DEMO500-0019,2026-07-21,Echo Valley Works,Valve Maintenance,Unsafe Condition,"At Echo Valley Works in the valve gallery, the technician prepared valve maintenance during the isolation check stage. The equipment was process valve and stored-pressure line. Stored pressure was not completely isolated. the technician stood in the pressure release path. The expected lockout, drain, and zero-energy verification was not verified. No serious injury occurred, but severe harm was credible. Work stopped, the control was restored, and the event was recorded. Demo sequence 0019 was logged.",synthetic_judge_demo_v0_1
DEMO500-0020,2026-08-11,Frostline Depot,Electrical Maintenance,Near Miss,"At Frostline Depot in the valve gallery, the driver prepared electrical maintenance during the pre-job setup stage. The equipment was process valve and stored-pressure line. Stored pressure was not completely isolated. the technician stood in the pressure release path. The expected lockout, drain, and zero-energy verification was not verified. A secondary check also covered this area, and a pressure gauge was checked before the work boundary was reset before work stopped. No serious injury occurred, but severe harm was credible. Work stopped, the control was restored, and the event was recorded. Demo sequence 0020 was logged.",synthetic_judge_demo_v0_1
DEMO500-0021,2026-09-01,Aurora Basin,Mechanical Lifting,Near Miss,"At Aurora Basin in the fabrication bay, the technician prepared mechanical lifting during the pre-job setup stage. The equipment was welding torch, gas cylinder, and nearby vapour source. Welding started near flammable gas before the ignition source was controlled. the welder was beside the potential fire and explosion path. The expected permit, gas test, fire watch, and ignition-source control was not verified. No serious injury occurred, but severe harm was credible. Work stopped, the control was restored, and the event was recorded. Demo sequence 0021 was logged.",synthetic_judge_demo_v0_1
DEMO500-0022,2026-08-27,Aurora Basin,Inspection,Incident,"At Aurora Basin in the fabrication bay, the driver prepared inspection during the pre-job setup stage. The equipment was welding torch, gas cylinder, and nearby vapour source. Welding started near flammable gas before the ignition source was controlled. the welder was beside the potential fire and explosion path. The expected permit, gas test, fire watch, and ignition-source control was not verified. No serious injury occurred, but severe harm was credible. Work stopped, the control was restored, and the event was recorded. Demo sequence 0022 was logged.",synthetic_judge_demo_v0_1
DEMO500-0023,2026-08-18,Delta Point Facility,Hot Work,Unsafe Condition,"At Delta Point Facility in the fabrication bay, the rigger prepared hot work during the post-task check stage. The equipment was welding torch, gas cylinder, and nearby vapour source. Welding started near flammable gas before the ignition source was controlled. the welder was beside the potential fire and explosion path. The expected permit, gas test, fire watch, and ignition-source control was not verified. No serious injury occurred, but severe harm was credible. Work stopped, the control was restored, and the event was recorded. Demo sequence 0023 was logged.",synthetic_judge_demo_v0_1
DEMO500-0024,2026-08-14,Aurora Basin,Inspection,Near Miss,"At Aurora Basin in the fabrication bay, the rigger prepared inspection during the post-task check stage. The equipment was welding torch, gas cylinder, and nearby vapour source. Welding started near flammable gas before the ignition source was controlled. the welder was beside the potential fire and explosion path. The expected permit, gas test, fire watch, and ignition-source control was not verified. A secondary check also covered this area, and a portable grinder was isolated before the bay was cleared before work stopped. No serious injury occurred, but severe harm was credible. Work stopped, the control was restored, and the event was recorded. Demo sequence 0024 was logged.",synthetic_judge_demo_v0_1
DEMO500-0025,2026-07-23,Aurora Basin,Drilling,Near Miss,"At Aurora Basin in the fabrication bay, the driver prepared drilling during the pre-job setup stage. The equipment was welding torch, gas cylinder, and nearby vapour source. Welding started near flammable gas before the ignition source was controlled. the welder was beside the potential fire and explosion path. The expected permit, gas test, fire watch, and ignition-source control was not verified. No serious injury occurred, but severe harm was credible. Work stopped, the control was restored, and the event was recorded. Demo sequence 0025 was logged.",synthetic_judge_demo_v0_1
DEMO500-0026,2026-08-05,Echo Valley Works,Electrical Maintenance,Unsafe Condition,"At Echo Valley Works in the fabrication bay, the rigger prepared electrical maintenance during the task execution stage. The equipment was welding torch, gas cylinder, and nearby vapour source. Welding started near flammable gas before the ignition source was controlled. the welder was beside the potential fire and explosion path. The expected permit, gas test, fire watch, and ignition-source control was not verified. No serious injury occurred, but severe harm was credible. Work stopped, the control was restored, and the event was recorded. Demo sequence 0026 was logged.",synthetic_judge_demo_v0_1
DEMO500-0027,2026-09-03,Echo Valley Works,Valve Maintenance,Unsafe Act,"At Echo Valley Works in the fabrication bay, the inspector prepared valve maintenance during the task execution stage. The equipment was welding torch, gas cylinder, and nearby vapour source. Welding started near flammable gas before the ignition source was controlled. the welder was beside the potential fire and explosion path. The expected permit, gas test, fire watch, and ignition-source control was not verified. No serious injury occurred, but severe harm was credible. Work stopped, the control was restored, and the event was recorded. Demo sequence 0027 was logged.",synthetic_judge_demo_v0_1
DEMO500-0028,2026-08-19,Aurora Basin,Inspection,Unsafe Condition,"At Aurora Basin in the fabrication bay, the operator prepared inspection during the isolation check stage. The equipment was welding torch, gas cylinder, and nearby vapour source. Welding started near flammable gas before the ignition source was controlled. the welder was beside the potential fire and explosion path. The expected permit, gas test, fire watch, and ignition-source control was not verified. A secondary check also covered this area, and a portable grinder was isolated before the bay was cleared before work stopped. No serious injury occurred, but severe harm was credible. Work stopped, the control was restored, and the event was recorded. Demo sequence 0028 was logged.",synthetic_judge_demo_v0_1
DEMO500-0029,2026-09-11,Blue Mesa Yard,Mechanical Lifting,Unsafe Condition,"At Blue Mesa Yard in the fabrication bay, the driver prepared mechanical lifting during the post-task check stage. The equipment was welding torch, gas cylinder, and nearby vapour source. Welding started near flammable gas before the ignition source was controlled. the welder was beside the potential fire and explosion path. The expected permit, gas test, fire watch, and ignition-source control was not verified. No serious injury occurred, but severe harm was credible. Work stopped, the control was restored, and the event was recorded. Demo sequence 0029 was logged.",synthetic_judge_demo_v0_1
DEMO500-0030,2026-08-05,Aurora Basin,Pressure Testing,Incident,"At Aurora Basin in the fabrication bay, the supervisor prepared pressure testing during the isolation check stage. The equipment was welding torch, gas cylinder, and nearby vapour source. Welding started near flammable gas before the ignition source was controlled. the welder was beside the potential fire and explosion path. The expected permit, gas test, fire watch, and ignition-source control was not verified. No serious injury occurred, but severe harm was credible. Work stopped, the control was restored, and the event was recorded. Demo sequence 0030 was logged.",synthetic_judge_demo_v0_1
DEMO500-0031,2026-07-24,Echo Valley Works,Driving,Near Miss,"At Echo Valley Works in the pipe rack laydown area, the operator prepared driving during the equipment positioning stage. The equipment was pipe spool and temporary lifting frame. A suspended load fell and struck a worker. a rigger stood in the line of fire beside the load path. The expected exclusion zone, tag line, and hands-off positioning was not verified. No serious injury occurred, but severe harm was credible. Work stopped, the control was restored, and the event was recorded. Demo sequence 0031 was logged.",synthetic_judge_demo_v0_1
DEMO500-0032,2026-08-17,Cedar Ridge Station,Drilling,Near Miss,"At Cedar Ridge Station in the pipe rack laydown area, the driver prepared drilling during the post-task check stage. The equipment was pipe spool and temporary lifting frame. A suspended load fell and struck a worker. a rigger stood in the line of fire beside the load path. The expected exclusion zone, tag line, and hands-off positioning was not verified. A secondary check also covered this area, and a small hand tool was moved outside the marked boundary before work stopped. No serious injury occurred, but severe harm was credible. Work stopped, the control was restored, and the event was recorded. Demo sequence 0032 was logged.",synthetic_judge_demo_v0_1
DEMO500-0033,2026-08-06,Blue Mesa Yard,Valve Maintenance,Incident,"At Blue Mesa Yard in the pipe rack laydown area, the driver prepared valve maintenance during the post-task check stage. The equipment was pipe spool and temporary lifting frame. A suspended load fell and struck a worker. a rigger stood in the line of fire beside the load path. The expected exclusion zone, tag line, and hands-off positioning was not verified. No serious injury occurred, but severe harm was credible. Work stopped, the control was restored, and the event was recorded. Demo sequence 0033 was logged.",synthetic_judge_demo_v0_1
DEMO500-0034,2026-07-30,Delta Point Facility,Inspection,Incident,"At Delta Point Facility in the pipe rack laydown area, the driver prepared inspection during the post-task check stage. The equipment was pipe spool and temporary lifting frame. A suspended load fell and struck a worker. a rigger stood in the line of fire beside the load path. The expected exclusion zone, tag line, and hands-off positioning was not verified. No serious injury occurred, but severe harm was credible. Work stopped, the control was restored, and the event was recorded. Demo sequence 0034 was logged.",synthetic_judge_demo_v0_1
DEMO500-0035,2026-08-12,Frostline Depot,Hot Work,Near Miss,"At Frostline Depot in the pipe rack laydown area, the driver prepared hot work during the pre-job setup stage. The equipment was pipe spool and temporary lifting frame. A suspended load fell and struck a worker. a rigger stood in the line of fire beside the load path. The expected exclusion zone, tag line, and hands-off positioning was not verified. No serious injury occurred, but severe harm was credible. Work stopped, the control was restored, and the event was recorded. Demo sequence 0035 was logged.",synthetic_judge_demo_v0_1
DEMO500-0036,2026-08-21,Blue Mesa Yard,Hot Work,Unsafe Condition,"At Blue Mesa Yard in the pipe rack laydown area, the rigger prepared hot work during the task execution stage. The equipment was pipe spool and temporary lifting frame. A suspended load fell and struck a worker. a rigger stood in the line of fire beside the load path. The expected exclusion zone, tag line, and hands-off positioning was not verified. A secondary check also covered this area, and a small hand tool was moved outside the marked boundary before work stopped. No serious injury occurred, but severe harm was credible. Work stopped, the control was restored, and the event was recorded. Demo sequence 0036 was logged.",synthetic_judge_demo_v0_1
DEMO500-0037,2026-08-28,Echo Valley Works,Hot Work,Unsafe Condition,"At Echo Valley Works in the pipe rack laydown area, the supervisor prepared hot work during the pre-job setup stage. The equipment was pipe spool and temporary lifting frame. A suspended load fell and struck a worker. a rigger stood in the line of fire beside the load path. The expected exclusion zone, tag line, and hands-off positioning was not verified. No serious injury occurred, but severe harm was credible. Work stopped, the control was restored, and the event was recorded. Demo sequence 0037 was logged.",synthetic_judge_demo_v0_1
DEMO500-0038,2026-08-31,Cedar Ridge Station,Mechanical Lifting,Unsafe Condition,"At Cedar Ridge Station in the pipe rack laydown area, the rigger prepared mechanical lifting during the post-task check stage. The equipment was pipe spool and temporary lifting frame. A suspended load fell and struck a worker. a rigger stood in the line of fire beside the load path. The expected exclusion zone, tag line, and hands-off positioning was not verified. No serious injury occurred, but severe harm was credible. Work stopped, the control was restored, and the event was recorded. Demo sequence 0038 was logged.",synthetic_judge_demo_v0_1
DEMO500-0039,2026-07-28,Echo Valley Works,Drilling,Unsafe Act,"At Echo Valley Works in the pipe rack laydown area, the inspector prepared drilling during the task execution stage. The equipment was pipe spool and temporary lifting frame. A suspended load fell and struck a worker. a rigger stood in the line of fire beside the load path. The expected exclusion zone, tag line, and hands-off positioning was not verified. No serious injury occurred, but severe harm was credible. Work stopped, the control was restored, and the event was recorded. Demo sequence 0039 was logged.",synthetic_judge_demo_v0_1
DEMO500-0040,2026-07-29,Frostline Depot,Mechanical Lifting,Unsafe Condition,"At Frostline Depot in the pipe rack laydown area, the rigger prepared mechanical lifting during the task execution stage. The equipment was pipe spool and temporary lifting frame. A suspended load fell and struck a worker. a rigger stood in the line of fire beside the load path. The expected exclusion zone, tag line, and hands-off positioning was not verified. A secondary check also covered this area, and a small hand tool was moved outside the marked boundary before work stopped. No serious injury occurred, but severe harm was credible. Work stopped, the control was restored, and the event was recorded. Demo sequence 0040 was logged.",synthetic_judge_demo_v0_1
DEMO500-0041,2026-09-08,Blue Mesa Yard,Mechanical Lifting,Unsafe Condition,"At Blue Mesa Yard in the lifting pad, the inspector prepared mechanical lifting during the equipment positioning stage. The equipment was crane, sling, and suspended load. The crane, hoist, and rigging failed while the load was lifted. A suspended load fell and struck a worker. the rigger was under or beside the suspended load. The expected lift plan, inspected rigging, and exclusion zone was not verified. No serious injury occurred, but severe harm was credible. Work stopped, the control was restored, and the event was recorded. Demo sequence 0041 was logged.",synthetic_judge_demo_v0_1
DEMO500-0042,2026-08-25,Aurora Basin,Valve Maintenance,Near Miss,"At Aurora Basin in the lifting pad, the technician prepared valve maintenance during the equipment positioning stage. The equipment was crane, sling, and suspended load. The crane, hoist, and rigging failed while the load was lifted. A suspended load fell and struck a worker. the rigger was under or beside the suspended load. The expected lift plan, inspected rigging, and exclusion zone was not verified. No serious injury occurred, but severe harm was credible. Work stopped, the control was restored, and the event was recorded. Demo sequence 0042 was logged. The crane, hoist, and rigging failed while the load was lifted. Demo sequence 0042 was logged.",synthetic_judge_demo_v0_1
DEMO500-0043,2026-08-28,Cedar Ridge Station,Driving,Unsafe Condition,"At Cedar Ridge Station in the lifting pad, the inspector prepared driving during the equipment positioning stage. The equipment was crane, sling, and suspended load. The crane, hoist, and rigging failed while the load was lifted. A suspended load fell and struck a worker. the rigger was under or beside the suspended load. The expected lift plan, inspected rigging, and exclusion zone was not verified. No serious injury occurred, but severe harm was credible. Work stopped, the control was restored, and the event was recorded. Demo sequence 0043 was logged. The crane, hoist, and rigging failed while the load was lifted. Demo sequence 0043 was logged.",synthetic_judge_demo_v0_1
DEMO500-0044,2026-09-10,Delta Point Facility,Drilling,Unsafe Condition,"At Delta Point Facility in the lifting pad, the driver prepared drilling during the pre-job setup stage. The equipment was crane, sling, and suspended load. The crane, hoist, and rigging failed while the load was lifted. A suspended load fell and struck a worker. the rigger was under or beside the suspended load. The expected lift plan, inspected rigging, and exclusion zone was not verified. A secondary check also covered this area, and the tag line was repositioned before the next lift before work stopped. No serious injury occurred, but severe harm was credible. Work stopped, the control was restored, and the event was recorded. Demo sequence 0044 was logged. The crane, hoist, and rigging failed while the load was lifted. Demo sequence 0044 was logged.",synthetic_judge_demo_v0_1
DEMO500-0045,2026-09-10,Aurora Basin,Mechanical Lifting,Unsafe Act,"At Aurora Basin in the lifting pad, the technician prepared mechanical lifting during the equipment positioning stage. The equipment was crane, sling, and suspended load. The crane, hoist, and rigging failed while the load was lifted. A suspended load fell and struck a worker. the rigger was under or beside the suspended load. The expected lift plan, inspected rigging, and exclusion zone was not verified. No serious injury occurred, but severe harm was credible. Work stopped, the control was restored, and the event was recorded. Demo sequence 0045 was logged.",synthetic_judge_demo_v0_1
DEMO500-0046,2026-08-03,Blue Mesa Yard,Mechanical Lifting,Unsafe Act,"At Blue Mesa Yard in the lifting pad, the inspector prepared mechanical lifting during the equipment positioning stage. The equipment was crane, sling, and suspended load. The crane, hoist, and rigging failed while the load was lifted. A suspended load fell and struck a worker. the rigger was under or beside the suspended load. The expected lift plan, inspected rigging, and exclusion zone was not verified. No serious injury occurred, but severe harm was credible. Work stopped, the control was restored, and the event was recorded. Demo sequence 0046 was logged.",synthetic_judge_demo_v0_1
DEMO500-0047,2026-09-11,Aurora Basin,Valve Maintenance,Unsafe Act,"At Aurora Basin in the lifting pad, the driver prepared valve maintenance during the pre-job setup stage. The equipment was crane, sling, and suspended load. The crane, hoist, and rigging failed while the load was lifted. A suspended load fell and struck a worker. the rigger was under or beside the suspended load. The expected lift plan, inspected rigging, and exclusion zone was not verified. No serious injury occurred, but severe harm was credible. Work stopped, the control was restored, and the event was recorded. Demo sequence 0047 was logged. The crane, hoist, and rigging failed while the load was lifted. Demo sequence 0047 was logged.",synthetic_judge_demo_v0_1
DEMO500-0048,2026-08-04,Cedar Ridge Station,Drilling,Unsafe Condition,"At Cedar Ridge Station in the lifting pad, the inspector prepared drilling during the task execution stage. The equipment was crane, sling, and suspended load. The crane, hoist, and rigging failed while the load was lifted. A suspended load fell and struck a worker. the rigger was under or beside the suspended load. The expected lift plan, inspected rigging, and exclusion zone was not verified. A secondary check also covered this area, and the tag line was repositioned before the next lift before work stopped. No serious injury occurred, but severe harm was credible. Work stopped, the control was restored, and the event was recorded. Demo sequence 0048 was logged. The crane, hoist, and rigging failed while the load was lifted. Demo sequence 0048 was logged.",synthetic_judge_demo_v0_1
DEMO500-0049,2026-08-27,Cedar Ridge Station,Valve Maintenance,Unsafe Act,"At Cedar Ridge Station in the lifting pad, the technician prepared valve maintenance during the equipment positioning stage. The equipment was crane, sling, and suspended load. The crane, hoist, and rigging failed while the load was lifted. A suspended load fell and struck a worker. the rigger was under or beside the suspended load. The expected lift plan, inspected rigging, and exclusion zone was not verified. No serious injury occurred, but severe harm was credible. Work stopped, the control was restored, and the event was recorded. Demo sequence 0049 was logged. The crane, hoist, and rigging failed while the load was lifted. Demo sequence 0049 was logged.",synthetic_judge_demo_v0_1
DEMO500-0050,2026-09-08,Cedar Ridge Station,Pressure Testing,Near Miss,"At Cedar Ridge Station in the lifting pad, the operator prepared pressure testing during the equipment positioning stage. The equipment was crane, sling, and suspended load. The crane, hoist, and rigging failed while the load was lifted. A suspended load fell and struck a worker. the rigger was under or beside the suspended load. The expected lift plan, inspected rigging, and exclusion zone was not verified. No serious injury occurred, but severe harm was credible. Work stopped, the control was restored, and the event was recorded. Demo sequence 0050 was logged. The crane, hoist, and rigging failed while the load was lifted. Demo sequence 0050 was logged.",synthetic_judge_demo_v0_1
DEMO500-0051,2026-07-20,Frostline Depot,Drilling,Near Miss,"At Frostline Depot in the maintenance platform, the supervisor prepared drilling during the pre-job setup stage. The equipment was access ladder, scaffold, and fall-protection lanyard. The worker was working at height without fall protection, harness, or lanyard. the worker was positioned at height above the lower deck. The expected guardrail, harness, lanyard, and tie-off point was not verified. No serious injury occurred, but severe harm was credible. Work stopped, the control was restored, and the event was recorded. Demo sequence 0051 was logged.",synthetic_judge_demo_v0_1
DEMO500-0052,2026-08-26,Aurora Basin,Electrical Maintenance,Near Miss,"At Aurora Basin in the maintenance platform, the driver prepared electrical maintenance during the pre-job setup stage. The equipment was access ladder, scaffold, and fall-protection lanyard. The worker was working at height without fall protection, harness, or lanyard. the worker was positioned at height above the lower deck. The expected guardrail, harness, lanyard, and tie-off point was not verified. A secondary check also covered this area, and a hand tool was lowered to the ground before access resumed before work stopped. No serious injury occurred, but severe harm was credible. Work stopped, the control was restored, and the event was recorded. Demo sequence 0052 was logged.",synthetic_judge_demo_v0_1
DEMO500-0053,2026-09-03,Delta Point Facility,Valve Maintenance,Unsafe Condition,"At Delta Point Facility in the maintenance platform, the operator prepared valve maintenance during the isolation check stage. The equipment was access ladder, scaffold, and fall-protection lanyard. The worker was working at height without fall protection, harness, or lanyard. the worker was positioned at height above the lower deck. The expected guardrail, harness, lanyard, and tie-off point was not verified. No serious injury occurred, but severe harm was credible. Work stopped, the control was restored, and the event was recorded. Demo sequence 0053 was logged.",synthetic_judge_demo_v0_1
DEMO500-0054,2026-09-09,Aurora Basin,Pressure Testing,Incident,"At Aurora Basin in the maintenance platform, the driver prepared pressure testing during the pre-job setup stage. The equipment was access ladder, scaffold, and fall-protection lanyard. The worker was working at height without fall protection, harness, or lanyard. the worker was positioned at height above the lower deck. The expected guardrail, harness, lanyard, and tie-off point was not verified. No serious injury occurred, but severe harm was credible. Work stopped, the control was restored, and the event was recorded. Demo sequence 0054 was logged.",synthetic_judge_demo_v0_1
DEMO500-0055,2026-09-10,Echo Valley Works,Driving,Incident,"At Echo Valley Works in the maintenance platform, the rigger prepared driving during the task execution stage. The equipment was access ladder, scaffold, and fall-protection lanyard. The worker was working at height without fall protection, harness, or lanyard. the worker was positioned at height above the lower deck. The expected guardrail, harness, lanyard, and tie-off point was not verified. No serious injury occurred, but severe harm was credible. Work stopped, the control was restored, and the event was recorded. Demo sequence 0055 was logged.",synthetic_judge_demo_v0_1
DEMO500-0056,2026-09-08,Aurora Basin,Mechanical Lifting,Near Miss,"At Aurora Basin in the maintenance platform, the driver prepared mechanical lifting during the pre-job setup stage. The equipment was access ladder, scaffold, and fall-protection lanyard. The worker was working at height without fall protection, harness, or lanyard. the worker was positioned at height above the lower deck. The expected guardrail, harness, lanyard, and tie-off point was not verified. A secondary check also covered this area, and a hand tool was lowered to the ground before access resumed before work stopped. No serious injury occurred, but severe harm was credible. Work stopped, the control was restored, and the event was recorded. Demo sequence 0056 was logged.",synthetic_judge_demo_v0_1
DEMO500-0057,2026-08-28,Aurora Basin,Driving,Incident,"At Aurora Basin in the maintenance platform, the operator prepared driving during the equipment positioning stage. The equipment was access ladder, scaffold, and fall-protection lanyard. The worker was working at height without fall protection, harness, or lanyard. the worker was positioned at height above the lower deck. The expected guardrail, harness, lanyard, and tie-off point was not verified. No serious injury occurred, but severe harm was credible. Work stopped, the control was restored, and the event was recorded. Demo sequence 0057 was logged.",synthetic_judge_demo_v0_1
DEMO500-0058,2026-09-09,Blue Mesa Yard,Driving,Near Miss,"At Blue Mesa Yard in the maintenance platform, the rigger prepared driving during the task execution stage. The equipment was access ladder, scaffold, and fall-protection lanyard. The worker was working at height without fall protection, harness, or lanyard. the worker was positioned at height above the lower deck. The expected guardrail, harness, lanyard, and tie-off point was not verified. No serious injury occurred, but severe harm was credible. Work stopped, the control was restored, and the event was recorded. Demo sequence 0058 was logged.",synthetic_judge_demo_v0_1
DEMO500-0059,2026-08-14,Cedar Ridge Station,Electrical Maintenance,Near Miss,"At Cedar Ridge Station in the maintenance platform, the operator prepared electrical maintenance during the equipment positioning stage. The equipment was access ladder, scaffold, and fall-protection lanyard. The worker was working at height without fall protection, harness, or lanyard. the worker was positioned at height above the lower deck. The expected guardrail, harness, lanyard, and tie-off point was not verified. No serious injury occurred, but severe harm was credible. Work stopped, the control was restored, and the event was recorded. Demo sequence 0059 was logged.",synthetic_judge_demo_v0_1
DEMO500-0060,2026-07-30,Cedar Ridge Station,Drilling,Near Miss,"At Cedar Ridge Station in the maintenance platform, the inspector prepared drilling during the equipment positioning stage. The equipment was access ladder, scaffold, and fall-protection lanyard. The worker was working at height without fall protection, harness, or lanyard. the worker was positioned at height above the lower deck. The expected guardrail, harness, lanyard, and tie-off point was not verified. A secondary check also covered this area, and a hand tool was lowered to the ground before access resumed before work stopped. No serious injury occurred, but severe harm was credible. Work stopped, the control was restored, and the event was recorded. Demo sequence 0060 was logged.",synthetic_judge_demo_v0_1
DEMO500-0061,2026-09-10,Blue Mesa Yard,Inspection,Incident,"At Blue Mesa Yard in the vessel entry station, the supervisor prepared inspection during the isolation check stage. The equipment was isolated vessel, gas monitor, and ventilation fan. The confined space entry began without a gas test, attendant, or rescue plan. the entrant was at the vessel opening with a possible toxic atmosphere. The expected entry permit, gas test, attendant, and rescue plan was not verified. No serious injury occurred, but severe harm was credible. Work stopped, the control was restored, and the event was recorded. Demo sequence 0061 was logged.",synthetic_judge_demo_v0_1
DEMO500-0062,2026-08-06,Echo Valley Works,Driving,Near Miss,"At Echo Valley Works in the lifting pad, the driver prepared driving during the pre-job setup stage. The equipment was crane, sling, and suspended load. The crane, hoist, and rigging failed while the load was lifted. A suspended load fell and struck a worker. the rigger was under or beside the suspended load. The expected lift plan, inspected rigging, and exclusion zone was not verified. No serious injury occurred, but severe harm was credible. Work stopped, the control was restored, and the event was recorded. Demo sequence 0062 was logged. The crane, hoist, and rigging failed while the load was lifted. Demo sequence 0062 was logged.",synthetic_judge_demo_v0_1
DEMO500-0063,2026-08-10,Cedar Ridge Station,Electrical Maintenance,Unsafe Act,"At Cedar Ridge Station in the tie-in work front, the inspector prepared electrical maintenance during the task execution stage. The equipment was work package, permit board, and process line. Work began without a valid permit after the authorization changed. the technician was at the work front while conditions were not authorized. The expected valid permit, scope check, and authorization handover was not verified. No serious injury occurred, but severe harm was credible. Work stopped, the control was restored, and the event was recorded. Demo sequence 0063 was logged.",synthetic_judge_demo_v0_1
DEMO500-0064,2026-07-29,Echo Valley Works,Driving,Near Miss,"At Echo Valley Works in the workshop aisle, the rigger prepared driving during the post-task check stage. The equipment was hand tool, bench, and disconnected source. A routine task continued after a minor control deviation was observed. a worker walked close to the obstruction. The expected housekeeping, ordinary footing, and task check was not verified. A secondary check also covered this area, and a loose label was replaced on a stored tool before work stopped. No serious injury occurred, but severe harm was credible. Work stopped, the control was restored, and the event was recorded. Demo sequence 0064 was logged.",synthetic_judge_demo_v0_1
DEMO500-0065,2026-08-10,Delta Point Facility,Pressure Testing,Incident,"At Delta Point Facility in the pipe rack laydown area, the supervisor prepared pressure testing during the pre-job setup stage. The equipment was pipe spool and temporary lifting frame. A suspended load fell and struck a worker. a rigger stood in the line of fire beside the load path. The expected exclusion zone, tag line, and hands-off positioning was not verified. No serious injury occurred, but severe harm was credible. Work stopped, the control was restored, and the event was recorded. Demo sequence 0065 was logged.",synthetic_judge_demo_v0_1
DEMO500-0066,2026-07-20,Echo Valley Works,Electrical Maintenance,Near Miss,"At Echo Valley Works in the fabrication bay, the inspector prepared electrical maintenance during the task execution stage. The equipment was welding torch, gas cylinder, and nearby vapour source. Welding started near flammable gas before the ignition source was controlled. the welder was beside the potential fire and explosion path. The expected permit, gas test, fire watch, and ignition-source control was not verified. No serious injury occurred, but severe harm was credible. Work stopped, the control was restored, and the event was recorded. Demo sequence 0066 was logged.",synthetic_judge_demo_v0_1
DEMO500-0067,2026-07-29,Cedar Ridge Station,Inspection,Incident,"At Cedar Ridge Station in the workshop aisle, the supervisor prepared inspection during the isolation check stage. The equipment was hand tool, bench, and disconnected source. A routine task continued after a minor control deviation was observed. a worker walked close to the obstruction. The expected housekeeping, ordinary footing, and task check was not verified. No serious injury occurred, but severe harm was credible. Work stopped, the control was restored, and the event was recorded. Demo sequence 0067 was logged.",synthetic_judge_demo_v0_1
DEMO500-0068,2026-08-13,Frostline Depot,Driving,Unsafe Condition,"At Frostline Depot in the pipe rack laydown area, the technician prepared driving during the isolation check stage. The equipment was pipe spool and temporary lifting frame. A suspended load fell and struck a worker. a rigger stood in the line of fire beside the load path. The expected exclusion zone, tag line, and hands-off positioning was not verified. A secondary check also covered this area, and a small hand tool was moved outside the marked boundary before work stopped. No serious injury occurred, but severe harm was credible. Work stopped, the control was restored, and the event was recorded. Demo sequence 0068 was logged.",synthetic_judge_demo_v0_1
DEMO500-0069,2026-08-17,Blue Mesa Yard,Driving,Unsafe Condition,"At Blue Mesa Yard in the workshop aisle, the technician prepared driving during the pre-job setup stage. The equipment was hand tool, bench, and disconnected source. A routine task continued after a minor control deviation was observed. a worker walked close to the obstruction. The expected housekeeping, ordinary footing, and task check was not verified. No serious injury occurred, but severe harm was credible. Work stopped, the control was restored, and the event was recorded. Demo sequence 0069 was logged.",synthetic_judge_demo_v0_1
DEMO500-0070,2026-08-10,Frostline Depot,Mechanical Lifting,Unsafe Act,"At Frostline Depot in the fabrication bay, the operator prepared mechanical lifting during the equipment positioning stage. The equipment was welding torch, gas cylinder, and nearby vapour source. Welding started near flammable gas before the ignition source was controlled. the welder was beside the potential fire and explosion path. The expected permit, gas test, fire watch, and ignition-source control was not verified. No serious injury occurred, but severe harm was credible. Work stopped, the control was restored, and the event was recorded. Demo sequence 0070 was logged.",synthetic_judge_demo_v0_1
DEMO500-0071,2026-08-21,Delta Point Facility,Mechanical Lifting,Unsafe Act,"At Delta Point Facility in the fabrication bay, the technician prepared mechanical lifting during the pre-job setup stage. The equipment was welding torch, gas cylinder, and nearby vapour source. Welding started near flammable gas before the ignition source was controlled. the welder was beside the potential fire and explosion path. The expected permit, gas test, fire watch, and ignition-source control was not verified. No serious injury occurred, but severe harm was credible. Work stopped, the control was restored, and the event was recorded. Demo sequence 0071 was logged.",synthetic_judge_demo_v0_1
DEMO500-0072,2026-07-23,Cedar Ridge Station,Electrical Maintenance,Near Miss,"At Cedar Ridge Station in the valve gallery, the technician prepared electrical maintenance during the isolation check stage. The equipment was process valve and stored-pressure line. Stored pressure was not completely isolated. the technician stood in the pressure release path. The expected lockout, drain, and zero-energy verification was not verified. A secondary check also covered this area, and a pressure gauge was checked before the work boundary was reset before work stopped. No serious injury occurred, but severe harm was credible. Work stopped, the control was restored, and the event was recorded. Demo sequence 0072 was logged.",synthetic_judge_demo_v0_1
DEMO500-0073,2026-09-02,Aurora Basin,Driving,Unsafe Condition,"At Aurora Basin in the fabrication bay, the operator prepared driving during the equipment positioning stage. The equipment was welding torch, gas cylinder, and nearby vapour source. Welding started near flammable gas before the ignition source was controlled. the welder was beside the potential fire and explosion path. The expected permit, gas test, fire watch, and ignition-source control was not verified. No serious injury occurred, but severe harm was credible. Work stopped, the control was restored, and the event was recorded. Demo sequence 0073 was logged.",synthetic_judge_demo_v0_1
DEMO500-0074,2026-08-28,Aurora Basin,Driving,Unsafe Act,"At Aurora Basin in the lifting pad, the rigger prepared driving during the task execution stage. The equipment was crane, sling, and suspended load. The crane, hoist, and rigging failed while the load was lifted. A suspended load fell and struck a worker. the rigger was under or beside the suspended load. The expected lift plan, inspected rigging, and exclusion zone was not verified. No serious injury occurred, but severe harm was credible. Work stopped, the control was restored, and the event was recorded. Demo sequence 0074 was logged. The crane, hoist, and rigging failed while the load was lifted. Demo sequence 0074 was logged.",synthetic_judge_demo_v0_1
DEMO500-0075,2026-09-04,Blue Mesa Yard,Hot Work,Incident,"At Blue Mesa Yard in the internal access road, the driver prepared hot work during the pre-job setup stage. The equipment was light vehicle and reversing camera. The driver was distracted and the vehicle veered toward a pedestrian. A vehicle crash was narrowly avoided. a pedestrian was within the vehicle line of travel. The expected seatbelt, spotter, speed limit, and journey plan was not verified. No serious injury occurred, but severe harm was credible. Work stopped, the control was restored, and the event was recorded. Demo sequence 0075 was logged.",synthetic_judge_demo_v0_1
DEMO500-0076,2026-08-11,Aurora Basin,Mechanical Lifting,Unsafe Condition,"At Aurora Basin in the lifting pad, the inspector prepared mechanical lifting during the task execution stage. The equipment was crane, sling, and suspended load. The crane, hoist, and rigging failed while the load was lifted. A suspended load fell and struck a worker. the rigger was under or beside the suspended load. The expected lift plan, inspected rigging, and exclusion zone was not verified. A secondary check also covered this area, and the tag line was repositioned before the next lift before work stopped. No serious injury occurred, but severe harm was credible. Work stopped, the control was restored, and the event was recorded. Demo sequence 0076 was logged.",synthetic_judge_demo_v0_1
DEMO500-0077,2026-07-23,Frostline Depot,Mechanical Lifting,Unsafe Act,"At Frostline Depot in the workshop aisle, the rigger prepared mechanical lifting during the task execution stage. The equipment was hand tool, bench, and disconnected source. A routine task continued after a minor control deviation was observed. a worker walked close to the obstruction. The expected housekeeping, ordinary footing, and task check was not verified. No serious injury occurred, but severe harm was credible. Work stopped, the control was restored, and the event was recorded. Demo sequence 0077 was logged.",synthetic_judge_demo_v0_1
DEMO500-0078,2026-08-25,Cedar Ridge Station,Mechanical Lifting,Incident,"At Cedar Ridge Station in the valve gallery, the rigger prepared mechanical lifting during the post-task check stage. The equipment was process valve and stored-pressure line. Stored pressure was not completely isolated. the technician stood in the pressure release path. The expected lockout, drain, and zero-energy verification was not verified. No serious injury occurred, but severe harm was credible. Work stopped, the control was restored, and the event was recorded. Demo sequence 0078 was logged.",synthetic_judge_demo_v0_1
DEMO500-0079,2026-09-02,Delta Point Facility,Inspection,Unsafe Act,"At Delta Point Facility in the fabrication bay, the supervisor prepared inspection during the isolation check stage. The equipment was welding torch, gas cylinder, and nearby vapour source. Welding started near flammable gas before the ignition source was controlled. the welder was beside the potential fire and explosion path. The expected permit, gas test, fire watch, and ignition-source control was not verified. No serious injury occurred, but severe harm was credible. Work stopped, the control was restored, and the event was recorded. Demo sequence 0079 was logged.",synthetic_judge_demo_v0_1
DEMO500-0080,2026-09-03,Aurora Basin,Electrical Maintenance,Near Miss,"At Aurora Basin in the valve gallery, the rigger prepared electrical maintenance during the post-task check stage. The equipment was process valve and stored-pressure line. Stored pressure was not completely isolated. the technician stood in the pressure release path. The expected lockout, drain, and zero-energy verification was not verified. A secondary check also covered this area, and a pressure gauge was checked before the work boundary was reset before work stopped. No serious injury occurred, but severe harm was credible. Work stopped, the control was restored, and the event was recorded. Demo sequence 0080 was logged.",synthetic_judge_demo_v0_1
DEMO500-0081,2026-08-11,Echo Valley Works,Hot Work,Unsafe Condition,"At Echo Valley Works in the fabrication bay, the rigger prepared hot work during the task execution stage. The equipment was welding torch, gas cylinder, and nearby vapour source. Welding started near flammable gas before the ignition source was controlled. the welder was beside the potential fire and explosion path. The expected permit, gas test, fire watch, and ignition-source control was not verified. No serious injury occurred, but severe harm was credible. Work stopped, the control was restored, and the event was recorded. Demo sequence 0081 was logged.",synthetic_judge_demo_v0_1
DEMO500-0082,2026-07-20,Delta Point Facility,Mechanical Lifting,Incident,"At Delta Point Facility in the fabrication bay, the driver prepared mechanical lifting during the post-task check stage. The equipment was welding torch, gas cylinder, and nearby vapour source. Welding started near flammable gas before the ignition source was controlled. the welder was beside the potential fire and explosion path. The expected permit, gas test, fire watch, and ignition-source control was not verified. No serious injury occurred, but severe harm was credible. Work stopped, the control was restored, and the event was recorded. Demo sequence 0082 was logged.",synthetic_judge_demo_v0_1
DEMO500-0083,2026-09-01,Cedar Ridge Station,Driving,Unsafe Condition,"At Cedar Ridge Station in the workshop aisle, the operator prepared driving during the equipment positioning stage. The equipment was hand tool, bench, and disconnected source. A routine task continued after a minor control deviation was observed. a worker walked close to the obstruction. The expected housekeeping, ordinary footing, and task check was not verified. No serious injury occurred, but severe harm was credible. Work stopped, the control was restored, and the event was recorded. Demo sequence 0083 was logged.",synthetic_judge_demo_v0_1
DEMO500-0084,2026-08-21,Cedar Ridge Station,Drilling,Unsafe Condition,"At Cedar Ridge Station in the valve gallery, the driver prepared drilling during the post-task check stage. The equipment was process valve and stored-pressure line. Stored pressure was not completely isolated. the technician stood in the pressure release path. The expected lockout, drain, and zero-energy verification was not verified. A secondary check also covered this area, and a pressure gauge was checked before the work boundary was reset before work stopped. No serious injury occurred, but severe harm was credible. Work stopped, the control was restored, and the event was recorded. Demo sequence 0084 was logged.",synthetic_judge_demo_v0_1
DEMO500-0085,2026-08-17,Cedar Ridge Station,Valve Maintenance,Incident,"At Cedar Ridge Station in the workshop aisle, the supervisor prepared valve maintenance during the pre-job setup stage. The equipment was hand tool, bench, and disconnected source. A routine task continued after a minor control deviation was observed. a worker walked close to the obstruction. The expected housekeeping, ordinary footing, and task check was not verified. No serious injury occurred, but severe harm was credible. Work stopped, the control was restored, and the event was recorded. Demo sequence 0085 was logged.",synthetic_judge_demo_v0_1
DEMO500-0086,2026-08-11,Blue Mesa Yard,Inspection,Unsafe Condition,"At Blue Mesa Yard in the workshop aisle, the operator prepared inspection during the equipment positioning stage. The equipment was hand tool, bench, and disconnected source. A routine task continued after a minor control deviation was observed. a worker walked close to the obstruction. The expected housekeeping, ordinary footing, and task check was not verified. No serious injury occurred, but severe harm was credible. Work stopped, the control was restored, and the event was recorded. Demo sequence 0086 was logged.",synthetic_judge_demo_v0_1
DEMO500-0087,2026-08-18,Aurora Basin,Inspection,Unsafe Act,"At Aurora Basin in the test stand, the inspector prepared inspection during the equipment positioning stage. The equipment was guarded drive, interlock, and control panel. The guard interlock was bypassed and the safety control was disabled. the operator stood beside the moving-part zone. The expected guard, interlock, test procedure, and stop control was not verified. No serious injury occurred, but severe harm was credible. Work stopped, the control was restored, and the event was recorded. Demo sequence 0087 was logged.",synthetic_judge_demo_v0_1
DEMO500-0088,2026-08-03,Delta Point Facility,Driving,Near Miss,"At Delta Point Facility in the pipe rack laydown area, the rigger prepared driving during the post-task check stage. The equipment was pipe spool and temporary lifting frame. A suspended load fell and struck a worker. a rigger stood in the line of fire beside the load path. The expected exclusion zone, tag line, and hands-off positioning was not verified. A secondary check also covered this area, and a small hand tool was moved outside the marked boundary before work stopped. No serious injury occurred, but severe harm was credible. Work stopped, the control was restored, and the event was recorded. Demo sequence 0088 was logged.",synthetic_judge_demo_v0_1
DEMO500-0089,2026-08-05,Blue Mesa Yard,Pressure Testing,Unsafe Act,"At Blue Mesa Yard in the internal access road, the driver prepared pressure testing during the pre-job setup stage. The equipment was light vehicle and reversing camera. The driver was distracted and the vehicle veered toward a pedestrian. A vehicle crash was narrowly avoided. a pedestrian was within the vehicle line of travel. The expected seatbelt, spotter, speed limit, and journey plan was not verified. No serious injury occurred, but severe harm was credible. Work stopped, the control was restored, and the event was recorded. Demo sequence 0089 was logged. The vehicle was speeding and the driver lost control. Demo sequence 0089 was logged.",synthetic_judge_demo_v0_1
DEMO500-0090,2026-08-25,Aurora Basin,Valve Maintenance,Unsafe Condition,"At Aurora Basin in the test stand, the inspector prepared valve maintenance during the task execution stage. The equipment was guarded drive, interlock, and control panel. The guard interlock was bypassed and the safety control was disabled. the operator stood beside the moving-part zone. The expected guard, interlock, test procedure, and stop control was not verified. No serious injury occurred, but severe harm was credible. Work stopped, the control was restored, and the event was recorded. Demo sequence 0090 was logged.",synthetic_judge_demo_v0_1
DEMO500-0091,2026-09-09,Frostline Depot,Valve Maintenance,Near Miss,"At Frostline Depot in the valve gallery, the inspector prepared valve maintenance during the equipment positioning stage. The equipment was process valve and stored-pressure line. Stored pressure was not completely isolated. the technician stood in the pressure release path. The expected lockout, drain, and zero-energy verification was not verified. No serious injury occurred, but severe harm was credible. Work stopped, the control was restored, and the event was recorded. The task status, work boundary, equipment condition, and immediate response were entered in the synthetic shift log for a complete demonstration record. Demo sequence 0091 was logged.",synthetic_judge_demo_v0_1
DEMO500-0092,2026-07-21,Echo Valley Works,Drilling,Incident,"At Echo Valley Works in the workshop aisle, the supervisor prepared drilling during the isolation check stage. The equipment was hand tool, bench, and disconnected source. A routine task continued after a minor control deviation was observed. a worker walked close to the obstruction. The expected housekeeping, ordinary footing, and task check was not verified. A secondary check also covered this area, and a loose label was replaced on a stored tool before work stopped. No serious injury occurred, but severe harm was credible. Work stopped, the control was restored, and the event was recorded. Demo sequence 0092 was logged.",synthetic_judge_demo_v0_1
DEMO500-0093,2026-09-01,Frostline Depot,Valve Maintenance,Incident,"At Frostline Depot in the vessel entry station, the rigger prepared valve maintenance during the task execution stage. The equipment was isolated vessel, gas monitor, and ventilation fan. The confined space entry began without a gas test, attendant, or rescue plan. the entrant was at the vessel opening with a possible toxic atmosphere. The expected entry permit, gas test, attendant, and rescue plan was not verified. No serious injury occurred, but severe harm was credible. Work stopped, the control was restored, and the event was recorded. Demo sequence 0093 was logged.",synthetic_judge_demo_v0_1
DEMO500-0094,2026-07-28,Delta Point Facility,Inspection,Near Miss,"At Delta Point Facility in the fabrication bay, the driver prepared inspection during the post-task check stage. The equipment was welding torch, gas cylinder, and nearby vapour source. Welding started near flammable gas before the ignition source was controlled. the welder was beside the potential fire and explosion path. The expected permit, gas test, fire watch, and ignition-source control was not verified. No serious injury occurred, but severe harm was credible. Work stopped, the control was restored, and the event was recorded. Demo sequence 0094 was logged.",synthetic_judge_demo_v0_1
DEMO500-0095,2026-08-26,Echo Valley Works,Valve Maintenance,Near Miss,"At Echo Valley Works in the lifting pad, the driver prepared valve maintenance during the pre-job setup stage. The equipment was crane, sling, and suspended load. The crane, hoist, and rigging failed while the load was lifted. A suspended load fell and struck a worker. the rigger was under or beside the suspended load. The expected lift plan, inspected rigging, and exclusion zone was not verified. No serious injury occurred, but severe harm was credible. Work stopped, the control was restored, and the event was recorded. Demo sequence 0095 was logged. The crane, hoist, and rigging failed while the load was lifted. Demo sequence 0095 was logged.",synthetic_judge_demo_v0_1
DEMO500-0096,2026-08-12,Cedar Ridge Station,Pressure Testing,Near Miss,"At Cedar Ridge Station in the workshop aisle, the inspector prepared pressure testing during the equipment positioning stage. The equipment was hand tool, bench, and disconnected source. A routine task continued after a minor control deviation was observed. a worker walked close to the obstruction. The expected housekeeping, ordinary footing, and task check was not verified. A secondary check also covered this area, and a loose label was replaced on a stored tool before work stopped. No serious injury occurred, but severe harm was credible. Work stopped, the control was restored, and the event was recorded. Demo sequence 0096 was logged.",synthetic_judge_demo_v0_1
DEMO500-0097,2026-07-31,Frostline Depot,Valve Maintenance,Unsafe Condition,"At Frostline Depot in the test stand, the operator prepared valve maintenance during the isolation check stage. The equipment was guarded drive, interlock, and control panel. The guard interlock was bypassed and the safety control was disabled. the operator stood beside the moving-part zone. The expected guard, interlock, test procedure, and stop control was not verified. No serious injury occurred, but severe harm was credible. Work stopped, the control was restored, and the event was recorded. Demo sequence 0097 was logged.",synthetic_judge_demo_v0_1
DEMO500-0098,2026-08-04,Echo Valley Works,Driving,Unsafe Condition,"At Echo Valley Works in the valve gallery, the operator prepared driving during the equipment positioning stage. The equipment was process valve and stored-pressure line. Stored pressure was not completely isolated. the technician stood in the pressure release path. The expected lockout, drain, and zero-energy verification was not verified. No serious injury occurred, but severe harm was credible. Work stopped, the control was restored, and the event was recorded. The task status, work boundary, equipment condition, and immediate response were entered in the synthetic shift log for a complete demonstration record. Demo sequence 0098 was logged.",synthetic_judge_demo_v0_1
DEMO500-0099,2026-08-14,Blue Mesa Yard,Electrical Maintenance,Unsafe Condition,"At Blue Mesa Yard in the vessel entry station, the supervisor prepared electrical maintenance during the pre-job setup stage. The equipment was isolated vessel, gas monitor, and ventilation fan. The confined space entry began without a gas test, attendant, or rescue plan. the entrant was at the vessel opening with a possible toxic atmosphere. The expected entry permit, gas test, attendant, and rescue plan was not verified. No serious injury occurred, but severe harm was credible. Work stopped, the control was restored, and the event was recorded. Demo sequence 0099 was logged.",synthetic_judge_demo_v0_1
DEMO500-0100,2026-07-21,Frostline Depot,Pressure Testing,Incident,"At Frostline Depot in the valve gallery, the operator prepared pressure testing during the equipment positioning stage. The equipment was process valve and stored-pressure line. Stored pressure was not completely isolated. the technician stood in the pressure release path. The expected lockout, drain, and zero-energy verification was not verified. A secondary check also covered this area, and a pressure gauge was checked before the work boundary was reset before work stopped. No serious injury occurred, but severe harm was credible. Work stopped, the control was restored, and the event was recorded. Demo sequence 0100 was logged.",synthetic_judge_demo_v0_1
DEMO500-0101,2026-08-06,Cedar Ridge Station,Hot Work,Unsafe Act,"At Cedar Ridge Station in the internal access road, the driver prepared hot work during the post-task check stage. The equipment was light vehicle and reversing camera. The driver was distracted and the vehicle veered toward a pedestrian. A vehicle crash was narrowly avoided. a pedestrian was within the vehicle line of travel. The expected seatbelt, spotter, speed limit, and journey plan was not verified. No serious injury occurred, but severe harm was credible. Work stopped, the control was restored, and the event was recorded. Demo sequence 0101 was logged. The vehicle was speeding and the driver lost control. Demo sequence 0101 was logged.",synthetic_judge_demo_v0_1
DEMO500-0102,2026-08-14,Delta Point Facility,Mechanical Lifting,Unsafe Condition,"At Delta Point Facility in the lifting pad, the driver prepared mechanical lifting during the pre-job setup stage. The equipment was crane, sling, and suspended load. The crane, hoist, and rigging failed while the load was lifted. A suspended load fell and struck a worker. the rigger was under or beside the suspended load. The expected lift plan, inspected rigging, and exclusion zone was not verified. No serious injury occurred, but severe harm was credible. Work stopped, the control was restored, and the event was recorded. Demo sequence 0102 was logged.",synthetic_judge_demo_v0_1
DEMO500-0103,2026-09-10,Delta Point Facility,Drilling,Incident,"At Delta Point Facility in the valve gallery, the technician prepared drilling during the pre-job setup stage. The equipment was process valve and stored-pressure line. Stored pressure was not completely isolated. the technician stood in the pressure release path. The expected lockout, drain, and zero-energy verification was not verified. No serious injury occurred, but severe harm was credible. Work stopped, the control was restored, and the event was recorded. The task status, work boundary, equipment condition, and immediate response were entered in the synthetic shift log for a complete demonstration record. Demo sequence 0103 was logged.",synthetic_judge_demo_v0_1
DEMO500-0104,2026-09-07,Aurora Basin,Mechanical Lifting,Unsafe Condition,"At Aurora Basin in the valve gallery, the technician prepared mechanical lifting during the pre-job setup stage. The equipment was process valve and stored-pressure line. Stored pressure was not completely isolated. the technician stood in the pressure release path. The expected lockout, drain, and zero-energy verification was not verified. A secondary check also covered this area, and a pressure gauge was checked before the work boundary was reset before work stopped. No serious injury occurred, but severe harm was credible. Work stopped, the control was restored, and the event was recorded. Demo sequence 0104 was logged.",synthetic_judge_demo_v0_1
DEMO500-0105,2026-08-27,Aurora Basin,Electrical Maintenance,Unsafe Act,"At Aurora Basin in the pipe rack laydown area, the operator prepared electrical maintenance during the equipment positioning stage. The equipment was pipe spool and temporary lifting frame. A suspended load fell and struck a worker. a rigger stood in the line of fire beside the load path. The expected exclusion zone, tag line, and hands-off positioning was not verified. No serious injury occurred, but severe harm was credible. Work stopped, the control was restored, and the event was recorded. Demo sequence 0105 was logged.",synthetic_judge_demo_v0_1
DEMO500-0106,2026-09-03,Blue Mesa Yard,Valve Maintenance,Near Miss,"At Blue Mesa Yard in the tie-in work front, the driver prepared valve maintenance during the post-task check stage. The equipment was work package, permit board, and process line. Work began without a valid permit after the authorization changed. the technician was at the work front while conditions were not authorized. The expected valid permit, scope check, and authorization handover was not verified. No serious injury occurred, but severe harm was credible. Work stopped, the control was restored, and the event was recorded. Demo sequence 0106 was logged.",synthetic_judge_demo_v0_1
DEMO500-0107,2026-08-05,Frostline Depot,Drilling,Incident,"At Frostline Depot in the valve gallery, the technician prepared drilling during the isolation check stage. The equipment was process valve and stored-pressure line. Stored pressure was not completely isolated. the technician stood in the pressure release path. The expected lockout, drain, and zero-energy verification was not verified. No serious injury occurred, but severe harm was credible. Work stopped, the control was restored, and the event was recorded. The task status, work boundary, equipment condition, and immediate response were entered in the synthetic shift log for a complete demonstration record. Demo sequence 0107 was logged.",synthetic_judge_demo_v0_1
DEMO500-0108,2026-08-26,Aurora Basin,Hot Work,Near Miss,"At Aurora Basin in the workshop aisle, the technician prepared hot work during the pre-job setup stage. The equipment was hand tool, bench, and disconnected source. A routine task continued after a minor control deviation was observed. a worker walked close to the obstruction. The expected housekeeping, ordinary footing, and task check was not verified. A secondary check also covered this area, and a loose label was replaced on a stored tool before work stopped. No serious injury occurred, but severe harm was credible. Work stopped, the control was restored, and the event was recorded. Demo sequence 0108 was logged.",synthetic_judge_demo_v0_1
DEMO500-0109,2026-09-09,Aurora Basin,Mechanical Lifting,Near Miss,"At Aurora Basin in the internal access road, the driver prepared mechanical lifting during the pre-job setup stage. The equipment was light vehicle and reversing camera. The driver was distracted and the vehicle veered toward a pedestrian. A vehicle crash was narrowly avoided. a pedestrian was within the vehicle line of travel. The expected seatbelt, spotter, speed limit, and journey plan was not verified. No serious injury occurred, but severe harm was credible. Work stopped, the control was restored, and the event was recorded. Demo sequence 0109 was logged. The vehicle was speeding and the driver lost control. Demo sequence 0109 was logged.",synthetic_judge_demo_v0_1
DEMO500-0110,2026-08-06,Echo Valley Works,Hot Work,Unsafe Condition,"At Echo Valley Works in the internal access road, the driver prepared hot work during the pre-job setup stage. The equipment was light vehicle and reversing camera. The driver was distracted and the vehicle veered toward a pedestrian. A vehicle crash was narrowly avoided. a pedestrian was within the vehicle line of travel. The expected seatbelt, spotter, speed limit, and journey plan was not verified. No serious injury occurred, but severe harm was credible. Work stopped, the control was restored, and the event was recorded. Demo sequence 0110 was logged. The vehicle was speeding and the driver lost control. Demo sequence 0110 was logged.",synthetic_judge_demo_v0_1
DEMO500-0111,2026-07-24,Delta Point Facility,Drilling,Near Miss,"At Delta Point Facility in the maintenance platform, the driver prepared drilling during the post-task check stage. The equipment was access ladder, scaffold, and fall-protection lanyard. The worker was working at height without fall protection, harness, or lanyard. the worker was positioned at height above the lower deck. The expected guardrail, harness, lanyard, and tie-off point was not verified. No serious injury occurred, but severe harm was credible. Work stopped, the control was restored, and the event was recorded. Demo sequence 0111 was logged.",synthetic_judge_demo_v0_1
DEMO500-0112,2026-08-18,Frostline Depot,Valve Maintenance,Near Miss,"At Frostline Depot in the pipe rack laydown area, the inspector prepared valve maintenance during the task execution stage. The equipment was pipe spool and temporary lifting frame. A suspended load fell and struck a worker. a rigger stood in the line of fire beside the load path. The expected exclusion zone, tag line, and hands-off positioning was not verified. A secondary check also covered this area, and a small hand tool was moved outside the marked boundary before work stopped. No serious injury occurred, but severe harm was credible. Work stopped, the control was restored, and the event was recorded. Demo sequence 0112 was logged.",synthetic_judge_demo_v0_1
DEMO500-0113,2026-08-25,Echo Valley Works,Valve Maintenance,Unsafe Act,"At Echo Valley Works in the valve gallery, the driver prepared valve maintenance during the post-task check stage. The equipment was process valve and stored-pressure line. Stored pressure was not completely isolated. the technician stood in the pressure release path. The expected lockout, drain, and zero-energy verification was not verified. No serious injury occurred, but severe harm was credible. Work stopped, the control was restored, and the event was recorded. Demo sequence 0113 was logged.",synthetic_judge_demo_v0_1
DEMO500-0114,2026-09-11,Echo Valley Works,Hot Work,Unsafe Condition,"At Echo Valley Works in the lifting pad, the technician prepared hot work during the isolation check stage. The equipment was crane, sling, and suspended load. The crane, hoist, and rigging failed while the load was lifted. A suspended load fell and struck a worker. the rigger was under or beside the suspended load. The expected lift plan, inspected rigging, and exclusion zone was not verified. No serious injury occurred, but severe harm was credible. Work stopped, the control was restored, and the event was recorded. Demo sequence 0114 was logged. The crane, hoist, and rigging failed while the load was lifted. Demo sequence 0114 was logged.",synthetic_judge_demo_v0_1
DEMO500-0115,2026-08-14,Aurora Basin,Pressure Testing,Unsafe Act,"At Aurora Basin in the lifting pad, the inspector prepared pressure testing during the equipment positioning stage. The equipment was crane, sling, and suspended load. The crane, hoist, and rigging failed while the load was lifted. A suspended load fell and struck a worker. the rigger was under or beside the suspended load. The expected lift plan, inspected rigging, and exclusion zone was not verified. No serious injury occurred, but severe harm was credible. Work stopped, the control was restored, and the event was recorded. Demo sequence 0115 was logged. The crane, hoist, and rigging failed while the load was lifted. Demo sequence 0115 was logged.",synthetic_judge_demo_v0_1
DEMO500-0116,2026-08-11,Frostline Depot,Mechanical Lifting,Unsafe Condition,"At Frostline Depot in the valve gallery, the inspector prepared mechanical lifting during the task execution stage. The equipment was process valve and stored-pressure line. Stored pressure was not completely isolated. the technician stood in the pressure release path. The expected lockout, drain, and zero-energy verification was not verified. A secondary check also covered this area, and a pressure gauge was checked before the work boundary was reset before work stopped. No serious injury occurred, but severe harm was credible. Work stopped, the control was restored, and the event was recorded. Demo sequence 0116 was logged.",synthetic_judge_demo_v0_1
DEMO500-0117,2026-08-06,Delta Point Facility,Pressure Testing,Unsafe Condition,"At Delta Point Facility in the test stand, the supervisor prepared pressure testing during the isolation check stage. The equipment was guarded drive, interlock, and control panel. The guard interlock was bypassed and the safety control was disabled. the operator stood beside the moving-part zone. The expected guard, interlock, test procedure, and stop control was not verified. No serious injury occurred, but severe harm was credible. Work stopped, the control was restored, and the event was recorded. Demo sequence 0117 was logged.",synthetic_judge_demo_v0_1
DEMO500-0118,2026-08-28,Frostline Depot,Valve Maintenance,Unsafe Condition,"At Frostline Depot in the workshop aisle, the rigger prepared valve maintenance during the task execution stage. The equipment was hand tool, bench, and disconnected source. A routine task continued after a minor control deviation was observed. a worker walked close to the obstruction. The expected housekeeping, ordinary footing, and task check was not verified. No serious injury occurred, but severe harm was credible. Work stopped, the control was restored, and the event was recorded. Demo sequence 0118 was logged.",synthetic_judge_demo_v0_1
DEMO500-0119,2026-08-17,Aurora Basin,Drilling,Unsafe Act,"At Aurora Basin in the workshop aisle, the operator prepared drilling during the equipment positioning stage. The equipment was hand tool, bench, and disconnected source. A routine task continued after a minor control deviation was observed. a worker walked close to the obstruction. The expected housekeeping, ordinary footing, and task check was not verified. No serious injury occurred, but severe harm was credible. Work stopped, the control was restored, and the event was recorded. Demo sequence 0119 was logged.",synthetic_judge_demo_v0_1
DEMO500-0120,2026-08-14,Echo Valley Works,Drilling,Unsafe Act,"At Echo Valley Works in the workshop aisle, the technician prepared drilling during the isolation check stage. The equipment was hand tool, bench, and disconnected source. A routine task continued after a minor control deviation was observed. a worker walked close to the obstruction. The expected housekeeping, ordinary footing, and task check was not verified. A secondary check also covered this area, and a loose label was replaced on a stored tool before work stopped. No serious injury occurred, but severe harm was credible. Work stopped, the control was restored, and the event was recorded. Demo sequence 0120 was logged.",synthetic_judge_demo_v0_1
DEMO500-0121,2026-07-21,Aurora Basin,Valve Maintenance,Incident,"At Aurora Basin in the valve gallery, the technician prepared valve maintenance during the pre-job setup stage. The equipment was process valve and stored-pressure line. Stored pressure was not completely isolated. the technician stood in the pressure release path. The expected lockout, drain, and zero-energy verification was not verified. No serious injury occurred, but severe harm was credible. Work stopped, the control was restored, and the event was recorded. The task status, work boundary, equipment condition, and immediate response were entered in the synthetic shift log for a complete demonstration record. Demo sequence 0121 was logged.",synthetic_judge_demo_v0_1
DEMO500-0122,2026-07-21,Frostline Depot,Driving,Near Miss,"At Frostline Depot in the test stand, the rigger prepared driving during the task execution stage. The equipment was guarded drive, interlock, and control panel. The guard interlock was bypassed and the safety control was disabled. the operator stood beside the moving-part zone. The expected guard, interlock, test procedure, and stop control was not verified. No serious injury occurred, but severe harm was credible. Work stopped, the control was restored, and the event was recorded. Demo sequence 0122 was logged.",synthetic_judge_demo_v0_1
DEMO500-0123,2026-08-20,Cedar Ridge Station,Valve Maintenance,Unsafe Condition,"At Cedar Ridge Station in the workshop aisle, the technician prepared valve maintenance during the isolation check stage. The equipment was hand tool, bench, and disconnected source. A routine task continued after a minor control deviation was observed. a worker walked close to the obstruction. The expected housekeeping, ordinary footing, and task check was not verified. No serious injury occurred, but severe harm was credible. Work stopped, the control was restored, and the event was recorded. Demo sequence 0123 was logged.",synthetic_judge_demo_v0_1
DEMO500-0124,2026-09-07,Cedar Ridge Station,Valve Maintenance,Near Miss,"At Cedar Ridge Station in the workshop aisle, the supervisor prepared valve maintenance during the isolation check stage. The equipment was hand tool, bench, and disconnected source. A routine task continued after a minor control deviation was observed. a worker walked close to the obstruction. The expected housekeeping, ordinary footing, and task check was not verified. A secondary check also covered this area, and a loose label was replaced on a stored tool before work stopped. No serious injury occurred, but severe harm was credible. Work stopped, the control was restored, and the event was recorded. Demo sequence 0124 was logged.",synthetic_judge_demo_v0_1
DEMO500-0125,2026-08-21,Delta Point Facility,Driving,Near Miss,"At Delta Point Facility in the fabrication bay, the operator prepared driving during the equipment positioning stage. The equipment was welding torch, gas cylinder, and nearby vapour source. Welding started near flammable gas before the ignition source was controlled. the welder was beside the potential fire and explosion path. The expected permit, gas test, fire watch, and ignition-source control was not verified. No serious injury occurred, but severe harm was credible. Work stopped, the control was restored, and the event was recorded. Demo sequence 0125 was logged.",synthetic_judge_demo_v0_1
DEMO500-0126,2026-08-03,Echo Valley Works,Hot Work,Unsafe Condition,"At Echo Valley Works in the vessel entry station, the rigger prepared hot work during the post-task check stage. The equipment was isolated vessel, gas monitor, and ventilation fan. The confined space entry began without a gas test, attendant, or rescue plan. the entrant was at the vessel opening with a possible toxic atmosphere. The expected entry permit, gas test, attendant, and rescue plan was not verified. No serious injury occurred, but severe harm was credible. Work stopped, the control was restored, and the event was recorded. Demo sequence 0126 was logged.",synthetic_judge_demo_v0_1
DEMO500-0127,2026-08-12,Cedar Ridge Station,Valve Maintenance,Incident,"At Cedar Ridge Station in the maintenance platform, the technician prepared valve maintenance during the pre-job setup stage. The equipment was access ladder, scaffold, and fall-protection lanyard. The worker was working at height without fall protection, harness, or lanyard. the worker was positioned at height above the lower deck. The expected guardrail, harness, lanyard, and tie-off point was not verified. No serious injury occurred, but severe harm was credible. Work stopped, the control was restored, and the event was recorded. Demo sequence 0127 was logged.",synthetic_judge_demo_v0_1
DEMO500-0128,2026-07-30,Blue Mesa Yard,Inspection,Near Miss,"At Blue Mesa Yard in the pipe rack laydown area, the driver prepared inspection during the post-task check stage. The equipment was pipe spool and temporary lifting frame. A suspended load fell and struck a worker. a rigger stood in the line of fire beside the load path. The expected exclusion zone, tag line, and hands-off positioning was not verified. A secondary check also covered this area, and a small hand tool was moved outside the marked boundary before work stopped. No serious injury occurred, but severe harm was credible. Work stopped, the control was restored, and the event was recorded. Demo sequence 0128 was logged.",synthetic_judge_demo_v0_1
DEMO500-0129,2026-08-26,Aurora Basin,Pressure Testing,Unsafe Act,"At Aurora Basin in the valve gallery, the rigger prepared pressure testing during the task execution stage. The equipment was process valve and stored-pressure line. Stored pressure was not completely isolated. the technician stood in the pressure release path. The expected lockout, drain, and zero-energy verification was not verified. No serious injury occurred, but severe harm was credible. Work stopped, the control was restored, and the event was recorded. The task status, work boundary, equipment condition, and immediate response were entered in the synthetic shift log for a complete demonstration record. Demo sequence 0129 was logged.",synthetic_judge_demo_v0_1
DEMO500-0130,2026-08-27,Blue Mesa Yard,Inspection,Near Miss,"At Blue Mesa Yard in the maintenance platform, the rigger prepared inspection during the post-task check stage. The equipment was access ladder, scaffold, and fall-protection lanyard. The worker was working at height without fall protection, harness, or lanyard. the worker was positioned at height above the lower deck. The expected guardrail, harness, lanyard, and tie-off point was not verified. No serious injury occurred, but severe harm was credible. Work stopped, the control was restored, and the event was recorded. Demo sequence 0130 was logged.",synthetic_judge_demo_v0_1
DEMO500-0131,2026-09-01,Delta Point Facility,Pressure Testing,Incident,"At Delta Point Facility in the workshop aisle, the rigger prepared pressure testing during the post-task check stage. The equipment was hand tool, bench, and disconnected source. A routine task continued after a minor control deviation was observed. a worker walked close to the obstruction. The expected housekeeping, ordinary footing, and task check was not verified. No serious injury occurred, but severe harm was credible. Work stopped, the control was restored, and the event was recorded. Demo sequence 0131 was logged.",synthetic_judge_demo_v0_1
DEMO500-0132,2026-08-26,Delta Point Facility,Electrical Maintenance,Near Miss,"At Delta Point Facility in the workshop aisle, the rigger prepared electrical maintenance during the task execution stage. The equipment was hand tool, bench, and disconnected source. A routine task continued after a minor control deviation was observed. a worker walked close to the obstruction. The expected housekeeping, ordinary footing, and task check was not verified. A secondary check also covered this area, and a loose label was replaced on a stored tool before work stopped. No serious injury occurred, but severe harm was credible. Work stopped, the control was restored, and the event was recorded. Demo sequence 0132 was logged.",synthetic_judge_demo_v0_1
DEMO500-0133,2026-07-23,Delta Point Facility,Hot Work,Unsafe Condition,"At Delta Point Facility in the vessel entry station, the technician prepared hot work during the isolation check stage. The equipment was isolated vessel, gas monitor, and ventilation fan. The confined space entry began without a gas test, attendant, or rescue plan. the entrant was at the vessel opening with a possible toxic atmosphere. The expected entry permit, gas test, attendant, and rescue plan was not verified. No serious injury occurred, but severe harm was credible. Work stopped, the control was restored, and the event was recorded. Demo sequence 0133 was logged.",synthetic_judge_demo_v0_1
DEMO500-0134,2026-07-22,Echo Valley Works,Pressure Testing,Near Miss,"At Echo Valley Works in the valve gallery, the inspector prepared pressure testing during the task execution stage. The equipment was process valve and stored-pressure line. Stored pressure was not completely isolated. the technician stood in the pressure release path. The expected lockout, drain, and zero-energy verification was not verified. No serious injury occurred, but severe harm was credible. Work stopped, the control was restored, and the event was recorded. Demo sequence 0134 was logged.",synthetic_judge_demo_v0_1
DEMO500-0135,2026-09-08,Aurora Basin,Driving,Unsafe Condition,"At Aurora Basin in the workshop aisle, the operator prepared driving during the equipment positioning stage. The equipment was hand tool, bench, and disconnected source. A routine task continued after a minor control deviation was observed. a worker walked close to the obstruction. The expected housekeeping, ordinary footing, and task check was not verified. No serious injury occurred, but severe harm was credible. Work stopped, the control was restored, and the event was recorded. Demo sequence 0135 was logged.",synthetic_judge_demo_v0_1
DEMO500-0136,2026-09-04,Cedar Ridge Station,Pressure Testing,Incident,"At Cedar Ridge Station in the internal access road, the driver prepared pressure testing during the pre-job setup stage. The equipment was light vehicle and reversing camera. The driver was distracted and the vehicle veered toward a pedestrian. A vehicle crash was narrowly avoided. a pedestrian was within the vehicle line of travel. The expected seatbelt, spotter, speed limit, and journey plan was not verified. A secondary check also covered this area, and a parked trolley was moved clear of the marked route before work stopped. No serious injury occurred, but severe harm was credible. Work stopped, the control was restored, and the event was recorded. Demo sequence 0136 was logged.",synthetic_judge_demo_v0_1
DEMO500-0137,2026-09-03,Blue Mesa Yard,Hot Work,Unsafe Condition,"At Blue Mesa Yard in the internal access road, the driver prepared hot work during the pre-job setup stage. The equipment was light vehicle and reversing camera. The driver was distracted and the vehicle veered toward a pedestrian. A vehicle crash was narrowly avoided. a pedestrian was within the vehicle line of travel. The expected seatbelt, spotter, speed limit, and journey plan was not verified. No serious injury occurred, but severe harm was credible. Work stopped, the control was restored, and the event was recorded. Demo sequence 0137 was logged.",synthetic_judge_demo_v0_1
DEMO500-0138,2026-08-04,Delta Point Facility,Inspection,Near Miss,"At Delta Point Facility in the valve gallery, the technician prepared inspection during the isolation check stage. The equipment was process valve and stored-pressure line. Stored pressure was not completely isolated. the technician stood in the pressure release path. The expected lockout, drain, and zero-energy verification was not verified. No serious injury occurred, but severe harm was credible. Work stopped, the control was restored, and the event was recorded. The task status, work boundary, equipment condition, and immediate response were entered in the synthetic shift log for a complete demonstration record. Demo sequence 0138 was logged.",synthetic_judge_demo_v0_1
DEMO500-0139,2026-08-14,Delta Point Facility,Valve Maintenance,Near Miss,"At Delta Point Facility in the workshop aisle, the supervisor prepared valve maintenance during the pre-job setup stage. The equipment was hand tool, bench, and disconnected source. A routine task continued after a minor control deviation was observed. a worker walked close to the obstruction. The expected housekeeping, ordinary footing, and task check was not verified. No serious injury occurred, but severe harm was credible. Work stopped, the control was restored, and the event was recorded. Demo sequence 0139 was logged.",synthetic_judge_demo_v0_1
DEMO500-0140,2026-08-24,Blue Mesa Yard,Hot Work,Unsafe Act,"At Blue Mesa Yard in the test stand, the driver prepared hot work during the post-task check stage. The equipment was guarded drive, interlock, and control panel. The guard interlock was bypassed and the safety control was disabled. the operator stood beside the moving-part zone. The expected guard, interlock, test procedure, and stop control was not verified. A secondary check also covered this area, and a small tool was removed from the test stand before restart before work stopped. No serious injury occurred, but severe harm was credible. Work stopped, the control was restored, and the event was recorded. Demo sequence 0140 was logged.",synthetic_judge_demo_v0_1
DEMO500-0141,2026-08-06,Frostline Depot,Valve Maintenance,Near Miss,"At Frostline Depot in the maintenance platform, the driver prepared valve maintenance during the post-task check stage. The equipment was access ladder, scaffold, and fall-protection lanyard. The worker was working at height without fall protection, harness, or lanyard. the worker was positioned at height above the lower deck. The expected guardrail, harness, lanyard, and tie-off point was not verified. No serious injury occurred, but severe harm was credible. Work stopped, the control was restored, and the event was recorded. Demo sequence 0141 was logged.",synthetic_judge_demo_v0_1
DEMO500-0142,2026-08-05,Cedar Ridge Station,Pressure Testing,Unsafe Condition,"At Cedar Ridge Station in the fabrication bay, the supervisor prepared pressure testing during the pre-job setup stage. The equipment was welding torch, gas cylinder, and nearby vapour source. Welding started near flammable gas before the ignition source was controlled. the welder was beside the potential fire and explosion path. The expected permit, gas test, fire watch, and ignition-source control was not verified. No serious injury occurred, but severe harm was credible. Work stopped, the control was restored, and the event was recorded. Demo sequence 0142 was logged.",synthetic_judge_demo_v0_1
DEMO500-0143,2026-08-13,Echo Valley Works,Hot Work,Near Miss,"At Echo Valley Works in the valve gallery, the operator prepared hot work during the equipment positioning stage. The equipment was process valve and stored-pressure line. Stored pressure was not completely isolated. the technician stood in the pressure release path. The expected lockout, drain, and zero-energy verification was not verified. No serious injury occurred, but severe harm was credible. Work stopped, the control was restored, and the event was recorded. Demo sequence 0143 was logged.",synthetic_judge_demo_v0_1
DEMO500-0144,2026-08-20,Echo Valley Works,Inspection,Unsafe Condition,"At Echo Valley Works in the lifting pad, the driver prepared inspection during the post-task check stage. The equipment was crane, sling, and suspended load. The crane, hoist, and rigging failed while the load was lifted. A suspended load fell and struck a worker. the rigger was under or beside the suspended load. The expected lift plan, inspected rigging, and exclusion zone was not verified. A secondary check also covered this area, and the tag line was repositioned before the next lift before work stopped. No serious injury occurred, but severe harm was credible. Work stopped, the control was restored, and the event was recorded. Demo sequence 0144 was logged. The crane, hoist, and rigging failed while the load was lifted. Demo sequence 0144 was logged.",synthetic_judge_demo_v0_1
DEMO500-0145,2026-08-31,Blue Mesa Yard,Hot Work,Near Miss,"At Blue Mesa Yard in the internal access road, the driver prepared hot work during the pre-job setup stage. The equipment was light vehicle and reversing camera. The driver was distracted and the vehicle veered toward a pedestrian. A vehicle crash was narrowly avoided. a pedestrian was within the vehicle line of travel. The expected seatbelt, spotter, speed limit, and journey plan was not verified. No serious injury occurred, but severe harm was credible. Work stopped, the control was restored, and the event was recorded. Demo sequence 0145 was logged.",synthetic_judge_demo_v0_1
DEMO500-0146,2026-07-22,Cedar Ridge Station,Drilling,Near Miss,"At Cedar Ridge Station in the workshop aisle, the technician prepared drilling during the pre-job setup stage. The equipment was hand tool, bench, and disconnected source. A routine task continued after a minor control deviation was observed. a worker walked close to the obstruction. The expected housekeeping, ordinary footing, and task check was not verified. No serious injury occurred, but severe harm was credible. Work stopped, the control was restored, and the event was recorded. Demo sequence 0146 was logged.",synthetic_judge_demo_v0_1
DEMO500-0147,2026-08-31,Aurora Basin,Driving,Unsafe Condition,"At Aurora Basin in the fabrication bay, the supervisor prepared driving during the pre-job setup stage. The equipment was welding torch, gas cylinder, and nearby vapour source. Welding started near flammable gas before the ignition source was controlled. the welder was beside the potential fire and explosion path. The expected permit, gas test, fire watch, and ignition-source control was not verified. No serious injury occurred, but severe harm was credible. Work stopped, the control was restored, and the event was recorded. Demo sequence 0147 was logged.",synthetic_judge_demo_v0_1
DEMO500-0148,2026-08-04,Delta Point Facility,Driving,Near Miss,"At Delta Point Facility in the workshop aisle, the inspector prepared driving during the task execution stage. The equipment was hand tool, bench, and disconnected source. A routine task continued after a minor control deviation was observed. a worker walked close to the obstruction. The expected housekeeping, ordinary footing, and task check was not verified. A secondary check also covered this area, and a loose label was replaced on a stored tool before work stopped. No serious injury occurred, but severe harm was credible. Work stopped, the control was restored, and the event was recorded. Demo sequence 0148 was logged.",synthetic_judge_demo_v0_1
DEMO500-0149,2026-08-25,Cedar Ridge Station,Mechanical Lifting,Incident,"At Cedar Ridge Station in the pipe rack laydown area, the driver prepared mechanical lifting during the post-task check stage. The equipment was pipe spool and temporary lifting frame. A suspended load fell and struck a worker. a rigger stood in the line of fire beside the load path. The expected exclusion zone, tag line, and hands-off positioning was not verified. No serious injury occurred, but severe harm was credible. Work stopped, the control was restored, and the event was recorded. Demo sequence 0149 was logged.",synthetic_judge_demo_v0_1
DEMO500-0150,2026-08-20,Blue Mesa Yard,Valve Maintenance,Unsafe Condition,"At Blue Mesa Yard in the internal access road, the driver prepared driving during setup. The equipment was light vehicle and reversing camera. The vehicle was speeding and the driver lost control. The driver was distracted and the vehicle veered toward a pedestrian. a pedestrian was within the vehicle line of travel. The expected seatbelt, spotter, speed limit, and journey plan was not verified. No serious injury occurred, but severe harm was credible. Work stopped, the control was restored, and the event was recorded. Demo sequence 0150 was logged.",synthetic_judge_demo_v0_1
DEMO500-0151,2026-09-01,Delta Point Facility,Pressure Testing,Incident,"At Delta Point Facility in the maintenance platform, the inspector prepared pressure testing during the equipment positioning stage. The equipment was access ladder, scaffold, and fall-protection lanyard. The worker was working at height without fall protection, harness, or lanyard. the worker was positioned at height above the lower deck. The expected guardrail, harness, lanyard, and tie-off point was not verified. No serious injury occurred, but severe harm was credible. Work stopped, the control was restored, and the event was recorded. Demo sequence 0151 was logged.",synthetic_judge_demo_v0_1
DEMO500-0152,2026-09-03,Cedar Ridge Station,Pressure Testing,Unsafe Act,"At Cedar Ridge Station in the internal access road, the driver prepared pressure testing during the pre-job setup stage. The equipment was light vehicle and reversing camera. The driver was distracted and the vehicle veered toward a pedestrian. A vehicle crash was narrowly avoided. a pedestrian was within the vehicle line of travel. The expected seatbelt, spotter, speed limit, and journey plan was not verified. A secondary check also covered this area, and a parked trolley was moved clear of the marked route before work stopped. No serious injury occurred, but severe harm was credible. Work stopped, the control was restored, and the event was recorded. Demo sequence 0152 was logged.",synthetic_judge_demo_v0_1
DEMO500-0153,2026-08-18,Echo Valley Works,Hot Work,Near Miss,"At Echo Valley Works in the lifting pad, the driver prepared hot work during the pre-job setup stage. The equipment was crane, sling, and suspended load. The crane, hoist, and rigging failed while the load was lifted. A suspended load fell and struck a worker. the rigger was under or beside the suspended load. The expected lift plan, inspected rigging, and exclusion zone was not verified. No serious injury occurred, but severe harm was credible. Work stopped, the control was restored, and the event was recorded. Demo sequence 0153 was logged. The crane, hoist, and rigging failed while the load was lifted. Demo sequence 0153 was logged.",synthetic_judge_demo_v0_1
DEMO500-0154,2026-09-01,Aurora Basin,Electrical Maintenance,Near Miss,"At Aurora Basin in the pipe rack laydown area, the rigger prepared electrical maintenance during the task execution stage. The equipment was pipe spool and temporary lifting frame. A suspended load fell and struck a worker. a rigger stood in the line of fire beside the load path. The expected exclusion zone, tag line, and hands-off positioning was not verified. No serious injury occurred, but severe harm was credible. Work stopped, the control was restored, and the event was recorded. Demo sequence 0154 was logged.",synthetic_judge_demo_v0_1
DEMO500-0155,2026-08-31,Blue Mesa Yard,Valve Maintenance,Incident,"At Blue Mesa Yard in the workshop aisle, the driver prepared valve maintenance during the pre-job setup stage. The equipment was hand tool, bench, and disconnected source. A routine task continued after a minor control deviation was observed. a worker walked close to the obstruction. The expected housekeeping, ordinary footing, and task check was not verified. No serious injury occurred, but severe harm was credible. Work stopped, the control was restored, and the event was recorded. Demo sequence 0155 was logged.",synthetic_judge_demo_v0_1
DEMO500-0156,2026-08-24,Blue Mesa Yard,Mechanical Lifting,Near Miss,"At Blue Mesa Yard in the lifting pad, the operator prepared mechanical lifting during the equipment positioning stage. The equipment was crane, sling, and suspended load. The crane, hoist, and rigging failed while the load was lifted. A suspended load fell and struck a worker. the rigger was under or beside the suspended load. The expected lift plan, inspected rigging, and exclusion zone was not verified. A secondary check also covered this area, and the tag line was repositioned before the next lift before work stopped. No serious injury occurred, but severe harm was credible. Work stopped, the control was restored, and the event was recorded. Demo sequence 0156 was logged.",synthetic_judge_demo_v0_1
DEMO500-0157,2026-09-09,Aurora Basin,Driving,Unsafe Condition,"At Aurora Basin in the lifting pad, the operator prepared driving during the equipment positioning stage. The equipment was crane, sling, and suspended load. The crane, hoist, and rigging failed while the load was lifted. A suspended load fell and struck a worker. the rigger was under or beside the suspended load. The expected lift plan, inspected rigging, and exclusion zone was not verified. No serious injury occurred, but severe harm was credible. Work stopped, the control was restored, and the event was recorded. Demo sequence 0157 was logged. The crane, hoist, and rigging failed while the load was lifted. Demo sequence 0157 was logged.",synthetic_judge_demo_v0_1
DEMO500-0158,2026-08-19,Delta Point Facility,Inspection,Near Miss,"At Delta Point Facility in the pipe rack laydown area, the inspector prepared inspection during the equipment positioning stage. The equipment was pipe spool and temporary lifting frame. A suspended load fell and struck a worker. a rigger stood in the line of fire beside the load path. The expected exclusion zone, tag line, and hands-off positioning was not verified. No serious injury occurred, but severe harm was credible. Work stopped, the control was restored, and the event was recorded. Demo sequence 0158 was logged.",synthetic_judge_demo_v0_1
DEMO500-0159,2026-08-25,Frostline Depot,Valve Maintenance,Near Miss,"At Frostline Depot in the pipe rack laydown area, the rigger prepared valve maintenance during the task execution stage. The equipment was pipe spool and temporary lifting frame. A suspended load fell and struck a worker. a rigger stood in the line of fire beside the load path. The expected exclusion zone, tag line, and hands-off positioning was not verified. No serious injury occurred, but severe harm was credible. Work stopped, the control was restored, and the event was recorded. Demo sequence 0159 was logged.",synthetic_judge_demo_v0_1
DEMO500-0160,2026-09-04,Delta Point Facility,Valve Maintenance,Unsafe Condition,"At Delta Point Facility in the valve gallery, the supervisor prepared valve maintenance during the pre-job setup stage. The equipment was process valve and stored-pressure line. Stored pressure was not completely isolated. the technician stood in the pressure release path. The expected lockout, drain, and zero-energy verification was not verified. A secondary check also covered this area, and a pressure gauge was checked before the work boundary was reset before work stopped. No serious injury occurred, but severe harm was credible. Work stopped, the control was restored, and the event was recorded. Demo sequence 0160 was logged.",synthetic_judge_demo_v0_1
DEMO500-0161,2026-08-27,Delta Point Facility,Driving,Unsafe Condition,"At Delta Point Facility in the workshop aisle, during routine inspection, a worker used a small hand tool. Nearby was a parked load and inspected sling, not in use. The worker slipped on a dry step while walking beside the bench, lost balance, and rolled an ankle. The worker caught a finger on the tool case but did not fall. No one was exposed to serious harm and no credible fatal outcome was identified. The ordinary footing control was present and verified. The ankle and finger were checked after the slip. The fingertip was checked. The worker removed the step and continued. The task was paused for a control check. Demo sequence 0161 was logged.",synthetic_judge_demo_v0_1
DEMO500-0162,2026-08-19,Cedar Ridge Station,Valve Maintenance,Incident,"At Cedar Ridge Station in the workshop aisle, during routine inspection, a worker used a small hand tool. Nearby was a secured guard and idle control panel, not in use. The worker slipped on a dry step while walking beside the bench, lost balance, and rolled an ankle. The worker caught a finger on the tool case but did not fall. No one was exposed to serious harm and no credible fatal outcome was identified. The ordinary footing control was present and verified. The ankle and finger were checked after the slip. The fingertip was checked. The worker removed the step and continued. The area was checked before work continued. The task was paused for review. Demo sequence 0162 was logged.",synthetic_judge_demo_v0_1
DEMO500-0163,2026-08-13,Aurora Basin,Driving,Incident,"At Aurora Basin in the workshop aisle, during routine inspection, a worker used a small hand tool. Nearby was a hand tool and parked vehicle, not in use. The worker slipped on a dry step while walking beside the bench, lost balance, and rolled an ankle. The worker caught a finger on the tool case but did not fall. No one was exposed to serious harm and no credible fatal outcome was identified. The ordinary footing control was present and verified. The ankle and finger were checked after the slip. The fingertip was checked. The worker removed the step and continued. The area was checked before work continued. The task was paused for review. Demo sequence 0163 was logged.",synthetic_judge_demo_v0_1
DEMO500-0164,2026-09-01,Blue Mesa Yard,Drilling,Unsafe Act,"At Blue Mesa Yard in the workshop aisle, during routine inspection, a worker used a small hand tool. Nearby was a cool hot-work torch and closed cylinder, not in use. The worker slipped on a dry step while walking beside the bench, lost balance, and rolled an ankle. The worker caught a finger on the tool case but did not fall. No one was exposed to serious harm and no credible fatal outcome was identified. The ordinary footing control was present and verified. The ankle and finger were checked after the slip. The fingertip was checked. The worker removed the step and continued. A pressure line was nearby but no source was connected. Demo sequence 0164 was logged.",synthetic_judge_demo_v0_1
DEMO500-0165,2026-08-25,Delta Point Facility,Electrical Maintenance,Unsafe Condition,"At Delta Point Facility in the workshop aisle, during routine inspection, a worker used a small hand tool. Nearby was a parked load and inspected sling, not in use. The worker slipped on a dry step while walking beside the bench, lost balance, and rolled an ankle. The worker caught a finger on the tool case but did not fall. No one was exposed to serious harm and no credible fatal outcome was identified. The ordinary footing control was present and verified. The ankle and finger were checked after the slip. The fingertip was checked. The worker removed the step and continued. The task was paused for a control check. Demo sequence 0165 was logged.",synthetic_judge_demo_v0_1
DEMO500-0166,2026-07-29,Delta Point Facility,Mechanical Lifting,Incident,"At Delta Point Facility in the workshop aisle, during routine inspection, a worker used a small hand tool. Nearby was a checked permit board and hand tool, not in use. The worker slipped on a dry step while walking beside the bench, lost balance, and rolled an ankle. The worker caught a finger on the tool case but did not fall. No one was exposed to serious harm and no credible fatal outcome was identified. The ordinary footing control was present and verified. The ankle and finger were checked after the slip. The fingertip was checked. The worker removed the step and continued. The area was checked before work continued. Demo sequence 0166 was logged.",synthetic_judge_demo_v0_1
DEMO500-0167,2026-09-02,Blue Mesa Yard,Hot Work,Unsafe Condition,"At Blue Mesa Yard in the workshop aisle, during routine inspection, a worker used a small hand tool. Nearby was a parked load and inspected sling, not in use. The worker slipped on a dry step while walking beside the bench, lost balance, and rolled an ankle. The worker caught a finger on the tool case but did not fall. No one was exposed to serious harm and no credible fatal outcome was identified. The ordinary footing control was present and verified. The ankle and finger were checked after the slip. The fingertip was checked. The worker removed the step and continued. The task was paused for a control check. Demo sequence 0167 was logged.",synthetic_judge_demo_v0_1
DEMO500-0168,2026-07-28,Cedar Ridge Station,Hot Work,Near Miss,"At Cedar Ridge Station in the workshop aisle, during routine inspection, a worker used a small hand tool. Nearby was a closed vessel and idle gas monitor, not in use. The worker slipped on a dry step while walking beside the bench, lost balance, and rolled an ankle. The worker caught a finger on the tool case but did not fall. No one was exposed to serious harm and no credible fatal outcome was identified. The ordinary footing control was present and verified. The ankle and finger were checked after the slip. The fingertip was checked. The worker removed the step and continued. The area was checked before work continued. The task was paused for review. Demo sequence 0168 was logged.",synthetic_judge_demo_v0_1
DEMO500-0169,2026-08-26,Delta Point Facility,Driving,Incident,"At Delta Point Facility in the workshop aisle, during routine inspection, a worker used a small hand tool. Nearby was a closed vessel and idle gas monitor, not in use. The worker slipped on a dry step while walking beside the bench, lost balance, and rolled an ankle. The worker caught a finger on the tool case but did not fall. No one was exposed to serious harm and no credible fatal outcome was identified. The ordinary footing control was present and verified. The ankle and finger were checked after the slip. The fingertip was checked. The worker removed the step and continued. The area was checked before work continued. Demo sequence 0169 was logged.",synthetic_judge_demo_v0_1
DEMO500-0170,2026-08-17,Frostline Depot,Hot Work,Near Miss,"At Frostline Depot in the workshop aisle, during routine inspection, a worker used a small hand tool. Nearby was a checked permit board and hand tool, not in use. The worker slipped on a dry step while walking beside the bench, lost balance, and rolled an ankle. The worker caught a finger on the tool case but did not fall. No one was exposed to serious harm and no credible fatal outcome was identified. The ordinary footing control was present and verified. The ankle and finger were checked after the slip. The fingertip was checked. The worker removed the step and continued. The area was checked before work continued. The task was paused for review. Demo sequence 0170 was logged.",synthetic_judge_demo_v0_1
DEMO500-0171,2026-07-23,Cedar Ridge Station,Valve Maintenance,Near Miss,"At Cedar Ridge Station in the workshop aisle, during routine inspection, a worker used a small hand tool. Nearby was a cool hot-work torch and closed cylinder, not in use. The worker slipped on a dry step while walking beside the bench, lost balance, and rolled an ankle. The worker caught a finger on the tool case but did not fall. No one was exposed to serious harm and no credible fatal outcome was identified. The ordinary footing control was present and verified. The ankle and finger were checked after the slip. The fingertip was checked. The worker removed the step and continued. The area was checked before work continued. The task was paused for review. Demo sequence 0171 was logged.",synthetic_judge_demo_v0_1
DEMO500-0172,2026-09-04,Aurora Basin,Electrical Maintenance,Near Miss,"At Aurora Basin in the workshop aisle, during routine inspection, a worker used a small hand tool. Nearby was a cool hot-work torch and closed cylinder, not in use. The worker slipped on a dry step while walking beside the bench, lost balance, and rolled an ankle. The worker caught a finger on the tool case but did not fall. No one was exposed to serious harm and no credible fatal outcome was identified. The ordinary footing control was present and verified. The ankle and finger were checked after the slip. The fingertip was checked. The worker removed the step and continued. The area was checked before work continued. The task was paused for review. Demo sequence 0172 was logged.",synthetic_judge_demo_v0_1
DEMO500-0173,2026-08-12,Blue Mesa Yard,Hot Work,Unsafe Act,"At Blue Mesa Yard in the workshop aisle, during routine inspection, a worker used a small hand tool. Nearby was a parked load and marked floor, not in use. The worker slipped on a dry step while walking beside the bench, lost balance, and rolled an ankle. The worker caught a finger on the tool case but did not fall. No one was exposed to serious harm and no credible fatal outcome was identified. The ordinary footing control was present and verified. The ankle and finger were checked after the slip. The fingertip was checked. The worker removed the step and continued. The area was checked before work continued. Demo sequence 0173 was logged.",synthetic_judge_demo_v0_1
DEMO500-0174,2026-08-07,Blue Mesa Yard,Drilling,Near Miss,"At Blue Mesa Yard in the workshop aisle, during routine inspection, a worker used a small hand tool. Nearby was a parked load and marked floor, not in use. The worker slipped on a dry step while walking beside the bench, lost balance, and rolled an ankle. The worker caught a finger on the tool case but did not fall. No one was exposed to serious harm and no credible fatal outcome was identified. The ordinary footing control was present and verified. The ankle and finger were checked after the slip. The fingertip was checked. The worker removed the step and continued. The area was checked before work continued. Demo sequence 0174 was logged.",synthetic_judge_demo_v0_1
DEMO500-0175,2026-08-10,Blue Mesa Yard,Drilling,Near Miss,"At Blue Mesa Yard in the workshop aisle, during routine inspection, a worker used a small hand tool. Nearby was a closed pressure valve and disconnected line, not in use. The worker slipped on a dry step while walking beside the bench, lost balance, and rolled an ankle. The worker caught a finger on the tool case but did not fall. No one was exposed to serious harm and no credible fatal outcome was identified. The ordinary footing control was present and verified. The ankle and finger were checked after the slip. The fingertip was checked. The worker removed the step and continued. The task was paused for a control check. Demo sequence 0175 was logged.",synthetic_judge_demo_v0_1
DEMO500-0176,2026-08-25,Delta Point Facility,Mechanical Lifting,Unsafe Act,"At Delta Point Facility in the workshop aisle, during routine inspection, a worker used a small hand tool. Nearby was a parked load and inspected sling, not in use. The worker slipped on a dry step while walking beside the bench, lost balance, and rolled an ankle. The worker caught a finger on the tool case but did not fall. No one was exposed to serious harm and no credible fatal outcome was identified. The ordinary footing control was present and verified. The ankle and finger were checked after the slip. The fingertip was checked. The worker removed the step and continued. The task was paused for a control check. Demo sequence 0176 was logged.",synthetic_judge_demo_v0_1
DEMO500-0177,2026-08-04,Cedar Ridge Station,Driving,Unsafe Condition,"At Cedar Ridge Station in the workshop aisle, during routine inspection, a worker used a small hand tool. Nearby was a parked load and marked floor, not in use. The worker slipped on a dry step while walking beside the bench, lost balance, and rolled an ankle. The worker caught a finger on the tool case but did not fall. No one was exposed to serious harm and no credible fatal outcome was identified. The ordinary footing control was present and verified. The ankle and finger were checked after the slip. The fingertip was checked. The worker removed the step and continued. The barrier was reviewed before the task continued. Demo sequence 0177 was logged.",synthetic_judge_demo_v0_1
DEMO500-0178,2026-08-18,Echo Valley Works,Driving,Near Miss,"At Echo Valley Works in the workshop aisle, during routine inspection, a worker used a small hand tool. Nearby was a parked load and inspected sling, not in use. The worker slipped on a dry step while walking beside the bench, lost balance, and rolled an ankle. The worker caught a finger on the tool case but did not fall. No one was exposed to serious harm and no credible fatal outcome was identified. The ordinary footing control was present and verified. The ankle and finger were checked after the slip. The fingertip was checked. The worker removed the step and continued. The task was paused for a control check. Demo sequence 0178 was logged.",synthetic_judge_demo_v0_1
DEMO500-0179,2026-07-22,Frostline Depot,Valve Maintenance,Unsafe Condition,"At Frostline Depot in the workshop aisle, during routine inspection, a worker used a small hand tool. Nearby was a checked permit board and hand tool, not in use. The worker slipped on a dry step while walking beside the bench, lost balance, and rolled an ankle. The worker caught a finger on the tool case but did not fall. No one was exposed to serious harm and no credible fatal outcome was identified. The ordinary footing control was present and verified. The ankle and finger were checked after the slip. The fingertip was checked. The worker removed the step and continued. The area was checked before work continued. The task was paused for review. Demo sequence 0179 was logged.",synthetic_judge_demo_v0_1
DEMO500-0180,2026-09-08,Blue Mesa Yard,Drilling,Incident,"At Blue Mesa Yard in the workshop aisle, during routine inspection, a worker used a small hand tool. Nearby was a closed vessel and idle gas monitor, not in use. The worker slipped on a dry step while walking beside the bench, lost balance, and rolled an ankle. The worker caught a finger on the tool case but did not fall. No one was exposed to serious harm and no credible fatal outcome was identified. The ordinary footing control was present and verified. The ankle and finger were checked after the slip. The fingertip was checked. The worker removed the step and continued. The area was checked before work continued. The task was paused for review. Demo sequence 0180 was logged.",synthetic_judge_demo_v0_1
DEMO500-0181,2026-07-29,Cedar Ridge Station,Electrical Maintenance,Unsafe Condition,"At Cedar Ridge Station in the workshop aisle, during routine inspection, a worker used a small hand tool. Nearby was a cool hot-work torch and closed cylinder, not in use. The worker slipped on a dry step while walking beside the bench, lost balance, and rolled an ankle. The worker caught a finger on the tool case but did not fall. No one was exposed to serious harm and no credible fatal outcome was identified. The ordinary footing control was present and verified. The ankle and finger were checked after the slip. The fingertip was checked. The worker removed the step and continued. The area was checked before work continued. The task was paused for review. Demo sequence 0181 was logged.",synthetic_judge_demo_v0_1
DEMO500-0182,2026-09-03,Aurora Basin,Driving,Unsafe Condition,"At Aurora Basin in the workshop aisle, during routine inspection, a worker used a small hand tool. Nearby was a closed vessel and idle gas monitor, not in use. The worker slipped on a dry step while walking beside the bench, lost balance, and rolled an ankle. The worker caught a finger on the tool case but did not fall. No one was exposed to serious harm and no credible fatal outcome was identified. The ordinary footing control was present and verified. The ankle and finger were checked after the slip. The fingertip was checked. The worker removed the step and continued. The area was checked before work continued. The task was paused for review. Demo sequence 0182 was logged.",synthetic_judge_demo_v0_1
DEMO500-0183,2026-08-20,Cedar Ridge Station,Driving,Incident,"At Cedar Ridge Station in the workshop aisle, during routine inspection, a worker used a small hand tool. Nearby was a cool hot-work torch and closed cylinder, not in use. The worker slipped on a dry step while walking beside the bench, lost balance, and rolled an ankle. The worker caught a finger on the tool case but did not fall. No one was exposed to serious harm and no credible fatal outcome was identified. The ordinary footing control was present and verified. The ankle and finger were checked after the slip. The fingertip was checked. The worker removed the step and continued. The area was checked before work continued. The task was paused for review. Demo sequence 0183 was logged.",synthetic_judge_demo_v0_1
DEMO500-0184,2026-09-09,Blue Mesa Yard,Mechanical Lifting,Incident,"At Blue Mesa Yard in the workshop aisle, during routine inspection, a worker used a small hand tool. Nearby was a secured ladder and closed platform, not in use. The worker slipped on a dry step while walking beside the bench, lost balance, and rolled an ankle. The worker caught a finger on the tool case but did not fall. No one was exposed to serious harm and no credible fatal outcome was identified. The ordinary footing control was present and verified. The ankle and finger were checked after the slip. The fingertip was checked. The worker removed the step and continued. The area was checked before work continued. The task was paused for review. Demo sequence 0184 was logged.",synthetic_judge_demo_v0_1
DEMO500-0185,2026-07-22,Aurora Basin,Inspection,Unsafe Condition,"At Aurora Basin in the workshop aisle, during routine inspection, a worker used a small hand tool. Nearby was a hand tool and parked vehicle, not in use. The worker slipped on a dry step while walking beside the bench, lost balance, and rolled an ankle. The worker caught a finger on the tool case but did not fall. No one was exposed to serious harm and no credible fatal outcome was identified. The ordinary footing control was present and verified. The ankle and finger were checked after the slip. The fingertip was checked. The worker removed the step and continued. The area was checked before work continued. The task was paused for review. Demo sequence 0185 was logged.",synthetic_judge_demo_v0_1
DEMO500-0186,2026-09-11,Aurora Basin,Pressure Testing,Incident,"At Aurora Basin in the workshop aisle, during routine inspection, a worker used a small hand tool. Nearby was a secured ladder and closed platform, not in use. The worker slipped on a dry step while walking beside the bench, lost balance, and rolled an ankle. The worker caught a finger on the tool case but did not fall. No one was exposed to serious harm and no credible fatal outcome was identified. The ordinary footing control was present and verified. The ankle and finger were checked after the slip. The fingertip was checked. The worker removed the step and continued. The area was checked before work continued. The task was paused for review. Demo sequence 0186 was logged.",synthetic_judge_demo_v0_1
DEMO500-0187,2026-08-24,Cedar Ridge Station,Hot Work,Unsafe Condition,"At Cedar Ridge Station in the workshop aisle, during routine inspection, a worker used a small hand tool. Nearby was a parked load and marked floor, not in use. The worker slipped on a dry step while walking beside the bench, lost balance, and rolled an ankle. The worker caught a finger on the tool case but did not fall. No one was exposed to serious harm and no credible fatal outcome was identified. The ordinary footing control was present and verified. The ankle and finger were checked after the slip. The fingertip was checked. The worker removed the step and continued. The barrier was reviewed before the task continued. Demo sequence 0187 was logged.",synthetic_judge_demo_v0_1
DEMO500-0188,2026-08-13,Cedar Ridge Station,Mechanical Lifting,Unsafe Act,"At Cedar Ridge Station in the workshop aisle, during routine inspection, a worker used a small hand tool. Nearby was a secured ladder and closed platform, not in use. The worker slipped on a dry step while walking beside the bench, lost balance, and rolled an ankle. The worker caught a finger on the tool case but did not fall. No one was exposed to serious harm and no credible fatal outcome was identified. The ordinary footing control was present and verified. The ankle and finger were checked after the slip. The fingertip was checked. The worker removed the step and continued. The area was checked before work continued. The task was paused for review. Demo sequence 0188 was logged.",synthetic_judge_demo_v0_1
DEMO500-0189,2026-08-21,Echo Valley Works,Valve Maintenance,Near Miss,"At Echo Valley Works in the workshop aisle, during routine inspection, a worker used a small hand tool. Nearby was a secured ladder and closed platform, not in use. The worker slipped on a dry step while walking beside the bench, lost balance, and rolled an ankle. The worker caught a finger on the tool case but did not fall. No one was exposed to serious harm and no credible fatal outcome was identified. The ordinary footing control was present and verified. The ankle and finger were checked after the slip. The fingertip was checked. The worker removed the step and continued. The area was checked before work continued. The task was paused for review. Demo sequence 0189 was logged.",synthetic_judge_demo_v0_1
DEMO500-0190,2026-07-30,Echo Valley Works,Inspection,Near Miss,"At Echo Valley Works in the workshop aisle, during routine inspection, a worker used a small hand tool. Nearby was a hand tool and parked vehicle, not in use. The worker slipped on a dry step while walking beside the bench, lost balance, and rolled an ankle. The worker caught a finger on the tool case but did not fall. No one was exposed to serious harm and no credible fatal outcome was identified. The ordinary footing control was present and verified. The ankle and finger were checked after the slip. The fingertip was checked. The worker removed the step and continued. The area was checked before work continued. The task was paused for review. Demo sequence 0190 was logged.",synthetic_judge_demo_v0_1
DEMO500-0191,2026-09-02,Blue Mesa Yard,Mechanical Lifting,Near Miss,"At Blue Mesa Yard in the workshop aisle, during routine inspection, a worker used a small hand tool. Nearby was a closed pressure valve and disconnected line, not in use. The worker slipped on a dry step while walking beside the bench, lost balance, and rolled an ankle. The worker caught a finger on the tool case but did not fall. No one was exposed to serious harm and no credible fatal outcome was identified. The ordinary footing control was present and verified. The ankle and finger were checked after the slip. The fingertip was checked. The worker removed the step and continued. The task was paused for a control check. Demo sequence 0191 was logged.",synthetic_judge_demo_v0_1
DEMO500-0192,2026-08-12,Echo Valley Works,Hot Work,Unsafe Condition,"At Echo Valley Works in the workshop aisle, during routine inspection, a worker used a small hand tool. Nearby was a checked permit board and hand tool, not in use. The worker slipped on a dry step while walking beside the bench, lost balance, and rolled an ankle. The worker caught a finger on the tool case but did not fall. No one was exposed to serious harm and no credible fatal outcome was identified. The ordinary footing control was present and verified. The ankle and finger were checked after the slip. The fingertip was checked. The worker removed the step and continued. The barrier was reviewed before the task continued. Demo sequence 0192 was logged.",synthetic_judge_demo_v0_1
DEMO500-0193,2026-08-13,Aurora Basin,Pressure Testing,Unsafe Act,"At Aurora Basin in the workshop aisle, during routine inspection, a worker used a small hand tool. Nearby was a parked load and marked floor, not in use. The worker slipped on a dry step while walking beside the bench, lost balance, and rolled an ankle. The worker caught a finger on the tool case but did not fall. No one was exposed to serious harm and no credible fatal outcome was identified. The ordinary footing control was present and verified. The ankle and finger were checked after the slip. The fingertip was checked. The worker removed the step and continued. The barrier was reviewed before the task continued. Demo sequence 0193 was logged.",synthetic_judge_demo_v0_1
DEMO500-0194,2026-07-31,Blue Mesa Yard,Drilling,Unsafe Condition,"At Blue Mesa Yard in the workshop aisle, during routine inspection, a worker used a small hand tool. Nearby was a parked load and marked floor, not in use. The worker slipped on a dry step while walking beside the bench, lost balance, and rolled an ankle. The worker caught a finger on the tool case but did not fall. No one was exposed to serious harm and no credible fatal outcome was identified. The ordinary footing control was present and verified. The ankle and finger were checked after the slip. The fingertip was checked. The worker removed the step and continued. The area was checked before work continued. Demo sequence 0194 was logged.",synthetic_judge_demo_v0_1
DEMO500-0195,2026-08-27,Aurora Basin,Valve Maintenance,Near Miss,"At Aurora Basin in the workshop aisle, during routine inspection, a worker used a small hand tool. Nearby was a checked permit board and hand tool, not in use. The worker slipped on a dry step while walking beside the bench, lost balance, and rolled an ankle. The worker caught a finger on the tool case but did not fall. No one was exposed to serious harm and no credible fatal outcome was identified. The ordinary footing control was present and verified. The ankle and finger were checked after the slip. The fingertip was checked. The worker removed the step and continued. The area was checked before work continued. The task was paused for review. Demo sequence 0195 was logged.",synthetic_judge_demo_v0_1
DEMO500-0196,2026-08-10,Aurora Basin,Mechanical Lifting,Near Miss,"At Aurora Basin in the workshop aisle, during routine inspection, a worker used a small hand tool. Nearby was a cool hot-work torch and closed cylinder, not in use. The worker slipped on a dry step while walking beside the bench, lost balance, and rolled an ankle. The worker caught a finger on the tool case but did not fall. No one was exposed to serious harm and no credible fatal outcome was identified. The ordinary footing control was present and verified. The ankle and finger were checked after the slip. The fingertip was checked. The worker removed the step and continued. The area was checked before work continued. The task was paused for review. Demo sequence 0196 was logged.",synthetic_judge_demo_v0_1
DEMO500-0197,2026-07-22,Echo Valley Works,Mechanical Lifting,Unsafe Act,"At Echo Valley Works in the workshop aisle, during routine inspection, a worker used a small hand tool. Nearby was a parked load and marked floor, not in use. The worker slipped on a dry step while walking beside the bench, lost balance, and rolled an ankle. The worker caught a finger on the tool case but did not fall. No one was exposed to serious harm and no credible fatal outcome was identified. The ordinary footing control was present and verified. The ankle and finger were checked after the slip. The fingertip was checked. The worker removed the step and continued. The barrier was reviewed before the task continued. Demo sequence 0197 was logged.",synthetic_judge_demo_v0_1
DEMO500-0198,2026-09-10,Cedar Ridge Station,Inspection,Near Miss,"At Cedar Ridge Station in the workshop aisle, during routine inspection, a worker used a small hand tool. Nearby was a checked permit board and hand tool, not in use. The worker slipped on a dry step while walking beside the bench, lost balance, and rolled an ankle. The worker caught a finger on the tool case but did not fall. No one was exposed to serious harm and no credible fatal outcome was identified. The ordinary footing control was present and verified. The ankle and finger were checked after the slip. The fingertip was checked. The worker removed the step and continued. The area was checked before work continued. The task was paused for review. Demo sequence 0198 was logged.",synthetic_judge_demo_v0_1
DEMO500-0199,2026-08-05,Frostline Depot,Driving,Unsafe Act,"At Frostline Depot in the workshop aisle, during routine inspection, a worker used a small hand tool. Nearby was a closed pressure valve and disconnected line, not in use. The worker slipped on a dry step while walking beside the bench, lost balance, and rolled an ankle. The worker caught a finger on the tool case but did not fall. No one was exposed to serious harm and no credible fatal outcome was identified. The ordinary footing control was present and verified. The ankle and finger were checked after the slip. The fingertip was checked. The worker removed the step and continued. The task was paused for a control check. Demo sequence 0199 was logged.",synthetic_judge_demo_v0_1
DEMO500-0200,2026-09-09,Cedar Ridge Station,Valve Maintenance,Unsafe Condition,"At Cedar Ridge Station in the workshop aisle, during routine inspection, a worker used a small hand tool. Nearby was a closed pressure valve and disconnected line, not in use. The worker slipped on a dry step while walking beside the bench, lost balance, and rolled an ankle. The worker caught a finger on the tool case but did not fall. No one was exposed to serious harm and no credible fatal outcome was identified. The ordinary footing control was present and verified. The ankle and finger were checked after the slip. The fingertip was checked. The worker removed the step and continued. The task was paused for a control check. Demo sequence 0200 was logged.",synthetic_judge_demo_v0_1
DEMO500-0201,2026-09-07,Echo Valley Works,Hot Work,Unsafe Condition,"At Echo Valley Works in the workshop aisle, during routine inspection, a worker used a small hand tool. Nearby was a checked permit board and hand tool, not in use. The worker slipped on a dry step while walking beside the bench, lost balance, and rolled an ankle. The worker caught a finger on the tool case but did not fall. No one was exposed to serious harm and no credible fatal outcome was identified. The ordinary footing control was present and verified. The ankle and finger were checked after the slip. The fingertip was checked. The worker removed the step and continued. The barrier was reviewed before the task continued. Demo sequence 0201 was logged.",synthetic_judge_demo_v0_1
DEMO500-0202,2026-07-29,Echo Valley Works,Valve Maintenance,Unsafe Act,"At Echo Valley Works in the workshop aisle, during routine inspection, a worker used a small hand tool. Nearby was a parked vehicle and clear route, not in use. The worker slipped on a dry step while walking beside the bench, lost balance, and rolled an ankle. The worker caught a finger on the tool case but did not fall. No one was exposed to serious harm and no credible fatal outcome was identified. The ordinary footing control was present and verified. The ankle and finger were checked after the slip. The fingertip was checked. The worker removed the step and continued. The barrier was reviewed before the task continued. Demo sequence 0202 was logged.",synthetic_judge_demo_v0_1
DEMO500-0203,2026-08-05,Cedar Ridge Station,Valve Maintenance,Unsafe Act,"At Cedar Ridge Station in the workshop aisle, during routine inspection, a worker used a small hand tool. Nearby was a parked vehicle and clear route, not in use. The worker slipped on a dry step while walking beside the bench, lost balance, and rolled an ankle. The worker caught a finger on the tool case but did not fall. No one was exposed to serious harm and no credible fatal outcome was identified. The ordinary footing control was present and verified. The ankle and finger were checked after the slip. The fingertip was checked. The worker removed the step and continued. The area was checked before work continued. The task was paused for review. Demo sequence 0203 was logged.",synthetic_judge_demo_v0_1
DEMO500-0204,2026-08-05,Aurora Basin,Valve Maintenance,Near Miss,"At Aurora Basin in the workshop aisle, during routine inspection, a worker used a small hand tool. Nearby was a hand tool and parked vehicle, not in use. The worker slipped on a dry step while walking beside the bench, lost balance, and rolled an ankle. The worker caught a finger on the tool case but did not fall. No one was exposed to serious harm and no credible fatal outcome was identified. The ordinary footing control was present and verified. The ankle and finger were checked after the slip. The fingertip was checked. The worker removed the step and continued. The area was checked before work continued. The task was paused for review. Demo sequence 0204 was logged.",synthetic_judge_demo_v0_1
DEMO500-0205,2026-08-19,Echo Valley Works,Drilling,Near Miss,"At Echo Valley Works in the workshop aisle, during routine inspection, a worker used a small hand tool. Nearby was a hand tool and parked vehicle, not in use. The worker slipped on a dry step while walking beside the bench, lost balance, and rolled an ankle. The worker caught a finger on the tool case but did not fall. No one was exposed to serious harm and no credible fatal outcome was identified. The ordinary footing control was present and verified. The ankle and finger were checked after the slip. The fingertip was checked. The worker removed the step and continued. The area was checked before work continued. The task was paused for review. Demo sequence 0205 was logged.",synthetic_judge_demo_v0_1
DEMO500-0206,2026-07-29,Blue Mesa Yard,Electrical Maintenance,Near Miss,"At Blue Mesa Yard in the workshop aisle, during routine inspection, a worker used a small hand tool. Nearby was a hand tool and parked vehicle, not in use. The worker slipped on a dry step while walking beside the bench, lost balance, and rolled an ankle. The worker caught a finger on the tool case but did not fall. No one was exposed to serious harm and no credible fatal outcome was identified. The ordinary footing control was present and verified. The ankle and finger were checked after the slip. The fingertip was checked. The worker removed the step and continued. The area was checked before work continued. The task was paused for review. Demo sequence 0206 was logged.",synthetic_judge_demo_v0_1
DEMO500-0207,2026-08-13,Echo Valley Works,Hot Work,Unsafe Act,"At Echo Valley Works in the workshop aisle, during routine inspection, a worker used a small hand tool. Nearby was a parked load and inspected sling, not in use. The worker slipped on a dry step while walking beside the bench, lost balance, and rolled an ankle. The worker caught a finger on the tool case but did not fall. No one was exposed to serious harm and no credible fatal outcome was identified. The ordinary footing control was present and verified. The ankle and finger were checked after the slip. The fingertip was checked. The worker removed the step and continued. The task was paused for a control check. Demo sequence 0207 was logged.",synthetic_judge_demo_v0_1
DEMO500-0208,2026-09-10,Cedar Ridge Station,Drilling,Unsafe Act,"At Cedar Ridge Station in the workshop aisle, during routine inspection, a worker used a small hand tool. Nearby was a closed pressure valve and disconnected line, not in use. The worker slipped on a dry step while walking beside the bench, lost balance, and rolled an ankle. The worker caught a finger on the tool case but did not fall. No one was exposed to serious harm and no credible fatal outcome was identified. The ordinary footing control was present and verified. The ankle and finger were checked after the slip. The fingertip was checked. The worker removed the step and continued. The task was paused for a control check. Demo sequence 0208 was logged.",synthetic_judge_demo_v0_1
DEMO500-0209,2026-09-01,Aurora Basin,Electrical Maintenance,Unsafe Condition,"At Aurora Basin in the workshop aisle, during routine inspection, a worker used a small hand tool. Nearby was a checked permit board and hand tool, not in use. The worker slipped on a dry step while walking beside the bench, lost balance, and rolled an ankle. The worker caught a finger on the tool case but did not fall. No one was exposed to serious harm and no credible fatal outcome was identified. The ordinary footing control was present and verified. The ankle and finger were checked after the slip. The fingertip was checked. The worker removed the step and continued. The area was checked before work continued. The task was paused for review. Demo sequence 0209 was logged.",synthetic_judge_demo_v0_1
DEMO500-0210,2026-07-28,Cedar Ridge Station,Drilling,Unsafe Condition,"At Cedar Ridge Station in the workshop aisle, during routine inspection, a worker used a small hand tool. Nearby was a closed pressure valve and disconnected line, not in use. The worker slipped on a dry step while walking beside the bench, lost balance, and rolled an ankle. The worker caught a finger on the tool case but did not fall. No one was exposed to serious harm and no credible fatal outcome was identified. The ordinary footing control was present and verified. The ankle and finger were checked after the slip. The fingertip was checked. The worker removed the step and continued. The task was paused for a control check. Demo sequence 0210 was logged.",synthetic_judge_demo_v0_1
DEMO500-0211,2026-08-13,Cedar Ridge Station,Pressure Testing,Near Miss,"At Cedar Ridge Station in the workshop aisle, during routine inspection, a worker used a small hand tool. Nearby was a closed vessel and idle gas monitor, not in use. The worker slipped on a dry step while walking beside the bench, lost balance, and rolled an ankle. The worker caught a finger on the tool case but did not fall. No one was exposed to serious harm and no credible fatal outcome was identified. The ordinary footing control was present and verified. The ankle and finger were checked after the slip. The fingertip was checked. The worker removed the step and continued. The area was checked before work continued. The task was paused for review. Demo sequence 0211 was logged.",synthetic_judge_demo_v0_1
DEMO500-0212,2026-09-08,Echo Valley Works,Valve Maintenance,Near Miss,"At Echo Valley Works in the workshop aisle, during routine inspection, a worker used a small hand tool. Nearby was a parked load and marked floor, not in use. The worker slipped on a dry step while walking beside the bench, lost balance, and rolled an ankle. The worker caught a finger on the tool case but did not fall. No one was exposed to serious harm and no credible fatal outcome was identified. The ordinary footing control was present and verified. The ankle and finger were checked after the slip. The fingertip was checked. The worker removed the step and continued. The barrier was reviewed before the task continued. Demo sequence 0212 was logged.",synthetic_judge_demo_v0_1
DEMO500-0213,2026-09-02,Echo Valley Works,Hot Work,Unsafe Act,"At Echo Valley Works in the workshop aisle, during routine inspection, a worker used a small hand tool. Nearby was a parked vehicle and clear route, not in use. The worker slipped on a dry step while walking beside the bench, lost balance, and rolled an ankle. The worker caught a finger on the tool case but did not fall. No one was exposed to serious harm and no credible fatal outcome was identified. The ordinary footing control was present and verified. The ankle and finger were checked after the slip. The fingertip was checked. The worker removed the step and continued. The barrier was reviewed before the task continued. Demo sequence 0213 was logged.",synthetic_judge_demo_v0_1
DEMO500-0214,2026-09-08,Aurora Basin,Inspection,Near Miss,"At Aurora Basin in the workshop aisle, during routine inspection, a worker used a small hand tool. Nearby was a parked load and inspected sling, not in use. The worker slipped on a dry step while walking beside the bench, lost balance, and rolled an ankle. The worker caught a finger on the tool case but did not fall. No one was exposed to serious harm and no credible fatal outcome was identified. The ordinary footing control was present and verified. The ankle and finger were checked after the slip. The fingertip was checked. The worker removed the step and continued. The task was paused for a control check. Demo sequence 0214 was logged.",synthetic_judge_demo_v0_1
DEMO500-0215,2026-08-28,Delta Point Facility,Valve Maintenance,Near Miss,"At Delta Point Facility in the workshop aisle, during routine inspection, a worker used a small hand tool. Nearby was a parked vehicle and clear route, not in use. The worker slipped on a dry step while walking beside the bench, lost balance, and rolled an ankle. The worker caught a finger on the tool case but did not fall. No one was exposed to serious harm and no credible fatal outcome was identified. The ordinary footing control was present and verified. The ankle and finger were checked after the slip. The fingertip was checked. The worker removed the step and continued. The area was checked before work continued. Demo sequence 0215 was logged.",synthetic_judge_demo_v0_1
DEMO500-0216,2026-07-28,Blue Mesa Yard,Driving,Near Miss,"At Blue Mesa Yard in the workshop aisle, during routine inspection, a worker used a small hand tool. Nearby was a cool hot-work torch and closed cylinder, not in use. The worker slipped on a dry step while walking beside the bench, lost balance, and rolled an ankle. The worker caught a finger on the tool case but did not fall. No one was exposed to serious harm and no credible fatal outcome was identified. The ordinary footing control was present and verified. The ankle and finger were checked after the slip. The fingertip was checked. The worker removed the step and continued. A pressure line was nearby but no source was connected. Demo sequence 0216 was logged.",synthetic_judge_demo_v0_1
DEMO500-0217,2026-09-07,Aurora Basin,Inspection,Unsafe Act,"At Aurora Basin in the workshop aisle, during routine inspection, a worker used a small hand tool. Nearby was a checked permit board and hand tool, not in use. The worker slipped on a dry step while walking beside the bench, lost balance, and rolled an ankle. The worker caught a finger on the tool case but did not fall. No one was exposed to serious harm and no credible fatal outcome was identified. The ordinary footing control was present and verified. The ankle and finger were checked after the slip. The fingertip was checked. The worker removed the step and continued. The area was checked before work continued. The task was paused for review. Demo sequence 0217 was logged.",synthetic_judge_demo_v0_1
DEMO500-0218,2026-07-24,Blue Mesa Yard,Pressure Testing,Unsafe Act,"At Blue Mesa Yard in the workshop aisle, during routine inspection, a worker used a small hand tool. Nearby was a cool hot-work torch and closed cylinder, not in use. The worker slipped on a dry step while walking beside the bench, lost balance, and rolled an ankle. The worker caught a finger on the tool case but did not fall. No one was exposed to serious harm and no credible fatal outcome was identified. The ordinary footing control was present and verified. The ankle and finger were checked after the slip. The fingertip was checked. The worker removed the step and continued. A pressure line was nearby but no source was connected. Demo sequence 0218 was logged.",synthetic_judge_demo_v0_1
DEMO500-0219,2026-08-24,Aurora Basin,Electrical Maintenance,Near Miss,"At Aurora Basin in the workshop aisle, during routine inspection, a worker used a small hand tool. Nearby was a secured ladder and closed platform, not in use. The worker slipped on a dry step while walking beside the bench, lost balance, and rolled an ankle. The worker caught a finger on the tool case but did not fall. No one was exposed to serious harm and no credible fatal outcome was identified. The ordinary footing control was present and verified. The ankle and finger were checked after the slip. The fingertip was checked. The worker removed the step and continued. The area was checked before work continued. The task was paused for review. Demo sequence 0219 was logged.",synthetic_judge_demo_v0_1
DEMO500-0220,2026-08-26,Echo Valley Works,Pressure Testing,Unsafe Act,"At Echo Valley Works in the workshop aisle, during routine inspection, a worker used a small hand tool. Nearby was a secured ladder and closed platform, not in use. The worker slipped on a dry step while walking beside the bench, lost balance, and rolled an ankle. The worker caught a finger on the tool case but did not fall. No one was exposed to serious harm and no credible fatal outcome was identified. The ordinary footing control was present and verified. The ankle and finger were checked after the slip. The fingertip was checked. The worker removed the step and continued. The area was checked before work continued. The task was paused for review. Demo sequence 0220 was logged.",synthetic_judge_demo_v0_1
DEMO500-0221,2026-07-28,Aurora Basin,Driving,Unsafe Act,"At Aurora Basin in the workshop aisle, during routine inspection, a worker used a small hand tool. Nearby was a hand tool and parked vehicle, not in use. The worker slipped on a dry step while walking beside the bench, lost balance, and rolled an ankle. The worker caught a finger on the tool case but did not fall. No one was exposed to serious harm and no credible fatal outcome was identified. The ordinary footing control was present and verified. The ankle and finger were checked after the slip. The fingertip was checked. The worker removed the step and continued. The area was checked before work continued. The task was paused for review. Demo sequence 0221 was logged.",synthetic_judge_demo_v0_1
DEMO500-0222,2026-09-09,Delta Point Facility,Mechanical Lifting,Near Miss,"At Delta Point Facility in the workshop aisle, during routine inspection, a worker used a small hand tool. Nearby was a secured guard and idle control panel, not in use. The worker slipped on a dry step while walking beside the bench, lost balance, and rolled an ankle. The worker caught a finger on the tool case but did not fall. No one was exposed to serious harm and no credible fatal outcome was identified. The ordinary footing control was present and verified. The ankle and finger were checked after the slip. The fingertip was checked. The worker removed the step and continued. The area was checked before work continued. Demo sequence 0222 was logged.",synthetic_judge_demo_v0_1
DEMO500-0223,2026-07-31,Frostline Depot,Drilling,Unsafe Condition,"At Frostline Depot in the workshop aisle, during routine inspection, a worker used a small hand tool. Nearby was a cool hot-work torch and closed cylinder, not in use. The worker slipped on a dry step while walking beside the bench, lost balance, and rolled an ankle. The worker caught a finger on the tool case but did not fall. No one was exposed to serious harm and no credible fatal outcome was identified. The ordinary footing control was present and verified. The ankle and finger were checked after the slip. The fingertip was checked. The worker removed the step and continued. The area was checked before work continued. The task was paused for review. Demo sequence 0223 was logged.",synthetic_judge_demo_v0_1
DEMO500-0224,2026-09-08,Delta Point Facility,Drilling,Incident,"At Delta Point Facility in the workshop aisle, during routine inspection, a worker used a small hand tool. Nearby was a hand tool and parked vehicle, not in use. The worker slipped on a dry step while walking beside the bench, lost balance, and rolled an ankle. The worker caught a finger on the tool case but did not fall. No one was exposed to serious harm and no credible fatal outcome was identified. The ordinary footing control was present and verified. The ankle and finger were checked after the slip. The fingertip was checked. The worker removed the step and continued. The area was checked before work continued. The task was paused for review. Demo sequence 0224 was logged.",synthetic_judge_demo_v0_1
DEMO500-0225,2026-09-01,Aurora Basin,Drilling,Incident,"At Aurora Basin in the workshop aisle, during routine inspection, a worker used a small hand tool. Nearby was a hand tool and parked vehicle, not in use. The worker slipped on a dry step while walking beside the bench, lost balance, and rolled an ankle. The worker caught a finger on the tool case but did not fall. No one was exposed to serious harm and no credible fatal outcome was identified. The ordinary footing control was present and verified. The ankle and finger were checked after the slip. The fingertip was checked. The worker removed the step and continued. The area was checked before work continued. The task was paused for review. Demo sequence 0225 was logged.",synthetic_judge_demo_v0_1
DEMO500-0226,2026-08-13,Delta Point Facility,Driving,Unsafe Condition,"At Delta Point Facility in the workshop aisle, during routine inspection, a worker used a small hand tool. Nearby was a parked load and marked floor, not in use. The worker slipped on a dry step while walking beside the bench, lost balance, and rolled an ankle. The worker caught a finger on the tool case but did not fall. No one was exposed to serious harm and no credible fatal outcome was identified. The ordinary footing control was present and verified. The ankle and finger were checked after the slip. The fingertip was checked. The worker removed the step and continued. The barrier was reviewed before the task continued. Demo sequence 0226 was logged.",synthetic_judge_demo_v0_1
DEMO500-0227,2026-08-19,Echo Valley Works,Electrical Maintenance,Incident,"At Echo Valley Works in the workshop aisle, during routine inspection, a worker used a small hand tool. Nearby was a hand tool and parked vehicle, not in use. The worker slipped on a dry step while walking beside the bench, lost balance, and rolled an ankle. The worker caught a finger on the tool case but did not fall. No one was exposed to serious harm and no credible fatal outcome was identified. The ordinary footing control was present and verified. The ankle and finger were checked after the slip. The fingertip was checked. The worker removed the step and continued. The area was checked before work continued. The task was paused for review. Demo sequence 0227 was logged.",synthetic_judge_demo_v0_1
DEMO500-0228,2026-09-11,Cedar Ridge Station,Pressure Testing,Unsafe Act,"At Cedar Ridge Station in the workshop aisle, during routine inspection, a worker used a small hand tool. Nearby was a parked load and marked floor, not in use. The worker slipped on a dry step while walking beside the bench, lost balance, and rolled an ankle. The worker caught a finger on the tool case but did not fall. No one was exposed to serious harm and no credible fatal outcome was identified. The ordinary footing control was present and verified. The ankle and finger were checked after the slip. The fingertip was checked. The worker removed the step and continued. The barrier was reviewed before the task continued. Demo sequence 0228 was logged.",synthetic_judge_demo_v0_1
DEMO500-0229,2026-08-21,Blue Mesa Yard,Hot Work,Unsafe Act,"At Blue Mesa Yard in the workshop aisle, during routine inspection, a worker used a small hand tool. Nearby was a hand tool and parked vehicle, not in use. The worker slipped on a dry step while walking beside the bench, lost balance, and rolled an ankle. The worker caught a finger on the tool case but did not fall. No one was exposed to serious harm and no credible fatal outcome was identified. The ordinary footing control was present and verified. The ankle and finger were checked after the slip. The fingertip was checked. The worker removed the step and continued. The area was checked before work continued. The task was paused for review. Demo sequence 0229 was logged.",synthetic_judge_demo_v0_1
DEMO500-0230,2026-08-07,Aurora Basin,Valve Maintenance,Unsafe Act,"At Aurora Basin in the workshop aisle, during routine inspection, a worker used a small hand tool. Nearby was a cool hot-work torch and closed cylinder, not in use. The worker slipped on a dry step while walking beside the bench, lost balance, and rolled an ankle. The worker caught a finger on the tool case but did not fall. No one was exposed to serious harm and no credible fatal outcome was identified. The ordinary footing control was present and verified. The ankle and finger were checked after the slip. The fingertip was checked. The worker removed the step and continued. The area was checked before work continued. The task was paused for review. Demo sequence 0230 was logged.",synthetic_judge_demo_v0_1
DEMO500-0231,2026-07-27,Cedar Ridge Station,Driving,Near Miss,"At Cedar Ridge Station in the workshop aisle, during routine inspection, a worker used a small hand tool. Nearby was a cool hot-work torch and closed cylinder, not in use. The worker slipped on a dry step while walking beside the bench, lost balance, and rolled an ankle. The worker caught a finger on the tool case but did not fall. No one was exposed to serious harm and no credible fatal outcome was identified. The ordinary footing control was present and verified. The ankle and finger were checked after the slip. The fingertip was checked. The worker removed the step and continued. The area was checked before work continued. The task was paused for review. Demo sequence 0231 was logged.",synthetic_judge_demo_v0_1
DEMO500-0232,2026-09-08,Blue Mesa Yard,Pressure Testing,Unsafe Act,"At Blue Mesa Yard in the workshop aisle, during routine inspection, a worker used a small hand tool. Nearby was a parked load and inspected sling, not in use. The worker slipped on a dry step while walking beside the bench, lost balance, and rolled an ankle. The worker caught a finger on the tool case but did not fall. No one was exposed to serious harm and no credible fatal outcome was identified. The ordinary footing control was present and verified. The ankle and finger were checked after the slip. The fingertip was checked. The worker removed the step and continued. The task was paused for a control check. Demo sequence 0232 was logged.",synthetic_judge_demo_v0_1
DEMO500-0233,2026-09-01,Blue Mesa Yard,Hot Work,Unsafe Condition,"At Blue Mesa Yard in the workshop aisle, during routine inspection, a worker used a small hand tool. Nearby was a secured guard and idle control panel, not in use. The worker slipped on a dry step while walking beside the bench, lost balance, and rolled an ankle. The worker caught a finger on the tool case but did not fall. No one was exposed to serious harm and no credible fatal outcome was identified. The ordinary footing control was present and verified. The ankle and finger were checked after the slip. The fingertip was checked. The worker removed the step and continued. The area was checked before work continued. The task was paused for review. Demo sequence 0233 was logged.",synthetic_judge_demo_v0_1
DEMO500-0234,2026-09-03,Blue Mesa Yard,Inspection,Unsafe Act,"At Blue Mesa Yard in the workshop aisle, during routine inspection, a worker used a small hand tool. Nearby was a hand tool and parked vehicle, not in use. The worker slipped on a dry step while walking beside the bench, lost balance, and rolled an ankle. The worker caught a finger on the tool case but did not fall. No one was exposed to serious harm and no credible fatal outcome was identified. The ordinary footing control was present and verified. The ankle and finger were checked after the slip. The fingertip was checked. The worker removed the step and continued. The area was checked before work continued. The task was paused for review. Demo sequence 0234 was logged.",synthetic_judge_demo_v0_1
DEMO500-0235,2026-08-07,Cedar Ridge Station,Mechanical Lifting,Unsafe Act,"At Cedar Ridge Station in the workshop aisle, during routine inspection, a worker used a small hand tool. Nearby was a parked load and inspected sling, not in use. The worker slipped on a dry step while walking beside the bench, lost balance, and rolled an ankle. The worker caught a finger on the tool case but did not fall. No one was exposed to serious harm and no credible fatal outcome was identified. The ordinary footing control was present and verified. The ankle and finger were checked after the slip. The fingertip was checked. The worker removed the step and continued. The task was paused for a control check. Demo sequence 0235 was logged.",synthetic_judge_demo_v0_1
DEMO500-0236,2026-08-24,Cedar Ridge Station,Mechanical Lifting,Incident,"At Cedar Ridge Station in the workshop aisle, during routine inspection, a worker used a small hand tool. Nearby was a parked load and marked floor, not in use. The worker slipped on a dry step while walking beside the bench, lost balance, and rolled an ankle. The worker caught a finger on the tool case but did not fall. No one was exposed to serious harm and no credible fatal outcome was identified. The ordinary footing control was present and verified. The ankle and finger were checked after the slip. The fingertip was checked. The worker removed the step and continued. The barrier was reviewed before the task continued. Demo sequence 0236 was logged.",synthetic_judge_demo_v0_1
DEMO500-0237,2026-09-04,Blue Mesa Yard,Electrical Maintenance,Incident,"At Blue Mesa Yard in the workshop aisle, during routine inspection, a worker used a small hand tool. Nearby was a secured guard and idle control panel, not in use. The worker slipped on a dry step while walking beside the bench, lost balance, and rolled an ankle. The worker caught a finger on the tool case but did not fall. No one was exposed to serious harm and no credible fatal outcome was identified. The ordinary footing control was present and verified. The ankle and finger were checked after the slip. The fingertip was checked. The worker removed the step and continued. The area was checked before work continued. The task was paused for review. Demo sequence 0237 was logged.",synthetic_judge_demo_v0_1
DEMO500-0238,2026-08-07,Delta Point Facility,Hot Work,Near Miss,"At Delta Point Facility in the workshop aisle, during routine inspection, a worker used a small hand tool. Nearby was a checked permit board and hand tool, not in use. The worker slipped on a dry step while walking beside the bench, lost balance, and rolled an ankle. The worker caught a finger on the tool case but did not fall. No one was exposed to serious harm and no credible fatal outcome was identified. The ordinary footing control was present and verified. The ankle and finger were checked after the slip. The fingertip was checked. The worker removed the step and continued. The area was checked before work continued. The task was paused for review. Demo sequence 0238 was logged.",synthetic_judge_demo_v0_1
DEMO500-0239,2026-08-12,Aurora Basin,Electrical Maintenance,Unsafe Act,"At Aurora Basin in the workshop aisle, during routine inspection, a worker used a small hand tool. Nearby was a checked permit board and hand tool, not in use. The worker slipped on a dry step while walking beside the bench, lost balance, and rolled an ankle. The worker caught a finger on the tool case but did not fall. No one was exposed to serious harm and no credible fatal outcome was identified. The ordinary footing control was present and verified. The ankle and finger were checked after the slip. The fingertip was checked. The worker removed the step and continued. The area was checked before work continued. The task was paused for review. Demo sequence 0239 was logged.",synthetic_judge_demo_v0_1
DEMO500-0240,2026-08-24,Blue Mesa Yard,Driving,Unsafe Act,"At Blue Mesa Yard in the workshop aisle, during routine inspection, a worker used a small hand tool. Nearby was a parked load and inspected sling, not in use. The worker slipped on a dry step while walking beside the bench, lost balance, and rolled an ankle. The worker caught a finger on the tool case but did not fall. No one was exposed to serious harm and no credible fatal outcome was identified. The ordinary footing control was present and verified. The ankle and finger were checked after the slip. The fingertip was checked. The worker removed the step and continued. The task was paused for a control check. Demo sequence 0240 was logged.",synthetic_judge_demo_v0_1
DEMO500-0241,2026-07-28,Cedar Ridge Station,Inspection,Near Miss,"At Cedar Ridge Station in the workshop aisle, during routine inspection, a worker used a small hand tool. Nearby was a checked permit board and hand tool, not in use. The worker slipped on a dry step while walking beside the bench, lost balance, and rolled an ankle. The worker caught a finger on the tool case but did not fall. No one was exposed to serious harm and no credible fatal outcome was identified. The ordinary footing control was present and verified. The ankle and finger were checked after the slip. The fingertip was checked. The worker removed the step and continued. The area was checked before work continued. The task was paused for review. Demo sequence 0241 was logged.",synthetic_judge_demo_v0_1
DEMO500-0242,2026-08-04,Aurora Basin,Driving,Unsafe Condition,"At Aurora Basin in the workshop aisle, during routine inspection, a worker used a small hand tool. Nearby was a secured ladder and closed platform, not in use. The worker slipped on a dry step while walking beside the bench, lost balance, and rolled an ankle. The worker caught a finger on the tool case but did not fall. No one was exposed to serious harm and no credible fatal outcome was identified. The ordinary footing control was present and verified. The ankle and finger were checked after the slip. The fingertip was checked. The worker removed the step and continued. The area was checked before work continued. The task was paused for review. Demo sequence 0242 was logged.",synthetic_judge_demo_v0_1
DEMO500-0243,2026-08-18,Frostline Depot,Inspection,Near Miss,"At Frostline Depot in the workshop aisle, during routine inspection, a worker used a small hand tool. Nearby was a closed pressure valve and disconnected line, not in use. The worker slipped on a dry step while walking beside the bench, lost balance, and rolled an ankle. The worker caught a finger on the tool case but did not fall. No one was exposed to serious harm and no credible fatal outcome was identified. The ordinary footing control was present and verified. The ankle and finger were checked after the slip. The fingertip was checked. The worker removed the step and continued. The task was paused for a control check. Demo sequence 0243 was logged.",synthetic_judge_demo_v0_1
DEMO500-0244,2026-08-27,Frostline Depot,Mechanical Lifting,Near Miss,"At Frostline Depot in the workshop aisle, during routine inspection, a worker used a small hand tool. Nearby was a cool hot-work torch and closed cylinder, not in use. The worker slipped on a dry step while walking beside the bench, lost balance, and rolled an ankle. The worker caught a finger on the tool case but did not fall. No one was exposed to serious harm and no credible fatal outcome was identified. The ordinary footing control was present and verified. The ankle and finger were checked after the slip. The fingertip was checked. The worker removed the step and continued. The area was checked before work continued. The task was paused for review. Demo sequence 0244 was logged.",synthetic_judge_demo_v0_1
DEMO500-0245,2026-09-02,Blue Mesa Yard,Mechanical Lifting,Unsafe Act,"At Blue Mesa Yard in the workshop aisle, during routine inspection, a worker used a small hand tool. Nearby was a parked vehicle and clear route, not in use. The worker slipped on a dry step while walking beside the bench, lost balance, and rolled an ankle. The worker caught a finger on the tool case but did not fall. No one was exposed to serious harm and no credible fatal outcome was identified. The ordinary footing control was present and verified. The ankle and finger were checked after the slip. The fingertip was checked. The worker removed the step and continued. The area was checked before work continued. The task was paused for review. Demo sequence 0245 was logged.",synthetic_judge_demo_v0_1
DEMO500-0246,2026-08-07,Frostline Depot,Valve Maintenance,Near Miss,"At Frostline Depot in the workshop aisle, during routine inspection, a worker used a small hand tool. Nearby was a secured ladder and closed platform, not in use. The worker slipped on a dry step while walking beside the bench, lost balance, and rolled an ankle. The worker caught a finger on the tool case but did not fall. No one was exposed to serious harm and no credible fatal outcome was identified. The ordinary footing control was present and verified. The ankle and finger were checked after the slip. The fingertip was checked. The worker removed the step and continued. The area was checked before work continued. The task was paused for review. Demo sequence 0246 was logged.",synthetic_judge_demo_v0_1
DEMO500-0247,2026-08-17,Cedar Ridge Station,Valve Maintenance,Unsafe Condition,"At Cedar Ridge Station in the workshop aisle, during routine inspection, a worker used a small hand tool. Nearby was a hand tool and parked vehicle, not in use. The worker slipped on a dry step while walking beside the bench, lost balance, and rolled an ankle. The worker caught a finger on the tool case but did not fall. No one was exposed to serious harm and no credible fatal outcome was identified. The ordinary footing control was present and verified. The ankle and finger were checked after the slip. The fingertip was checked. The worker removed the step and continued. The area was checked before work continued. The task was paused for review. Demo sequence 0247 was logged.",synthetic_judge_demo_v0_1
DEMO500-0248,2026-08-25,Frostline Depot,Driving,Near Miss,"At Frostline Depot in the workshop aisle, during routine inspection, a worker used a small hand tool. Nearby was a hand tool and parked vehicle, not in use. The worker slipped on a dry step while walking beside the bench, lost balance, and rolled an ankle. The worker caught a finger on the tool case but did not fall. No one was exposed to serious harm and no credible fatal outcome was identified. The ordinary footing control was present and verified. The ankle and finger were checked after the slip. The fingertip was checked. The worker removed the step and continued. The area was checked before work continued. The task was paused for review. Demo sequence 0248 was logged.",synthetic_judge_demo_v0_1
DEMO500-0249,2026-07-30,Frostline Depot,Pressure Testing,Near Miss,"At Frostline Depot in the workshop aisle, during routine inspection, a worker used a small hand tool. Nearby was a parked load and marked floor, not in use. The worker slipped on a dry step while walking beside the bench, lost balance, and rolled an ankle. The worker caught a finger on the tool case but did not fall. No one was exposed to serious harm and no credible fatal outcome was identified. The ordinary footing control was present and verified. The ankle and finger were checked after the slip. The fingertip was checked. The worker removed the step and continued. The barrier was reviewed before the task continued. Demo sequence 0249 was logged.",synthetic_judge_demo_v0_1
DEMO500-0250,2026-08-04,Blue Mesa Yard,Electrical Maintenance,Near Miss,"At Blue Mesa Yard in the workshop aisle, during routine inspection, a worker used a small hand tool. Nearby was a secured guard and idle control panel, not in use. The worker slipped on a dry step while walking beside the bench, lost balance, and rolled an ankle. The worker caught a finger on the tool case but did not fall. No one was exposed to serious harm and no credible fatal outcome was identified. The ordinary footing control was present and verified. The ankle and finger were checked after the slip. The fingertip was checked. The worker removed the step and continued. The area was checked before work continued. The task was paused for review. Demo sequence 0250 was logged.",synthetic_judge_demo_v0_1
DEMO500-0251,2026-07-28,Blue Mesa Yard,Drilling,Near Miss,"At Blue Mesa Yard in the workshop aisle, during routine inspection, a worker used a small hand tool. Nearby was a parked load and marked floor, not in use. The worker slipped on a dry step while walking beside the bench, lost balance, and rolled an ankle. The worker caught a finger on the tool case but did not fall. No one was exposed to serious harm and no credible fatal outcome was identified. The ordinary footing control was present and verified. The ankle and finger were checked after the slip. The fingertip was checked. The worker removed the step and continued. The area was checked before work continued. Demo sequence 0251 was logged.",synthetic_judge_demo_v0_1
DEMO500-0252,2026-08-21,Cedar Ridge Station,Mechanical Lifting,Near Miss,"At Cedar Ridge Station in the workshop aisle, during routine inspection, a worker used a small hand tool. Nearby was a hand tool and parked vehicle, not in use. The worker slipped on a dry step while walking beside the bench, lost balance, and rolled an ankle. The worker caught a finger on the tool case but did not fall. No one was exposed to serious harm and no credible fatal outcome was identified. The ordinary footing control was present and verified. The ankle and finger were checked after the slip. The fingertip was checked. The worker removed the step and continued. The area was checked before work continued. The task was paused for review. Demo sequence 0252 was logged.",synthetic_judge_demo_v0_1
DEMO500-0253,2026-08-17,Blue Mesa Yard,Valve Maintenance,Near Miss,"At Blue Mesa Yard in the workshop aisle, during routine inspection, a worker used a small hand tool. Nearby was a secured ladder and closed platform, not in use. The worker slipped on a dry step while walking beside the bench, lost balance, and rolled an ankle. The worker caught a finger on the tool case but did not fall. No one was exposed to serious harm and no credible fatal outcome was identified. The ordinary footing control was present and verified. The ankle and finger were checked after the slip. The fingertip was checked. The worker removed the step and continued. The area was checked before work continued. The task was paused for review. Demo sequence 0253 was logged.",synthetic_judge_demo_v0_1
DEMO500-0254,2026-09-04,Frostline Depot,Valve Maintenance,Unsafe Condition,"At Frostline Depot in the workshop aisle, during routine inspection, a worker used a small hand tool. Nearby was a cool hot-work torch and closed cylinder, not in use. The worker slipped on a dry step while walking beside the bench, lost balance, and rolled an ankle. The worker caught a finger on the tool case but did not fall. No one was exposed to serious harm and no credible fatal outcome was identified. The ordinary footing control was present and verified. The ankle and finger were checked after the slip. The fingertip was checked. The worker removed the step and continued. The area was checked before work continued. The task was paused for review. Demo sequence 0254 was logged.",synthetic_judge_demo_v0_1
DEMO500-0255,2026-08-05,Delta Point Facility,Mechanical Lifting,Unsafe Condition,"At Delta Point Facility in the workshop aisle, during routine inspection, a worker used a small hand tool. Nearby was a closed vessel and idle gas monitor, not in use. The worker slipped on a dry step while walking beside the bench, lost balance, and rolled an ankle. The worker caught a finger on the tool case but did not fall. No one was exposed to serious harm and no credible fatal outcome was identified. The ordinary footing control was present and verified. The ankle and finger were checked after the slip. The fingertip was checked. The worker removed the step and continued. The area was checked before work continued. The task was paused for review. Demo sequence 0255 was logged.",synthetic_judge_demo_v0_1
DEMO500-0256,2026-09-07,Blue Mesa Yard,Mechanical Lifting,Unsafe Condition,"At Blue Mesa Yard in the workshop aisle, during routine inspection, a worker used a small hand tool. Nearby was a secured ladder and closed platform, not in use. The worker slipped on a dry step while walking beside the bench, lost balance, and rolled an ankle. The worker caught a finger on the tool case but did not fall. No one was exposed to serious harm and no credible fatal outcome was identified. The ordinary footing control was present and verified. The ankle and finger were checked after the slip. The fingertip was checked. The worker removed the step and continued. The area was checked before work continued. The task was paused for review. Demo sequence 0256 was logged.",synthetic_judge_demo_v0_1
DEMO500-0257,2026-07-24,Frostline Depot,Driving,Unsafe Act,"At Frostline Depot in the workshop aisle, during routine inspection, a worker used a small hand tool. Nearby was a parked vehicle and clear route, not in use. The worker slipped on a dry step while walking beside the bench, lost balance, and rolled an ankle. The worker caught a finger on the tool case but did not fall. No one was exposed to serious harm and no credible fatal outcome was identified. The ordinary footing control was present and verified. The ankle and finger were checked after the slip. The fingertip was checked. The worker removed the step and continued. The area was checked before work continued. The task was paused for review. Demo sequence 0257 was logged.",synthetic_judge_demo_v0_1
DEMO500-0258,2026-07-22,Delta Point Facility,Driving,Incident,"At Delta Point Facility in the workshop aisle, during routine inspection, a worker used a small hand tool. Nearby was a checked permit board and hand tool, not in use. The worker slipped on a dry step while walking beside the bench, lost balance, and rolled an ankle. The worker caught a finger on the tool case but did not fall. No one was exposed to serious harm and no credible fatal outcome was identified. The ordinary footing control was present and verified. The ankle and finger were checked after the slip. The fingertip was checked. The worker removed the step and continued. The area was checked before work continued. The task was paused for review. Demo sequence 0258 was logged.",synthetic_judge_demo_v0_1
DEMO500-0259,2026-08-21,Echo Valley Works,Drilling,Near Miss,"At Echo Valley Works in the workshop aisle, during routine inspection, a worker used a small hand tool. Nearby was a parked load and inspected sling, not in use. The worker slipped on a dry step while walking beside the bench, lost balance, and rolled an ankle. The worker caught a finger on the tool case but did not fall. No one was exposed to serious harm and no credible fatal outcome was identified. The ordinary footing control was present and verified. The ankle and finger were checked after the slip. The fingertip was checked. The worker removed the step and continued. The task was paused for a control check. Demo sequence 0259 was logged.",synthetic_judge_demo_v0_1
DEMO500-0260,2026-07-24,Frostline Depot,Mechanical Lifting,Near Miss,"At Frostline Depot in the workshop aisle, during routine inspection, a worker used a small hand tool. Nearby was a closed vessel and idle gas monitor, not in use. The worker slipped on a dry step while walking beside the bench, lost balance, and rolled an ankle. The worker caught a finger on the tool case but did not fall. No one was exposed to serious harm and no credible fatal outcome was identified. The ordinary footing control was present and verified. The ankle and finger were checked after the slip. The fingertip was checked. The worker removed the step and continued. The area was checked before work continued. The task was paused for review. Demo sequence 0260 was logged.",synthetic_judge_demo_v0_1
DEMO500-0261,2026-09-02,Aurora Basin,Electrical Maintenance,Near Miss,"At Aurora Basin in the workshop aisle, during routine inspection, a worker used a small hand tool. Nearby was a secured guard and idle control panel, not in use. The worker slipped on a dry step while walking beside the bench, lost balance, and rolled an ankle. The worker caught a finger on the tool case but did not fall. No one was exposed to serious harm and no credible fatal outcome was identified. The ordinary footing control was present and verified. The ankle and finger were checked after the slip. The fingertip was checked. The worker removed the step and continued. The area was checked before work continued. The task was paused for review. Demo sequence 0261 was logged.",synthetic_judge_demo_v0_1
DEMO500-0262,2026-09-10,Blue Mesa Yard,Drilling,Unsafe Condition,"At Blue Mesa Yard in the workshop aisle, during routine inspection, a worker used a small hand tool. Nearby was a parked load and inspected sling, not in use. The worker slipped on a dry step while walking beside the bench, lost balance, and rolled an ankle. The worker caught a finger on the tool case but did not fall. No one was exposed to serious harm and no credible fatal outcome was identified. The ordinary footing control was present and verified. The ankle and finger were checked after the slip. The fingertip was checked. The worker removed the step and continued. The task was paused for a control check. Demo sequence 0262 was logged.",synthetic_judge_demo_v0_1
DEMO500-0263,2026-08-06,Aurora Basin,Inspection,Incident,"At Aurora Basin in the workshop aisle, during routine inspection, a worker used a small hand tool. Nearby was a parked load and marked floor, not in use. The worker slipped on a dry step while walking beside the bench, lost balance, and rolled an ankle. The worker caught a finger on the tool case but did not fall. No one was exposed to serious harm and no credible fatal outcome was identified. The ordinary footing control was present and verified. The ankle and finger were checked after the slip. The fingertip was checked. The worker removed the step and continued. The barrier was reviewed before the task continued. Demo sequence 0263 was logged.",synthetic_judge_demo_v0_1
DEMO500-0264,2026-09-11,Delta Point Facility,Inspection,Near Miss,"At Delta Point Facility in the workshop aisle, during routine inspection, a worker used a small hand tool. Nearby was a parked vehicle and clear route, not in use. The worker slipped on a dry step while walking beside the bench, lost balance, and rolled an ankle. The worker caught a finger on the tool case but did not fall. No one was exposed to serious harm and no credible fatal outcome was identified. The ordinary footing control was present and verified. The ankle and finger were checked after the slip. The fingertip was checked. The worker removed the step and continued. The area was checked before work continued. Demo sequence 0264 was logged.",synthetic_judge_demo_v0_1
DEMO500-0265,2026-08-12,Frostline Depot,Electrical Maintenance,Near Miss,"At Frostline Depot in the workshop aisle, during routine inspection, a worker used a small hand tool. Nearby was a parked vehicle and clear route, not in use. The worker slipped on a dry step while walking beside the bench, lost balance, and rolled an ankle. The worker caught a finger on the tool case but did not fall. No one was exposed to serious harm and no credible fatal outcome was identified. The ordinary footing control was present and verified. The ankle and finger were checked after the slip. The fingertip was checked. The worker removed the step and continued. The area was checked before work continued. The task was paused for review. Demo sequence 0265 was logged.",synthetic_judge_demo_v0_1
DEMO500-0266,2026-08-11,Delta Point Facility,Pressure Testing,Unsafe Condition,"At Delta Point Facility in the workshop aisle, during routine inspection, a worker used a small hand tool. Nearby was a parked load and marked floor, not in use. The worker slipped on a dry step while walking beside the bench, lost balance, and rolled an ankle. The worker caught a finger on the tool case but did not fall. No one was exposed to serious harm and no credible fatal outcome was identified. The ordinary footing control was present and verified. The ankle and finger were checked after the slip. The fingertip was checked. The worker removed the step and continued. The barrier was reviewed before the task continued. Demo sequence 0266 was logged.",synthetic_judge_demo_v0_1
DEMO500-0267,2026-07-21,Frostline Depot,Drilling,Incident,"At Frostline Depot in the workshop aisle, during routine inspection, a worker used a small hand tool. Nearby was a secured guard and idle control panel, not in use. The worker slipped on a dry step while walking beside the bench, lost balance, and rolled an ankle. The worker caught a finger on the tool case but did not fall. No one was exposed to serious harm and no credible fatal outcome was identified. The ordinary footing control was present and verified. The ankle and finger were checked after the slip. The fingertip was checked. The worker removed the step and continued. The area was checked before work continued. The task was paused for review. Demo sequence 0267 was logged.",synthetic_judge_demo_v0_1
DEMO500-0268,2026-09-11,Blue Mesa Yard,Valve Maintenance,Near Miss,"At Blue Mesa Yard in the workshop aisle, during routine inspection, a worker used a small hand tool. Nearby was a closed vessel and idle gas monitor, not in use. The worker slipped on a dry step while walking beside the bench, lost balance, and rolled an ankle. The worker caught a finger on the tool case but did not fall. No one was exposed to serious harm and no credible fatal outcome was identified. The ordinary footing control was present and verified. The ankle and finger were checked after the slip. The fingertip was checked. The worker removed the step and continued. The area was checked before work continued. The task was paused for review. Demo sequence 0268 was logged.",synthetic_judge_demo_v0_1
DEMO500-0269,2026-08-11,Echo Valley Works,Mechanical Lifting,Unsafe Condition,"At Echo Valley Works in the workshop aisle, during routine inspection, a worker used a small hand tool. Nearby was a hand tool and parked vehicle, not in use. The worker slipped on a dry step while walking beside the bench, lost balance, and rolled an ankle. The worker caught a finger on the tool case but did not fall. No one was exposed to serious harm and no credible fatal outcome was identified. The ordinary footing control was present and verified. The ankle and finger were checked after the slip. The fingertip was checked. The worker removed the step and continued. The area was checked before work continued. The task was paused for review. Demo sequence 0269 was logged.",synthetic_judge_demo_v0_1
DEMO500-0270,2026-09-09,Echo Valley Works,Hot Work,Near Miss,"At Echo Valley Works in the workshop aisle, during routine inspection, a worker used a small hand tool. Nearby was a secured ladder and closed platform, not in use. The worker slipped on a dry step while walking beside the bench, lost balance, and rolled an ankle. The worker caught a finger on the tool case but did not fall. No one was exposed to serious harm and no credible fatal outcome was identified. The ordinary footing control was present and verified. The ankle and finger were checked after the slip. The fingertip was checked. The worker removed the step and continued. The area was checked before work continued. The task was paused for review. Demo sequence 0270 was logged.",synthetic_judge_demo_v0_1
DEMO500-0271,2026-07-27,Delta Point Facility,Valve Maintenance,Unsafe Condition,"At Delta Point Facility in the workshop aisle, during routine inspection, a worker used a small hand tool. Nearby was a hand tool and parked vehicle, not in use. The worker slipped on a dry step while walking beside the bench, lost balance, and rolled an ankle. The worker caught a finger on the tool case but did not fall. No one was exposed to serious harm and no credible fatal outcome was identified. The ordinary footing control was present and verified. The ankle and finger were checked after the slip. The fingertip was checked. The worker removed the step and continued. The area was checked before work continued. The task was paused for review. Demo sequence 0271 was logged.",synthetic_judge_demo_v0_1
DEMO500-0272,2026-07-22,Delta Point Facility,Valve Maintenance,Near Miss,"At Delta Point Facility in the workshop aisle, during routine inspection, a worker used a small hand tool. Nearby was a hand tool and parked vehicle, not in use. The worker slipped on a dry step while walking beside the bench, lost balance, and rolled an ankle. The worker caught a finger on the tool case but did not fall. No one was exposed to serious harm and no credible fatal outcome was identified. The ordinary footing control was present and verified. The ankle and finger were checked after the slip. The fingertip was checked. The worker removed the step and continued. The area was checked before work continued. The task was paused for review. Demo sequence 0272 was logged.",synthetic_judge_demo_v0_1
DEMO500-0273,2026-08-31,Aurora Basin,Inspection,Incident,"At Aurora Basin in the workshop aisle, during routine inspection, a worker used a small hand tool. Nearby was a hand tool and parked vehicle, not in use. The worker slipped on a dry step while walking beside the bench, lost balance, and rolled an ankle. The worker caught a finger on the tool case but did not fall. No one was exposed to serious harm and no credible fatal outcome was identified. The ordinary footing control was present and verified. The ankle and finger were checked after the slip. The fingertip was checked. The worker removed the step and continued. The area was checked before work continued. The task was paused for review. Demo sequence 0273 was logged.",synthetic_judge_demo_v0_1
DEMO500-0274,2026-09-09,Aurora Basin,Inspection,Near Miss,"At Aurora Basin in the workshop aisle, during routine inspection, a worker used a small hand tool. Nearby was a parked load and inspected sling, not in use. The worker slipped on a dry step while walking beside the bench, lost balance, and rolled an ankle. The worker caught a finger on the tool case but did not fall. No one was exposed to serious harm and no credible fatal outcome was identified. The ordinary footing control was present and verified. The ankle and finger were checked after the slip. The fingertip was checked. The worker removed the step and continued. The task was paused for a control check. Demo sequence 0274 was logged.",synthetic_judge_demo_v0_1
DEMO500-0275,2026-08-24,Aurora Basin,Driving,Near Miss,"At Aurora Basin in the workshop aisle, during routine inspection, a worker used a small hand tool. Nearby was a secured guard and idle control panel, not in use. The worker slipped on a dry step while walking beside the bench, lost balance, and rolled an ankle. The worker caught a finger on the tool case but did not fall. No one was exposed to serious harm and no credible fatal outcome was identified. The ordinary footing control was present and verified. The ankle and finger were checked after the slip. The fingertip was checked. The worker removed the step and continued. The area was checked before work continued. The task was paused for review. Demo sequence 0275 was logged.",synthetic_judge_demo_v0_1
DEMO500-0276,2026-07-23,Frostline Depot,Drilling,Near Miss,"At Frostline Depot in the workshop aisle, during routine inspection, a worker used a small hand tool. Nearby was a closed pressure valve and disconnected line, not in use. The worker slipped on a dry step while walking beside the bench, lost balance, and rolled an ankle. The worker caught a finger on the tool case but did not fall. No one was exposed to serious harm and no credible fatal outcome was identified. The ordinary footing control was present and verified. The ankle and finger were checked after the slip. The fingertip was checked. The worker removed the step and continued. The task was paused for a control check. Demo sequence 0276 was logged.",synthetic_judge_demo_v0_1
DEMO500-0277,2026-08-14,Cedar Ridge Station,Mechanical Lifting,Near Miss,"At Cedar Ridge Station in the workshop aisle, during routine inspection, a worker used a small hand tool. Nearby was a parked load and marked floor, not in use. The worker slipped on a dry step while walking beside the bench, lost balance, and rolled an ankle. The worker caught a finger on the tool case but did not fall. No one was exposed to serious harm and no credible fatal outcome was identified. The ordinary footing control was present and verified. The ankle and finger were checked after the slip. The fingertip was checked. The worker removed the step and continued. The barrier was reviewed before the task continued. Demo sequence 0277 was logged.",synthetic_judge_demo_v0_1
DEMO500-0278,2026-09-01,Cedar Ridge Station,Mechanical Lifting,Incident,"At Cedar Ridge Station in the workshop aisle, during routine inspection, a worker used a small hand tool. Nearby was a parked load and inspected sling, not in use. The worker slipped on a dry step while walking beside the bench, lost balance, and rolled an ankle. The worker caught a finger on the tool case but did not fall. No one was exposed to serious harm and no credible fatal outcome was identified. The ordinary footing control was present and verified. The ankle and finger were checked after the slip. The fingertip was checked. The worker removed the step and continued. The task was paused for a control check. Demo sequence 0278 was logged.",synthetic_judge_demo_v0_1
DEMO500-0279,2026-09-03,Aurora Basin,Inspection,Incident,"At Aurora Basin in the workshop aisle, during routine inspection, a worker used a small hand tool. Nearby was a secured guard and idle control panel, not in use. The worker slipped on a dry step while walking beside the bench, lost balance, and rolled an ankle. The worker caught a finger on the tool case but did not fall. No one was exposed to serious harm and no credible fatal outcome was identified. The ordinary footing control was present and verified. The ankle and finger were checked after the slip. The fingertip was checked. The worker removed the step and continued. The area was checked before work continued. The task was paused for review. Demo sequence 0279 was logged.",synthetic_judge_demo_v0_1
DEMO500-0280,2026-07-29,Aurora Basin,Electrical Maintenance,Unsafe Condition,"At Aurora Basin in the workshop aisle, during routine inspection, a worker used a small hand tool. Nearby was a secured guard and idle control panel, not in use. The worker slipped on a dry step while walking beside the bench, lost balance, and rolled an ankle. The worker caught a finger on the tool case but did not fall. No one was exposed to serious harm and no credible fatal outcome was identified. The ordinary footing control was present and verified. The ankle and finger were checked after the slip. The fingertip was checked. The worker removed the step and continued. The area was checked before work continued. The task was paused for review. Demo sequence 0280 was logged.",synthetic_judge_demo_v0_1
DEMO500-0281,2026-09-07,Cedar Ridge Station,Pressure Testing,Unsafe Act,"At Cedar Ridge Station in the workshop aisle, during routine inspection, a worker used a small hand tool. Nearby was a parked load and marked floor, not in use. The worker slipped on a dry step while walking beside the bench, lost balance, and rolled an ankle. The worker caught a finger on the tool case but did not fall. No one was exposed to serious harm and no credible fatal outcome was identified. The ordinary footing control was present and verified. The ankle and finger were checked after the slip. The fingertip was checked. The worker removed the step and continued. Demo sequence 0281 was logged.",synthetic_judge_demo_v0_1
DEMO500-0282,2026-08-18,Blue Mesa Yard,Mechanical Lifting,Unsafe Condition,"At Blue Mesa Yard in the workshop aisle, during routine inspection, a worker used a small hand tool. Nearby was a parked vehicle and clear route, not in use. The worker slipped on a dry step while walking beside the bench, lost balance, and rolled an ankle. The worker caught a finger on the tool case but did not fall. No one was exposed to serious harm and no credible fatal outcome was identified. The ordinary footing control was present and verified. The ankle and finger were checked after the slip. The fingertip was checked. The worker removed the step and continued. Demo sequence 0282 was logged.",synthetic_judge_demo_v0_1
DEMO500-0283,2026-08-13,Cedar Ridge Station,Mechanical Lifting,Unsafe Act,"At Cedar Ridge Station in the workshop aisle, during routine inspection, a worker used a small hand tool. Nearby was a secured ladder and closed platform, not in use. The worker slipped on a dry step while walking beside the bench, lost balance, and rolled an ankle. The worker caught a finger on the tool case but did not fall. No one was exposed to serious harm and no credible fatal outcome was identified. The ordinary footing control was present and verified. The ankle and finger were checked after the slip. The fingertip was checked. The worker removed the step and continued. Demo sequence 0283 was logged.",synthetic_judge_demo_v0_1
DEMO500-0284,2026-07-20,Cedar Ridge Station,Driving,Incident,"At Cedar Ridge Station in the workshop aisle, during routine inspection, a worker used a small hand tool. Nearby was a closed pressure valve and disconnected line, not in use. The worker slipped on a dry step while walking beside the bench, lost balance, and rolled an ankle. The worker caught a finger on the tool case but did not fall. No one was exposed to serious harm and no credible fatal outcome was identified. The ordinary footing control was present and verified. The ankle and finger were checked after the slip. The fingertip was checked. The worker removed the step and continued. Demo sequence 0284 was logged.",synthetic_judge_demo_v0_1
DEMO500-0285,2026-08-18,Blue Mesa Yard,Hot Work,Unsafe Act,"At Blue Mesa Yard in the workshop aisle, during routine inspection, a worker used a small hand tool. Nearby was a hand tool and parked vehicle, not in use. The worker slipped on a dry step while walking beside the bench, lost balance, and rolled an ankle. The worker caught a finger on the tool case but did not fall. No one was exposed to serious harm and no credible fatal outcome was identified. The ordinary footing control was present and verified. The ankle and finger were checked after the slip. The fingertip was checked. The worker removed the step and continued. Demo sequence 0285 was logged.",synthetic_judge_demo_v0_1
DEMO500-0286,2026-09-04,Aurora Basin,Mechanical Lifting,Near Miss,"At Aurora Basin in the workshop aisle, during routine inspection, a worker used a small hand tool. Nearby was a cool hot-work torch and closed cylinder, not in use. The worker slipped on a dry step while walking beside the bench, lost balance, and rolled an ankle. The worker caught a finger on the tool case but did not fall. No one was exposed to serious harm and no credible fatal outcome was identified. The ordinary footing control was present and verified. The ankle and finger were checked after the slip. The fingertip was checked. The worker removed the step and continued. Demo sequence 0286 was logged.",synthetic_judge_demo_v0_1
DEMO500-0287,2026-08-28,Delta Point Facility,Inspection,Near Miss,"At Delta Point Facility in the workshop aisle, during routine inspection, a worker used a small hand tool. Nearby was a closed pressure valve and disconnected line, not in use. The worker slipped on a dry step while walking beside the bench, lost balance, and rolled an ankle. The worker caught a finger on the tool case but did not fall. No one was exposed to serious harm and no credible fatal outcome was identified. The ordinary footing control was present and verified. The ankle and finger were checked after the slip. The fingertip was checked. The worker removed the step and continued. Demo sequence 0287 was logged.",synthetic_judge_demo_v0_1
DEMO500-0288,2026-08-21,Aurora Basin,Driving,Unsafe Condition,"At Aurora Basin in the workshop aisle, during routine inspection, a worker used a small hand tool. Nearby was a closed pressure valve and disconnected line, not in use. The worker slipped on a dry step while walking beside the bench, lost balance, and rolled an ankle. The worker caught a finger on the tool case but did not fall. No one was exposed to serious harm and no credible fatal outcome was identified. The ordinary footing control was present and verified. The ankle and finger were checked after the slip. The fingertip was checked. The worker removed the step and continued. Demo sequence 0288 was logged.",synthetic_judge_demo_v0_1
DEMO500-0289,2026-09-03,Aurora Basin,Mechanical Lifting,Near Miss,"At Aurora Basin in the workshop aisle, during routine inspection, a worker used a small hand tool. Nearby was a checked permit board and hand tool, not in use. The worker slipped on a dry step while walking beside the bench, lost balance, and rolled an ankle. The worker caught a finger on the tool case but did not fall. No one was exposed to serious harm and no credible fatal outcome was identified. The ordinary footing control was present and verified. The ankle and finger were checked after the slip. The fingertip was checked. The worker removed the step and continued. Demo sequence 0289 was logged.",synthetic_judge_demo_v0_1
DEMO500-0290,2026-08-10,Delta Point Facility,Valve Maintenance,Unsafe Condition,"At Delta Point Facility in the workshop aisle, during routine inspection, a worker used a small hand tool. Nearby was a hand tool and parked vehicle, not in use. The worker slipped on a dry step while walking beside the bench, lost balance, and rolled an ankle. The worker caught a finger on the tool case but did not fall. No one was exposed to serious harm and no credible fatal outcome was identified. The ordinary footing control was present and verified. The ankle and finger were checked after the slip. The fingertip was checked. The worker removed the step and continued. Demo sequence 0290 was logged.",synthetic_judge_demo_v0_1
DEMO500-0291,2026-08-07,Delta Point Facility,Drilling,Unsafe Act,"At Delta Point Facility in the workshop aisle, during routine inspection, a worker used a small hand tool. Nearby was a parked load and inspected sling, not in use. The worker slipped on a dry step while walking beside the bench, lost balance, and rolled an ankle. The worker caught a finger on the tool case but did not fall. No one was exposed to serious harm and no credible fatal outcome was identified. The ordinary footing control was present and verified. The ankle and finger were checked after the slip. The fingertip was checked. The worker removed the step and continued. Demo sequence 0291 was logged.",synthetic_judge_demo_v0_1
DEMO500-0292,2026-07-24,Aurora Basin,Mechanical Lifting,Unsafe Condition,"At Aurora Basin in the workshop aisle, during routine inspection, a worker used a small hand tool. Nearby was a parked vehicle and clear route, not in use. The worker slipped on a dry step while walking beside the bench, lost balance, and rolled an ankle. The worker caught a finger on the tool case but did not fall. No one was exposed to serious harm and no credible fatal outcome was identified. The ordinary footing control was present and verified. The ankle and finger were checked after the slip. The fingertip was checked. The worker removed the step and continued. Demo sequence 0292 was logged.",synthetic_judge_demo_v0_1
DEMO500-0293,2026-08-24,Echo Valley Works,Valve Maintenance,Incident,"At Echo Valley Works in the workshop aisle, during routine inspection, a worker used a small hand tool. Nearby was a hand tool and parked vehicle, not in use. The worker slipped on a dry step while walking beside the bench, lost balance, and rolled an ankle. The worker caught a finger on the tool case but did not fall. No one was exposed to serious harm and no credible fatal outcome was identified. The ordinary footing control was present and verified. The ankle and finger were checked after the slip. The fingertip was checked. The worker removed the step and continued. Demo sequence 0293 was logged.",synthetic_judge_demo_v0_1
DEMO500-0294,2026-08-13,Delta Point Facility,Valve Maintenance,Near Miss,"At Delta Point Facility in the workshop aisle, during routine inspection, a worker used a small hand tool. Nearby was a closed pressure valve and disconnected line, not in use. The worker slipped on a dry step while walking beside the bench, lost balance, and rolled an ankle. The worker caught a finger on the tool case but did not fall. No one was exposed to serious harm and no credible fatal outcome was identified. The ordinary footing control was present and verified. The ankle and finger were checked after the slip. The fingertip was checked. The worker removed the step and continued. Demo sequence 0294 was logged.",synthetic_judge_demo_v0_1
DEMO500-0295,2026-08-10,Echo Valley Works,Inspection,Near Miss,"At Echo Valley Works in the workshop aisle, during routine inspection, a worker used a small hand tool. Nearby was a secured ladder and closed platform, not in use. The worker slipped on a dry step while walking beside the bench, lost balance, and rolled an ankle. The worker caught a finger on the tool case but did not fall. No one was exposed to serious harm and no credible fatal outcome was identified. The ordinary footing control was present and verified. The ankle and finger were checked after the slip. The fingertip was checked. The worker removed the step and continued. Demo sequence 0295 was logged.",synthetic_judge_demo_v0_1
DEMO500-0296,2026-09-04,Echo Valley Works,Drilling,Near Miss,"At Echo Valley Works in the workshop aisle, during routine inspection, a worker used a small hand tool. Nearby was a hand tool and parked vehicle, not in use. The worker slipped on a dry step while walking beside the bench, lost balance, and rolled an ankle. The worker caught a finger on the tool case but did not fall. No one was exposed to serious harm and no credible fatal outcome was identified. The ordinary footing control was present and verified. The ankle and finger were checked after the slip. The fingertip was checked. The worker removed the step and continued. Demo sequence 0296 was logged.",synthetic_judge_demo_v0_1
DEMO500-0297,2026-07-21,Cedar Ridge Station,Mechanical Lifting,Incident,"At Cedar Ridge Station in the workshop aisle, during routine inspection, a worker used a small hand tool. Nearby was a closed vessel and idle gas monitor, not in use. The worker slipped on a dry step while walking beside the bench, lost balance, and rolled an ankle. The worker caught a finger on the tool case but did not fall. No one was exposed to serious harm and no credible fatal outcome was identified. The ordinary footing control was present and verified. The ankle and finger were checked after the slip. The fingertip was checked. The worker removed the step and continued. Demo sequence 0297 was logged.",synthetic_judge_demo_v0_1
DEMO500-0298,2026-08-17,Echo Valley Works,Pressure Testing,Near Miss,"At Echo Valley Works in the workshop aisle, during routine inspection, a worker used a small hand tool. Nearby was a secured ladder and closed platform, not in use. The worker slipped on a dry step while walking beside the bench, lost balance, and rolled an ankle. The worker caught a finger on the tool case but did not fall. No one was exposed to serious harm and no credible fatal outcome was identified. The ordinary footing control was present and verified. The ankle and finger were checked after the slip. The fingertip was checked. The worker removed the step and continued. Demo sequence 0298 was logged.",synthetic_judge_demo_v0_1
DEMO500-0299,2026-07-30,Aurora Basin,Driving,Near Miss,"At Aurora Basin in the workshop aisle, during routine inspection, a worker used a small hand tool. Nearby was a cool hot-work torch and closed cylinder, not in use. The worker slipped on a dry step while walking beside the bench, lost balance, and rolled an ankle. The worker caught a finger on the tool case but did not fall. No one was exposed to serious harm and no credible fatal outcome was identified. The ordinary footing control was present and verified. The ankle and finger were checked after the slip. The fingertip was checked. The worker removed the step and continued. Demo sequence 0299 was logged.",synthetic_judge_demo_v0_1
DEMO500-0300,2026-07-28,Delta Point Facility,Hot Work,Near Miss,"At Delta Point Facility in the workshop aisle, during routine inspection, a worker used a small hand tool. Nearby was a parked load and inspected sling, not in use. The worker slipped on a dry step while walking beside the bench, lost balance, and rolled an ankle. The worker caught a finger on the tool case but did not fall. No one was exposed to serious harm and no credible fatal outcome was identified. The ordinary footing control was present and verified. The ankle and finger were checked after the slip. The fingertip was checked. The worker removed the step and continued. Demo sequence 0300 was logged.",synthetic_judge_demo_v0_1
DEMO500-0301,2026-07-30,Delta Point Facility,Mechanical Lifting,Incident,"At Delta Point Facility in the workshop aisle, during routine inspection, a worker used a small hand tool. Nearby was a parked vehicle and clear route, not in use. The worker slipped on a dry step while walking beside the bench, lost balance, and rolled an ankle. The worker caught a finger on the tool case but did not fall. No one was exposed to serious harm and no credible fatal outcome was identified. The ordinary footing control was present and verified. The ankle and finger were checked after the slip. The fingertip was checked. The worker removed the step and continued. Demo sequence 0301 was logged.",synthetic_judge_demo_v0_1
DEMO500-0302,2026-09-11,Aurora Basin,Valve Maintenance,Near Miss,"At Aurora Basin in the workshop aisle, during routine inspection, a worker used a small hand tool. Nearby was a parked load and inspected sling, not in use. The worker slipped on a dry step while walking beside the bench, lost balance, and rolled an ankle. The worker caught a finger on the tool case but did not fall. No one was exposed to serious harm and no credible fatal outcome was identified. The ordinary footing control was present and verified. The ankle and finger were checked after the slip. The fingertip was checked. The worker removed the step and continued. Demo sequence 0302 was logged.",synthetic_judge_demo_v0_1
DEMO500-0303,2026-08-19,Frostline Depot,Mechanical Lifting,Unsafe Act,"At Frostline Depot in the workshop aisle, during routine inspection, a worker used a small hand tool. Nearby was a checked permit board and hand tool, not in use. The worker slipped on a dry step while walking beside the bench, lost balance, and rolled an ankle. The worker caught a finger on the tool case but did not fall. No one was exposed to serious harm and no credible fatal outcome was identified. The ordinary footing control was present and verified. The ankle and finger were checked after the slip. The fingertip was checked. The worker removed the step and continued. Demo sequence 0303 was logged.",synthetic_judge_demo_v0_1
DEMO500-0304,2026-07-24,Delta Point Facility,Mechanical Lifting,Incident,"At Delta Point Facility in the workshop aisle, during routine inspection, a worker used a small hand tool. Nearby was a parked vehicle and clear route, not in use. The worker slipped on a dry step while walking beside the bench, lost balance, and rolled an ankle. The worker caught a finger on the tool case but did not fall. No one was exposed to serious harm and no credible fatal outcome was identified. The ordinary footing control was present and verified. The ankle and finger were checked after the slip. The fingertip was checked. The worker removed the step and continued. Demo sequence 0304 was logged.",synthetic_judge_demo_v0_1
DEMO500-0305,2026-09-09,Blue Mesa Yard,Electrical Maintenance,Near Miss,"At Blue Mesa Yard in the workshop aisle, during routine inspection, a worker used a small hand tool. Nearby was a parked load and inspected sling, not in use. The worker slipped on a dry step while walking beside the bench, lost balance, and rolled an ankle. The worker caught a finger on the tool case but did not fall. No one was exposed to serious harm and no credible fatal outcome was identified. The ordinary footing control was present and verified. The ankle and finger were checked after the slip. The fingertip was checked. The worker removed the step and continued. Demo sequence 0305 was logged.",synthetic_judge_demo_v0_1
DEMO500-0306,2026-09-07,Blue Mesa Yard,Inspection,Near Miss,"At Blue Mesa Yard in the workshop aisle, during routine inspection, a worker used a small hand tool. Nearby was a parked vehicle and clear route, not in use. The worker slipped on a dry step while walking beside the bench, lost balance, and rolled an ankle. The worker caught a finger on the tool case but did not fall. No one was exposed to serious harm and no credible fatal outcome was identified. The ordinary footing control was present and verified. The ankle and finger were checked after the slip. The fingertip was checked. The worker removed the step and continued. Demo sequence 0306 was logged.",synthetic_judge_demo_v0_1
DEMO500-0307,2026-09-03,Delta Point Facility,Driving,Unsafe Act,"At Delta Point Facility in the workshop aisle, during routine inspection, a worker used a small hand tool. Nearby was a secured guard and idle control panel, not in use. The worker slipped on a dry step while walking beside the bench, lost balance, and rolled an ankle. The worker caught a finger on the tool case but did not fall. No one was exposed to serious harm and no credible fatal outcome was identified. The ordinary footing control was present and verified. The ankle and finger were checked after the slip. The fingertip was checked. The worker removed the step and continued. Demo sequence 0307 was logged.",synthetic_judge_demo_v0_1
DEMO500-0308,2026-09-09,Delta Point Facility,Valve Maintenance,Incident,"At Delta Point Facility in the workshop aisle, during routine inspection, a worker used a small hand tool. Nearby was a parked load and inspected sling, not in use. The worker slipped on a dry step while walking beside the bench, lost balance, and rolled an ankle. The worker caught a finger on the tool case but did not fall. No one was exposed to serious harm and no credible fatal outcome was identified. The ordinary footing control was present and verified. The ankle and finger were checked after the slip. The fingertip was checked. The worker removed the step and continued. Demo sequence 0308 was logged.",synthetic_judge_demo_v0_1
DEMO500-0309,2026-08-03,Cedar Ridge Station,Inspection,Near Miss,"At Cedar Ridge Station in the workshop aisle, during routine inspection, a worker used a small hand tool. Nearby was a parked vehicle and clear route, not in use. The worker slipped on a dry step while walking beside the bench, lost balance, and rolled an ankle. The worker caught a finger on the tool case but did not fall. No one was exposed to serious harm and no credible fatal outcome was identified. The ordinary footing control was present and verified. The ankle and finger were checked after the slip. The fingertip was checked. The worker removed the step and continued. Demo sequence 0309 was logged.",synthetic_judge_demo_v0_1
DEMO500-0310,2026-07-23,Delta Point Facility,Electrical Maintenance,Unsafe Condition,"At Delta Point Facility in the workshop aisle, during routine inspection, a worker used a small hand tool. Nearby was a hand tool and parked vehicle, not in use. The worker slipped on a dry step while walking beside the bench, lost balance, and rolled an ankle. The worker caught a finger on the tool case but did not fall. No one was exposed to serious harm and no credible fatal outcome was identified. The ordinary footing control was present and verified. The ankle and finger were checked after the slip. The fingertip was checked. The worker removed the step and continued. Demo sequence 0310 was logged.",synthetic_judge_demo_v0_1
DEMO500-0311,2026-07-30,Echo Valley Works,Hot Work,Incident,"At Echo Valley Works in the workshop aisle, during routine inspection, a worker used a small hand tool. Nearby was a cool hot-work torch and closed cylinder, not in use. The worker slipped on a dry step while walking beside the bench, lost balance, and rolled an ankle. The worker caught a finger on the tool case but did not fall. No one was exposed to serious harm and no credible fatal outcome was identified. The ordinary footing control was present and verified. The ankle and finger were checked after the slip. The fingertip was checked. The worker removed the step and continued. Demo sequence 0311 was logged.",synthetic_judge_demo_v0_1
DEMO500-0312,2026-07-20,Cedar Ridge Station,Electrical Maintenance,Near Miss,"At Cedar Ridge Station in the workshop aisle, during routine inspection, a worker used a small hand tool. Nearby was a checked permit board and hand tool, not in use. The worker slipped on a dry step while walking beside the bench, lost balance, and rolled an ankle. The worker caught a finger on the tool case but did not fall. No one was exposed to serious harm and no credible fatal outcome was identified. The ordinary footing control was present and verified. The ankle and finger were checked after the slip. The fingertip was checked. The worker removed the step and continued. Demo sequence 0312 was logged.",synthetic_judge_demo_v0_1
DEMO500-0313,2026-09-11,Blue Mesa Yard,Drilling,Unsafe Condition,"At Blue Mesa Yard in the workshop aisle, during routine inspection, a worker used a small hand tool. Nearby was a closed pressure valve and disconnected line, not in use. The worker slipped on a dry step while walking beside the bench, lost balance, and rolled an ankle. The worker caught a finger on the tool case but did not fall. No one was exposed to serious harm and no credible fatal outcome was identified. The ordinary footing control was present and verified. The ankle and finger were checked after the slip. The fingertip was checked. The worker removed the step and continued. Demo sequence 0313 was logged.",synthetic_judge_demo_v0_1
DEMO500-0314,2026-09-07,Aurora Basin,Drilling,Near Miss,"At Aurora Basin in the workshop aisle, during routine inspection, a worker used a small hand tool. Nearby was a closed pressure valve and disconnected line, not in use. The worker slipped on a dry step while walking beside the bench, lost balance, and rolled an ankle. The worker caught a finger on the tool case but did not fall. No one was exposed to serious harm and no credible fatal outcome was identified. The ordinary footing control was present and verified. The ankle and finger were checked after the slip. The fingertip was checked. The worker removed the step and continued. Demo sequence 0314 was logged.",synthetic_judge_demo_v0_1
DEMO500-0315,2026-09-07,Delta Point Facility,Valve Maintenance,Near Miss,"At Delta Point Facility in the workshop aisle, during routine inspection, a worker used a small hand tool. Nearby was a hand tool and parked vehicle, not in use. The worker slipped on a dry step while walking beside the bench, lost balance, and rolled an ankle. The worker caught a finger on the tool case but did not fall. No one was exposed to serious harm and no credible fatal outcome was identified. The ordinary footing control was present and verified. The ankle and finger were checked after the slip. The fingertip was checked. The worker removed the step and continued. Demo sequence 0315 was logged.",synthetic_judge_demo_v0_1
DEMO500-0316,2026-08-24,Delta Point Facility,Drilling,Incident,"At Delta Point Facility in the workshop aisle, during routine inspection, a worker used a small hand tool. Nearby was a secured ladder and closed platform, not in use. The worker slipped on a dry step while walking beside the bench, lost balance, and rolled an ankle. The worker caught a finger on the tool case but did not fall. No one was exposed to serious harm and no credible fatal outcome was identified. The ordinary footing control was present and verified. The ankle and finger were checked after the slip. The fingertip was checked. The worker removed the step and continued. Demo sequence 0316 was logged.",synthetic_judge_demo_v0_1
DEMO500-0317,2026-09-02,Cedar Ridge Station,Driving,Near Miss,"At Cedar Ridge Station in the workshop aisle, during routine inspection, a worker used a small hand tool. Nearby was a parked vehicle and clear route, not in use. The worker slipped on a dry step while walking beside the bench, lost balance, and rolled an ankle. The worker caught a finger on the tool case but did not fall. No one was exposed to serious harm and no credible fatal outcome was identified. The ordinary footing control was present and verified. The ankle and finger were checked after the slip. The fingertip was checked. The worker removed the step and continued. Demo sequence 0317 was logged.",synthetic_judge_demo_v0_1
DEMO500-0318,2026-08-13,Delta Point Facility,Inspection,Incident,"At Delta Point Facility in the workshop aisle, during routine inspection, a worker used a small hand tool. Nearby was a cool hot-work torch and closed cylinder, not in use. The worker slipped on a dry step while walking beside the bench, lost balance, and rolled an ankle. The worker caught a finger on the tool case but did not fall. No one was exposed to serious harm and no credible fatal outcome was identified. The ordinary footing control was present and verified. The ankle and finger were checked after the slip. The fingertip was checked. The worker removed the step and continued. Demo sequence 0318 was logged.",synthetic_judge_demo_v0_1
DEMO500-0319,2026-08-14,Echo Valley Works,Driving,Near Miss,"At Echo Valley Works in the workshop aisle, during routine inspection, a worker used a small hand tool. Nearby was a parked load and marked floor, not in use. The worker slipped on a dry step while walking beside the bench, lost balance, and rolled an ankle. The worker caught a finger on the tool case but did not fall. No one was exposed to serious harm and no credible fatal outcome was identified. The ordinary footing control was present and verified. The ankle and finger were checked after the slip. The fingertip was checked. The worker removed the step and continued. Demo sequence 0319 was logged.",synthetic_judge_demo_v0_1
DEMO500-0320,2026-08-26,Blue Mesa Yard,Electrical Maintenance,Near Miss,"At Blue Mesa Yard in the workshop aisle, during routine inspection, a worker used a small hand tool. Nearby was a closed pressure valve and disconnected line, not in use. The worker slipped on a dry step while walking beside the bench, lost balance, and rolled an ankle. The worker caught a finger on the tool case but did not fall. No one was exposed to serious harm and no credible fatal outcome was identified. The ordinary footing control was present and verified. The ankle and finger were checked after the slip. The fingertip was checked. The worker removed the step and continued. Demo sequence 0320 was logged.",synthetic_judge_demo_v0_1
DEMO500-0321,2026-08-21,Cedar Ridge Station,Hot Work,Unsafe Act,"At Cedar Ridge Station in the workshop aisle, during routine inspection, a worker used a small hand tool. Nearby was a closed vessel and idle gas monitor, not in use. The worker slipped on a dry step while walking beside the bench, lost balance, and rolled an ankle. The worker caught a finger on the tool case but did not fall. No one was exposed to serious harm and no credible fatal outcome was identified. The ordinary footing control was present and verified. The ankle and finger were checked after the slip. The fingertip was checked. The worker removed the step and continued. Demo sequence 0321 was logged.",synthetic_judge_demo_v0_1
DEMO500-0322,2026-08-10,Aurora Basin,Valve Maintenance,Near Miss,"At Aurora Basin in the workshop aisle, during routine inspection, a worker used a small hand tool. Nearby was a secured guard and idle control panel, not in use. The worker slipped on a dry step while walking beside the bench, lost balance, and rolled an ankle. The worker caught a finger on the tool case but did not fall. No one was exposed to serious harm and no credible fatal outcome was identified. The ordinary footing control was present and verified. The ankle and finger were checked after the slip. The fingertip was checked. The worker removed the step and continued. Demo sequence 0322 was logged.",synthetic_judge_demo_v0_1
DEMO500-0323,2026-09-09,Blue Mesa Yard,Drilling,Near Miss,"At Blue Mesa Yard in the workshop aisle, during routine inspection, a worker used a small hand tool. Nearby was a closed pressure valve and disconnected line, not in use. The worker slipped on a dry step while walking beside the bench, lost balance, and rolled an ankle. The worker caught a finger on the tool case but did not fall. No one was exposed to serious harm and no credible fatal outcome was identified. The ordinary footing control was present and verified. The ankle and finger were checked after the slip. The fingertip was checked. The worker removed the step and continued. Demo sequence 0323 was logged.",synthetic_judge_demo_v0_1
DEMO500-0324,2026-09-10,Blue Mesa Yard,Hot Work,Incident,"At Blue Mesa Yard in the workshop aisle, during routine inspection, a worker used a small hand tool. Nearby was a closed pressure valve and disconnected line, not in use. The worker slipped on a dry step while walking beside the bench, lost balance, and rolled an ankle. The worker caught a finger on the tool case but did not fall. No one was exposed to serious harm and no credible fatal outcome was identified. The ordinary footing control was present and verified. The ankle and finger were checked after the slip. The fingertip was checked. The worker removed the step and continued. Demo sequence 0324 was logged.",synthetic_judge_demo_v0_1
DEMO500-0325,2026-08-05,Echo Valley Works,Valve Maintenance,Unsafe Act,"At Echo Valley Works in the workshop aisle, during routine inspection, a worker used a small hand tool. Nearby was a hand tool and parked vehicle, not in use. The worker slipped on a dry step while walking beside the bench, lost balance, and rolled an ankle. The worker caught a finger on the tool case but did not fall. No one was exposed to serious harm and no credible fatal outcome was identified. The ordinary footing control was present and verified. The ankle and finger were checked after the slip. The fingertip was checked. The worker removed the step and continued. Demo sequence 0325 was logged.",synthetic_judge_demo_v0_1
DEMO500-0326,2026-08-03,Aurora Basin,Pressure Testing,Incident,"At Aurora Basin in the workshop aisle, during routine inspection, a worker used a small hand tool. Nearby was a secured guard and idle control panel, not in use. The worker slipped on a dry step while walking beside the bench, lost balance, and rolled an ankle. The worker caught a finger on the tool case but did not fall. No one was exposed to serious harm and no credible fatal outcome was identified. The ordinary footing control was present and verified. The ankle and finger were checked after the slip. The fingertip was checked. The worker removed the step and continued. Demo sequence 0326 was logged.",synthetic_judge_demo_v0_1
DEMO500-0327,2026-09-07,Aurora Basin,Drilling,Unsafe Condition,"At Aurora Basin in the workshop aisle, during routine inspection, a worker used a small hand tool. Nearby was a closed pressure valve and disconnected line, not in use. The worker slipped on a dry step while walking beside the bench, lost balance, and rolled an ankle. The worker caught a finger on the tool case but did not fall. No one was exposed to serious harm and no credible fatal outcome was identified. The ordinary footing control was present and verified. The ankle and finger were checked after the slip. The fingertip was checked. The worker removed the step and continued. Demo sequence 0327 was logged.",synthetic_judge_demo_v0_1
DEMO500-0328,2026-07-27,Blue Mesa Yard,Hot Work,Incident,"At Blue Mesa Yard in the workshop aisle, during routine inspection, a worker used a small hand tool. Nearby was a parked load and marked floor, not in use. The worker slipped on a dry step while walking beside the bench, lost balance, and rolled an ankle. The worker caught a finger on the tool case but did not fall. No one was exposed to serious harm and no credible fatal outcome was identified. The ordinary footing control was present and verified. The ankle and finger were checked after the slip. The fingertip was checked. The worker removed the step and continued. Demo sequence 0328 was logged.",synthetic_judge_demo_v0_1
DEMO500-0329,2026-07-27,Delta Point Facility,Inspection,Near Miss,"At Delta Point Facility in the workshop aisle, during routine inspection, a worker used a small hand tool. Nearby was a hand tool and parked vehicle, not in use. The worker slipped on a dry step while walking beside the bench, lost balance, and rolled an ankle. The worker caught a finger on the tool case but did not fall. No one was exposed to serious harm and no credible fatal outcome was identified. The ordinary footing control was present and verified. The ankle and finger were checked after the slip. The fingertip was checked. The worker removed the step and continued. Demo sequence 0329 was logged.",synthetic_judge_demo_v0_1
DEMO500-0330,2026-08-06,Aurora Basin,Inspection,Unsafe Act,"At Aurora Basin in the workshop aisle, during routine inspection, a worker used a small hand tool. Nearby was a parked load and inspected sling, not in use. The worker slipped on a dry step while walking beside the bench, lost balance, and rolled an ankle. The worker caught a finger on the tool case but did not fall. No one was exposed to serious harm and no credible fatal outcome was identified. The ordinary footing control was present and verified. The ankle and finger were checked after the slip. The fingertip was checked. The worker removed the step and continued. Demo sequence 0330 was logged.",synthetic_judge_demo_v0_1
DEMO500-0331,2026-09-02,Aurora Basin,Hot Work,Unsafe Condition,"At Aurora Basin in the workshop aisle, during routine inspection, a worker used a small hand tool. Nearby was a closed pressure valve and disconnected line, not in use. The worker slipped on a dry step while walking beside the bench, lost balance, and rolled an ankle. The worker caught a finger on the tool case but did not fall. No one was exposed to serious harm and no credible fatal outcome was identified. The ordinary footing control was present and verified. The ankle and finger were checked after the slip. The fingertip was checked. The worker removed the step and continued. Demo sequence 0331 was logged.",synthetic_judge_demo_v0_1
DEMO500-0332,2026-09-01,Aurora Basin,Inspection,Unsafe Act,"At Aurora Basin in the workshop aisle, during routine inspection, a worker used a small hand tool. Nearby was a hand tool and parked vehicle, not in use. The worker slipped on a dry step while walking beside the bench, lost balance, and rolled an ankle. The worker caught a finger on the tool case but did not fall. No one was exposed to serious harm and no credible fatal outcome was identified. The ordinary footing control was present and verified. The ankle and finger were checked after the slip. The fingertip was checked. The worker removed the step and continued. Demo sequence 0332 was logged.",synthetic_judge_demo_v0_1
DEMO500-0333,2026-08-28,Blue Mesa Yard,Mechanical Lifting,Unsafe Condition,"At Blue Mesa Yard in the workshop aisle, during routine inspection, a worker used a small hand tool. Nearby was a secured ladder and closed platform, not in use. The worker slipped on a dry step while walking beside the bench, lost balance, and rolled an ankle. The worker caught a finger on the tool case but did not fall. No one was exposed to serious harm and no credible fatal outcome was identified. The ordinary footing control was present and verified. The ankle and finger were checked after the slip. The fingertip was checked. The worker removed the step and continued. Demo sequence 0333 was logged.",synthetic_judge_demo_v0_1
DEMO500-0334,2026-08-10,Echo Valley Works,Pressure Testing,Near Miss,"At Echo Valley Works in the workshop aisle, during routine inspection, a worker used a small hand tool. Nearby was a closed pressure valve and disconnected line, not in use. The worker slipped on a dry step while walking beside the bench, lost balance, and rolled an ankle. The worker caught a finger on the tool case but did not fall. No one was exposed to serious harm and no credible fatal outcome was identified. The ordinary footing control was present and verified. The ankle and finger were checked after the slip. The fingertip was checked. The worker removed the step and continued. Demo sequence 0334 was logged.",synthetic_judge_demo_v0_1
DEMO500-0335,2026-08-24,Aurora Basin,Valve Maintenance,Near Miss,"At Aurora Basin in the workshop aisle, during routine inspection, a worker used a small hand tool. Nearby was a secured ladder and closed platform, not in use. The worker slipped on a dry step while walking beside the bench, lost balance, and rolled an ankle. The worker caught a finger on the tool case but did not fall. No one was exposed to serious harm and no credible fatal outcome was identified. The ordinary footing control was present and verified. The ankle and finger were checked after the slip. The fingertip was checked. The worker removed the step and continued. Demo sequence 0335 was logged.",synthetic_judge_demo_v0_1
DEMO500-0336,2026-09-07,Delta Point Facility,Pressure Testing,Unsafe Condition,"At Delta Point Facility in the workshop aisle, during routine inspection, a worker used a small hand tool. Nearby was a secured ladder and closed platform, not in use. The worker slipped on a dry step while walking beside the bench, lost balance, and rolled an ankle. The worker caught a finger on the tool case but did not fall. No one was exposed to serious harm and no credible fatal outcome was identified. The ordinary footing control was present and verified. The ankle and finger were checked after the slip. The fingertip was checked. The worker removed the step and continued. Demo sequence 0336 was logged.",synthetic_judge_demo_v0_1
DEMO500-0337,2026-08-19,Blue Mesa Yard,Drilling,Near Miss,"At Blue Mesa Yard in the workshop aisle, during routine inspection, a worker used a small hand tool. Nearby was a parked load and marked floor, not in use. The worker slipped on a dry step while walking beside the bench, lost balance, and rolled an ankle. The worker caught a finger on the tool case but did not fall. No one was exposed to serious harm and no credible fatal outcome was identified. The ordinary footing control was present and verified. The ankle and finger were checked after the slip. The fingertip was checked. The worker removed the step and continued. Demo sequence 0337 was logged.",synthetic_judge_demo_v0_1
DEMO500-0338,2026-08-13,Blue Mesa Yard,Mechanical Lifting,Near Miss,"At Blue Mesa Yard in the workshop aisle, during routine inspection, a worker used a small hand tool. Nearby was a parked load and marked floor, not in use. The worker slipped on a dry step while walking beside the bench, lost balance, and rolled an ankle. The worker caught a finger on the tool case but did not fall. No one was exposed to serious harm and no credible fatal outcome was identified. The ordinary footing control was present and verified. The ankle and finger were checked after the slip. The fingertip was checked. The worker removed the step and continued. Demo sequence 0338 was logged.",synthetic_judge_demo_v0_1
DEMO500-0339,2026-08-13,Echo Valley Works,Hot Work,Unsafe Condition,"At Echo Valley Works in the workshop aisle, during routine inspection, a worker used a small hand tool. Nearby was a hand tool and parked vehicle, not in use. The worker slipped on a dry step while walking beside the bench, lost balance, and rolled an ankle. The worker caught a finger on the tool case but did not fall. No one was exposed to serious harm and no credible fatal outcome was identified. The ordinary footing control was present and verified. The ankle and finger were checked after the slip. The fingertip was checked. The worker removed the step and continued. Demo sequence 0339 was logged.",synthetic_judge_demo_v0_1
DEMO500-0340,2026-08-25,Aurora Basin,Mechanical Lifting,Unsafe Act,"At Aurora Basin in the workshop aisle, during routine inspection, a worker used a small hand tool. Nearby was a parked load and inspected sling, not in use. The worker slipped on a dry step while walking beside the bench, lost balance, and rolled an ankle. The worker caught a finger on the tool case but did not fall. No one was exposed to serious harm and no credible fatal outcome was identified. The ordinary footing control was present and verified. The ankle and finger were checked after the slip. The fingertip was checked. The worker removed the step and continued. Demo sequence 0340 was logged.",synthetic_judge_demo_v0_1
DEMO500-0341,2026-09-08,Aurora Basin,Drilling,Unsafe Act,"At Aurora Basin in the workshop aisle, during routine inspection, a worker used a small hand tool. Nearby was a hand tool and parked vehicle, not in use. The worker slipped on a dry step while walking beside the bench, lost balance, and rolled an ankle. The worker caught a finger on the tool case but did not fall. No one was exposed to serious harm and no credible fatal outcome was identified. The ordinary footing control was present and verified. The ankle and finger were checked after the slip. The fingertip was checked. The worker removed the step and continued. Demo sequence 0341 was logged.",synthetic_judge_demo_v0_1
DEMO500-0342,2026-07-21,Cedar Ridge Station,Hot Work,Unsafe Condition,"At Cedar Ridge Station in the workshop aisle, during routine inspection, a worker used a small hand tool. Nearby was a parked load and inspected sling, not in use. The worker slipped on a dry step while walking beside the bench, lost balance, and rolled an ankle. The worker caught a finger on the tool case but did not fall. No one was exposed to serious harm and no credible fatal outcome was identified. The ordinary footing control was present and verified. The ankle and finger were checked after the slip. The fingertip was checked. The worker removed the step and continued. Demo sequence 0342 was logged.",synthetic_judge_demo_v0_1
DEMO500-0343,2026-08-21,Delta Point Facility,Mechanical Lifting,Near Miss,"At Delta Point Facility in the workshop aisle, during routine inspection, a worker used a small hand tool. Nearby was a closed vessel and idle gas monitor, not in use. The worker slipped on a dry step while walking beside the bench, lost balance, and rolled an ankle. The worker caught a finger on the tool case but did not fall. No one was exposed to serious harm and no credible fatal outcome was identified. The ordinary footing control was present and verified. The ankle and finger were checked after the slip. The fingertip was checked. The worker removed the step and continued. Demo sequence 0343 was logged.",synthetic_judge_demo_v0_1
DEMO500-0344,2026-08-12,Delta Point Facility,Driving,Near Miss,"At Delta Point Facility in the workshop aisle, during routine inspection, a worker used a small hand tool. Nearby was a closed pressure valve and disconnected line, not in use. The worker slipped on a dry step while walking beside the bench, lost balance, and rolled an ankle. The worker caught a finger on the tool case but did not fall. No one was exposed to serious harm and no credible fatal outcome was identified. The ordinary footing control was present and verified. The ankle and finger were checked after the slip. The fingertip was checked. The worker removed the step and continued. Demo sequence 0344 was logged.",synthetic_judge_demo_v0_1
DEMO500-0345,2026-09-07,Aurora Basin,Pressure Testing,Unsafe Condition,"At Aurora Basin in the workshop aisle, during routine inspection, a worker used a small hand tool. Nearby was a parked load and marked floor, not in use. The worker slipped on a dry step while walking beside the bench, lost balance, and rolled an ankle. The worker caught a finger on the tool case but did not fall. No one was exposed to serious harm and no credible fatal outcome was identified. The ordinary footing control was present and verified. The ankle and finger were checked after the slip. The fingertip was checked. The worker removed the step and continued. Demo sequence 0345 was logged.",synthetic_judge_demo_v0_1
DEMO500-0346,2026-08-17,Frostline Depot,Pressure Testing,Unsafe Condition,"At Frostline Depot in the workshop aisle, during routine inspection, a worker used a small hand tool. Nearby was a parked load and marked floor, not in use. The worker slipped on a dry step while walking beside the bench, lost balance, and rolled an ankle. The worker caught a finger on the tool case but did not fall. No one was exposed to serious harm and no credible fatal outcome was identified. The ordinary footing control was present and verified. The ankle and finger were checked after the slip. The fingertip was checked. The worker removed the step and continued. Demo sequence 0346 was logged.",synthetic_judge_demo_v0_1
DEMO500-0347,2026-09-11,Echo Valley Works,Valve Maintenance,Incident,"At Echo Valley Works in the workshop aisle, during routine inspection, a worker used a small hand tool. Nearby was a closed vessel and idle gas monitor, not in use. The worker slipped on a dry step while walking beside the bench, lost balance, and rolled an ankle. The worker caught a finger on the tool case but did not fall. No one was exposed to serious harm and no credible fatal outcome was identified. The ordinary footing control was present and verified. The ankle and finger were checked after the slip. The fingertip was checked. The worker removed the step and continued. Demo sequence 0347 was logged.",synthetic_judge_demo_v0_1
DEMO500-0348,2026-08-24,Echo Valley Works,Valve Maintenance,Unsafe Condition,"At Echo Valley Works in the workshop aisle, during routine inspection, a worker used a small hand tool. Nearby was a checked permit board and hand tool, not in use. The worker slipped on a dry step while walking beside the bench, lost balance, and rolled an ankle. The worker caught a finger on the tool case but did not fall. No one was exposed to serious harm and no credible fatal outcome was identified. The ordinary footing control was present and verified. The ankle and finger were checked after the slip. The fingertip was checked. The worker removed the step and continued. Demo sequence 0348 was logged.",synthetic_judge_demo_v0_1
DEMO500-0349,2026-08-25,Blue Mesa Yard,Pressure Testing,Unsafe Act,"At Blue Mesa Yard in the workshop aisle, during routine inspection, a worker used a small hand tool. Nearby was a closed vessel and idle gas monitor, not in use. The worker slipped on a dry step while walking beside the bench, lost balance, and rolled an ankle. The worker caught a finger on the tool case but did not fall. No one was exposed to serious harm and no credible fatal outcome was identified. The ordinary footing control was present and verified. The ankle and finger were checked after the slip. The fingertip was checked. The worker removed the step and continued. Demo sequence 0349 was logged.",synthetic_judge_demo_v0_1
DEMO500-0350,2026-08-26,Blue Mesa Yard,Valve Maintenance,Unsafe Condition,"At Blue Mesa Yard in the workshop aisle, during routine inspection, a worker used a small hand tool. Nearby was a cool hot-work torch and closed cylinder, not in use. The worker slipped on a dry step while walking beside the bench, lost balance, and rolled an ankle. The worker caught a finger on the tool case but did not fall. No one was exposed to serious harm and no credible fatal outcome was identified. The ordinary footing control was present and verified. The ankle and finger were checked after the slip. The fingertip was checked. The worker removed the step and continued. Demo sequence 0350 was logged.",synthetic_judge_demo_v0_1
DEMO500-0351,2026-08-26,Frostline Depot,Pressure Testing,Unsafe Condition,"At Frostline Depot in the workshop aisle, during routine inspection, a worker used a small hand tool. Nearby was a closed pressure valve and disconnected line, not in use. The worker slipped on a dry step while walking beside the bench, lost balance, and rolled an ankle. The worker caught a finger on the tool case but did not fall. No one was exposed to serious harm and no credible fatal outcome was identified. The ordinary footing control was present and verified. The ankle and finger were checked after the slip. The fingertip was checked. The worker removed the step and continued. Demo sequence 0351 was logged.",synthetic_judge_demo_v0_1
DEMO500-0352,2026-08-03,Frostline Depot,Drilling,Incident,"At Frostline Depot in the workshop aisle, during routine inspection, a worker used a small hand tool. Nearby was a closed vessel and idle gas monitor, not in use. The worker slipped on a dry step while walking beside the bench, lost balance, and rolled an ankle. The worker caught a finger on the tool case but did not fall. No one was exposed to serious harm and no credible fatal outcome was identified. The ordinary footing control was present and verified. The ankle and finger were checked after the slip. The fingertip was checked. The worker removed the step and continued. Demo sequence 0352 was logged.",synthetic_judge_demo_v0_1
DEMO500-0353,2026-09-02,Cedar Ridge Station,Valve Maintenance,Incident,"At Cedar Ridge Station in the workshop aisle, during routine inspection, a worker used a small hand tool. Nearby was a hand tool and parked vehicle, not in use. The worker slipped on a dry step while walking beside the bench, lost balance, and rolled an ankle. The worker caught a finger on the tool case but did not fall. No one was exposed to serious harm and no credible fatal outcome was identified. The ordinary footing control was present and verified. The ankle and finger were checked after the slip. The fingertip was checked. The worker removed the step and continued. Demo sequence 0353 was logged.",synthetic_judge_demo_v0_1
DEMO500-0354,2026-07-29,Frostline Depot,Driving,Incident,"At Frostline Depot in the workshop aisle, during routine inspection, a worker used a small hand tool. Nearby was a parked load and marked floor, not in use. The worker slipped on a dry step while walking beside the bench, lost balance, and rolled an ankle. The worker caught a finger on the tool case but did not fall. No one was exposed to serious harm and no credible fatal outcome was identified. The ordinary footing control was present and verified. The ankle and finger were checked after the slip. The fingertip was checked. The worker removed the step and continued. Demo sequence 0354 was logged.",synthetic_judge_demo_v0_1
DEMO500-0355,2026-09-04,Blue Mesa Yard,Driving,Incident,"At Blue Mesa Yard in the workshop aisle, during routine inspection, a worker used a small hand tool. Nearby was a secured ladder and closed platform, not in use. The worker slipped on a dry step while walking beside the bench, lost balance, and rolled an ankle. The worker caught a finger on the tool case but did not fall. No one was exposed to serious harm and no credible fatal outcome was identified. The ordinary footing control was present and verified. The ankle and finger were checked after the slip. The fingertip was checked. The worker removed the step and continued. Demo sequence 0355 was logged.",synthetic_judge_demo_v0_1
DEMO500-0356,2026-07-21,Delta Point Facility,Drilling,Near Miss,"At Delta Point Facility in the workshop aisle, during routine inspection, a worker used a small hand tool. Nearby was a closed vessel and idle gas monitor, not in use. The worker slipped on a dry step while walking beside the bench, lost balance, and rolled an ankle. The worker caught a finger on the tool case but did not fall. No one was exposed to serious harm and no credible fatal outcome was identified. The ordinary footing control was present and verified. The ankle and finger were checked after the slip. The fingertip was checked. The worker removed the step and continued. Demo sequence 0356 was logged.",synthetic_judge_demo_v0_1
DEMO500-0357,2026-08-05,Blue Mesa Yard,Mechanical Lifting,Unsafe Act,"At Blue Mesa Yard in the workshop aisle, during routine inspection, a worker used a small hand tool. Nearby was a hand tool and parked vehicle, not in use. The worker slipped on a dry step while walking beside the bench, lost balance, and rolled an ankle. The worker caught a finger on the tool case but did not fall. No one was exposed to serious harm and no credible fatal outcome was identified. The ordinary footing control was present and verified. The ankle and finger were checked after the slip. The fingertip was checked. The worker removed the step and continued. Demo sequence 0357 was logged.",synthetic_judge_demo_v0_1
DEMO500-0358,2026-08-28,Blue Mesa Yard,Driving,Incident,"At Blue Mesa Yard in the workshop aisle, during routine inspection, a worker used a small hand tool. Nearby was a parked load and marked floor, not in use. The worker slipped on a dry step while walking beside the bench, lost balance, and rolled an ankle. The worker caught a finger on the tool case but did not fall. No one was exposed to serious harm and no credible fatal outcome was identified. The ordinary footing control was present and verified. The ankle and finger were checked after the slip. The fingertip was checked. The worker removed the step and continued. Demo sequence 0358 was logged.",synthetic_judge_demo_v0_1
DEMO500-0359,2026-09-04,Cedar Ridge Station,Drilling,Unsafe Condition,"At Cedar Ridge Station in the workshop aisle, during routine inspection, a worker used a small hand tool. Nearby was a closed vessel and idle gas monitor, not in use. The worker slipped on a dry step while walking beside the bench, lost balance, and rolled an ankle. The worker caught a finger on the tool case but did not fall. No one was exposed to serious harm and no credible fatal outcome was identified. The ordinary footing control was present and verified. The ankle and finger were checked after the slip. The fingertip was checked. The worker removed the step and continued. Demo sequence 0359 was logged.",synthetic_judge_demo_v0_1
DEMO500-0360,2026-07-20,Aurora Basin,Valve Maintenance,Near Miss,"At Aurora Basin in the workshop aisle, during routine inspection, a worker used a small hand tool. Nearby was a cool hot-work torch and closed cylinder, not in use. The worker slipped on a dry step while walking beside the bench, lost balance, and rolled an ankle. The worker caught a finger on the tool case but did not fall. No one was exposed to serious harm and no credible fatal outcome was identified. The ordinary footing control was present and verified. The ankle and finger were checked after the slip. The fingertip was checked. The worker removed the step and continued. Demo sequence 0360 was logged.",synthetic_judge_demo_v0_1
DEMO500-0361,2026-08-20,Echo Valley Works,Drilling,Incident,"At Echo Valley Works in the workshop aisle, during routine inspection, a worker used a small hand tool. Nearby was a parked load and inspected sling, not in use. The worker slipped on a dry step while walking beside the bench, lost balance, and rolled an ankle. The worker caught a finger on the tool case but did not fall. No one was exposed to serious harm and no credible fatal outcome was identified. The ordinary footing control was present and verified. The ankle and finger were checked after the slip. The fingertip was checked. The worker removed the step and continued. Demo sequence 0361 was logged.",synthetic_judge_demo_v0_1
DEMO500-0362,2026-09-09,Aurora Basin,Driving,Near Miss,"At Aurora Basin in the workshop aisle, during routine inspection, a worker used a small hand tool. Nearby was a parked load and inspected sling, not in use. The worker slipped on a dry step while walking beside the bench, lost balance, and rolled an ankle. The worker caught a finger on the tool case but did not fall. No one was exposed to serious harm and no credible fatal outcome was identified. The ordinary footing control was present and verified. The ankle and finger were checked after the slip. The fingertip was checked. The worker removed the step and continued. Demo sequence 0362 was logged.",synthetic_judge_demo_v0_1
DEMO500-0363,2026-07-27,Echo Valley Works,Pressure Testing,Near Miss,"At Echo Valley Works in the workshop aisle, during routine inspection, a worker used a small hand tool. Nearby was a parked load and inspected sling, not in use. The worker slipped on a dry step while walking beside the bench, lost balance, and rolled an ankle. The worker caught a finger on the tool case but did not fall. No one was exposed to serious harm and no credible fatal outcome was identified. The ordinary footing control was present and verified. The ankle and finger were checked after the slip. The fingertip was checked. The worker removed the step and continued. Demo sequence 0363 was logged.",synthetic_judge_demo_v0_1
DEMO500-0364,2026-08-17,Delta Point Facility,Valve Maintenance,Unsafe Condition,"At Delta Point Facility in the workshop aisle, during routine inspection, a worker used a small hand tool. Nearby was a cool hot-work torch and closed cylinder, not in use. The worker slipped on a dry step while walking beside the bench, lost balance, and rolled an ankle. The worker caught a finger on the tool case but did not fall. No one was exposed to serious harm and no credible fatal outcome was identified. The ordinary footing control was present and verified. The ankle and finger were checked after the slip. The fingertip was checked. The worker removed the step and continued. Demo sequence 0364 was logged.",synthetic_judge_demo_v0_1
DEMO500-0365,2026-08-13,Frostline Depot,Pressure Testing,Near Miss,"At Frostline Depot in the workshop aisle, during routine inspection, a worker used a small hand tool. Nearby was a closed pressure valve and disconnected line, not in use. The worker slipped on a dry step while walking beside the bench, lost balance, and rolled an ankle. The worker caught a finger on the tool case but did not fall. No one was exposed to serious harm and no credible fatal outcome was identified. The ordinary footing control was present and verified. The ankle and finger were checked after the slip. The fingertip was checked. The worker removed the step and continued. Demo sequence 0365 was logged.",synthetic_judge_demo_v0_1
DEMO500-0366,2026-08-17,Aurora Basin,Mechanical Lifting,Unsafe Condition,"At Aurora Basin in the workshop aisle, during routine inspection, a worker used a small hand tool. Nearby was a hand tool and parked vehicle, not in use. The worker slipped on a dry step while walking beside the bench, lost balance, and rolled an ankle. The worker caught a finger on the tool case but did not fall. No one was exposed to serious harm and no credible fatal outcome was identified. The ordinary footing control was present and verified. The ankle and finger were checked after the slip. The fingertip was checked. The worker removed the step and continued. Demo sequence 0366 was logged.",synthetic_judge_demo_v0_1
DEMO500-0367,2026-07-23,Blue Mesa Yard,Driving,Unsafe Act,"At Blue Mesa Yard in the workshop aisle, during routine inspection, a worker used a small hand tool. Nearby was a parked load and inspected sling, not in use. The worker slipped on a dry step while walking beside the bench, lost balance, and rolled an ankle. The worker caught a finger on the tool case but did not fall. No one was exposed to serious harm and no credible fatal outcome was identified. The ordinary footing control was present and verified. The ankle and finger were checked after the slip. The fingertip was checked. The worker removed the step and continued. Demo sequence 0367 was logged.",synthetic_judge_demo_v0_1
DEMO500-0368,2026-07-20,Delta Point Facility,Pressure Testing,Unsafe Condition,"At Delta Point Facility in the workshop aisle, during routine inspection, a worker used a small hand tool. Nearby was a closed pressure valve and disconnected line, not in use. The worker slipped on a dry step while walking beside the bench, lost balance, and rolled an ankle. The worker caught a finger on the tool case but did not fall. No one was exposed to serious harm and no credible fatal outcome was identified. The ordinary footing control was present and verified. The ankle and finger were checked after the slip. The fingertip was checked. The worker removed the step and continued. Demo sequence 0368 was logged.",synthetic_judge_demo_v0_1
DEMO500-0369,2026-09-02,Frostline Depot,Hot Work,Near Miss,"At Frostline Depot in the workshop aisle, during routine inspection, a worker used a small hand tool. Nearby was a hand tool and parked vehicle, not in use. The worker slipped on a dry step while walking beside the bench, lost balance, and rolled an ankle. The worker caught a finger on the tool case but did not fall. No one was exposed to serious harm and no credible fatal outcome was identified. The ordinary footing control was present and verified. The ankle and finger were checked after the slip. The fingertip was checked. The worker removed the step and continued. Demo sequence 0369 was logged.",synthetic_judge_demo_v0_1
DEMO500-0370,2026-08-10,Blue Mesa Yard,Mechanical Lifting,Unsafe Act,"At Blue Mesa Yard in the workshop aisle, during routine inspection, a worker used a small hand tool. Nearby was a parked load and marked floor, not in use. The worker slipped on a dry step while walking beside the bench, lost balance, and rolled an ankle. The worker caught a finger on the tool case but did not fall. No one was exposed to serious harm and no credible fatal outcome was identified. The ordinary footing control was present and verified. The ankle and finger were checked after the slip. The fingertip was checked. The worker removed the step and continued. Demo sequence 0370 was logged.",synthetic_judge_demo_v0_1
DEMO500-0371,2026-08-24,Delta Point Facility,Electrical Maintenance,Unsafe Condition,"At Delta Point Facility in the workshop aisle, during routine inspection, a worker used a small hand tool. Nearby was a cool hot-work torch and closed cylinder, not in use. The worker slipped on a dry step while walking beside the bench, lost balance, and rolled an ankle. The worker caught a finger on the tool case but did not fall. No one was exposed to serious harm and no credible fatal outcome was identified. The ordinary footing control was present and verified. The ankle and finger were checked after the slip. The fingertip was checked. The worker removed the step and continued. Demo sequence 0371 was logged.",synthetic_judge_demo_v0_1
DEMO500-0372,2026-09-07,Blue Mesa Yard,Drilling,Unsafe Condition,"At Blue Mesa Yard in the workshop aisle, during routine inspection, a worker used a small hand tool. Nearby was a secured guard and idle control panel, not in use. The worker slipped on a dry step while walking beside the bench, lost balance, and rolled an ankle. The worker caught a finger on the tool case but did not fall. No one was exposed to serious harm and no credible fatal outcome was identified. The ordinary footing control was present and verified. The ankle and finger were checked after the slip. The fingertip was checked. The worker removed the step and continued. Demo sequence 0372 was logged.",synthetic_judge_demo_v0_1
DEMO500-0373,2026-09-11,Blue Mesa Yard,Valve Maintenance,Near Miss,"At Blue Mesa Yard in the workshop aisle, during routine inspection, a worker used a small hand tool. Nearby was a closed vessel and idle gas monitor, not in use. The worker slipped on a dry step while walking beside the bench, lost balance, and rolled an ankle. The worker caught a finger on the tool case but did not fall. No one was exposed to serious harm and no credible fatal outcome was identified. The ordinary footing control was present and verified. The ankle and finger were checked after the slip. The fingertip was checked. The worker removed the step and continued. Demo sequence 0373 was logged.",synthetic_judge_demo_v0_1
DEMO500-0374,2026-08-24,Cedar Ridge Station,Driving,Incident,"At Cedar Ridge Station in the workshop aisle, during routine inspection, a worker used a small hand tool. Nearby was a checked permit board and hand tool, not in use. The worker slipped on a dry step while walking beside the bench, lost balance, and rolled an ankle. The worker caught a finger on the tool case but did not fall. No one was exposed to serious harm and no credible fatal outcome was identified. The ordinary footing control was present and verified. The ankle and finger were checked after the slip. The fingertip was checked. The worker removed the step and continued. Demo sequence 0374 was logged.",synthetic_judge_demo_v0_1
DEMO500-0375,2026-08-20,Aurora Basin,Drilling,Unsafe Act,"At Aurora Basin in the workshop aisle, during routine inspection, a worker used a small hand tool. Nearby was a parked vehicle and clear route, not in use. The worker slipped on a dry step while walking beside the bench, lost balance, and rolled an ankle. The worker caught a finger on the tool case but did not fall. No one was exposed to serious harm and no credible fatal outcome was identified. The ordinary footing control was present and verified. The ankle and finger were checked after the slip. The fingertip was checked. The worker removed the step and continued. Demo sequence 0375 was logged.",synthetic_judge_demo_v0_1
DEMO500-0376,2026-07-27,Frostline Depot,Inspection,Unsafe Condition,"At Frostline Depot in the workshop aisle, during routine inspection, a worker used a small hand tool. Nearby was a closed pressure valve and disconnected line, not in use. The worker slipped on a dry step while walking beside the bench, lost balance, and rolled an ankle. The worker caught a finger on the tool case but did not fall. No one was exposed to serious harm and no credible fatal outcome was identified. The ordinary footing control was present and verified. The ankle and finger were checked after the slip. The fingertip was checked. The worker removed the step and continued. Demo sequence 0376 was logged.",synthetic_judge_demo_v0_1
DEMO500-0377,2026-09-11,Aurora Basin,Inspection,Near Miss,"At Aurora Basin in the workshop aisle, during routine inspection, a worker used a small hand tool. Nearby was a checked permit board and hand tool, not in use. The worker slipped on a dry step while walking beside the bench, lost balance, and rolled an ankle. The worker caught a finger on the tool case but did not fall. No one was exposed to serious harm and no credible fatal outcome was identified. The ordinary footing control was present and verified. The ankle and finger were checked after the slip. The fingertip was checked. The worker removed the step and continued. Demo sequence 0377 was logged.",synthetic_judge_demo_v0_1
DEMO500-0378,2026-07-31,Delta Point Facility,Pressure Testing,Unsafe Act,"At Delta Point Facility in the workshop aisle, during routine inspection, a worker used a small hand tool. Nearby was a cool hot-work torch and closed cylinder, not in use. The worker slipped on a dry step while walking beside the bench, lost balance, and rolled an ankle. The worker caught a finger on the tool case but did not fall. No one was exposed to serious harm and no credible fatal outcome was identified. The ordinary footing control was present and verified. The ankle and finger were checked after the slip. The fingertip was checked. The worker removed the step and continued. Demo sequence 0378 was logged.",synthetic_judge_demo_v0_1
DEMO500-0379,2026-09-11,Aurora Basin,Drilling,Unsafe Act,"At Aurora Basin in the workshop aisle, during routine inspection, a worker used a small hand tool. Nearby was a closed pressure valve and disconnected line, not in use. The worker slipped on a dry step while walking beside the bench, lost balance, and rolled an ankle. The worker caught a finger on the tool case but did not fall. No one was exposed to serious harm and no credible fatal outcome was identified. The ordinary footing control was present and verified. The ankle and finger were checked after the slip. The fingertip was checked. The worker removed the step and continued. Demo sequence 0379 was logged.",synthetic_judge_demo_v0_1
DEMO500-0380,2026-07-29,Frostline Depot,Inspection,Unsafe Act,"At Frostline Depot in the workshop aisle, during routine inspection, a worker used a small hand tool. Nearby was a parked load and marked floor, not in use. The worker slipped on a dry step while walking beside the bench, lost balance, and rolled an ankle. The worker caught a finger on the tool case but did not fall. No one was exposed to serious harm and no credible fatal outcome was identified. The ordinary footing control was present and verified. The ankle and finger were checked after the slip. The fingertip was checked. The worker removed the step and continued. Demo sequence 0380 was logged.",synthetic_judge_demo_v0_1
DEMO500-0381,2026-08-21,Aurora Basin,Valve Maintenance,Unsafe Condition,"At Aurora Basin in the workshop aisle, during routine inspection, a worker used a small hand tool. Nearby was a closed vessel and idle gas monitor, not in use. The worker slipped on a dry step while walking beside the bench, lost balance, and rolled an ankle. The worker caught a finger on the tool case but did not fall. No one was exposed to serious harm and no credible fatal outcome was identified. The ordinary footing control was present and verified. The ankle and finger were checked after the slip. The fingertip was checked. The worker removed the step and continued. Demo sequence 0381 was logged.",synthetic_judge_demo_v0_1
DEMO500-0382,2026-08-31,Aurora Basin,Hot Work,Near Miss,"At Aurora Basin in the workshop aisle, during routine inspection, a worker used a small hand tool. Nearby was a closed vessel and idle gas monitor, not in use. The worker slipped on a dry step while walking beside the bench, lost balance, and rolled an ankle. The worker caught a finger on the tool case but did not fall. No one was exposed to serious harm and no credible fatal outcome was identified. The ordinary footing control was present and verified. The ankle and finger were checked after the slip. The fingertip was checked. The worker removed the step and continued. Demo sequence 0382 was logged.",synthetic_judge_demo_v0_1
DEMO500-0383,2026-09-01,Blue Mesa Yard,Inspection,Incident,"At Blue Mesa Yard in the workshop aisle, during routine inspection, a worker used a small hand tool. Nearby was a parked load and inspected sling, not in use. The worker slipped on a dry step while walking beside the bench, lost balance, and rolled an ankle. The worker caught a finger on the tool case but did not fall. No one was exposed to serious harm and no credible fatal outcome was identified. The ordinary footing control was present and verified. The ankle and finger were checked after the slip. The fingertip was checked. The worker removed the step and continued. Demo sequence 0383 was logged.",synthetic_judge_demo_v0_1
DEMO500-0384,2026-08-21,Echo Valley Works,Drilling,Unsafe Act,"At Echo Valley Works in the workshop aisle, during routine inspection, a worker used a small hand tool. Nearby was a checked permit board and hand tool, not in use. The worker slipped on a dry step while walking beside the bench, lost balance, and rolled an ankle. The worker caught a finger on the tool case but did not fall. No one was exposed to serious harm and no credible fatal outcome was identified. The ordinary footing control was present and verified. The ankle and finger were checked after the slip. The fingertip was checked. The worker removed the step and continued. Demo sequence 0384 was logged.",synthetic_judge_demo_v0_1
DEMO500-0385,2026-08-28,Aurora Basin,Inspection,Unsafe Condition,"At Aurora Basin in the workshop aisle, during routine inspection, a worker used a small hand tool. Nearby was a parked load and marked floor, not in use. The worker slipped on a dry step while walking beside the bench, lost balance, and rolled an ankle. The worker caught a finger on the tool case but did not fall. No one was exposed to serious harm and no credible fatal outcome was identified. The ordinary footing control was present and verified. The ankle and finger were checked after the slip. The fingertip was checked. The worker removed the step and continued. Demo sequence 0385 was logged.",synthetic_judge_demo_v0_1
DEMO500-0386,2026-08-26,Blue Mesa Yard,Hot Work,Unsafe Condition,"At Blue Mesa Yard in the workshop aisle, during routine inspection, a worker used a small hand tool. Nearby was a checked permit board and hand tool, not in use. The worker slipped on a dry step while walking beside the bench, lost balance, and rolled an ankle. The worker caught a finger on the tool case but did not fall. No one was exposed to serious harm and no credible fatal outcome was identified. The ordinary footing control was present and verified. The ankle and finger were checked after the slip. The fingertip was checked. The worker removed the step and continued. Demo sequence 0386 was logged.",synthetic_judge_demo_v0_1
DEMO500-0387,2026-08-04,Echo Valley Works,Mechanical Lifting,Near Miss,"At Echo Valley Works in the workshop aisle, during routine inspection, a worker used a small hand tool. Nearby was a closed pressure valve and disconnected line, not in use. The worker slipped on a dry step while walking beside the bench, lost balance, and rolled an ankle. The worker caught a finger on the tool case but did not fall. No one was exposed to serious harm and no credible fatal outcome was identified. The ordinary footing control was present and verified. The ankle and finger were checked after the slip. The fingertip was checked. The worker removed the step and continued. Demo sequence 0387 was logged.",synthetic_judge_demo_v0_1
DEMO500-0388,2026-07-22,Blue Mesa Yard,Pressure Testing,Unsafe Condition,"At Blue Mesa Yard in the workshop aisle, during routine inspection, a worker used a small hand tool. Nearby was a cool hot-work torch and closed cylinder, not in use. The worker slipped on a dry step while walking beside the bench, lost balance, and rolled an ankle. The worker caught a finger on the tool case but did not fall. No one was exposed to serious harm and no credible fatal outcome was identified. The ordinary footing control was present and verified. The ankle and finger were checked after the slip. The fingertip was checked. The worker removed the step and continued. Demo sequence 0388 was logged.",synthetic_judge_demo_v0_1
DEMO500-0389,2026-08-20,Frostline Depot,Valve Maintenance,Near Miss,"At Frostline Depot in the workshop aisle, during routine inspection, a worker used a small hand tool. Nearby was a cool hot-work torch and closed cylinder, not in use. The worker slipped on a dry step while walking beside the bench, lost balance, and rolled an ankle. The worker caught a finger on the tool case but did not fall. No one was exposed to serious harm and no credible fatal outcome was identified. The ordinary footing control was present and verified. The ankle and finger were checked after the slip. The fingertip was checked. The worker removed the step and continued. Demo sequence 0389 was logged.",synthetic_judge_demo_v0_1
DEMO500-0390,2026-07-31,Aurora Basin,Hot Work,Near Miss,"At Aurora Basin in the workshop aisle, during routine inspection, a worker used a small hand tool. Nearby was a closed pressure valve and disconnected line, not in use. The worker slipped on a dry step while walking beside the bench, lost balance, and rolled an ankle. The worker caught a finger on the tool case but did not fall. No one was exposed to serious harm and no credible fatal outcome was identified. The ordinary footing control was present and verified. The ankle and finger were checked after the slip. The fingertip was checked. The worker removed the step and continued. Demo sequence 0390 was logged.",synthetic_judge_demo_v0_1
DEMO500-0391,2026-09-10,Aurora Basin,Mechanical Lifting,Near Miss,"At Aurora Basin in the workshop aisle, during routine inspection, a worker used a small hand tool. Nearby was a closed pressure valve and disconnected line, not in use. The worker slipped on a dry step while walking beside the bench, lost balance, and rolled an ankle. The worker caught a finger on the tool case but did not fall. No one was exposed to serious harm and no credible fatal outcome was identified. The ordinary footing control was present and verified. The ankle and finger were checked after the slip. The fingertip was checked. The worker removed the step and continued. Demo sequence 0391 was logged.",synthetic_judge_demo_v0_1
DEMO500-0392,2026-09-10,Aurora Basin,Pressure Testing,Incident,"At Aurora Basin in the workshop aisle, during routine inspection, a worker used a small hand tool. Nearby was a cool hot-work torch and closed cylinder, not in use. The worker slipped on a dry step while walking beside the bench, lost balance, and rolled an ankle. The worker caught a finger on the tool case but did not fall. No one was exposed to serious harm and no credible fatal outcome was identified. The ordinary footing control was present and verified. The ankle and finger were checked after the slip. The fingertip was checked. The worker removed the step and continued. Demo sequence 0392 was logged.",synthetic_judge_demo_v0_1
DEMO500-0393,2026-08-04,Frostline Depot,Drilling,Incident,"At Frostline Depot in the workshop aisle, during routine inspection, a worker used a small hand tool. Nearby was a parked vehicle and clear route, not in use. The worker slipped on a dry step while walking beside the bench, lost balance, and rolled an ankle. The worker caught a finger on the tool case but did not fall. No one was exposed to serious harm and no credible fatal outcome was identified. The ordinary footing control was present and verified. The ankle and finger were checked after the slip. The fingertip was checked. The worker removed the step and continued. Demo sequence 0393 was logged.",synthetic_judge_demo_v0_1
DEMO500-0394,2026-08-19,Delta Point Facility,Valve Maintenance,Near Miss,"At Delta Point Facility in the workshop aisle, during routine inspection, a worker used a small hand tool. Nearby was a parked vehicle and clear route, not in use. The worker slipped on a dry step while walking beside the bench, lost balance, and rolled an ankle. The worker caught a finger on the tool case but did not fall. No one was exposed to serious harm and no credible fatal outcome was identified. The ordinary footing control was present and verified. The ankle and finger were checked after the slip. The fingertip was checked. The worker removed the step and continued. Demo sequence 0394 was logged.",synthetic_judge_demo_v0_1
DEMO500-0395,2026-08-27,Echo Valley Works,Driving,Unsafe Act,"At Echo Valley Works in the workshop aisle, during routine inspection, a worker used a small hand tool. Nearby was a parked load and marked floor, not in use. The worker slipped on a dry step while walking beside the bench, lost balance, and rolled an ankle. The worker caught a finger on the tool case but did not fall. No one was exposed to serious harm and no credible fatal outcome was identified. The ordinary footing control was present and verified. The ankle and finger were checked after the slip. The fingertip was checked. The worker removed the step and continued. Demo sequence 0395 was logged.",synthetic_judge_demo_v0_1
DEMO500-0396,2026-09-11,Cedar Ridge Station,Valve Maintenance,Incident,"At Cedar Ridge Station in the workshop aisle, during routine inspection, a worker used a small hand tool. Nearby was a hand tool and parked vehicle, not in use. The worker slipped on a dry step while walking beside the bench, lost balance, and rolled an ankle. The worker caught a finger on the tool case but did not fall. No one was exposed to serious harm and no credible fatal outcome was identified. The ordinary footing control was present and verified. The ankle and finger were checked after the slip. The fingertip was checked. The worker removed the step and continued. Demo sequence 0396 was logged.",synthetic_judge_demo_v0_1
DEMO500-0397,2026-08-26,Aurora Basin,Drilling,Incident,"At Aurora Basin in the workshop aisle, during routine inspection, a worker used a small hand tool. Nearby was a hand tool and parked vehicle, not in use. The worker slipped on a dry step while walking beside the bench, lost balance, and rolled an ankle. The worker caught a finger on the tool case but did not fall. No one was exposed to serious harm and no credible fatal outcome was identified. The ordinary footing control was present and verified. The ankle and finger were checked after the slip. The fingertip was checked. The worker removed the step and continued. Demo sequence 0397 was logged.",synthetic_judge_demo_v0_1
DEMO500-0398,2026-08-21,Frostline Depot,Mechanical Lifting,Near Miss,"At Frostline Depot in the workshop aisle, during routine inspection, a worker used a small hand tool. Nearby was a parked load and inspected sling, not in use. The worker slipped on a dry step while walking beside the bench, lost balance, and rolled an ankle. The worker caught a finger on the tool case but did not fall. No one was exposed to serious harm and no credible fatal outcome was identified. The ordinary footing control was present and verified. The ankle and finger were checked after the slip. The fingertip was checked. The worker removed the step and continued. Demo sequence 0398 was logged.",synthetic_judge_demo_v0_1
DEMO500-0399,2026-08-06,Blue Mesa Yard,Drilling,Unsafe Condition,"At Blue Mesa Yard in the workshop aisle, during routine inspection, a worker used a small hand tool. Nearby was a hand tool and parked vehicle, not in use. The worker slipped on a dry step while walking beside the bench, lost balance, and rolled an ankle. The worker caught a finger on the tool case but did not fall. No one was exposed to serious harm and no credible fatal outcome was identified. The ordinary footing control was present and verified. The ankle and finger were checked after the slip. The fingertip was checked. The worker removed the step and continued. Demo sequence 0399 was logged.",synthetic_judge_demo_v0_1
DEMO500-0400,2026-07-31,Echo Valley Works,Inspection,Unsafe Condition,"At Echo Valley Works in the workshop aisle, during routine inspection, a worker used a small hand tool. Nearby was a parked load and marked floor, not in use. The worker slipped on a dry step while walking beside the bench, lost balance, and rolled an ankle. The worker caught a finger on the tool case but did not fall. No one was exposed to serious harm and no credible fatal outcome was identified. The ordinary footing control was present and verified. The ankle and finger were checked after the slip. The fingertip was checked. The worker removed the step and continued. Demo sequence 0400 was logged.",synthetic_judge_demo_v0_1
DEMO500-0401,2026-08-19,Frostline Depot,Driving,Near Miss,"At Frostline Depot in the workshop aisle, during routine inspection, a worker used a small hand tool. Nearby was a cool hot-work torch and closed cylinder, not in use. The worker slipped on a dry step while walking beside the bench, lost balance, and rolled an ankle. The worker caught a finger on the tool case but did not fall. No one was exposed to serious harm and no credible fatal outcome was identified. The ordinary footing control was present and verified. The ankle and finger were checked after the slip. The fingertip was checked. The worker removed the step and continued. Demo sequence 0401 was logged.",synthetic_judge_demo_v0_1
DEMO500-0402,2026-08-28,Cedar Ridge Station,Valve Maintenance,Unsafe Condition,"At Cedar Ridge Station in the workshop aisle, during routine inspection, a worker used a small hand tool. Nearby was a closed vessel and idle gas monitor, not in use. The worker slipped on a dry step while walking beside the bench, lost balance, and rolled an ankle. The worker caught a finger on the tool case but did not fall. No one was exposed to serious harm and no credible fatal outcome was identified. The ordinary footing control was present and verified. The ankle and finger were checked after the slip. The fingertip was checked. The worker removed the step and continued. Demo sequence 0402 was logged.",synthetic_judge_demo_v0_1
DEMO500-0403,2026-08-12,Delta Point Facility,Driving,Incident,"At Delta Point Facility in the workshop aisle, during routine inspection, a worker used a small hand tool. Nearby was a parked load and inspected sling, not in use. The worker slipped on a dry step while walking beside the bench, lost balance, and rolled an ankle. The worker caught a finger on the tool case but did not fall. No one was exposed to serious harm and no credible fatal outcome was identified. The ordinary footing control was present and verified. The ankle and finger were checked after the slip. The fingertip was checked. The worker removed the step and continued. Demo sequence 0403 was logged.",synthetic_judge_demo_v0_1
DEMO500-0404,2026-07-31,Cedar Ridge Station,Pressure Testing,Incident,"At Cedar Ridge Station in the workshop aisle, during routine inspection, a worker used a small hand tool. Nearby was a secured ladder and closed platform, not in use. The worker slipped on a dry step while walking beside the bench, lost balance, and rolled an ankle. The worker caught a finger on the tool case but did not fall. No one was exposed to serious harm and no credible fatal outcome was identified. The ordinary footing control was present and verified. The ankle and finger were checked after the slip. The fingertip was checked. The worker removed the step and continued. Demo sequence 0404 was logged.",synthetic_judge_demo_v0_1
DEMO500-0405,2026-09-03,Blue Mesa Yard,Valve Maintenance,Unsafe Condition,"At Blue Mesa Yard in the workshop aisle, during routine inspection, a worker used a small hand tool. Nearby was a parked vehicle and clear route, not in use. The worker slipped on a dry step while walking beside the bench, lost balance, and rolled an ankle. The worker caught a finger on the tool case but did not fall. No one was exposed to serious harm and no credible fatal outcome was identified. The ordinary footing control was present and verified. The ankle and finger were checked after the slip. The fingertip was checked. The worker removed the step and continued. Demo sequence 0405 was logged.",synthetic_judge_demo_v0_1
DEMO500-0406,2026-09-03,Frostline Depot,Pressure Testing,Near Miss,"At Frostline Depot in the workshop aisle, during routine inspection, a worker used a small hand tool. Nearby was a parked vehicle and clear route, not in use. The worker slipped on a dry step while walking beside the bench, lost balance, and rolled an ankle. The worker caught a finger on the tool case but did not fall. No one was exposed to serious harm and no credible fatal outcome was identified. The ordinary footing control was present and verified. The ankle and finger were checked after the slip. The fingertip was checked. The worker removed the step and continued. Demo sequence 0406 was logged.",synthetic_judge_demo_v0_1
DEMO500-0407,2026-07-28,Frostline Depot,Valve Maintenance,Unsafe Act,"At Frostline Depot in the workshop aisle, during routine inspection, a worker used a small hand tool. Nearby was a closed vessel and idle gas monitor, not in use. The worker slipped on a dry step while walking beside the bench, lost balance, and rolled an ankle. The worker caught a finger on the tool case but did not fall. No one was exposed to serious harm and no credible fatal outcome was identified. The ordinary footing control was present and verified. The ankle and finger were checked after the slip. The fingertip was checked. The worker removed the step and continued. Demo sequence 0407 was logged.",synthetic_judge_demo_v0_1
DEMO500-0408,2026-08-14,Echo Valley Works,Pressure Testing,Near Miss,"At Echo Valley Works in the workshop aisle, during routine inspection, a worker used a small hand tool. Nearby was a parked load and inspected sling, not in use. The worker slipped on a dry step while walking beside the bench, lost balance, and rolled an ankle. The worker caught a finger on the tool case but did not fall. No one was exposed to serious harm and no credible fatal outcome was identified. The ordinary footing control was present and verified. The ankle and finger were checked after the slip. The fingertip was checked. The worker removed the step and continued. Demo sequence 0408 was logged.",synthetic_judge_demo_v0_1
DEMO500-0409,2026-08-26,Cedar Ridge Station,Valve Maintenance,Unsafe Condition,"At Cedar Ridge Station in the workshop aisle, during routine inspection, a worker used a small hand tool. Nearby was a checked permit board and hand tool, not in use. The worker slipped on a dry step while walking beside the bench, lost balance, and rolled an ankle. The worker caught a finger on the tool case but did not fall. No one was exposed to serious harm and no credible fatal outcome was identified. The ordinary footing control was present and verified. The ankle and finger were checked after the slip. The fingertip was checked. The worker removed the step and continued. Demo sequence 0409 was logged.",synthetic_judge_demo_v0_1
DEMO500-0410,2026-08-26,Cedar Ridge Station,Pressure Testing,Unsafe Act,"At Cedar Ridge Station in the workshop aisle, during routine inspection, a worker used a small hand tool. Nearby was a parked load and marked floor, not in use. The worker slipped on a dry step while walking beside the bench, lost balance, and rolled an ankle. The worker caught a finger on the tool case but did not fall. No one was exposed to serious harm and no credible fatal outcome was identified. The ordinary footing control was present and verified. The ankle and finger were checked after the slip. The fingertip was checked. The worker removed the step and continued. Demo sequence 0410 was logged.",synthetic_judge_demo_v0_1
DEMO500-0411,2026-08-05,Delta Point Facility,Driving,Unsafe Act,"At Delta Point Facility in the workshop aisle, during routine inspection, a worker used a small hand tool. Nearby was a parked load and inspected sling, not in use. The worker slipped on a dry step while walking beside the bench, lost balance, and rolled an ankle. The worker caught a finger on the tool case but did not fall. No one was exposed to serious harm and no credible fatal outcome was identified. The ordinary footing control was present and verified. The ankle and finger were checked after the slip. The fingertip was checked. The worker removed the step and continued. Demo sequence 0411 was logged.",synthetic_judge_demo_v0_1
DEMO500-0412,2026-08-25,Blue Mesa Yard,Valve Maintenance,Incident,"At Blue Mesa Yard in the workshop aisle, during routine inspection, a worker used a small hand tool. Nearby was a hand tool and parked vehicle, not in use. The worker slipped on a dry step while walking beside the bench, lost balance, and rolled an ankle. The worker caught a finger on the tool case but did not fall. No one was exposed to serious harm and no credible fatal outcome was identified. The ordinary footing control was present and verified. The ankle and finger were checked after the slip. The fingertip was checked. The worker removed the step and continued. Demo sequence 0412 was logged.",synthetic_judge_demo_v0_1
DEMO500-0413,2026-08-04,Frostline Depot,Drilling,Incident,"At Frostline Depot in the workshop aisle, during routine inspection, a worker used a small hand tool. Nearby was a hand tool and parked vehicle, not in use. The worker slipped on a dry step while walking beside the bench, lost balance, and rolled an ankle. The worker caught a finger on the tool case but did not fall. No one was exposed to serious harm and no credible fatal outcome was identified. The ordinary footing control was present and verified. The ankle and finger were checked after the slip. The fingertip was checked. The worker removed the step and continued. Demo sequence 0413 was logged.",synthetic_judge_demo_v0_1
DEMO500-0414,2026-09-10,Frostline Depot,Valve Maintenance,Near Miss,"At Frostline Depot in the workshop aisle, during routine inspection, a worker used a small hand tool. Nearby was a hand tool and parked vehicle, not in use. The worker slipped on a dry step while walking beside the bench, lost balance, and rolled an ankle. The worker caught a finger on the tool case but did not fall. No one was exposed to serious harm and no credible fatal outcome was identified. The ordinary footing control was present and verified. The ankle and finger were checked after the slip. The fingertip was checked. The worker removed the step and continued. Demo sequence 0414 was logged.",synthetic_judge_demo_v0_1
DEMO500-0415,2026-07-27,Cedar Ridge Station,Driving,Unsafe Act,"At Cedar Ridge Station in the workshop aisle, during routine inspection, a worker used a small hand tool. Nearby was a parked vehicle and clear route, not in use. The worker slipped on a dry step while walking beside the bench, lost balance, and rolled an ankle. The worker caught a finger on the tool case but did not fall. No one was exposed to serious harm and no credible fatal outcome was identified. The ordinary footing control was present and verified. The ankle and finger were checked after the slip. The fingertip was checked. The worker removed the step and continued. Demo sequence 0415 was logged.",synthetic_judge_demo_v0_1
DEMO500-0416,2026-08-28,Blue Mesa Yard,Pressure Testing,Unsafe Condition,"At Blue Mesa Yard in the workshop aisle, during routine inspection, a worker used a small hand tool. Nearby was a parked load and inspected sling, not in use. The worker slipped on a dry step while walking beside the bench, lost balance, and rolled an ankle. The worker caught a finger on the tool case but did not fall. No one was exposed to serious harm and no credible fatal outcome was identified. The ordinary footing control was present and verified. The ankle and finger were checked after the slip. The fingertip was checked. The worker removed the step and continued. Demo sequence 0416 was logged.",synthetic_judge_demo_v0_1
DEMO500-0417,2026-08-06,Delta Point Facility,Pressure Testing,Unsafe Act,"At Delta Point Facility in the workshop aisle, during routine inspection, a worker used a small hand tool. Nearby was a hand tool and parked vehicle, not in use. The worker slipped on a dry step while walking beside the bench, lost balance, and rolled an ankle. The worker caught a finger on the tool case but did not fall. No one was exposed to serious harm and no credible fatal outcome was identified. The ordinary footing control was present and verified. The ankle and finger were checked after the slip. The fingertip was checked. The worker removed the step and continued. Demo sequence 0417 was logged.",synthetic_judge_demo_v0_1
DEMO500-0418,2026-07-29,Delta Point Facility,Hot Work,Near Miss,"At Delta Point Facility in the workshop aisle, during routine inspection, a worker used a small hand tool. Nearby was a secured ladder and closed platform, not in use. The worker slipped on a dry step while walking beside the bench, lost balance, and rolled an ankle. The worker caught a finger on the tool case but did not fall. No one was exposed to serious harm and no credible fatal outcome was identified. The ordinary footing control was present and verified. The ankle and finger were checked after the slip. The fingertip was checked. The worker removed the step and continued. Demo sequence 0418 was logged.",synthetic_judge_demo_v0_1
DEMO500-0419,2026-08-14,Blue Mesa Yard,Driving,Unsafe Act,"At Blue Mesa Yard in the workshop aisle, during routine inspection, a worker used a small hand tool. Nearby was a closed vessel and idle gas monitor, not in use. The worker slipped on a dry step while walking beside the bench, lost balance, and rolled an ankle. The worker caught a finger on the tool case but did not fall. No one was exposed to serious harm and no credible fatal outcome was identified. The ordinary footing control was present and verified. The ankle and finger were checked after the slip. The fingertip was checked. The worker removed the step and continued. Demo sequence 0419 was logged.",synthetic_judge_demo_v0_1
DEMO500-0420,2026-09-04,Delta Point Facility,Inspection,Unsafe Condition,"At Delta Point Facility in the workshop aisle, during routine inspection, a worker used a small hand tool. Nearby was a secured guard and idle control panel, not in use. The worker slipped on a dry step while walking beside the bench, lost balance, and rolled an ankle. The worker caught a finger on the tool case but did not fall. No one was exposed to serious harm and no credible fatal outcome was identified. The ordinary footing control was present and verified. The ankle and finger were checked after the slip. The fingertip was checked. The worker removed the step and continued. Demo sequence 0420 was logged.",synthetic_judge_demo_v0_1
DEMO500-0421,2026-07-20,Echo Valley Works,Drilling,Near Miss,"At Echo Valley Works in the workshop aisle, during routine inspection, a worker used a small hand tool. Nearby was a checked permit board and hand tool, not in use. The worker slipped on a dry step while walking beside the bench, lost balance, and rolled an ankle. The worker caught a finger on the tool case but did not fall. No one was exposed to serious harm and no credible fatal outcome was identified. The ordinary footing control was present and verified. The ankle and finger were checked after the slip. The fingertip was checked. The worker removed the step and continued. Demo sequence 0421 was logged.",synthetic_judge_demo_v0_1
DEMO500-0422,2026-08-25,Aurora Basin,Mechanical Lifting,Near Miss,"At Aurora Basin in the workshop aisle, during routine inspection, a worker used a small hand tool. Nearby was a closed vessel and idle gas monitor, not in use. The worker slipped on a dry step while walking beside the bench, lost balance, and rolled an ankle. The worker caught a finger on the tool case but did not fall. No one was exposed to serious harm and no credible fatal outcome was identified. The ordinary footing control was present and verified. The ankle and finger were checked after the slip. The fingertip was checked. The worker removed the step and continued. Demo sequence 0422 was logged.",synthetic_judge_demo_v0_1
DEMO500-0423,2026-09-08,Blue Mesa Yard,Electrical Maintenance,Unsafe Act,"At Blue Mesa Yard in the workshop aisle, during routine inspection, a worker used a small hand tool. Nearby was a hand tool and parked vehicle, not in use. The worker slipped on a dry step while walking beside the bench, lost balance, and rolled an ankle. The worker caught a finger on the tool case but did not fall. No one was exposed to serious harm and no credible fatal outcome was identified. The ordinary footing control was present and verified. The ankle and finger were checked after the slip. The fingertip was checked. The worker removed the step and continued. Demo sequence 0423 was logged.",synthetic_judge_demo_v0_1
DEMO500-0424,2026-08-24,Blue Mesa Yard,Inspection,Unsafe Condition,"At Blue Mesa Yard in the workshop aisle, during routine inspection, a worker used a small hand tool. Nearby was a checked permit board and hand tool, not in use. The worker slipped on a dry step while walking beside the bench, lost balance, and rolled an ankle. The worker caught a finger on the tool case but did not fall. No one was exposed to serious harm and no credible fatal outcome was identified. The ordinary footing control was present and verified. The ankle and finger were checked after the slip. The fingertip was checked. The worker removed the step and continued. Demo sequence 0424 was logged.",synthetic_judge_demo_v0_1
DEMO500-0425,2026-08-31,Aurora Basin,Drilling,Incident,"At Aurora Basin in the workshop aisle, during routine inspection, a worker used a small hand tool. Nearby was a parked load and marked floor, not in use. The worker slipped on a dry step while walking beside the bench, lost balance, and rolled an ankle. The worker caught a finger on the tool case but did not fall. No one was exposed to serious harm and no credible fatal outcome was identified. The ordinary footing control was present and verified. The ankle and finger were checked after the slip. The fingertip was checked. The worker removed the step and continued. Demo sequence 0425 was logged.",synthetic_judge_demo_v0_1
DEMO500-0426,2026-08-24,Frostline Depot,Mechanical Lifting,Unsafe Condition,"At Frostline Depot in the workshop aisle, during routine inspection, a worker used a small hand tool. Nearby was a closed pressure valve and disconnected line, not in use. The worker slipped on a dry step while walking beside the bench, lost balance, and rolled an ankle. The worker caught a finger on the tool case but did not fall. No one was exposed to serious harm and no credible fatal outcome was identified. The ordinary footing control was present and verified. The ankle and finger were checked after the slip. The fingertip was checked. The worker removed the step and continued. Demo sequence 0426 was logged.",synthetic_judge_demo_v0_1
DEMO500-0427,2026-08-31,Cedar Ridge Station,Drilling,Near Miss,"At Cedar Ridge Station in the workshop aisle, during routine inspection, a worker used a small hand tool. Nearby was a secured ladder and closed platform, not in use. The worker slipped on a dry step while walking beside the bench, lost balance, and rolled an ankle. The worker caught a finger on the tool case but did not fall. No one was exposed to serious harm and no credible fatal outcome was identified. The ordinary footing control was present and verified. The ankle and finger were checked after the slip. The fingertip was checked. The worker removed the step and continued. Demo sequence 0427 was logged.",synthetic_judge_demo_v0_1
DEMO500-0428,2026-08-20,Delta Point Facility,Drilling,Unsafe Condition,"At Delta Point Facility in the workshop aisle, during routine inspection, a worker used a small hand tool. Nearby was a secured ladder and closed platform, not in use. The worker slipped on a dry step while walking beside the bench, lost balance, and rolled an ankle. The worker caught a finger on the tool case but did not fall. No one was exposed to serious harm and no credible fatal outcome was identified. The ordinary footing control was present and verified. The ankle and finger were checked after the slip. The fingertip was checked. The worker removed the step and continued. Demo sequence 0428 was logged.",synthetic_judge_demo_v0_1
DEMO500-0429,2026-08-11,Cedar Ridge Station,Electrical Maintenance,Unsafe Act,"At Cedar Ridge Station in the workshop aisle, during routine inspection, a worker used a small hand tool. Nearby was a parked vehicle and clear route, not in use. The worker slipped on a dry step while walking beside the bench, lost balance, and rolled an ankle. The worker caught a finger on the tool case but did not fall. No one was exposed to serious harm and no credible fatal outcome was identified. The ordinary footing control was present and verified. The ankle and finger were checked after the slip. The fingertip was checked. The worker removed the step and continued. Demo sequence 0429 was logged.",synthetic_judge_demo_v0_1
DEMO500-0430,2026-07-23,Echo Valley Works,Electrical Maintenance,Incident,"At Echo Valley Works in the workshop aisle, during routine inspection, a worker used a small hand tool. Nearby was a parked load and marked floor, not in use. The worker slipped on a dry step while walking beside the bench, lost balance, and rolled an ankle. The worker caught a finger on the tool case but did not fall. No one was exposed to serious harm and no credible fatal outcome was identified. The ordinary footing control was present and verified. The ankle and finger were checked after the slip. The fingertip was checked. The worker removed the step and continued. Demo sequence 0430 was logged.",synthetic_judge_demo_v0_1
DEMO500-0431,2026-09-07,Blue Mesa Yard,Electrical Maintenance,Near Miss,"At Blue Mesa Yard in the workshop aisle, during routine inspection, a worker used a small hand tool. Nearby was a closed pressure valve and disconnected line, not in use. The worker slipped on a dry step while walking beside the bench, lost balance, and rolled an ankle. The worker caught a finger on the tool case but did not fall. No one was exposed to serious harm and no credible fatal outcome was identified. The ordinary footing control was present and verified. The ankle and finger were checked after the slip. The fingertip was checked. The worker removed the step and continued. Demo sequence 0431 was logged.",synthetic_judge_demo_v0_1
DEMO500-0432,2026-08-14,Frostline Depot,Hot Work,Incident,"At Frostline Depot in the workshop aisle, during routine inspection, a worker used a small hand tool. Nearby was a secured guard and idle control panel, not in use. The worker slipped on a dry step while walking beside the bench, lost balance, and rolled an ankle. The worker caught a finger on the tool case but did not fall. No one was exposed to serious harm and no credible fatal outcome was identified. The ordinary footing control was present and verified. The ankle and finger were checked after the slip. The fingertip was checked. The worker removed the step and continued. Demo sequence 0432 was logged.",synthetic_judge_demo_v0_1
DEMO500-0433,2026-08-17,Echo Valley Works,Hot Work,Unsafe Act,"At Echo Valley Works in the workshop aisle, during routine inspection, a worker used a small hand tool. Nearby was a hand tool and parked vehicle, not in use. The worker slipped on a dry step while walking beside the bench, lost balance, and rolled an ankle. The worker caught a finger on the tool case but did not fall. No one was exposed to serious harm and no credible fatal outcome was identified. The ordinary footing control was present and verified. The ankle and finger were checked after the slip. The fingertip was checked. The worker removed the step and continued. Demo sequence 0433 was logged.",synthetic_judge_demo_v0_1
DEMO500-0434,2026-09-01,Frostline Depot,Mechanical Lifting,Incident,"At Frostline Depot in the workshop aisle, during routine inspection, a worker used a small hand tool. Nearby was a cool hot-work torch and closed cylinder, not in use. The worker slipped on a dry step while walking beside the bench, lost balance, and rolled an ankle. The worker caught a finger on the tool case but did not fall. No one was exposed to serious harm and no credible fatal outcome was identified. The ordinary footing control was present and verified. The ankle and finger were checked after the slip. The fingertip was checked. The worker removed the step and continued. Demo sequence 0434 was logged.",synthetic_judge_demo_v0_1
DEMO500-0435,2026-07-24,Cedar Ridge Station,Mechanical Lifting,Near Miss,"At Cedar Ridge Station in the workshop aisle, during routine inspection, a worker used a small hand tool. Nearby was a closed vessel and idle gas monitor, not in use. The worker slipped on a dry step while walking beside the bench, lost balance, and rolled an ankle. The worker caught a finger on the tool case but did not fall. No one was exposed to serious harm and no credible fatal outcome was identified. The ordinary footing control was present and verified. The ankle and finger were checked after the slip. The fingertip was checked. The worker removed the step and continued. Demo sequence 0435 was logged.",synthetic_judge_demo_v0_1
DEMO500-0436,2026-07-28,Aurora Basin,Mechanical Lifting,Incident,"At Aurora Basin in the workshop aisle, during routine inspection, a worker used a small hand tool. Nearby was a closed pressure valve and disconnected line, not in use. The worker slipped on a dry step while walking beside the bench, lost balance, and rolled an ankle. The worker caught a finger on the tool case but did not fall. No one was exposed to serious harm and no credible fatal outcome was identified. The ordinary footing control was present and verified. The ankle and finger were checked after the slip. The fingertip was checked. The worker removed the step and continued. Demo sequence 0436 was logged.",synthetic_judge_demo_v0_1
DEMO500-0437,2026-08-31,Echo Valley Works,Mechanical Lifting,Unsafe Act,"At Echo Valley Works in the workshop aisle, during routine inspection, a worker used a small hand tool. Nearby was a parked vehicle and clear route, not in use. The worker slipped on a dry step while walking beside the bench, lost balance, and rolled an ankle. The worker caught a finger on the tool case but did not fall. No one was exposed to serious harm and no credible fatal outcome was identified. The ordinary footing control was present and verified. The ankle and finger were checked after the slip. The fingertip was checked. The worker removed the step and continued. Demo sequence 0437 was logged.",synthetic_judge_demo_v0_1
DEMO500-0438,2026-08-27,Blue Mesa Yard,Pressure Testing,Incident,"At Blue Mesa Yard in the workshop aisle, during routine inspection, a worker used a small hand tool. Nearby was a parked load and marked floor, not in use. The worker slipped on a dry step while walking beside the bench, lost balance, and rolled an ankle. The worker caught a finger on the tool case but did not fall. No one was exposed to serious harm and no credible fatal outcome was identified. The ordinary footing control was present and verified. The ankle and finger were checked after the slip. The fingertip was checked. The worker removed the step and continued. Demo sequence 0438 was logged.",synthetic_judge_demo_v0_1
DEMO500-0439,2026-08-24,Aurora Basin,Valve Maintenance,Unsafe Condition,"At Aurora Basin in the workshop aisle, during routine inspection, a worker used a small hand tool. Nearby was a secured ladder and closed platform, not in use. The worker slipped on a dry step while walking beside the bench, lost balance, and rolled an ankle. The worker caught a finger on the tool case but did not fall. No one was exposed to serious harm and no credible fatal outcome was identified. The ordinary footing control was present and verified. The ankle and finger were checked after the slip. The fingertip was checked. The worker removed the step and continued. Demo sequence 0439 was logged.",synthetic_judge_demo_v0_1
DEMO500-0440,2026-08-03,Delta Point Facility,Mechanical Lifting,Unsafe Act,"At Delta Point Facility in the workshop aisle, during routine inspection, a worker used a small hand tool. Nearby was a closed pressure valve and disconnected line, not in use. The worker slipped on a dry step while walking beside the bench, lost balance, and rolled an ankle. The worker caught a finger on the tool case but did not fall. No one was exposed to serious harm and no credible fatal outcome was identified. The ordinary footing control was present and verified. The ankle and finger were checked after the slip. The fingertip was checked. The worker removed the step and continued. Demo sequence 0440 was logged.",synthetic_judge_demo_v0_1
DEMO500-0441,2026-07-31,Cedar Ridge Station,Hot Work,Incident,"At Cedar Ridge Station in the workshop aisle, during routine inspection, a worker used a small hand tool. Nearby was a parked load and marked floor, not in use. The worker slipped on a dry step while walking beside the bench, lost balance, and rolled an ankle. The worker caught a finger on the tool case but did not fall. No one was exposed to serious harm and no credible fatal outcome was identified. The ordinary footing control was present and verified. The ankle and finger were checked after the slip. The fingertip was checked. The worker removed the step and continued. Demo sequence 0441 was logged.",synthetic_judge_demo_v0_1
DEMO500-0442,2026-08-19,Echo Valley Works,Valve Maintenance,Near Miss,"At Echo Valley Works in the workshop aisle, during routine inspection, a worker used a small hand tool. Nearby was a checked permit board and hand tool, not in use. The worker slipped on a dry step while walking beside the bench, lost balance, and rolled an ankle. The worker caught a finger on the tool case but did not fall. No one was exposed to serious harm and no credible fatal outcome was identified. The ordinary footing control was present and verified. The ankle and finger were checked after the slip. The fingertip was checked. The worker removed the step and continued. Demo sequence 0442 was logged.",synthetic_judge_demo_v0_1
DEMO500-0443,2026-08-19,Cedar Ridge Station,Pressure Testing,Near Miss,"At Cedar Ridge Station in the workshop aisle, during routine inspection, a worker used a small hand tool. Nearby was a hand tool and parked vehicle, not in use. The worker slipped on a dry step while walking beside the bench, lost balance, and rolled an ankle. The worker caught a finger on the tool case but did not fall. No one was exposed to serious harm and no credible fatal outcome was identified. The ordinary footing control was present and verified. The ankle and finger were checked after the slip. The fingertip was checked. The worker removed the step and continued. Demo sequence 0443 was logged.",synthetic_judge_demo_v0_1
DEMO500-0444,2026-09-01,Blue Mesa Yard,Electrical Maintenance,Near Miss,"At Blue Mesa Yard in the workshop aisle, during routine inspection, a worker used a small hand tool. Nearby was a hand tool and parked vehicle, not in use. The worker slipped on a dry step while walking beside the bench, lost balance, and rolled an ankle. The worker caught a finger on the tool case but did not fall. No one was exposed to serious harm and no credible fatal outcome was identified. The ordinary footing control was present and verified. The ankle and finger were checked after the slip. The fingertip was checked. The worker removed the step and continued. Demo sequence 0444 was logged.",synthetic_judge_demo_v0_1
DEMO500-0445,2026-07-20,Frostline Depot,Mechanical Lifting,Unsafe Condition,"At Frostline Depot in the workshop aisle, during routine inspection, a worker used a small hand tool. Nearby was a secured ladder and closed platform, not in use. The worker slipped on a dry step while walking beside the bench, lost balance, and rolled an ankle. The worker caught a finger on the tool case but did not fall. No one was exposed to serious harm and no credible fatal outcome was identified. The ordinary footing control was present and verified. The ankle and finger were checked after the slip. The fingertip was checked. The worker removed the step and continued. Demo sequence 0445 was logged.",synthetic_judge_demo_v0_1
DEMO500-0446,2026-08-21,Frostline Depot,Drilling,Incident,"At Frostline Depot in the workshop aisle, during routine inspection, a worker used a small hand tool. Nearby was a closed pressure valve and disconnected line, not in use. The worker slipped on a dry step while walking beside the bench, lost balance, and rolled an ankle. The worker caught a finger on the tool case but did not fall. No one was exposed to serious harm and no credible fatal outcome was identified. The ordinary footing control was present and verified. The ankle and finger were checked after the slip. The fingertip was checked. The worker removed the step and continued. Demo sequence 0446 was logged.",synthetic_judge_demo_v0_1
DEMO500-0447,2026-07-21,Delta Point Facility,Inspection,Incident,"At Delta Point Facility in the workshop aisle, during routine inspection, a worker used a small hand tool. Nearby was a parked load and marked floor, not in use. The worker slipped on a dry step while walking beside the bench, lost balance, and rolled an ankle. The worker caught a finger on the tool case but did not fall. No one was exposed to serious harm and no credible fatal outcome was identified. The ordinary footing control was present and verified. The ankle and finger were checked after the slip. The fingertip was checked. The worker removed the step and continued. Demo sequence 0447 was logged.",synthetic_judge_demo_v0_1
DEMO500-0448,2026-07-27,Frostline Depot,Valve Maintenance,Unsafe Act,"At Frostline Depot in the workshop aisle, during routine inspection, a worker used a small hand tool. Nearby was a cool hot-work torch and closed cylinder, not in use. The worker slipped on a dry step while walking beside the bench, lost balance, and rolled an ankle. The worker caught a finger on the tool case but did not fall. No one was exposed to serious harm and no credible fatal outcome was identified. The ordinary footing control was present and verified. The ankle and finger were checked after the slip. The fingertip was checked. The worker removed the step and continued. Demo sequence 0448 was logged.",synthetic_judge_demo_v0_1
DEMO500-0449,2026-09-10,Aurora Basin,Pressure Testing,Unsafe Act,"At Aurora Basin in the workshop aisle, during routine inspection, a worker used a small hand tool. Nearby was a closed vessel and idle gas monitor, not in use. The worker slipped on a dry step while walking beside the bench, lost balance, and rolled an ankle. The worker caught a finger on the tool case but did not fall. No one was exposed to serious harm and no credible fatal outcome was identified. The ordinary footing control was present and verified. The ankle and finger were checked after the slip. The fingertip was checked. The worker removed the step and continued. Demo sequence 0449 was logged.",synthetic_judge_demo_v0_1
DEMO500-0450,2026-09-08,Aurora Basin,Valve Maintenance,Incident,"At Aurora Basin in the workshop aisle, during routine inspection, a worker used a small hand tool. Nearby was a parked vehicle and clear route, not in use. The worker slipped on a dry step while walking beside the bench, lost balance, and rolled an ankle. The worker caught a finger on the tool case but did not fall. No one was exposed to serious harm and no credible fatal outcome was identified. The ordinary footing control was present and verified. The ankle and finger were checked after the slip. The fingertip was checked. The worker removed the step and continued. Demo sequence 0450 was logged.",synthetic_judge_demo_v0_1
DEMO500-0451,2026-08-20,Aurora Basin,Valve Maintenance,Unsafe Condition,"At Aurora Basin in the workshop aisle, during routine inspection, a worker used a small hand tool. Nearby was a checked permit board and hand tool, not in use. The worker slipped on a dry step while walking beside the bench, lost balance, and rolled an ankle. The worker caught a finger on the tool case but did not fall. No one was exposed to serious harm and no credible fatal outcome was identified. The ordinary footing control was present and verified. The ankle and finger were checked after the slip. The fingertip was checked. The worker removed the step and continued. Demo sequence 0451 was logged.",synthetic_judge_demo_v0_1
DEMO500-0452,2026-08-11,Cedar Ridge Station,Hot Work,Near Miss,"At Cedar Ridge Station in the workshop aisle, during routine inspection, a worker used a small hand tool. Nearby was a parked vehicle and clear route, not in use. The worker slipped on a dry step while walking beside the bench, lost balance, and rolled an ankle. The worker caught a finger on the tool case but did not fall. No one was exposed to serious harm and no credible fatal outcome was identified. The ordinary footing control was present and verified. The ankle and finger were checked after the slip. The fingertip was checked. The worker removed the step and continued. Demo sequence 0452 was logged.",synthetic_judge_demo_v0_1
DEMO500-0453,2026-08-18,Cedar Ridge Station,Electrical Maintenance,Near Miss,"At Cedar Ridge Station in the workshop aisle, during routine inspection, a worker used a small hand tool. Nearby was a hand tool and parked vehicle, not in use. The worker slipped on a dry step while walking beside the bench, lost balance, and rolled an ankle. The worker caught a finger on the tool case but did not fall. No one was exposed to serious harm and no credible fatal outcome was identified. The ordinary footing control was present and verified. The ankle and finger were checked after the slip. The fingertip was checked. The worker removed the step and continued. Demo sequence 0453 was logged.",synthetic_judge_demo_v0_1
DEMO500-0454,2026-09-02,Delta Point Facility,Pressure Testing,Unsafe Condition,"At Delta Point Facility in the workshop aisle, during routine inspection, a worker used a small hand tool. Nearby was a secured ladder and closed platform, not in use. The worker slipped on a dry step while walking beside the bench, lost balance, and rolled an ankle. The worker caught a finger on the tool case but did not fall. No one was exposed to serious harm and no credible fatal outcome was identified. The ordinary footing control was present and verified. The ankle and finger were checked after the slip. The fingertip was checked. The worker removed the step and continued. Demo sequence 0454 was logged.",synthetic_judge_demo_v0_1
DEMO500-0455,2026-07-31,Delta Point Facility,Pressure Testing,Near Miss,"At Delta Point Facility in the workshop aisle, during routine inspection, a worker used a small hand tool. Nearby was a closed vessel and idle gas monitor, not in use. The worker slipped on a dry step while walking beside the bench, lost balance, and rolled an ankle. The worker caught a finger on the tool case but did not fall. No one was exposed to serious harm and no credible fatal outcome was identified. The ordinary footing control was present and verified. The ankle and finger were checked after the slip. The fingertip was checked. The worker removed the step and continued. Demo sequence 0455 was logged.",synthetic_judge_demo_v0_1
DEMO500-0456,2026-07-24,Cedar Ridge Station,Valve Maintenance,Near Miss,"At Cedar Ridge Station in the workshop aisle, during routine inspection, a worker used a small hand tool. Nearby was a hand tool and parked vehicle, not in use. The worker slipped on a dry step while walking beside the bench, lost balance, and rolled an ankle. The worker caught a finger on the tool case but did not fall. No one was exposed to serious harm and no credible fatal outcome was identified. The ordinary footing control was present and verified. The ankle and finger were checked after the slip. The fingertip was checked. The worker removed the step and continued. Demo sequence 0456 was logged.",synthetic_judge_demo_v0_1
DEMO500-0457,2026-07-28,Echo Valley Works,Driving,Unsafe Condition,"At Echo Valley Works in the workshop aisle, during routine inspection, a worker used a small hand tool. Nearby was a parked vehicle and clear route, not in use. The worker slipped on a dry step while walking beside the bench, lost balance, and rolled an ankle. The worker caught a finger on the tool case but did not fall. No one was exposed to serious harm and no credible fatal outcome was identified. The ordinary footing control was present and verified. The ankle and finger were checked after the slip. The fingertip was checked. The worker removed the step and continued. Demo sequence 0457 was logged.",synthetic_judge_demo_v0_1
DEMO500-0458,2026-07-20,Frostline Depot,Valve Maintenance,Unsafe Act,"At Frostline Depot in the workshop aisle, during routine inspection, a worker used a small hand tool. Nearby was a hand tool and parked vehicle, not in use. The worker slipped on a dry step while walking beside the bench, lost balance, and rolled an ankle. The worker caught a finger on the tool case but did not fall. No one was exposed to serious harm and no credible fatal outcome was identified. The ordinary footing control was present and verified. The ankle and finger were checked after the slip. The fingertip was checked. The worker removed the step and continued. Demo sequence 0458 was logged.",synthetic_judge_demo_v0_1
DEMO500-0459,2026-09-04,Aurora Basin,Mechanical Lifting,Near Miss,"At Aurora Basin in the workshop aisle, during routine inspection, a worker used a small hand tool. Nearby was a checked permit board and hand tool, not in use. The worker slipped on a dry step while walking beside the bench, lost balance, and rolled an ankle. The worker caught a finger on the tool case but did not fall. No one was exposed to serious harm and no credible fatal outcome was identified. The ordinary footing control was present and verified. The ankle and finger were checked after the slip. The fingertip was checked. The worker removed the step and continued. Demo sequence 0459 was logged.",synthetic_judge_demo_v0_1
DEMO500-0460,2026-09-02,Aurora Basin,Valve Maintenance,Incident,"At Aurora Basin in the workshop aisle, during routine inspection, a worker used a small hand tool. Nearby was a secured guard and idle control panel, not in use. The worker slipped on a dry step while walking beside the bench, lost balance, and rolled an ankle. The worker caught a finger on the tool case but did not fall. No one was exposed to serious harm and no credible fatal outcome was identified. The ordinary footing control was present and verified. The ankle and finger were checked after the slip. The fingertip was checked. The worker removed the step and continued. Demo sequence 0460 was logged.",synthetic_judge_demo_v0_1
DEMO500-0461,2026-08-10,Cedar Ridge Station,Electrical Maintenance,Near Miss,"At Cedar Ridge Station in the workshop aisle, during routine inspection, a worker used a small hand tool. Nearby was a cool hot-work torch and closed cylinder, not in use. The worker slipped on a dry step while walking beside the bench, lost balance, and rolled an ankle. The worker caught a finger on the tool case but did not fall. No one was exposed to serious harm and no credible fatal outcome was identified. The ordinary footing control was present and verified. The ankle and finger were checked after the slip. The fingertip was checked. The worker removed the step and continued. Demo sequence 0461 was logged.",synthetic_judge_demo_v0_1
DEMO500-0462,2026-09-11,Delta Point Facility,Pressure Testing,Unsafe Condition,"At Delta Point Facility in the workshop aisle, during routine inspection, a worker used a small hand tool. Nearby was a secured guard and idle control panel, not in use. The worker slipped on a dry step while walking beside the bench, lost balance, and rolled an ankle. The worker caught a finger on the tool case but did not fall. No one was exposed to serious harm and no credible fatal outcome was identified. The ordinary footing control was present and verified. The ankle and finger were checked after the slip. The fingertip was checked. The worker removed the step and continued. Demo sequence 0462 was logged.",synthetic_judge_demo_v0_1
DEMO500-0463,2026-08-06,Frostline Depot,Electrical Maintenance,Unsafe Condition,"At Frostline Depot in the workshop aisle, during routine inspection, a worker used a small hand tool. Nearby was a secured ladder and closed platform, not in use. The worker slipped on a dry step while walking beside the bench, lost balance, and rolled an ankle. The worker caught a finger on the tool case but did not fall. No one was exposed to serious harm and no credible fatal outcome was identified. The ordinary footing control was present and verified. The ankle and finger were checked after the slip. The fingertip was checked. The worker removed the step and continued. Demo sequence 0463 was logged.",synthetic_judge_demo_v0_1
DEMO500-0464,2026-08-03,Cedar Ridge Station,Mechanical Lifting,Incident,"At Cedar Ridge Station in the workshop aisle, during routine inspection, a worker used a small hand tool. Nearby was a closed vessel and idle gas monitor, not in use. The worker slipped on a dry step while walking beside the bench, lost balance, and rolled an ankle. The worker caught a finger on the tool case but did not fall. No one was exposed to serious harm and no credible fatal outcome was identified. The ordinary footing control was present and verified. The ankle and finger were checked after the slip. The fingertip was checked. The worker removed the step and continued. Demo sequence 0464 was logged.",synthetic_judge_demo_v0_1
DEMO500-0465,2026-09-02,Blue Mesa Yard,Electrical Maintenance,Unsafe Condition,"At Blue Mesa Yard in the workshop aisle, during routine inspection, a worker used a small hand tool. Nearby was a closed vessel and idle gas monitor, not in use. The worker slipped on a dry step while walking beside the bench, lost balance, and rolled an ankle. The worker caught a finger on the tool case but did not fall. No one was exposed to serious harm and no credible fatal outcome was identified. The ordinary footing control was present and verified. The ankle and finger were checked after the slip. The fingertip was checked. The worker removed the step and continued. Demo sequence 0465 was logged.",synthetic_judge_demo_v0_1
DEMO500-0466,2026-07-30,Frostline Depot,Electrical Maintenance,Incident,"At Frostline Depot in the workshop aisle, during routine inspection, a worker used a small hand tool. Nearby was a hand tool and parked vehicle, not in use. The worker slipped on a dry step while walking beside the bench, lost balance, and rolled an ankle. The worker caught a finger on the tool case but did not fall. No one was exposed to serious harm and no credible fatal outcome was identified. The ordinary footing control was present and verified. The ankle and finger were checked after the slip. The fingertip was checked. The worker removed the step and continued. Demo sequence 0466 was logged.",synthetic_judge_demo_v0_1
DEMO500-0467,2026-08-18,Aurora Basin,Valve Maintenance,Unsafe Condition,"At Aurora Basin in the workshop aisle, during routine inspection, a worker used a small hand tool. Nearby was a closed vessel and idle gas monitor, not in use. The worker slipped on a dry step while walking beside the bench, lost balance, and rolled an ankle. The worker caught a finger on the tool case but did not fall. No one was exposed to serious harm and no credible fatal outcome was identified. The ordinary footing control was present and verified. The ankle and finger were checked after the slip. The fingertip was checked. The worker removed the step and continued. Demo sequence 0467 was logged.",synthetic_judge_demo_v0_1
DEMO500-0468,2026-08-31,Frostline Depot,Inspection,Near Miss,"At Frostline Depot in the workshop aisle, during routine inspection, a worker used a small hand tool. Nearby was a parked vehicle and clear route, not in use. The worker slipped on a dry step while walking beside the bench, lost balance, and rolled an ankle. The worker caught a finger on the tool case but did not fall. No one was exposed to serious harm and no credible fatal outcome was identified. The ordinary footing control was present and verified. The ankle and finger were checked after the slip. The fingertip was checked. The worker removed the step and continued. Demo sequence 0468 was logged.",synthetic_judge_demo_v0_1
DEMO500-0469,2026-08-31,Blue Mesa Yard,Inspection,Near Miss,"At Blue Mesa Yard in the workshop aisle, during routine inspection, a worker used a small hand tool. Nearby was a parked load and inspected sling, not in use. The worker slipped on a dry step while walking beside the bench, lost balance, and rolled an ankle. The worker caught a finger on the tool case but did not fall. No one was exposed to serious harm and no credible fatal outcome was identified. The ordinary footing control was present and verified. The ankle and finger were checked after the slip. The fingertip was checked. The worker removed the step and continued. Demo sequence 0469 was logged.",synthetic_judge_demo_v0_1
DEMO500-0470,2026-08-18,Echo Valley Works,Electrical Maintenance,Incident,"At Echo Valley Works in the workshop aisle, during routine inspection, a worker used a small hand tool. Nearby was a secured guard and idle control panel, not in use. The worker slipped on a dry step while walking beside the bench, lost balance, and rolled an ankle. The worker caught a finger on the tool case but did not fall. No one was exposed to serious harm and no credible fatal outcome was identified. The ordinary footing control was present and verified. The ankle and finger were checked after the slip. The fingertip was checked. The worker removed the step and continued. Demo sequence 0470 was logged.",synthetic_judge_demo_v0_1
DEMO500-0471,2026-08-06,Cedar Ridge Station,Valve Maintenance,Near Miss,"At Cedar Ridge Station in the workshop aisle, during routine inspection, a worker used a small hand tool. Nearby was a hand tool and parked vehicle, not in use. The worker slipped on a dry step while walking beside the bench, lost balance, and rolled an ankle. The worker caught a finger on the tool case but did not fall. No one was exposed to serious harm and no credible fatal outcome was identified. The ordinary footing control was present and verified. The ankle and finger were checked after the slip. The fingertip was checked. The worker removed the step and continued. Demo sequence 0471 was logged.",synthetic_judge_demo_v0_1
DEMO500-0472,2026-08-07,Echo Valley Works,Hot Work,Unsafe Condition,"At Echo Valley Works in the workshop aisle, during routine inspection, a worker used a small hand tool. Nearby was a parked vehicle and clear route, not in use. The worker slipped on a dry step while walking beside the bench, lost balance, and rolled an ankle. The worker caught a finger on the tool case but did not fall. No one was exposed to serious harm and no credible fatal outcome was identified. The ordinary footing control was present and verified. The ankle and finger were checked after the slip. The fingertip was checked. The worker removed the step and continued. Demo sequence 0472 was logged.",synthetic_judge_demo_v0_1
DEMO500-0473,2026-08-17,Delta Point Facility,Pressure Testing,Incident,"At Delta Point Facility in the workshop aisle, during routine inspection, a worker used a small hand tool. Nearby was a checked permit board and hand tool, not in use. The worker slipped on a dry step while walking beside the bench, lost balance, and rolled an ankle. The worker caught a finger on the tool case but did not fall. No one was exposed to serious harm and no credible fatal outcome was identified. The ordinary footing control was present and verified. The ankle and finger were checked after the slip. The fingertip was checked. The worker removed the step and continued. Demo sequence 0473 was logged.",synthetic_judge_demo_v0_1
DEMO500-0474,2026-08-03,Frostline Depot,Drilling,Near Miss,"At Frostline Depot in the workshop aisle, during routine inspection, a worker used a small hand tool. Nearby was a parked load and marked floor, not in use. The worker slipped on a dry step while walking beside the bench, lost balance, and rolled an ankle. The worker caught a finger on the tool case but did not fall. No one was exposed to serious harm and no credible fatal outcome was identified. The ordinary footing control was present and verified. The ankle and finger were checked after the slip. The fingertip was checked. The worker removed the step and continued. Demo sequence 0474 was logged.",synthetic_judge_demo_v0_1
DEMO500-0475,2026-08-03,Echo Valley Works,Mechanical Lifting,Unsafe Act,"At Echo Valley Works in the workshop aisle, during routine inspection, a worker used a small hand tool. Nearby was a hand tool and parked vehicle, not in use. The worker slipped on a dry step while walking beside the bench, lost balance, and rolled an ankle. The worker caught a finger on the tool case but did not fall. No one was exposed to serious harm and no credible fatal outcome was identified. The ordinary footing control was present and verified. The ankle and finger were checked after the slip. The fingertip was checked. The worker removed the step and continued. Demo sequence 0475 was logged.",synthetic_judge_demo_v0_1
DEMO500-0476,2026-07-22,Frostline Depot,Valve Maintenance,Near Miss,"At Frostline Depot in the workshop aisle, during routine inspection, a worker used a small hand tool. Nearby was a hand tool and parked vehicle, not in use. The worker slipped on a dry step while walking beside the bench, lost balance, and rolled an ankle. The worker caught a finger on the tool case but did not fall. No one was exposed to serious harm and no credible fatal outcome was identified. The ordinary footing control was present and verified. The ankle and finger were checked after the slip. The fingertip was checked. The worker removed the step and continued. Demo sequence 0476 was logged.",synthetic_judge_demo_v0_1
DEMO500-0477,2026-08-07,Cedar Ridge Station,Electrical Maintenance,Near Miss,"At Cedar Ridge Station in the workshop aisle, during routine inspection, a worker used a small hand tool. Nearby was a parked vehicle and clear route, not in use. The worker slipped on a dry step while walking beside the bench, lost balance, and rolled an ankle. The worker caught a finger on the tool case but did not fall. No one was exposed to serious harm and no credible fatal outcome was identified. The ordinary footing control was present and verified. The ankle and finger were checked after the slip. The fingertip was checked. The worker removed the step and continued. Demo sequence 0477 was logged.",synthetic_judge_demo_v0_1
DEMO500-0478,2026-09-09,Echo Valley Works,Pressure Testing,Near Miss,"At Echo Valley Works in the workshop aisle, during routine inspection, a worker used a small hand tool. Nearby was a closed pressure valve and disconnected line, not in use. The worker slipped on a dry step while walking beside the bench, lost balance, and rolled an ankle. The worker caught a finger on the tool case but did not fall. No one was exposed to serious harm and no credible fatal outcome was identified. The ordinary footing control was present and verified. The ankle and finger were checked after the slip. The fingertip was checked. The worker removed the step and continued. Demo sequence 0478 was logged.",synthetic_judge_demo_v0_1
DEMO500-0479,2026-07-31,Echo Valley Works,Electrical Maintenance,Near Miss,"At Echo Valley Works in the workshop aisle, during routine inspection, a worker used a small hand tool. Nearby was a checked permit board and hand tool, not in use. The worker slipped on a dry step while walking beside the bench, lost balance, and rolled an ankle. The worker caught a finger on the tool case but did not fall. No one was exposed to serious harm and no credible fatal outcome was identified. The ordinary footing control was present and verified. The ankle and finger were checked after the slip. The fingertip was checked. The worker removed the step and continued. Demo sequence 0479 was logged.",synthetic_judge_demo_v0_1
DEMO500-0480,2026-08-14,Frostline Depot,Mechanical Lifting,Unsafe Condition,"At Frostline Depot in the workshop aisle, during routine inspection, a worker used a small hand tool. Nearby was a checked permit board and hand tool, not in use. The worker slipped on a dry step while walking beside the bench, lost balance, and rolled an ankle. The worker caught a finger on the tool case but did not fall. No one was exposed to serious harm and no credible fatal outcome was identified. The ordinary footing control was present and verified. The ankle and finger were checked after the slip. The fingertip was checked. The worker removed the step and continued. Demo sequence 0480 was logged.",synthetic_judge_demo_v0_1
DEMO500-0481,2026-09-10,Blue Mesa Yard,Mechanical Lifting,Unsafe Act,"At Blue Mesa Yard in the workshop aisle, during routine inspection, a worker used a small hand tool. Nearby was a hand tool and parked vehicle, not in use. The worker slipped on a dry step while walking beside the bench, lost balance, and rolled an ankle. The worker caught a finger on the tool case but did not fall. No one was exposed to serious harm and no credible fatal outcome was identified. The ordinary footing control was present and verified. The ankle and finger were checked after the slip. The fingertip was checked. The worker removed the step and continued. Demo sequence 0481 was logged.",synthetic_judge_demo_v0_1
DEMO500-0482,2026-08-05,Cedar Ridge Station,Drilling,Near Miss,"At Cedar Ridge Station in the workshop aisle, during routine inspection, a worker used a small hand tool. Nearby was a parked load and marked floor, not in use. The worker slipped on a dry step while walking beside the bench, lost balance, and rolled an ankle. The worker caught a finger on the tool case but did not fall. No one was exposed to serious harm and no credible fatal outcome was identified. The ordinary footing control was present and verified. The ankle and finger were checked after the slip. The fingertip was checked. The worker removed the step and continued. Demo sequence 0482 was logged.",synthetic_judge_demo_v0_1
DEMO500-0483,2026-08-13,Blue Mesa Yard,Valve Maintenance,Near Miss,"At Blue Mesa Yard in the workshop aisle, during routine inspection, a worker used a small hand tool. Nearby was a parked load and inspected sling, not in use. The worker slipped on a dry step while walking beside the bench, lost balance, and rolled an ankle. The worker caught a finger on the tool case but did not fall. No one was exposed to serious harm and no credible fatal outcome was identified. The ordinary footing control was present and verified. The ankle and finger were checked after the slip. The fingertip was checked. The worker removed the step and continued. Demo sequence 0483 was logged.",synthetic_judge_demo_v0_1
DEMO500-0484,2026-08-07,Frostline Depot,Inspection,Near Miss,"At Frostline Depot in the workshop aisle, during routine inspection, a worker used a small hand tool. Nearby was a closed pressure valve and disconnected line, not in use. The worker slipped on a dry step while walking beside the bench, lost balance, and rolled an ankle. The worker caught a finger on the tool case but did not fall. No one was exposed to serious harm and no credible fatal outcome was identified. The ordinary footing control was present and verified. The ankle and finger were checked after the slip. The fingertip was checked. The worker removed the step and continued. Demo sequence 0484 was logged.",synthetic_judge_demo_v0_1
DEMO500-0485,2026-09-09,Cedar Ridge Station,Electrical Maintenance,Unsafe Condition,"At Cedar Ridge Station in the workshop aisle, during routine inspection, a worker used a small hand tool. Nearby was a checked permit board and hand tool, not in use. The worker slipped on a dry step while walking beside the bench, lost balance, and rolled an ankle. The worker caught a finger on the tool case but did not fall. No one was exposed to serious harm and no credible fatal outcome was identified. The ordinary footing control was present and verified. The ankle and finger were checked after the slip. The fingertip was checked. The worker removed the step and continued. Demo sequence 0485 was logged.",synthetic_judge_demo_v0_1
DEMO500-0486,2026-08-25,Blue Mesa Yard,Inspection,Incident,"At Blue Mesa Yard in the workshop aisle, during routine inspection, a worker used a small hand tool. Nearby was a hand tool and parked vehicle, not in use. The worker slipped on a dry step while walking beside the bench, lost balance, and rolled an ankle. The worker caught a finger on the tool case but did not fall. No one was exposed to serious harm and no credible fatal outcome was identified. The ordinary footing control was present and verified. The ankle and finger were checked after the slip. The fingertip was checked. The worker removed the step and continued. Demo sequence 0486 was logged.",synthetic_judge_demo_v0_1
DEMO500-0487,2026-08-20,Delta Point Facility,Drilling,Near Miss,"At Delta Point Facility in the workshop aisle, during routine inspection, a worker used a small hand tool. Nearby was a secured ladder and closed platform, not in use. The worker slipped on a dry step while walking beside the bench, lost balance, and rolled an ankle. The worker caught a finger on the tool case but did not fall. No one was exposed to serious harm and no credible fatal outcome was identified. The ordinary footing control was present and verified. The ankle and finger were checked after the slip. The fingertip was checked. The worker removed the step and continued. Demo sequence 0487 was logged.",synthetic_judge_demo_v0_1
DEMO500-0488,2026-07-28,Frostline Depot,Valve Maintenance,Unsafe Condition,"At Frostline Depot in the workshop aisle, during routine inspection, a worker used a small hand tool. Nearby was a secured ladder and closed platform, not in use. The worker slipped on a dry step while walking beside the bench, lost balance, and rolled an ankle. The worker caught a finger on the tool case but did not fall. No one was exposed to serious harm and no credible fatal outcome was identified. The ordinary footing control was present and verified. The ankle and finger were checked after the slip. The fingertip was checked. The worker removed the step and continued. Demo sequence 0488 was logged.",synthetic_judge_demo_v0_1
DEMO500-0489,2026-07-22,Cedar Ridge Station,Valve Maintenance,Incident,"At Cedar Ridge Station in the workshop aisle, during routine inspection, a worker used a small hand tool. Nearby was a secured ladder and closed platform, not in use. The worker slipped on a dry step while walking beside the bench, lost balance, and rolled an ankle. The worker caught a finger on the tool case but did not fall. No one was exposed to serious harm and no credible fatal outcome was identified. The ordinary footing control was present and verified. The ankle and finger were checked after the slip. The fingertip was checked. The worker removed the step and continued. Demo sequence 0489 was logged.",synthetic_judge_demo_v0_1
DEMO500-0490,2026-09-10,Aurora Basin,Drilling,Unsafe Condition,"At Aurora Basin in the workshop aisle, during routine inspection, a worker used a small hand tool. Nearby was a checked permit board and hand tool, not in use. The worker slipped on a dry step while walking beside the bench, lost balance, and rolled an ankle. The worker caught a finger on the tool case but did not fall. No one was exposed to serious harm and no credible fatal outcome was identified. The ordinary footing control was present and verified. The ankle and finger were checked after the slip. The fingertip was checked. The worker removed the step and continued. Demo sequence 0490 was logged.",synthetic_judge_demo_v0_1
DEMO500-0491,2026-09-11,Frostline Depot,Hot Work,Unsafe Condition,"At Frostline Depot in the workshop aisle, during routine inspection, a worker used a small hand tool. Nearby was a hand tool and parked vehicle, not in use. The worker slipped on a dry step while walking beside the bench, lost balance, and rolled an ankle. The worker caught a finger on the tool case but did not fall. No one was exposed to serious harm and no credible fatal outcome was identified. The ordinary footing control was present and verified. The ankle and finger were checked after the slip. The fingertip was checked. The worker removed the step and continued. Demo sequence 0491 was logged.",synthetic_judge_demo_v0_1
DEMO500-0492,2026-08-17,Echo Valley Works,Electrical Maintenance,Incident,"At Echo Valley Works in the workshop aisle, during routine inspection, a worker used a small hand tool. Nearby was a hand tool and parked vehicle, not in use. The worker slipped on a dry step while walking beside the bench, lost balance, and rolled an ankle. The worker caught a finger on the tool case but did not fall. No one was exposed to serious harm and no credible fatal outcome was identified. The ordinary footing control was present and verified. The ankle and finger were checked after the slip. The fingertip was checked. The worker removed the step and continued. Demo sequence 0492 was logged.",synthetic_judge_demo_v0_1
DEMO500-0493,2026-07-21,Blue Mesa Yard,Hot Work,Unsafe Condition,"At Blue Mesa Yard in the workshop aisle, during routine inspection, a worker used a small hand tool. Nearby was a checked permit board and hand tool, not in use. The worker slipped on a dry step while walking beside the bench, lost balance, and rolled an ankle. The worker caught a finger on the tool case but did not fall. No one was exposed to serious harm and no credible fatal outcome was identified. The ordinary footing control was present and verified. The ankle and finger were checked after the slip. The fingertip was checked. The worker removed the step and continued. Demo sequence 0493 was logged.",synthetic_judge_demo_v0_1
DEMO500-0494,2026-08-25,Echo Valley Works,Hot Work,Unsafe Condition,"At Echo Valley Works in the workshop aisle, during routine inspection, a worker used a small hand tool. Nearby was a hand tool and parked vehicle, not in use. The worker slipped on a dry step while walking beside the bench, lost balance, and rolled an ankle. The worker caught a finger on the tool case but did not fall. No one was exposed to serious harm and no credible fatal outcome was identified. The ordinary footing control was present and verified. The ankle and finger were checked after the slip. The fingertip was checked. The worker removed the step and continued. Demo sequence 0494 was logged.",synthetic_judge_demo_v0_1
DEMO500-0495,2026-09-04,Blue Mesa Yard,Valve Maintenance,Incident,"At Blue Mesa Yard in the workshop aisle, during routine inspection, a worker used a small hand tool. Nearby was a closed vessel and idle gas monitor, not in use. The worker slipped on a dry step while walking beside the bench, lost balance, and rolled an ankle. The worker caught a finger on the tool case but did not fall. No one was exposed to serious harm and no credible fatal outcome was identified. The ordinary footing control was present and verified. The ankle and finger were checked after the slip. The fingertip was checked. The worker removed the step and continued. Demo sequence 0495 was logged.",synthetic_judge_demo_v0_1
DEMO500-0496,2026-09-07,Frostline Depot,Drilling,Unsafe Act,"At Frostline Depot in the workshop aisle, during routine inspection, a worker used a small hand tool. Nearby was a parked load and marked floor, not in use. The worker slipped on a dry step while walking beside the bench, lost balance, and rolled an ankle. The worker caught a finger on the tool case but did not fall. No one was exposed to serious harm and no credible fatal outcome was identified. The ordinary footing control was present and verified. The ankle and finger were checked after the slip. The fingertip was checked. The worker removed the step and continued. Demo sequence 0496 was logged.",synthetic_judge_demo_v0_1
DEMO500-0497,2026-08-27,Blue Mesa Yard,Inspection,Incident,"At Blue Mesa Yard in the workshop aisle, during routine inspection, a worker used a small hand tool. Nearby was a hand tool and parked vehicle, not in use. The worker slipped on a dry step while walking beside the bench, lost balance, and rolled an ankle. The worker caught a finger on the tool case but did not fall. No one was exposed to serious harm and no credible fatal outcome was identified. The ordinary footing control was present and verified. The ankle and finger were checked after the slip. The fingertip was checked. The worker removed the step and continued. Demo sequence 0497 was logged.",synthetic_judge_demo_v0_1
DEMO500-0498,2026-07-30,Cedar Ridge Station,Pressure Testing,Near Miss,"At Cedar Ridge Station in the workshop aisle, during routine inspection, a worker used a small hand tool. Nearby was a closed pressure valve and disconnected line, not in use. The worker slipped on a dry step while walking beside the bench, lost balance, and rolled an ankle. The worker caught a finger on the tool case but did not fall. No one was exposed to serious harm and no credible fatal outcome was identified. The ordinary footing control was present and verified. The ankle and finger were checked after the slip. The fingertip was checked. The worker removed the step and continued. Demo sequence 0498 was logged.",synthetic_judge_demo_v0_1
DEMO500-0499,2026-09-04,Aurora Basin,Pressure Testing,Incident,"At Aurora Basin in the workshop aisle, during routine inspection, a worker used a small hand tool. Nearby was a parked load and marked floor, not in use. The worker slipped on a dry step while walking beside the bench, lost balance, and rolled an ankle. The worker caught a finger on the tool case but did not fall. No one was exposed to serious harm and no credible fatal outcome was identified. The ordinary footing control was present and verified. The ankle and finger were checked after the slip. The fingertip was checked. The worker removed the step and continued. Demo sequence 0499 was logged.",synthetic_judge_demo_v0_1
DEMO500-0500,2026-08-07,Echo Valley Works,Mechanical Lifting,Incident,"At Echo Valley Works in the workshop aisle, during routine inspection, a worker used a small hand tool. Nearby was a parked vehicle and clear route, not in use. The worker slipped on a dry step while walking beside the bench, lost balance, and rolled an ankle. The worker caught a finger on the tool case but did not fall. No one was exposed to serious harm and no credible fatal outcome was identified. The ordinary footing control was present and verified. The ankle and finger were checked after the slip. The fingertip was checked. The worker removed the step and continued. Demo sequence 0500 was logged.",synthetic_judge_demo_v0_1
