"candidate_id","source","source_record_id","narrative","source_native_outcome","activity_if_known"
"OSHA-SIR-20241110304","OSHA_SIR","20241110304","An employee was bitten by a spider on the job site. The employee was hospitalized.","Hospitalized=1.00; Amputation=0.00; Loss of Eye=0.00"," Bite or sting  insects, ""bugs"""
"OSHA-SIR-20231211139","OSHA_SIR","20231211139","An employee was applying grease to the cables of a machine during maintenance. He was caught by the 1-inch cable and pulled into the cable spool. The employee sustained partial amputations to three fingers on his right hand.","Hospitalized=0.00; Amputation=1.00; Loss of Eye=0.00"," Caught in running equipment or machinery during maintenance, cleaning "
"OSHA-SIR-20231211320","OSHA_SIR","20231211320","An employee was standing by the front side of the mud mix pump guard. He squatted down and stretched out to reach the belt with his left hand and was able to grab it. When he began to rise, belt in hand, his hand got caught on the backside of the guard. The belt and pulley pulled the used belt that was in his hand into the pulley, causing amputations to the middle, ring, and little fingertips.","Hospitalized=1.00; Amputation=0.00; Loss of Eye=0.00"," Caught in running equipment or machinery during maintenance, cleaning "
"OSHA-SIR-2024032254","OSHA_SIR","2024032254","An employee was removing a pipe from his truck when his middle finger got caught in the D ring on the pipe, resulting in a fingertip amputation up to the first knuckle.","Hospitalized=0.00; Amputation=1.00; Loss of Eye=0.00","Caught or wedged between objects  nonrunning"
"OSHA-SIR-2024032164","OSHA_SIR","2024032164","An employee strapped an 8-inch mud motor on a pipe rack, then went to trace the high side of the mud motor from the adjustable kick off (AKO) to the upper connection of the motor. To better position the motor on the pipe rack, the employee went to roll the motor over. They inserted a rock between the motor and the pipe rack as a chock to prevent it from rolling. The motor rolled back crushing the employee's left thumb and resulting in amputation of the tip.","Hospitalized=0.00; Amputation=1.00; Loss of Eye=0.00","Caught or wedged between objects  nonrunning"
"OSHA-SIR-2024053785","OSHA_SIR","2024053785","An employee was setting an aluminum gangway on a ship when the gangway moved toward him, pinning him between the gangway and a bollard on the dock. He sustained a fractured pelvis.","Hospitalized=1.00; Amputation=0.00; Loss of Eye=0.00","Caught or wedged between objects  nonrunning"
"OSHA-SIR-2024043227","OSHA_SIR","2024043227","An employee was placing an 8-inch pipe fitting into a toolbox. The fitting slipped and caught the employee's finger against other items in the box. The employee sustained a fingertip amputation.","Hospitalized=1.00; Amputation=1.00; Loss of Eye=0.00","Caught or wedged between objects  nonrunning"
"OSHA-SIR-2024010257","OSHA_SIR","2024010257","An employee was attempting a lift with a crane and caught their left index finger between two shells (36-inch diameter cylinder vessels), resulting in amputation.","Hospitalized=0.00; Amputation=1.00; Loss of Eye=0.00"," Caught, entangled in running powered equipment  normal operation"
"OSHA-SIR-2024021458","OSHA_SIR","2024021458","An employee was rigging down a workover rig for relocation. The derrick had been retracted and the top section was down. The employee was on the rig floor ensuring the lines were not becoming tangled or caught on anything. While coiling up the slack of two guidelines, the swab line tightened unexpectedly while being winched in, and caught the employee's right leg. The leg was amputated below the base of the hip.","Hospitalized=0.00; Amputation=1.00; Loss of Eye=0.00"," Caught, entangled in running powered equipment  normal operation"
"OSHA-SIR-2024010653","OSHA_SIR","2024010653","An employee was using a hydraulic bolt torquing machine on a ladder when the machine struck the employee's little finger and palm. The employee suffered a laceration and crush injury to the right hand that required hospitalization.","Hospitalized=1.00; Amputation=0.00; Loss of Eye=0.00"," Caught, entangled in running powered equipment  normal operation"
"OSHA-SIR-2024010158","OSHA_SIR","2024010158","An employee pulled a stand of drill pipe back and had just finished pushing it back into a ""finger"" before securing it with rope. The driller was coming down with top drives and blocks. A gust of wind blew the employee's secondary retention into the Kelly hose clamp. As a result, the top drive pulled the cable and the employee down into the steel frame of the derrick board. The employee's left hip and right femur were fractured.","Hospitalized=1.00; Amputation=0.00; Loss of Eye=0.00"," Caught, entangled in running powered equipment  normal operation"
"OSHA-SIR-2024021317","OSHA_SIR","2024021317","An employee was operating a winch when his left hand got caught under a cable, resulting in an amputation of the ring fingertip.","Hospitalized=1.00; Amputation=1.00; Loss of Eye=0.00"," Caught, entangled in running powered equipment  normal operation"
"OSHA-SIR-2025077460","OSHA_SIR","2025077460","At approximately 10:40 AM, on July 30, 2025, during operations on a rig at a well, the injured employee was in the derrick, working to pull back a joint of pipe. He encountered a shorter-than-standard pipe, which prevented him from securing his arm around it, so he grabbed the pipe by the collar with his left hand. The blocks were being lowered at the time. The bottom of the blocks contacted the top of the pipe while the employee's fingers were inside the collar. His middle and ring fingers were amputated and the index finger was partially amputated. The employee was hospitalized and required surgery.","Hospitalized=1.00; Amputation=1.00; Loss of Eye=0.00"," Caught, entangled in running powered equipment  normal operation"
"OSHA-SIR-20251010530","OSHA_SIR","20251010530","An employee was stepping down off a 6-inch containment platform to finish loading his truck, when his right ankle rolled. The employee sustained a fractured tibia and fibula at the right ankle and required surgery.","Hospitalized=1.00; Amputation=0.00; Loss of Eye=0.00","Climbing or stepping  up or down"
"OSHA-SIR-20251010647","OSHA_SIR","20251010647","An employee was standing in an excavation, about 12 feet deep, to check a natural gas pipeline for leaks. The excavation's sides sloughed, and the employee was buried up to the waist. The employee suffered a broken left lower leg.","Hospitalized=1.00; Amputation=0.00; Loss of Eye=0.00"," Collapse, engulfment  open trench or excavation"
"OSHA-SIR-2025032579","OSHA_SIR","2025032579","An employee was operating a forklift in a yard to move empty poly totes when his left foot got caught on a stationary tote as he passed by it. His foot then twisted backward, resulting in a fractured tibia that required hospitalization and surgery.","Hospitalized=1.00; Amputation=0.00; Loss of Eye=0.00"," Collision with stationary object, nonroadway"
"OSHA-SIR-2024076029","OSHA_SIR","2024076029","An employee was running casing when they pulled the hydraulic power tongs using the handle and the handle crushed their right middle finger against the drill pipe. The employee sustained an amputation to the fingertip and nail.","Hospitalized=0.00; Amputation=1.00; Loss of Eye=0.00","Compressed between running equipment and other object(s)"
"OSHA-SIR-2025021422","OSHA_SIR","2025021422","A crew was utilizing a forklift to install fence barriers around a well. The carriage of the forklift was being used to push down on the fence frame and push the legs of the barriers into the feet slots in the ground. The injured employee was signaling the forklift operator with his left hand while his right hand was on the barrier next to the one being installed. The forklift was pushing down on the barrier when the carriage slipped and contacted the injured employee's right index and middle fingers, resulting in amputations.","Hospitalized=0.00; Amputation=1.00; Loss of Eye=0.00","Compressed between running equipment and other object(s)"
"OSHA-SIR-2024043008","OSHA_SIR","2024043008","An employee was hoisting a piece of equipment and pushing a stabilizer pipe out a gate/door. The pipe was lowered. This caused the hoist to lose tension, and the pipe pinned the employee against other, stationary pipes. The employee sustained a broken jaw.","Hospitalized=1.00; Amputation=0.00; Loss of Eye=0.00","Compressed between running equipment and other object(s)"
"OSHA-SIR-2024010753","OSHA_SIR","2024010753","The injured employee drove a dump truck to a worksite to unload a portion of rock. A mini excavator was parked and waiting on the shoulder of the road. When the injured employee exited the dump truck, the mini excavator rotated and the injured employee's middle finger was caught between the cab door of the excavator and the open door of the dump truck, resulting in a distal amputation of the third digit.","Hospitalized=1.00; Amputation=0.00; Loss of Eye=0.00","Compressed between running equipment and other object(s)"
"OSHA-SIR-2024098564","OSHA_SIR","2024098564","A crew was connecting a trailer to a pickup. The crew used a forklift to lift the trailer to put it on the receiver. The injured employee's left index finger was on the ball hitch when the forklift set the trailer down, resulting in amputation at the first joint.","Hospitalized=1.00; Amputation=1.00; Loss of Eye=0.00","Compressed between running equipment and other object(s)"
"OSHA-SIR-2024010903","OSHA_SIR","2024010903","An employee was working to set a drive pin on an S-hook so a forklift could pick up a part and bring it to the paint department. The employee's left middle finger was pinched between the pin and the S-hook resulting in a partial amputation.","Hospitalized=0.00; Amputation=1.00; Loss of Eye=0.00","Contact incidents  unspecified"
"OSHA-SIR-2024032181","OSHA_SIR","2024032181","An employee was pulling drill line from the drill spool while the top drive was not set on the docking pins. The deadman was unexpectedly released which caused the top drive to fall to the drill floor from a height of 30 feet. This caused the drill line that was being pulled out and laid on the ground to retract and strike an employee. The employee suffered fractures to his legs and neck.","Hospitalized=1.00; Amputation=0.00; Loss of Eye=0.00","Contact incidents  unspecified"
"OSHA-SIR-2024021751","OSHA_SIR","2024021751","An employee was trying to lower the level on a condensate boiler by opening a pump case drain line. The plugged condensate line shifted unexpectedly and pinched the employee's left hand against a stanchion. The employee suffered burns to the hand.","Hospitalized=1.00; Amputation=0.00; Loss of Eye=0.00","Contact with hot objects or substances"
"OSHA-SIR-20231211158","OSHA_SIR","20231211158","An employee was preparing a boiler for curtailment (switching boiler from natural gas to a liquid fuel source). The employee had just removed the plug at the end of the boiler in preparation for the atomizing fuel oil gun to be inserted. When the plug was removed a flame event occurred engulfing the employee's face, neck, chest, and arms. The employee suffered second-degree burns to the face, arms, and hands.","Hospitalized=1.00; Amputation=0.00; Loss of Eye=0.00","Contact with hot objects or substances"
"OSHA-SIR-2024042848","OSHA_SIR","2024042848","A crew of two was attempting to blind/isolate the loop to the re-slurry control valve to the north rise. As the employees were loosening the bolts to open the pipe and placing the blind, a valve that was holding back the slurry opened. This released the hot slurry (640 degrees Fahrenheit) onto the employees performing the work. Both employees sustained thermal burns from the slurry and were hospitalized.","Hospitalized=2.00; Amputation=0.00; Loss of Eye=0.00","Contact with hot objects or substances"
"OSHA-SIR-2024010090","OSHA_SIR","2024010090","An employee's left ring finger was caught between two pipes (one stationary and the other being rolled). The employee suffered a partial finger amputation.","Hospitalized=0.00; Amputation=1.00; Loss of Eye=0.00","Contact with non-running objects or equipment  unspecified "
"OSHA-SIR-2024087293","OSHA_SIR","2024087293","An employee was loosening a valve on a frac tank when the wrench slipped, causing the employee to lose their balance and fall on the injured employee on the same level. The employee sustained a fractured left leg.","Hospitalized=1.00; Amputation=0.00; Loss of Eye=0.00"," Contact with other person, nonviolent or intent unknown  n.e.c."
"OSHA-SIR-2024021562","OSHA_SIR","2024021562","Employees were installing a manual start switch on a 480-volt variable speed drive motor controller on a saltwater disposal (SWD) well control panel when an arc flash occurred. Two employee sustained burns and were hospitalized.","Hospitalized=2.00; Amputation=0.00; Loss of Eye=0.00","Direct exposure to electricity  greater than 220 volts"
"OSHA-SIR-2024010671","OSHA_SIR","2024010671","An employee was unwiring the secondary side of a de-energized transformer and draining oil for repairs when a wire came loose and shocked the employee. The employee was hospitalized.","Hospitalized=1.00; Amputation=0.00; Loss of Eye=0.00","Direct exposure to electricity  unspecified"
"OSHA-SIR-2024010135","OSHA_SIR","2024010135","On January 6, 2024, an employee was making a swivel connection involving a winch line. As the joint was being tightened, the threads became sticky. The employee was shaking the winch line to loosen it when the bridle caught on the line and wrapped around his finger. His middle finger was amputated past the fingernail and before the first knuckle.","Hospitalized=0.00; Amputation=1.00; Loss of Eye=0.00","Entangled in non-running object"
"OSHA-SIR-2024065474","OSHA_SIR","2024065474","An employee was positioning a single joint on a pipe rack and became caught between the corner of the pipe rack and the spooling trailer, resulting in fractures to the hip and pelvis.","Hospitalized=1.00; Amputation=0.00; Loss of Eye=0.00","Event or exposure  unspecified"
"OSHA-SIR-2024087059","OSHA_SIR","2024087059","An employee was plugging an air compressor into an outlet in a shed when it emitted a spark that ignited gas that had accumulated in the shed. The shed housed oil and gas equipment that may have leaked gas and a propane storage tank and fuel line that may have leaked. This resulted in a fire and explosion that caused burns to the employee's face, hands, and torso.","Hospitalized=1.00; Amputation=0.00; Loss of Eye=0.00","Explosion  unspecified"
"OSHA-SIR-2024076038","OSHA_SIR","2024076038","An employee was using an electric torque wrench on the well when it sparked and ignited pressurized gas that was leaking from the well. This caused an explosion/flash fire that burned a nearby supervising employee's hands, arms, and face.","Hospitalized=1.00; Amputation=0.00; Loss of Eye=0.00"," Explosion of nonpressurized vapors, gases, or liquids "
"OSHA-SIR-20251111514","OSHA_SIR","20251111514","An employee was testing a breaker that energizes a dryer when the breaker tripped. There was a propane leak from the dryer that went into the conduit and bypassed the conduit sealer that was connected to a Motor Control Center (MCC). The employee contacted the control board and instructed them turned on the dryer when the MCC exploded. The employee sustained an injury and the amputation of his right foot.","Hospitalized=1.00; Amputation=1.00; Loss of Eye=0.00"," Explosion of nonpressurized vapors, gases, or liquids "
"OSHA-SIR-2025099616","OSHA_SIR","2025099616","An employee was hydro testing and pressurizing a pipe when it blew. The lid struck the employee, causing a gash to his elbow and injury to his abdominal area that required surgery.","Hospitalized=1.00; Amputation=0.00; Loss of Eye=0.00"," Explosion of pressure vessel, piping, or tire"
"OSHA-SIR-2024043602","OSHA_SIR","2024043602","Employees were performing an integrity test of a section of pipe at an oil well. They were bleeding pressure off to a 2-inch line and the valve was already opened. As the inline pipe approached the line to open the valve further, the line parted and separated from the cross section. The cross section was threaded pipe that burst at the threads. The broken piping struck an employee, pushing him 33 feet away and causing fractures to his humerus and tibia.","Hospitalized=1.00; Amputation=0.00; Loss of Eye=0.00"," Explosion of pressure vessel, piping, or tire"
"OSHA-SIR-2025043738","OSHA_SIR","2025043738","On April 22, 2025, at approximately 6:35 p.m., an employee was working on a turnaround project. The crew was venting off nitrogen from an 18-inch pipeline into a 2-inch silencer vessel. The 18-inch pipe was pressurized with nitrogen gas at approximately 1200 psig. The silencer suddenly ruptured and its internal components were blown away. The shell of the silencer struck downward, landed on the employee's left hand due to high pressure, and lacerated the employee's left index finger resulting in amputation. The employee's left wrist was also broken.","Hospitalized=1.00; Amputation=1.00; Loss of Eye=0.00"," Explosion of pressure vessel, piping, or tire"
"OSHA-SIR-2024010031","OSHA_SIR","2024010031","Employees were flushing a chemical line at a job site. As an employee was unplugging a hose connection, residual pressure caused caustic liquids to spray under his face shield, resulting in chemical burns to the face and neck that required hospitalization.","Hospitalized=1.00; Amputation=0.00; Loss of Eye=0.00","Exposure through intact tissue"
"OSHA-SIR-2024065726","OSHA_SIR","2024065726","An employee was performing a voltage test on an electrical panel (4,160 volts) when an arc flash occurred and they sustained burns to their face and torso.","Hospitalized=1.00; Amputation=0.00; Loss of Eye=0.00","Exposure to electric arc"
"OSHA-SIR-2024098520","OSHA_SIR","2024098520","An employee was shocked while checking a breaker with a meter. The employee sustained a burn to their left middle finger.","Hospitalized=1.00; Amputation=0.00; Loss of Eye=0.00","Exposure to electricity  unspecified"
"OSHA-SIR-2025021704","OSHA_SIR","2025021704","An employee was working on an oil and gas drilling rig and tripping pipe out of the hole. After the employee finished work and took off his gloves, he noticed his fingers had frostbite.","Hospitalized=1.00; Amputation=0.00; Loss of Eye=0.00","Exposure to environmental cold  outdoor"
"OSHA-SIR-2024054626","OSHA_SIR","2024054626","The employee had been working that day on natural gas compression equipment in the field. As the employee was driving home, he experienced heat illness symptoms and was hospitalized.","Hospitalized=1.00; Amputation=0.00; Loss of Eye=0.00","Exposure to environmental heat  outdoor"
"OSHA-SIR-2024054307","OSHA_SIR","2024054307","An employee was using a sledgehammer to loosen a hammer union. The employee's sledgehammer missed the hammer union causing him to lose his balance and fall on the ground. The employee sustained a fractured wrist.","Hospitalized=1.00; Amputation=0.00; Loss of Eye=0.00","Fall on same level  n.e.c."
"OSHA-SIR-2024098181","OSHA_SIR","2024098181","On September 4, 2024, an employee was using a poke rod to clear a jam from a floor grate that dried distillers grain (DDG) is loaded into for a conveyor. He fell backward to the floor and sustained a brain bleed, two rib fractures, and fractures to their T1 and T2 vertebrae.","Hospitalized=1.00; Amputation=0.00; Loss of Eye=0.00","Fall on same level  unspecified"
"OSHA-SIR-2025032196","OSHA_SIR","2025032196","An employee was walking in a saturated area and was sinking. While balancing himself, his right ring finger was caught in a pinch point on the pipelayer. The employee sustained an amputation to the middle and distal phalanges of the right ring finger (above the middle knuckle).","Hospitalized=0.00; Amputation=1.00; Loss of Eye=0.00","Fall on same level and catch oneself"
"OSHA-SIR-2024076349","OSHA_SIR","2024076349","Two employees were carrying a drill bit and installation tool to the center of a drilling rig floor. One of them slipped and fell, and the drill bit and installation tool landed on his left hand. He suffered an open fracture and partial amputation of the last joint of the little finger, as well as a laceration to the ring finger.","Hospitalized=0.00; Amputation=1.00; Loss of Eye=0.00","Fall on same level due to slip or trip"
"OSHA-SIR-2024010071","OSHA_SIR","2024010071","An employee was parking his company vehicle. As he stepped out of the truck, the employee stepped on a patch of ice, slipped, and fell to the ground. The employee suffered a lower right leg fracture.","Hospitalized=1.00; Amputation=0.00; Loss of Eye=0.00","Fall on same level due to slip or trip"
"OSHA-SIR-2025043710","OSHA_SIR","2025043710","An employee was adjusting a sensor on a pumping unit motor. He lost balance and began to fall backward. His right ring finger was caught between the belts and the sheave, resulting in a fingertip amputation.","Hospitalized=0.00; Amputation=1.00; Loss of Eye=0.00","Fall on same level resulting in exposure or contact "
"OSHA-SIR-2024010091","OSHA_SIR","2024010091","An employee missed her chair while sitting down. She fell backward into a display case and landed on the floor. Items on top of the case then fell and struck the employee's head, causing injury to the left side of their head.","Hospitalized=1.00; Amputation=0.00; Loss of Eye=0.00","Fall on same level resulting in exposure or contact "
"OSHA-SIR-2024065117","OSHA_SIR","2024065117","An employee was working from an aerial lift to remove test equipment from an elevated stack. The aerial lift basket got stuck on something and the basket flipped, causing the employee to fall 25 feet to the ground. The employee sustained a fractured sternum, a left ankle injury, and injuries to both knees. The employee was wearing a fall harness and was connected, but slipped out of the harness.","Hospitalized=1.00; Amputation=0.00; Loss of Eye=0.00","Fall to lower level from collapsing structure or equipment  6 to 30 feet"
"OSHA-SIR-2025021221","OSHA_SIR","2025021221","An employee was on a 4-foot podium ladder when the wind blew it over. He fell, and his left middle fingertip was amputated.","Hospitalized=0.00; Amputation=1.00; Loss of Eye=0.00","Fall to lower level from collapsing structure or equipment  less than 6 feet"
"OSHA-SIR-2024098218","OSHA_SIR","2024098218","An employee was standing on the edge of a 12' benched trench when the side collapsed and he fell into the trench. His legs were buried and he sustained a fractured pelvis and fractures to his left femur, tibia, and fibula.","Hospitalized=1.00; Amputation=0.00; Loss of Eye=0.00","Fall to lower level from collapsing structure or equipment  unspecified"
"OSHA-SIR-2024076300","OSHA_SIR","2024076300","An employee was filling a 150-gallon water tank on a drilling rig truck. The pressure of the hose at the water station threw the employee from the platform to the ground 4.5 feet below. The employee suffered broken ribs and a head injury and was hospitalized.","Hospitalized=1.00; Amputation=0.00; Loss of Eye=0.00","Fall to lower level resulting from exposure or contact  less than 6 feet"
"OSHA-SIR-20251010185","OSHA_SIR","20251010185","An employee was working as a fire watch. The employee was exposed to anhydrous ammonia and was not able to see while climbing down a ladder due to eye irritation. The employee fell and was hospitalized for a broken ankle.","Hospitalized=1.00; Amputation=0.00; Loss of Eye=0.00","Fall to lower level resulting from exposure or contact  unspecified"
"OSHA-SIR-2024054631","OSHA_SIR","2024054631","The injured employee was retrieving a suitcase generator out of the bed of a pickup truck. While handing the generator to an employee on the ground, the injured employee slipped and fell off the bumper of the truck. He landed on the tongue of the trailer that the truck was coupled to. The employee sustained a bruised lung and three fractured ribs.","Hospitalized=1.00; Amputation=0.00; Loss of Eye=0.00","Fall to lower level resulting in exposure or contact  less than 6 feet"
"OSHA-SIR-2025032450","OSHA_SIR","2025032450","At 12:00 p.m. on March 14, 2025, an employee was operating a valve when it broke. This caused him to lose his balance and fall backward. He landed on a strip of metal and his right index finger was pinched between the metal and his leg. The weight of his leg and the impact from falling caused the amputation of his fingertip.","Hospitalized=0.00; Amputation=1.00; Loss of Eye=0.00"," Fall, slip, trip  unspecified "
"OSHA-SIR-2024065810","OSHA_SIR","2024065810","An employee was using a safety can to fuel a 4"" trash pump with gasoline. The fuel ignited and the employee sustained burns to their arms and hands.","Hospitalized=1.00; Amputation=0.00; Loss of Eye=0.00"," Fire  small-scale, limited "
"OSHA-SIR-20241110910","OSHA_SIR","20241110910","An employee was responding to a gas leak on a second-stage piping that contained natural gas. After identifying the leak, he began to walk toward his truck when the pipe ruptured, causing a fire. The employee sustained second- and third-degree burns to his ears, neck, back, and arms.","Hospitalized=1.00; Amputation=0.00; Loss of Eye=0.00","Fire  unspecified"
"OSHA-SIR-20231211334","OSHA_SIR","20231211334","An employee was diagnosing an alarm on a compressor skid. They were changing out a liquid level switch on the natural gas compressor system when there was a flash fire/explosion. The employee sustained burns to their face and ear, and severe burns to both hands. The employee was hospitalized.","Hospitalized=1.00; Amputation=0.00; Loss of Eye=0.00"," Fire, unspecified"
"OSHA-SIR-2024054058","OSHA_SIR","2024054058","An employee was burned on the hands, left elbow, face, neck, back, and knee during a flash fire in the gas processing unit (GPU) while it was being brought back online after equipment had been installed.","Hospitalized=1.00; Amputation=0.00; Loss of Eye=0.00","Flash fire"
"OSHA-SIR-2024054402","OSHA_SIR","2024054402","Two contractor employees were working with customer personnel to install 6"" blind skillets between a natural gas valve and flange couplings. While attempting to spread flange couplings apart to install the blind skillet, gas began leaking from the flange separation. A contractor employee attempted to seal the leak by pumping grease into the 6"" valve fitting using a battery-operated grease gun. While doing so, the escaping gas ignited and the fire engulfed the workers. One employee was hospitalized for burns to the arms, face, and the back of their neck.","Hospitalized=1.00; Amputation=0.00; Loss of Eye=0.00","Flash fire"
"OSHA-SIR-2025021642","OSHA_SIR","2025021642","An employee was on a ladder welding when a piece of slag fell onto his sweater which caught fire. The employee sustained burns to the upper body.","Hospitalized=1.00; Amputation=0.00; Loss of Eye=0.00","Ignition of clothing"
"OSHA-SIR-20231211033","OSHA_SIR","20231211033","An employee was cleaning a sight glass on a gas separation machine that was located on top of a self contained/self evacuating tank. When the valve that connected the well bore to the gas separation machine was opened, gas/vapor ignited, causing a flash fire that burned the employee's face and hands.","Hospitalized=1.00; Amputation=0.00; Loss of Eye=0.00"," Ignition of vapors, gases, or liquids"
"OSHA-SIR-2024065298","OSHA_SIR","2024065298","An employee was using a hydro-excavation truck on a cattle guard when the boom touched a 7,200-volt power line. The employee was hospitalized.","Hospitalized=1.00; Amputation=0.00; Loss of Eye=0.00","Indirect exposure to electricity  greater than 220 volts"
"OSHA-SIR-2024032536","OSHA_SIR","2024032536","Two employees were raising the media/debris tank to dump it. The tank contacted an overhead power line and both employees were shocked.","Hospitalized=2.00; Amputation=0.00; Loss of Eye=0.00","Indirect exposure to electricity  greater than 220 volts"
"OSHA-SIR-2025021232","OSHA_SIR","2025021232","An employee was unloading diesel fuel from one compartment in a tanker to the next compartment. Fuel was released when a valve was opened. When the employee tried to stop the flow, some of the fuel entered his mouth. He became ill due to fuel ingestion and was hospitalized.","Hospitalized=1.00; Amputation=0.00; Loss of Eye=0.00","Ingestion of harmful substance"
"OSHA-SIR-2025043700","OSHA_SIR","2025043700","An employee was working on the rig floor tripping rods when they were exposed to hydrogen sulfide (H2S) gas and became unconscious. The employee was hospitalized.","Hospitalized=1.00; Amputation=0.00; Loss of Eye=0.00","Inhalation of harmful substance  single episode or single shift"
"OSHA-SIR-20251010189","OSHA_SIR","20251010189","Employees were exposed to a vapor cloud of anhydrous ammonia. Two employees suffered respiratory distress and were hospitalized.","Hospitalized=2.00; Amputation=0.00; Loss of Eye=0.00","Inhalation of harmful substance  single episode or single shift"
"OSHA-SIR-2024098252","OSHA_SIR","2024098252","Two employees were lifting a schedule 40 pipe over a cattle fence to install a natural gas line when one employee lost his footing and his finger became caught between the pipe and the fence. The employee sustained an amputation of the top of his left middle finger.","Hospitalized=0.00; Amputation=1.00; Loss of Eye=0.00","Injured by object handled by person  n.e.c."
"OSHA-SIR-2024065679","OSHA_SIR","2024065679","An employee was working to replace an air line. The line needed to be trimmed to fit and the employee was using a utility knife to cut the hose. The knife cut through the hose and the employee's glove, amputating their left index fingertip.","Hospitalized=0.00; Amputation=1.00; Loss of Eye=0.00","Injured by object held or wielded by person"
"OSHA-SIR-2025032390","OSHA_SIR","2025032390","An employee was working on a well. He turned the well on and off, trying to get the head of the well to come up. He then went to adjust the well with a wrench. To access the fittings at the front of the well, the employee put his wrench on the pulley bar to slow down the well. The employee's finger was pinched between the wrench and an angle iron, resulting in amputation to the left ring fingertip.","Hospitalized=0.00; Amputation=1.00; Loss of Eye=0.00","Injured by object held or wielded by person"
"OSHA-SIR-2024021406","OSHA_SIR","2024021406","An employee was trying to restart an engine on a compressor that went down. The engine flywheel and starter were not aligned. The employee attempted to use a bar to roll over the flywheel when built-up air pressure caused the entire engine to roll over. The bar then slammed into the employee's left arm, resulting in an injury.","Hospitalized=1.00; Amputation=0.00; Loss of Eye=0.00","Injured by object held or wielded by person"
"OSHA-SIR-20251010320","OSHA_SIR","20251010320","On October 15, 2025, an employee and crew were fishing a rod box on a parted rod string. The crew ran a reverse grapple down the hole to retrieve the broken rod box. The employee was using a 36-inch pipe wrench to apply pressure and break a connection down the well bore. Another connection down the well bore unexpectedly released, causing the torque applied to the rod string to return to the surface. The employee lost their grip on the wrench and it then spun around and struck their arm, resulting in a fracture.","Hospitalized=1.00; Amputation=0.00; Loss of Eye=0.00","Injured by object held or wielded by person"
"OSHA-SIR-2024021188","OSHA_SIR","2024021188","An employee was working from a scaffold over a blowout preventer, using a 5-foot bar to position an orbit valve. An air winch on the rig floor was being used to lift the valve and hold it in place. The air winch line went taut suddenly and struck the 5-foot bar, pushing it toward the substructure of the drilling rig. When the bar struck the substructure, the employee's left ring fingertip was caught between them. The fingertip was amputated.","Hospitalized=1.00; Amputation=1.00; Loss of Eye=0.00","Injured by object held or wielded by person"
"OSHA-SIR-20241211383","OSHA_SIR","20241211383","Two employees were sliding a floor grate toward the front of a chiller. When the grate reached the middle of the unit, two additional employees began lifting it over a gap. The grate became stuck and the injured employee went to the front of the chiller, released the obstruction, and began to move away. The grate (still being pushed forward) struck his lower left leg, pinning it against the chiller frame and breaking the tibia.","Hospitalized=1.00; Amputation=0.00; Loss of Eye=0.00","Injured by object pushed or pulled by person"
"OSHA-SIR-2025043243","OSHA_SIR","2025043243","Three employees were plugging an oil and gas well when one of the onsite explosives detonated prematurely, injuring one employee. The employee sustained multiple lacerations and fractures to the waist and legs.","Hospitalized=1.00; Amputation=0.00; Loss of Eye=0.00","Intentionally set explosion"
"OSHA-SIR-2024109936","OSHA_SIR","2024109936","An employee was driving a utility task vehicle (UTV) when it struck a load of steel angle iron that was resting on forklift forks, resulting in facial fractures.","Hospitalized=1.00; Amputation=0.00; Loss of Eye=0.00","Nonroadway collision with other vehicle(s) moving and standing vehicle"
"OSHA-SIR-2025076412","OSHA_SIR","2025076412","On July 3, 2025, at approximately 9:45 PM, an employee was operating a utility task vehicle (UTV) on a project road when the UTV struck the rear of a reversing bulldozer. The employee struck their head and face on the UTV dashboard and collapsed onto a UTV passenger. The employee was hospitalized with a forehead laceration, a nasal fracture, and central cord syndrome. The other employee on the UTV sustained a bruised left forearm and was not hospitalized.","Hospitalized=1.00; Amputation=0.00; Loss of Eye=0.00"," Nonroadway collision with other vehicle(s) moving in opposite directions, oncoming"
"OSHA-SIR-2025088413","OSHA_SIR","2025088413","An employee was loading an aerial lift onto a truck trailer. The aerial lift became unbalanced and the employee was ejected from the basket. The employee sustained fractures to their nose and pelvis and was hospitalized.","Hospitalized=1.00; Amputation=0.00; Loss of Eye=0.00","Nonroadway noncollision  fall or jump from moving vehicle"
"OSHA-SIR-20241211880","OSHA_SIR","20241211880","An employee was operating a skid steer on a pit line when it rolled. The employee sustained fractured ribs.","Hospitalized=1.00; Amputation=0.00; Loss of Eye=0.00","Nonroadway noncollision  vehicle overturn"
"OSHA-SIR-2025088531","OSHA_SIR","2025088531","An employee was descending a dirt road on a utility task vehicle (UTV) after finishing fueling a booster pump. The vehicle left the dirt road and went over a fallen tree. The employee sustained broken ankles, a sprained left wrist, and a contusion/scrape on his upper abdomen. The employee was hospitalized.","Hospitalized=1.00; Amputation=0.00; Loss of Eye=0.00","Nonroadway noncollision incident  unspecified"
"OSHA-SIR-2024010047","OSHA_SIR","2024010047","An employee was standing on top of a pump truck when he slipped and fell to the ground. The employee suffered a skull fracture.","Hospitalized=1.00; Amputation=0.00; Loss of Eye=0.00","Other fall to lower level  6 to 30 feet"
"OSHA-SIR-2024010648","OSHA_SIR","2024010648","An employee was inspecting trays inside an amine tower vessel to determine what needed to be replaced. The employee climbed down through the 20 percolator trays, going through 18"" x 22"" openings in the trays, until he reached the third or fourth tray from the bottom. The employee then slipped and fell approximately 20 feet to a metal surface below. The employee sustained injuries to their back, left elbow, and ankles and was hospitalized.","Hospitalized=1.00; Amputation=0.00; Loss of Eye=0.00","Other fall to lower level  6 to 30 feet"
"OSHA-SIR-2024021513","OSHA_SIR","2024021513","An employee fell while exiting a tractor, landed on the ground, and suffered fractures to the pelvis and shoulder blade. The employee was hospitalized.","Hospitalized=1.00; Amputation=0.00; Loss of Eye=0.00","Other fall to lower level  less than 6 feet"
"OSHA-SIR-2025032724","OSHA_SIR","2025032724","An employee was at a residential home to perform a gas houseline inspection after repairs. While using a flashlight to see, the employee walked into the laundry room and fell into a 2' x 2' access opening for a crawl space in the floor. A black rug was partially covering the opening. The employee fell approximately 40 inches into the crawl space. The employee sustained three fractured ribs on the left side, fluid on the left side of the lungs, and a bruised right knee.","Hospitalized=1.00; Amputation=0.00; Loss of Eye=0.00","Other fall to lower level  less than 6 feet"
"OSHA-SIR-2024042949","OSHA_SIR","2024042949","An employee was working from an aerial lift when they slipped and their safety harness ripped, causing them to fall 37 feet to the dirt surface below. They sustained fractures to ribs, both collar bones, vertebrae, and also sustained contusions to the lungs.","Hospitalized=1.00; Amputation=0.00; Loss of Eye=0.00","Other fall to lower level  more than 30 feet"
"OSHA-SIR-2024032554","OSHA_SIR","2024032554","An employee was taking measurements for electrical conduit while standing on an earthen berm when he lost his balance and fell, landing on his leg and fracturing his left leg and ankle.","Hospitalized=1.00; Amputation=0.00; Loss of Eye=0.00","Other fall to lower level  unspecified"
"OSHA-SIR-2025010866","OSHA_SIR","2025010866","On January 27, 2025, an employee was performing housekeeping. He was moving his toolbox and felt a pain in his lower abdomen. The employee was hospitalized with a hernia.","Hospitalized=1.00; Amputation=0.00; Loss of Eye=0.00","Overexertion while materials moving by hand"
"OSHA-SIR-2024053968","OSHA_SIR","2024053968","An employee was unloading a fiberglass hut from a semi-truck and bracing it from the wind when a telehandler rolled over his leg, resulting in lower leg fractures requiring surgery.","Hospitalized=1.00; Amputation=0.00; Loss of Eye=0.00","Pedestrian struck by forward-moving vehicle in nonroadway area"
"OSHA-SIR-2024021303","OSHA_SIR","2024021303","The injured employee was performing pre-job spotting and was staging equipment. The employee moved in to connect a bulldozer. The operator of the bulldozer saw that a bulk truck was moving backward, so he moved the bulldozer forward. The injured employee was crushed between the bulldozer's right ripper and the rear of the bulk trailer. He sustained a pelvic fracture on his left side and an open fracture to his upper right leg.","Hospitalized=1.00; Amputation=0.00; Loss of Eye=0.00","Pedestrian struck by forward-moving vehicle in nonroadway area"
"OSHA-SIR-2025087666","OSHA_SIR","2025087666","An employee was guiding a work truck as it backed up to a float trailer when they were caught between the truck and the trailer. The employee sustained soft tissue injuries to their abdomen and back.","Hospitalized=1.00; Amputation=0.00; Loss of Eye=0.00","Pedestrian struck by vehicle backing up in nonroadway area"
"OSHA-SIR-2024109364","OSHA_SIR","2024109364","The injured employee was spotting for a forklift driver as they were placing a power pack onto a piece of equipment. The employee's left middle fingertip was crushed between the forklift mast and a brace for the equipment, resulting in an amputation to the finger.","Hospitalized=0.00; Amputation=1.00; Loss of Eye=0.00","Pedestrian struck by vehicle in nonroadway area  unspecified"
"OSHA-SIR-2025055136","OSHA_SIR","2025055136","An employee was installing gas lines when a tracked excavator drove over the employee's right foot. The employee was hospitalized with fractures to their tibia and fibula.","Hospitalized=1.00; Amputation=0.00; Loss of Eye=0.00","Pedestrian struck by vehicle in nonroadway area  unspecified"
"OSHA-SIR-2024054584","OSHA_SIR","2024054584","An employee was walking across the drilling pad and was struck and run over by a telehandler forklift. The employee's leg was crushed and broken.","Hospitalized=1.00; Amputation=1.00; Loss of Eye=0.00","Pedestrian struck by vehicle in nonroadway area  unspecified"
"OSHA-SIR-20231211376","OSHA_SIR","20231211376","The injured employee was standing near the end of a pipe rack installing a pin in the pipe stop. Another employee was utilizing a forklift nearby to move another set of pipe racks. As the forklift moved, it drove over a bump and bounced; the brakes were then applied and one side of the pipe rack fell off the forks and landed on the injured employee s right boot, pinning his boot against the ground and resulting in multiple fractures and lacerations to his right foot.","Hospitalized=1.00; Amputation=0.00; Loss of Eye=0.00"," Pedestrian vehicular incident, n.e.c."
"OSHA-SIR-2025099342","OSHA_SIR","2025099342","On September 18, 2025, an employee was descending stairs on a rig floor when he fell on the third step from the top and landed on his right foot, which then turned inward. The employee suffered a fracture that required hospitalization.","Hospitalized=1.00; Amputation=0.00; Loss of Eye=0.00"," Slip, trip, stumble while stepping between levels"
"OSHA-SIR-2025087910","OSHA_SIR","2025087910","An employee was restarting a compressor when he bumped into the side of a staircase and suffered a bruised leg. The employee was hospitalized.","Hospitalized=1.00; Amputation=0.00; Loss of Eye=0.00","Struck against stationary object  n.e.c."
"OSHA-SIR-20251010231","OSHA_SIR","20251010231","An employee was leaning down to install conduit. When he stood up, a 2-inch all-thread rod caught and lacerated his left eyelid.","Hospitalized=1.00; Amputation=0.00; Loss of Eye=0.00"," Struck against stationary object while rising, lowering"
"OSHA-SIR-2024010118","OSHA_SIR","2024010118","An employee was repairing an artificial lift. The employee opened a valve on the lift that caused a rapid release of energy, and the employee was struck by an object. The employee suffered fractures to the skull, right orbital socket, and right cheek. The employee was hospitalized.","Hospitalized=1.00; Amputation=0.00; Loss of Eye=0.00","Struck by discharged object or substance "
"OSHA-SIR-2025032361","OSHA_SIR","2025032361","An employee was performing a hot tap. The employee set a completion plug in preparation of removing the completion plug stopple tool. The tool was not completely set, and gas pressure and metal debris were released from the blow out. The employee sustained multiple contusions and abrasions to the chest, neck and face area, loss of eyes, and finger amputations.","Hospitalized=1.00; Amputation=1.00; Loss of Eye=1.00","Struck by discharged object or substance "
"OSHA-SIR-2024054394","OSHA_SIR","2024054394","An employee was dewatering water base mud from inside the dewatering unit. They were standing at the transfer tank monitoring the discharged fluid from the centrifuge to make sure it was free of solids. The employee rotated the 6"" pipe and 90-degree elbow so that the fluid would dump into the other side of the transfer tank and reached with his right hand to pull on the handle attached to the elbow. When the employee pulled on the handle to rotate the elbow, the elbow fell off and landed on his left hand which was resting on the divider wall below. The employee suffered blunt force trauma to the left hand that caused a laceration to the ring fingertip requiring stitches and an amputation to the middle fingertip.","Hospitalized=0.00; Amputation=1.00; Loss of Eye=0.00","Struck by dislodged or detached object(s)"
"OSHA-SIR-2024021191","OSHA_SIR","2024021191","An employee was holding a back-pressure regulator. A pipe came apart (under tension from a forklift) and injured the employee's left hand, lacerating and fracturing the index finger.","Hospitalized=1.00; Amputation=0.00; Loss of Eye=0.00","Struck by dislodged or detached object(s)"
"OSHA-SIR-2024098993","OSHA_SIR","2024098993","An employee was removing a section of fencing around a yard using a backhoe. The fence section had three rails (pipes) on each side of a center post. The far end of the rails had been torch-cut from their respective posts. Due to the tension from the backhoe, the connected portion of the pipe broke at the weld, causing the rail section to flip upward toward the back of the backhoe. One end of the pipe hit the ground at an almost straight-up angle and fell toward the seat where the employee was sitting. The end of the pipe that was torch cut edge struck the employee on top of his head on the left side, causing a contusion, a fracture, and a laceration. The employee was hospitalized.","Hospitalized=1.00; Amputation=0.00; Loss of Eye=0.00","Struck by dislodged or detached object(s)"
"OSHA-SIR-2024098429","OSHA_SIR","2024098429","On September 11, 2024, an employee was unloading electric utility meters and closing the car door when her left middle finger became caught between the door and the car frame, resulting in an amputation of the fingertip.","Hospitalized=0.00; Amputation=1.00; Loss of Eye=0.00"," Struck by door, gate, window"
"OSHA-SIR-2024032434","OSHA_SIR","2024032434","Two employees were making repairs on a boat. A gust of wind shut the engine room door on one employee's head, opening a wound across the top of the scalp. He was hospitalized.","Hospitalized=1.00; Amputation=0.00; Loss of Eye=0.00"," Struck by door, gate, window"
"OSHA-SIR-2024021072","OSHA_SIR","2024021072","A rig crew had installed the rotating rubber onto the last joint of pipe in a mouse hole. The crew picked up the joint out of the mouse hole to attach it to the stump to make up the last joint. As the joint was placed inside the stump, the rotating rubber (wet from the weather) slid down the casing and struck an employee's right index finger. The finger was amputated.","Hospitalized=0.00; Amputation=1.00; Loss of Eye=0.00","Struck by falling object  unspecified"
"OSHA-SIR-2024043641","OSHA_SIR","2024043641","An employee was breaking down a drill rig when the tower came down and struck them in the right thigh. They sustained a fractures to their L3 and L4 vertebrae and were hospitalized.","Hospitalized=1.00; Amputation=0.00; Loss of Eye=0.00","Struck by falling object  unspecified"
"OSHA-SIR-2024010267","OSHA_SIR","2024010267","An employee took a CRT tube that was being rigged down. He got on the catwalk that takes him to the rig to put on the lift cap when the tube slipped and struck his foot. He was hospitalized and his right big toe was amputated.","Hospitalized=1.00; Amputation=1.00; Loss of Eye=0.00","Struck by falling object  unspecified"
"OSHA-SIR-2024010850","OSHA_SIR","2024010850","An employee was preparing to load a curtain-side trailer with pallets of carbon. While the support beam was being removed, it came loose from the trailer and closed on the employee's middle fingertip. He suffered a partial amputation to the finger.","Hospitalized=0.00; Amputation=1.00; Loss of Eye=0.00"," Struck by falling part of vehicle or machine, still attached"
"OSHA-SIR-2024021688","OSHA_SIR","2024021688","An employee was on a barge hooking up and unhooking loads on a boom crane. While under the boom crane, the employee was struck in the side of the head and the body by a free-falling headache ball and fast line. The employee suffered fractures and internal bleeding and was hospitalized.","Hospitalized=1.00; Amputation=0.00; Loss of Eye=0.00"," Struck by falling part of vehicle or machine, still attached"
"OSHA-SIR-20241211220","OSHA_SIR","20241211220","An employee was tripping pipe out of a well. After one of the joints was unlatched, the block began coming down while there was an 18-inch pipe wrench stuck underneath the brake assembly. The block slowed down but did not stop. The block and bales impacted the rig floor. The bales fell on top of the injured employee's leg and head and the employee sustained an open fracture to the lower left leg/calf.","Hospitalized=1.00; Amputation=0.00; Loss of Eye=0.00"," Struck by falling part of vehicle or machine, still attached"
"OSHA-SIR-2024054149","OSHA_SIR","2024054149","An employee was lifting the lid to a control panel on an underground wiring pulling machine when the lid fell and caught their right ring fingertip, crushing it. They sustained an open displaced fracture of the distal phalanx of the finger, and a partial amputation through the phalanx.","Hospitalized=1.00; Amputation=1.00; Loss of Eye=0.00"," Struck by falling part of vehicle or machine, still attached"
"OSHA-SIR-2024076231","OSHA_SIR","2024076231","Two employees were looking for steel tubing in the yard. Employee 1 knelt down to read the size numbers on the tubing. Employee 2 pulled out a piece of tubing and then tripped over a white mesh bag of parts from a delivery. The tubing was dropped on employee 1's right middle finger, amputating the fingertip.","Hospitalized=0.00; Amputation=1.00; Loss of Eye=0.00","Struck by object dropped by person"
"OSHA-SIR-2024054524","OSHA_SIR","2024054524","An employee was helping to prop up an engine head on a work table when it slipped out of his grip and landed on his left middle finger. The employee sustained a crush injury to the finger.","Hospitalized=1.00; Amputation=0.00; Loss of Eye=0.00","Struck by object dropped by person"
"OSHA-SIR-20241110530","OSHA_SIR","20241110530","Two employees were performing routine maintenance on a mud pump. The injured employee was holding a plunger cap in place when the second employee dropped the plunger cap and the injured employee's right middle fingertip was caught between the plunger cap and the pump. The employee sustained a partial amputation to the right middle fingertip.","Hospitalized=1.00; Amputation=1.00; Loss of Eye=0.00","Struck by object dropped by person"
"OSHA-SIR-2024075952","OSHA_SIR","2024075952","An employee was spotting for an excavator that was pulling an old pipe from the ground. The wall of an adjacent excavation caved in and caused the excavator to tip into it. The top knuckle of the excavator boom struck the injured employee on the lower back, resulting in a fractured pelvis and ribs.","Hospitalized=1.00; Amputation=0.00; Loss of Eye=0.00","Struck by object tipping over"
"OSHA-SIR-2025021658","OSHA_SIR","2025021658","An employee was operating a forklift to drain some hoses of oil-based mud. The employee drove the forklift on soft and uneven ground, stopped, and raised the boom approximately forty feet to begin draining the hoses. As the employee stepped off the forklift, the soft ground gave way (impression of at least 9"") and the forklift began tipping over. The employee was struck by the boom as it was falling and sustained a dislocated knee as well as a back injury.","Hospitalized=1.00; Amputation=0.00; Loss of Eye=0.00","Struck by object tipping over"
"OSHA-SIR-2024076544","OSHA_SIR","2024076544","An employee was trying to take out the cylinder of a power tong. Once the cylinder came out of its shackle, it fell and crushed the employee's right little finger below the nail. The employee suffered a fingertip amputation.","Hospitalized=0.00; Amputation=1.00; Loss of Eye=0.00","Struck by other falling object  n.e.c."
"OSHA-SIR-2024087451","OSHA_SIR","2024087451","An employee was replacing the well house. After installing the new well house, the employee drilled a 2- to 3-inch hole in the side of the well house to run a 2-inch pipe. The employee inserted the pipe into the hole and secured it inside the well house. The employee then traveled outside the well house to apply tape onto the threaded section of the new pipe. The employee used his left index finger to hold the tape on the threads. The pipe section inside the well house fell from its support and the employee's finger was lacerated, resulting in a fingertip amputation.","Hospitalized=0.00; Amputation=1.00; Loss of Eye=0.00","Struck by other falling object  n.e.c."
"OSHA-SIR-2024054144","OSHA_SIR","2024054144","While unloading a debris container using a vacuum truck, a piece of solid debris tumbled out of the truck and struck the employee's left leg. He was hospitalized for surgery.","Hospitalized=1.00; Amputation=0.00; Loss of Eye=0.00","Struck by other falling object  n.e.c."
"OSHA-SIR-2024032201","OSHA_SIR","2024032201","A crew of employees was using a hoist to lift a drillable sub on the rig floor. Single-joint elevators were placed on the sub before lifting. As the crew started to lift the sub, the sub struck the derrick leg, causing the single-joint elevators to open and the sub to drop approximately 1 1/2 feet, striking the injured employee in the right leg below the knee. The employee suffered two leg fractures.","Hospitalized=1.00; Amputation=0.00; Loss of Eye=0.00","Struck by other falling object  n.e.c."
"OSHA-SIR-2025077110","OSHA_SIR","2025077110","At about 4:20 a.m. on July 22, 2025, an employee of Blackeagle Energy Services was removing masking tape from a 24-inch, 450-pound flange on a pipe rack. Dunnage supporting the flange failed and it fell, crushing the employee's left hand against the rack. The employee suffered a partially severed middle finger, crushed bones, and lacerations/tendon damage to the ring finger. The employee was hospitalized, and the middle finger was medically amputated at the first knuckle.","Hospitalized=1.00; Amputation=1.00; Loss of Eye=0.00","Struck by other falling object  n.e.c."
"OSHA-SIR-2025032244","OSHA_SIR","2025032244","An employee was running a pig through a water line to clear the ice. The pig caused the 12-inch water line to whip and strike the employee, resulting in a head laceration and broken leg.","Hospitalized=1.00; Amputation=0.00; Loss of Eye=0.00","Struck by other propelled object or substance  n.e.c."
"OSHA-SIR-2024087108","OSHA_SIR","2024087108","An employee was installing a gasket between flanges on a heat exchanger. The straight wedge that was used to separate the flanges became stuck between the flanges. The employee used a banana wedge to spread the flanges and remove the stuck straight wedge. When the employee struck the banana wedge with a hammer, the banana wedge dislodged from the flange and struck their face. The employee was hospitalized with a fractured jaw and required surgery.","Hospitalized=1.00; Amputation=0.00; Loss of Eye=0.00","Struck by other propelled object or substance  n.e.c."
"OSHA-SIR-2024064969","OSHA_SIR","2024064969","An employee was working near the compressor when it over-pressurized and dislodged a case component that struck the employee's lower left leg. The employee sustained a laceration and fracture of the lower leg requiring hospitalization and surgery.","Hospitalized=1.00; Amputation=0.00; Loss of Eye=0.00","Struck by propelled object or substance  unspecified"
"OSHA-SIR-2024065079","OSHA_SIR","2024065079","An employee was bracing a valve when it failed and the actuator struck the employee in his back, fracturing his pelvis and vertebrae.","Hospitalized=1.00; Amputation=0.00; Loss of Eye=0.00"," Struck by propelled, falling, or suspended object  unspecified"
"OSHA-SIR-2025032146","OSHA_SIR","2025032146","An employee was working with a pump truck operator to retrieve a retrievable plug down the hole. They were flushing sand off of a retrievable bridge packer (RBP). The TIW valve was rigged up with a swivel joint to the pump truck hose when it came loose and fell from overhead. The TIW valve struck the employee in the head and shoulder causing him to fall over. The employee sustained head trauma, a broken shoulder blade, and injuries to his shoulder, arm, and elbow. The employee was hospitalized.","Hospitalized=1.00; Amputation=0.00; Loss of Eye=0.00"," Struck by propelled, falling, or suspended object  unspecified"
"OSHA-SIR-2024032595","OSHA_SIR","2024032595","An employee was working behind a piece of heavy machinery, lying on a cattleguard and putting bolts on the machinery. The machinery's tire backed up onto his right hip and dislocated it. He was hospitalized.","Hospitalized=1.00; Amputation=0.00; Loss of Eye=0.00","Struck by rolling powered vehicle or machinery"
"OSHA-SIR-2024109712","OSHA_SIR","2024109712","An employee was positioning a trailer jack head when it slid downward and crushed the employee's right index fingertip. The fingertip was amputated.","Hospitalized=0.00; Amputation=1.00; Loss of Eye=0.00"," Struck by rolling, sliding, or shifting objects non-running"
"OSHA-SIR-2024053824","OSHA_SIR","2024053824","On May 2, 2024, an employee was holding a hose while pumping cement into a 25"" pipe when a heavy steel plate that was attached to the pipe rolled onto his right foot. The employee sustained two broken bones on the top of his foot.","Hospitalized=1.00; Amputation=0.00; Loss of Eye=0.00"," Struck by rolling, sliding, or shifting objects non-running"
"OSHA-SIR-2024021680","OSHA_SIR","2024021680","An employee was conducting maintenance on a pipe and was using a T-bar tool to secure the retainer cap on a pump. The employee's left index finger was caught in the rotating pump, resulting in a partial amputation.","Hospitalized=0.00; Amputation=1.00; Loss of Eye=0.00"," Struck by running powered equipment  during maintenance, cleaning, testing"
"OSHA-SIR-2024054535","OSHA_SIR","2024054535","An employee was troubleshooting a valve that is involved with blending a dry chemical powder mix. The employee's left hand was caught in the valve when it was manually actuated. The employee sustained injury to their hand and fingers.","Hospitalized=1.00; Amputation=0.00; Loss of Eye=0.00"," Struck by running powered equipment  during maintenance, cleaning, testing"
"OSHA-SIR-2024043650","OSHA_SIR","2024043650","Employee 1 was operating the beveller and noticed that the machine was not working. They stopped the machine and entered the machine to address the issue. Employee 2, working on another machine, also noticed that the beveller was not working and went to assist. Employee 1 finished up, exited, and activated the machine. Employee 2, who remained in the machine, was pinned between a beveller and pipe at his upper legs/thighs, resulting in a severe laceration to the upper left thigh and internal bleeding to the left leg.","Hospitalized=1.00; Amputation=0.00; Loss of Eye=0.00"," Struck by running powered equipment  during maintenance, cleaning, testing"
"OSHA-SIR-2025099684","OSHA_SIR","2025099684","An employee was rigging up a location. He was using an Allen wrench to free up rotation and start the drawworks engine manually. The engine rotated and his left little finger became caught between the Allen wrench and the engine. The employee sustained an amputation to his little finger and fractures to his wrist.","Hospitalized=1.00; Amputation=1.00; Loss of Eye=0.00"," Struck by running powered equipment  during maintenance, cleaning, testing"
"OSHA-SIR-2025054962","OSHA_SIR","2025054962","On 5/27/2025, during the liner press operation, the operator began to carry out the routine cleaning process. While the machine was in jog mode, the operator ejected the die up using the foot pedal. The operator then went to remove the die for cleaning and the spin function engaged, causing their left little finger to be caught between the liner die and the liner barrel. The finger was amputated at the first knuckle.","Hospitalized=1.00; Amputation=1.00; Loss of Eye=0.00"," Struck by running powered equipment  during maintenance, cleaning, testing"
"OSHA-SIR-2024054385","OSHA_SIR","2024054385","An employee was connecting pipe when they missed stabbing the pipe into the stump and the drill kept moving downward. The pipe casing then bowed and struck him in the face. The employee sustained a fracture.","Hospitalized=1.00; Amputation=0.00; Loss of Eye=0.00"," Struck by running powered equipment  irregular movement, kick back"
"OSHA-SIR-2025088501","OSHA_SIR","2025088501","An employee was operating a torque wrench to tighten equipment when his right index finger got caught in a pinch point of the tool, resulting in a partial amputation without fracture.","Hospitalized=0.00; Amputation=1.00; Loss of Eye=0.00","Struck by running powered equipment  n.e.c."
"OSHA-SIR-2024076651","OSHA_SIR","2024076651","An employee was releasing a counterweight from a pump jack. The counterweight rotated and struck the employee in the back, resulting in fractures to their left femur, left sacrum, and L1 and L2 vertebrae.","Hospitalized=1.00; Amputation=0.00; Loss of Eye=0.00","Struck by running powered equipment  n.e.c."
"OSHA-SIR-2025021657","OSHA_SIR","2025021657","Employees were rigging down a power swivel at a well site. They placed the power swivel in a trailer and were preparing to remove the Kelly valve and cross-over subs. The operator came down from the drillers console, set the power swivel's control panel down in front of the draw works, and then went to get a kink out of a hydraulic hose. The hose caused the control panel to flip over, engaging the power swivel. The injured employee placed a 48"" pipe wrench onto a sub. When the power swivel engaged, the wrench swung and struck the injured employee's left knee. The employee's knee was dislocated and they sustained soft tissue damage to the ACL and MCL.","Hospitalized=1.00; Amputation=0.00; Loss of Eye=0.00","Struck by running powered equipment  n.e.c."
"OSHA-SIR-2024021480","OSHA_SIR","2024021480","An employee was working in the rod basket on a well service rig when their left ring finger was caught in a pinch point between the rod basket swivel frame and a support on the rig. The finger was amputated.","Hospitalized=0.00; Amputation=1.00; Loss of Eye=0.00","Struck by running powered equipment  unspecified"
"OSHA-SIR-2025010579","OSHA_SIR","2025010579","An employee was changing out the tong heads in the power tongs on a drilling rig when they became energized and crushed the employee's hand.","Hospitalized=1.00; Amputation=0.00; Loss of Eye=0.00","Struck by running powered equipment  unspecified"
"OSHA-SIR-20241211244","OSHA_SIR","20241211244","An employee was preparing to pour concrete. A barricade for the swing radius was set up behind and to the right of the drilling rig. The employee began drilling and swung the equipment to the left to begin the spoil pile. The back of the equipment swung to the right, struck the employee, and pinned him against the fall protection cage. The employee sustained fractures to their ribs and an injury to the transverse process of a vertebra.","Hospitalized=1.00; Amputation=0.00; Loss of Eye=0.00","Struck by running powered equipment  unspecified"
"OSHA-SIR-2024021495","OSHA_SIR","2024021495","An employee was lowering elevators while trying to couple a joint of tubing coming from a well. The employee's right hand was caught in a pinch point resulting in amputation of the ring fingertip.","Hospitalized=1.00; Amputation=1.00; Loss of Eye=0.00","Struck by running powered equipment  unspecified"
"OSHA-SIR-2024098909","OSHA_SIR","2024098909","An employee was making a grease head connection. He pulled on the sling connected by a crane to balance the grease head. He was stabilizing the 5-1/2 lubricator with his left hand when the lubricator joint slipped into a tight space causing the 4-3/4 grease head to crush his left index finger against the lubricator. The employee's left index fingertip was amputated.","Hospitalized=0.00; Amputation=1.00; Loss of Eye=0.00","Struck by suspended or swinging objects  n.e.c."
"OSHA-SIR-2024043057","OSHA_SIR","2024043057","A culvert was being lifted when a pipe struck an employee in the face. The employee suffered a jaw laceration and was hospitalized.","Hospitalized=1.00; Amputation=0.00; Loss of Eye=0.00","Struck by suspended or swinging objects  n.e.c."
"OSHA-SIR-2024065056","OSHA_SIR","2024065056","An employee was installing a safety cable on a flowline during a drilling operation. A forklift operator manipulated the boom to allow some slack in the strap to set the flowline box in the flowline trough. The employee had his hands on the strap to manipulate the box and set it down in the flowline trough. His left foot was forward while attempting to gain leverage when the flowline box shifted and struck his left foot and ankle area, resulting in a laceration to the top of his foot requiring hospitalization.","Hospitalized=1.00; Amputation=0.00; Loss of Eye=0.00","Struck by suspended or swinging objects  n.e.c."
"OSHA-SIR-2024109910","OSHA_SIR","2024109910","An employee drove to the project site from his hotel. Upon exiting his vehicle, and during a turning/twisting motion to grab PPE from the backseat, he heard a pop in his back. The employee was hospitalized and required surgery for fragmented L4 and L5 discs in the lumbar spine.","Hospitalized=1.00; Amputation=0.00; Loss of Eye=0.00"," Twisting, reaching, bending"
"OSHA-SIR-2024010927","OSHA_SIR","2024010927","An employee was preheating oil to place in the casing of an oil well flow line. A propane line shot under the truck and into the burner box, causing the burners to ignite and start a flash fire. The employee suffered burns to their face, neck, and wrist.","Hospitalized=1.00; Amputation=0.00; Loss of Eye=0.00","Vehicle or machinery fire "
"OSHA-SIR-2025065306","OSHA_SIR","2025065306","Employee 1 was operating a crane to move a pumping unit. Employee 2 was holding a tag line. The crane lifted the pumping unit and began rotating clockwise to place it on top of a concrete base. The front driver s side outrigger and float began to sink into the ground, causing the crane to lean over. This caused the pumping unit to swing and strike into an adjacent wellhead, breaking some piping and causing a fire. The crane then fell over and it's boom broke piping on a second wellhead, contributing further to the fire. Employee 1 fell out of the cab and crawled out of the fire. He sustained burns to his face and hands and had fractured ribs. He was hospitalized. Employee 2 was burned on his cheek, arm, and leg.","Hospitalized=1.00; Amputation=0.00; Loss of Eye=0.00","Vehicle or machinery fire "
"OSHA-SIR-2025077257","OSHA_SIR","2025077257","Three employees were servicing and cleaning an oil well when a fire occurred. All three employees were burned. One employee was treated and released. Two employees were hospitalized and one hospitalized employee required surgery.","Hospitalized=2.00; Amputation=0.00; Loss of Eye=0.00","Vehicle or machinery fire "
"OSHA-SIR-2024043748","OSHA_SIR","2024043748","An employee was loading spare tires into the doghouse. There was a rattlesnake under one of the tires and it bit his left index finger. The employee was hospitalized.","Hospitalized=1.00; Amputation=0.00; Loss of Eye=0.00"," Venomous animal bite  except ""bugs"""
"OSHA-SIR-2024109922","OSHA_SIR","2024109922","An employee was performing routine surveillance operation rounds on a furnace and nearby equipment. The employee heard a rumbling sound coming from a low-pressure steam vent and when he looked up, he saw water falling from the vent. He quickly moved to avoid the falling water and ran into a pipe and then fell, resulting in a right tibia fracture.","Hospitalized=1.00; Amputation=0.00; Loss of Eye=0.00","Walked or ran into stationary object"
"OSHA-SIR-20241211420","OSHA_SIR","20241211420","An employee was walking on level, grassy ground when he suffered a broken left knee at the distal end of the femur. He was hospitalized and required surgery.","Hospitalized=1.00; Amputation=0.00; Loss of Eye=0.00"," Walking, without other incident"
"OSHA-SIR-2016042900","OSHA_SIR","2016042900","An employee was breaking a horse when the horse ran into the metal railing of the pen, fracturing the employee's knee.","Hospitalized=1.00; Amputation=0.00; Loss of Eye=0.00","Animal transportation collision in nonroadway area"
"OSHA-SIR-2016010940","OSHA_SIR","2016010940","An employee was getting ready to reposition portable source lights using a material lift cart. He picked up the front of the lift. As he twisted around, he turned/rolled his ankle and it gave out. He suffered torn ankle ligaments.","Hospitalized=1.00; Amputation=0.00; Loss of Eye=0.00","Bending, crawling, reaching, twisting-single episode"
"OSHA-SIR-2017065761","OSHA_SIR","2017065761","An employee was bitten on the right calf by a spider while working at a drilling rig.","Hospitalized=1.00; Amputation=0.00; Loss of Eye=0.00","Bites and stings, unspecified"
"OSHA-SIR-20181111301","OSHA_SIR","20181111301","An employee suffered a sprained ankle while stepping off a backhoe.","Hospitalized=1.00; Amputation=0.00; Loss of Eye=0.00","Boarding, alighting-excluding slip, trip, fall-single episode"
"OSHA-SIR-2018010036","OSHA_SIR","2018010036","An employee was setting up a warming tent at a job site when a work truck struck and pinned the employee between it and a 54-inch reamer. The employee's lower right leg was crushed, requiring hospitalization.","Hospitalized=1.00; Amputation=0.00; Loss of Eye=0.00","Caught between rolling powered vehicle and other object"
"OSHA-SIR-2016021145","OSHA_SIR","2016021145","An employee was helping the driver of a winch truck back up and hook up to a tank. When the driver was close enough to the tank to hook up, the employee told him to stop and set the brakes. The driver did stop and set the brakes, but the truck was still in gear and jerked backwards when his foot came off of the clutch. The employee had moved between the truck and the tank to connect the winch line and was struck causing a fracture of the right femur.","Hospitalized=1.00; Amputation=0.00; Loss of Eye=0.00","Caught between rolling powered vehicle and other object"
"OSHA-SIR-2015020234","OSHA_SIR","2015020234","Employee was changing out a hydraulic ram on a rig when a swivel on the come-along broke and pinched the employee's thumb. First aid was performed at the local hospital and then the employee was transported to Denver. An artery in the thumb was damaged and the right hand thumb was later amputated at the first joint.","Hospitalized=0.00; Amputation=1.00; Loss of Eye=0.00","Caught in or compressed by equipment or objects, n.e.c."
"OSHA-SIR-2016075939","OSHA_SIR","2016075939","On 7/1/16, at approximately 6:30 PM, an employee was helping to pull tubing from a derrick rig. The employee climbed the derrick structure to attach the necessary rigging. As he descended to the working level, his climb assist became caught/wrapped in the gooseneck assembly. He was then pulled into the derrick board, breaking his tibia and dislocating his ankle.","Hospitalized=1.00; Amputation=0.00; Loss of Eye=0.00","Caught in or compressed by equipment or objects, n.e.c."
"OSHA-SIR-2015010093","OSHA_SIR","2015010093","An employee was exposed to a pinch point hazard when his left thumb was caught between the ST-80 and another metal object.","Hospitalized=0.00; Amputation=1.00; Loss of Eye=0.00","Caught in or compressed by equipment or objects, unspecified"
"OSHA-SIR-20171010313","OSHA_SIR","20171010313","On October 27, 2017, at approximately 2:45 p.m., an employee was adjusting the forks of a lift. While holding onto the side of the forklift assembly, he boomed up and kicked the fork over with his foot. As the fork moved, it dropped into place, along with the bar that supports the forks. The employee's gloved finger was then pinched between the fork and fork assembly, amputating his right middle fingertip.","Hospitalized=0.00; Amputation=1.00; Loss of Eye=0.00","Caught in or compressed by equipment or objects, unspecified"
"OSHA-SIR-2015020796","OSHA_SIR","2015020796","Employee clearing trees for a gas/oil pipeline installation was pinned between two trees and broke a leg.","Hospitalized=1.00; Amputation=0.00; Loss of Eye=0.00","Caught in or compressed by equipment or objects, unspecified"
"OSHA-SIR-2017076668","OSHA_SIR","2017076668","An employee was helping a coworker lower a cutting trough. The coworker attached a chain to the cutting trough and a shaker walkway overhang. The employee centered a forklift on the cutting trough and raised the forks up until they came into contact with the trough, to relieve any pressure from the saddle supports underneath. He un-pinned and removed one saddle support, then attempted to un-pin/remove the second support. He took his left hand and held the tubing and the slide portion of the saddle support in order to gain additional leverage to free the stuck pin. Once the pin came out, the slide fell and smashed his left index finger between the saddle and the tubing.","Hospitalized=1.00; Amputation=0.00; Loss of Eye=0.00","Caught in or compressed by equipment or objects, unspecified"
"OSHA-SIR-2015020655","OSHA_SIR","2015020655","An employee working on an oil-and-gas service rig suffered partial amputations of the right middle and right ring fingers after his hand was caught between the tong plate and the pin that secures the tongs.","Hospitalized=1.00; Amputation=1.00; Loss of Eye=0.00","Caught in or compressed by equipment or objects, unspecified"
"OSHA-SIR-2015010296","OSHA_SIR","2015010296","On January 8, 2015 at 10:15pm, an employee was cleaning/unclogging an automatic in-line cement powder sampler. He used his finger to verify there was no longer a clog and the sampler actuated amputating the tip of the third finger on the employee's left hand.","Hospitalized=0.00; Amputation=1.00; Loss of Eye=0.00","Caught in running equipment or machinery during maintenance, cleaning "
"OSHA-SIR-2015010325","OSHA_SIR","2015010325","On or about January 9, 2014 at about 0535 hrs an employee of Propetrol Services Inc. was repairing a pump at the Mabee 139-202 HA well site 10 miles north of Midland Texas. When he reached into the pump to repair a faulty plunger, the unit ""kicked"" and amputated the tip of his right middle finger. He was driven to Medical Center Hospital in Odessa Texas where the prognosis was that the flesh portion not the bone will be amputated.","Hospitalized=0.00; Amputation=1.00; Loss of Eye=0.00","Caught in running equipment or machinery during maintenance, cleaning "
"OSHA-SIR-2015052903","OSHA_SIR","2015052903","An employee's arm got caught in conveyor belt guide rollers while troubleshooting the equipment, resulting in hospitalization.","Hospitalized=1.00; Amputation=0.00; Loss of Eye=0.00","Caught in running equipment or machinery during maintenance, cleaning "
"OSHA-SIR-2021021240","OSHA_SIR","2021021240","The sheaves of the crane were frozen due to ice and snow conditions, which caused a backlash with the auxiliary cable of the crane. The operator attempted to straighten out the backlash on the superstructure near the drum. The frozen sheave freed itself, allowing the cable to run, and the operator's right arm got tangled in the cable. The operator sustained an open fracture of the humerus and a dislocation of the radius.","Hospitalized=1.00; Amputation=0.00; Loss of Eye=0.00","Caught in running equipment or machinery during maintenance, cleaning "
"OSHA-SIR-2015010448","OSHA_SIR","2015010448","An employee was unjamming a stuck granulated salt spreader used on the back of a truck to salt roads. The employee reached into the impeller and chain components while the machine was running and something grabbed his right hand and amputated his right index finger past the nail bed, but before the first joint.","Hospitalized=1.00; Amputation=1.00; Loss of Eye=0.00","Caught in running equipment or machinery during maintenance, cleaning "
"OSHA-SIR-20171110941","OSHA_SIR","20171110941","An employee was watching a sub-winch cable run through sheaves to ensure that the cable was running smoothly when he noticed slack due to the cable coming off the sheave. He grabbed the cable with his left hand for balance and placed his right foot on the lower section of the cable to push it into the sheave. The cable then broke free into the sheave, consequently creating tension on the cable, which cut his right foot and three left-hand fingers. His three middle left-hand fingers were amputated, and his right foot was partially amputated.","Hospitalized=1.00; Amputation=1.00; Loss of Eye=0.00","Caught in running equipment or machinery during maintenance, cleaning "
"OSHA-SIR-2015010736","OSHA_SIR","2015010736","Employee was working on a can wrench without the lock out/tag out system in place. The jaws of the machine opened and retracted smashing and amputating the tip of the middle finger on his left hand.","Hospitalized=0.00; Amputation=1.00; Loss of Eye=0.00","Caught in running equipment or machinery during regular operation"
"OSHA-SIR-2016065162","OSHA_SIR","2016065162","On June 11, 2016, an employee was assisting the crew as it rigged out a crane. The crane operator was retracting the outrigger when the injured employee used his left hand to brace himself as he bent down to pick up the outrigger pad. He placed his left hand on the outrigger, and his finger entered the eyelets on the outrigger. As the outer section of the outrigger retracted into the inner section, the eyelet on the outer section amputated the employee's left middle fingertip.","Hospitalized=0.00; Amputation=1.00; Loss of Eye=0.00","Caught in running equipment or machinery during regular operation"
"OSHA-SIR-2015030400","OSHA_SIR","2015030400","An employee was stabbing up in the derrick while a pipe was being brought up on an elevator. As the employee reached to unlatch the elevator, the tongs engaged, striking the employee's left hand resulting in a broken wrist.","Hospitalized=1.00; Amputation=0.00; Loss of Eye=0.00","Caught in running equipment or machinery during regular operation"
"OSHA-SIR-2015074326","OSHA_SIR","2015074326","Employees were rigging down the workover rig at about 11:30 a.m., on July 5, when an employee's right thumb and first finger were caught between the derrick tip section and stop plate. The employee's thumb had to be surgically amputated.","Hospitalized=1.00; Amputation=1.00; Loss of Eye=0.00","Caught in running equipment or machinery during regular operation"
"OSHA-SIR-2019065577","OSHA_SIR","2019065577","At about 10:30 a.m. on June 3, 2019, an employee was on an oil rig that was being rigged down. As the rig was reaching half mast, the employee was on the rear of the rig, placing the weight bucket onto the storage hook. As he dismounted the rig, he lost his footing and his right hand was caught in a pinch point between the top and bottom sections of the derrick mast as it came down. He suffered injuries, including an amputation injury, to the index, middle, and ring fingers.","Hospitalized=1.00; Amputation=1.00; Loss of Eye=0.00","Caught in running equipment or machinery during regular operation"
"OSHA-SIR-2015064026","OSHA_SIR","2015064026","An employee was installing a pulley on a machine in the pipe yard. The pulley pulled the employee's left index finger into the machine, amputating the fingertip.","Hospitalized=0.00; Amputation=1.00; Loss of Eye=0.00","Caught in running equipment or machinery, n.e.c."
"OSHA-SIR-2017010049","OSHA_SIR","2017010049","An employee was moving a catwalk (a long piece of equipment that helps move tube) against a rig to perform an inspection when his right ring finger was caught and fractured between the catwalk skate and a pin. He was hospitalized.","Hospitalized=1.00; Amputation=0.00; Loss of Eye=0.00","Caught in running equipment or machinery, n.e.c."
"OSHA-SIR-2018077788","OSHA_SIR","2018077788","An employee lifted the lid to the glue cooling area of the machine to examine the equipment for issues. The lid covers two pulleys; one is 4 feet and the other is 16 inches in diameter. When he lifted the lid, it swung back and he raised his left hand to protect himself. He then lost balance and tried to steady himself with his right hand by placing it on the belt. His right hand got caught in the pulleys and when he pulled back, he suffered avulsions to his ring, pinky and middle fingers requiring hospitalization.","Hospitalized=1.00; Amputation=0.00; Loss of Eye=0.00","Caught in running equipment or machinery, n.e.c."
"OSHA-SIR-2015031198","OSHA_SIR","2015031198","An employee was attempting to place the pipe spinner leaver in neutral position when he tripped. His right hand engaged the spinner, and his left hand got caught in the spinner chain, cutting his left pinky and ring fingers.","Hospitalized=1.00; Amputation=1.00; Loss of Eye=0.00","Caught in running equipment or machinery, n.e.c."
"OSHA-SIR-2015031231","OSHA_SIR","2015031231","An employee was opening a gate when the last finger of the employee's left hand was pinched in a roller; the fingertip was amputated.","Hospitalized=0.00; Amputation=1.00; Loss of Eye=0.00","Caught in running equipment or machinery, unspecified"
"OSHA-SIR-2016076722","OSHA_SIR","2016076722","An employee was working in an oilfield cleaning a sand hopper. He got caught in a hydraulic gate fracturing both femurs.","Hospitalized=1.00; Amputation=0.00; Loss of Eye=0.00","Caught in running equipment or machinery, unspecified"
"OSHA-SIR-2015030594","OSHA_SIR","2015030594","An employee on an oil rig had his left hand amputated by a rock crusher while dislodging rocks from the machine. Lockout procedures were not followed at the time.","Hospitalized=1.00; Amputation=1.00; Loss of Eye=0.00","Caught in running equipment or machinery, unspecified"
"OSHA-SIR-2018088265","OSHA_SIR","2018088265","An employee was setting up five mud tanks and a mud pump. While he was hooking up the fifth mud tank to the fourth mud tank, a gap formed between the hose to the union. He inched the cable over multiple times to close the gap. Then, the driver lifted the mud tank up, which caused the cable line to pull the employee's finger between the truck roller, resulting in an amputation of the end of his left index finger.","Hospitalized=1.00; Amputation=1.00; Loss of Eye=0.00","Caught in running equipment or machinery, unspecified"
"OSHA-SIR-20171110662","OSHA_SIR","20171110662","An employee was stepping down into an excavation when he fractured his tibia.","Hospitalized=1.00; Amputation=0.00; Loss of Eye=0.00","Climbing or stepping up or down-single episode"
"OSHA-SIR-2022064891","OSHA_SIR","2022064891","An employee was using a truck to barricade a road. A motor vehicle, traveling at about 65 miles per hour, rear-ended the truck. The employee suffered a lip laceration, fractured vertebrae, and a tear in the inner layer of the aorta.","Hospitalized=1.00; Amputation=0.00; Loss of Eye=0.00","Collision between a moving and standing vehicle, nonroadway"
"OSHA-SIR-2017099315","OSHA_SIR","2017099315","An employee was in a boat, inspecting a pipeline, when the boat hit something in the water and ejected the employee from the seat. The employee hit the boat floor and suffered a forehead laceration and fractured left wrist.","Hospitalized=1.00; Amputation=0.00; Loss of Eye=0.00","Collision between water vehicle and object"
"OSHA-SIR-2015010074","OSHA_SIR","2015010074","Employee was working on a fluid end expendable pump using a torque wrench when his left ring finger got caught in between and was amputated - halfway through the nailbed.","Hospitalized=0.00; Amputation=1.00; Loss of Eye=0.00","Compressed or pinched by shifting objects or equipment"
"OSHA-SIR-2015096726","OSHA_SIR","2015096726","On September 14, 2015, at approximately 10:30am, a worker suffered an amputation of the left pinky finger just above the palm while unloading pipe from a pipe trailer. The employee was standing towards the tractor side of the trailer and a side boom with sling was unloading the pipe. The load was lowered near the tractor in an effort to raise the pipe above the back stanchion on the trailer. As the pipe slowly moved, the load struck a stanchion or DOT fender and the employee's hand was crushed in the load of pipe. No tag line was used.","Hospitalized=0.00; Amputation=1.00; Loss of Eye=0.00","Compressed or pinched by shifting objects or equipment"
"OSHA-SIR-2015010676","OSHA_SIR","2015010676","On January 22, 2015, at about 8:30 pm, a casing trough was being loaded by a forklift to a truck. The trough slid off the forks and struck the employee at the midsection of his stomach. He was pinned between the trough and a pipe rack. The employee was admitted to OU Medical Center in Oklahoma City around midnight on 1/22/15.","Hospitalized=1.00; Amputation=0.00; Loss of Eye=0.00","Compressed or pinched by shifting objects or equipment"
"OSHA-SIR-2015010726","OSHA_SIR","2015010726","A crew of employees was performing workover services. The crew was attempting to break out a crossover sub, on top of the casing scraper, using tongs. The employee was using a 36-inch wrench on top of the tongs. The tong operator engaged the tong before the employee removed his hand. The tong pinched the employee's finger between the tong and the wrench. The employee lost the fingertip of his right middle finger.","Hospitalized=1.00; Amputation=0.00; Loss of Eye=0.00","Compressed or pinched by shifting objects or equipment"
"OSHA-SIR-2015041924","OSHA_SIR","2015041924","An employee was performing cementing operations on a drilling rig. While using an air hoist to hoist a cement plug over a pipe, his thumb got caught between the ""wing"" of the plug and the plug itself. He sustained an amputation to the left-hand thumb up to the knuckle.","Hospitalized=1.00; Amputation=1.00; Loss of Eye=0.00","Compressed or pinched by shifting objects or equipment"
"OSHA-SIR-20161211967","OSHA_SIR","20161211967","An employee had just finished lifting a shale bin using two loaders (one with a stinger, chain, and lifting equipment) in order to place matting underneath. Once the matting was in place, the employee directed the loader to lower the bin until there was enough slack in the lifting chain to remove it. As the employee grabbed the eye of the lifting chain to unhook it, the operator of the loader bumped the controls with his knee, causing the chain to tighten and pinch the employee's right middle finger between the bin and the chain. The employee's right middle finger was amputated between the middle and upper joint, and the employee was hospitalized.","Hospitalized=1.00; Amputation=1.00; Loss of Eye=0.00","Compressed or pinched by shifting objects or equipment"
"OSHA-SIR-20201211546","OSHA_SIR","20201211546","An employee was changing hoses when he was sprayed by liquid butane, resulting in cold burns.","Hospitalized=1.00; Amputation=0.00; Loss of Eye=0.00","Contact with cold objects or substances"
"OSHA-SIR-2015063519","OSHA_SIR","2015063519","On June 9, 2015, an employee wearing flame resistant clothing was retrieving samples of hot, 400 degrees F asphalt from a controlled sample point when he was splashed/sprayed by pressurized hot asphalt. He received second degree burns to his head, neck, chest, and both arms. He also received first and second degree burns on the right side of his face.","Hospitalized=1.00; Amputation=0.00; Loss of Eye=0.00","Contact with hot objects or substances"
"OSHA-SIR-2018088899","OSHA_SIR","2018088899","An employee was disconnecting a braided metal flex hose that was supplying air to a furnace for the de-coking process. A supplier sent an alternate feed to the furnace, which required the furnace to remain online. The employee went to disconnect the flex hose from the furnace and received second degree burns to the face and first degree burns to the torso from steam/hot condensate. The line was not depressurized at the time of the incident.","Hospitalized=1.00; Amputation=0.00; Loss of Eye=0.00","Contact with hot objects or substances"
"OSHA-SIR-2021020944","OSHA_SIR","2021020944","An employee was standing on the ground reaching over the rear passenger side wheel well directly adjacent to an affixed catwalk on the rear of a water supply truck. While the employee was operating a drain valve located on the rear of the tank, the employee slipped on snow and ice building up on the street surface. As the employee slipped and fell, they grabbed the catwalk guard railing and their left ring finger caught on the railing corner gusset support, resulting in a partial amputation down to the first knuckle.","Hospitalized=0.00; Amputation=1.00; Loss of Eye=0.00","Contact with objects and equipment, n.e.c."
"OSHA-SIR-2017054463","OSHA_SIR","2017054463","An employee was reaching onto a shelf when the employee lost balance and their ring was caught on the shelf resulting in a left ring finger degloving.","Hospitalized=1.00; Amputation=0.00; Loss of Eye=0.00","Contact with objects and equipment, n.e.c."
"OSHA-SIR-2015010261","OSHA_SIR","2015010261","On 01/08/15, employee suffered an amputation of the left index finger while operating a mulch machine at a well site.","Hospitalized=0.00; Amputation=1.00; Loss of Eye=0.00","Contact with objects and equipment, unspecified"
"OSHA-SIR-2015042100","OSHA_SIR","2015042100","An employee received a head injury when a pressurized line came apart.","Hospitalized=1.00; Amputation=0.00; Loss of Eye=0.00","Contact with objects and equipment, unspecified"
"OSHA-SIR-2015020682","OSHA_SIR","2015020682","An employee amputated his fingertip while tearing down a setting tool on the McMaster Pad site.","Hospitalized=1.00; Amputation=1.00; Loss of Eye=0.00","Contact with objects and equipment, unspecified"
"OSHA-SIR-2023086969","OSHA_SIR","2023086969","An employee was helping to download shaped charges. During the process, a charge exploded directly over the employee's left hand. The employee suffered lacerations and burns to his left hand. He was hospitalized, and his left little finger was surgically amputated.","Hospitalized=1.00; Amputation=1.00; Loss of Eye=0.00","Demolition or blasting explosion "
"OSHA-SIR-2015063815","OSHA_SIR","2015063815","An employee was working at an oil and gas lease site when he made contact with a 480 V transmission line while working between the distribution box and the well he was inspecting. The employee received third degree burns on his hands and back and was admitted to the hospital.","Hospitalized=1.00; Amputation=0.00; Loss of Eye=0.00","Direct exposure to electricity, 220 volts or less"
"OSHA-SIR-2015021269","OSHA_SIR","2015021269","On or about Monday, February 9, 2015, at 2:45 pm an employee was changing a transformer in a Merit Energy oil rig when he touched a hot wire injuring his head and left hand.","Hospitalized=1.00; Amputation=0.00; Loss of Eye=0.00","Direct exposure to electricity, greater than 220 volts"
"OSHA-SIR-2015118789","OSHA_SIR","2015118789","Two maintenance employees were troubleshooting a switch gear at an unmanned pipeline compressor station when an arc flash occurred. One employee was hospitalized after receiving burns on his hands and face. Another employee was treated, but was not hospitalized.","Hospitalized=1.00; Amputation=0.00; Loss of Eye=0.00","Direct exposure to electricity, unspecified"
"OSHA-SIR-2018033109","OSHA_SIR","2018033109","An employee entered a tower and was vacuuming out adsorbent that was stuck to the inside walls when the adsorbent became detached from the wall and engulfed the employee. The employee suffered upper body trauma and partial asphyxiation, requiring hospitalization.","Hospitalized=1.00; Amputation=0.00; Loss of Eye=0.00","Engulfment in other collapsing material"
"OSHA-SIR-2015020050","OSHA_SIR","2015020050","On 2/11/15, a Pioneer Oil Field Services Rig Hand working at Petco/Louden Field amputated the first digit (approximately the length of his fingernail) of his right ring finger. The amputation occurred when a landing joint connector being pulled by a chain became tight and wrapped around said employee's finger who was holding/guiding the chain at the time of incident.","Hospitalized=0.00; Amputation=1.00; Loss of Eye=0.00","Entangled in other object or equipment"
"OSHA-SIR-2019032433","OSHA_SIR","2019032433","A Trinidad employee was helping pull a winch line with an attached hook through the substructure of a drilling rig. The hook snagged on part of the substructure, causing the line to tighten. The line was lying across the employee's foot, which it crushed and lacerated as it tightened.","Hospitalized=1.00; Amputation=0.00; Loss of Eye=0.00","Entangled in other object or equipment"
"OSHA-SIR-2015060215","OSHA_SIR","2015060215","An employee was pulled off of the drill floor by a tugger line. The employee was standing behind a safety gate holding the hoist line to put tension on it so it would not get tangled in the hoist drum. Something made the line jerk; the employee did not let go and was pulled over the safety gate, sliding down what the employer called a beaver slide. He was hospitalized to repair his badly damaged hand. He also had 23 stitches put in his head and three fractured vertebrae.","Hospitalized=1.00; Amputation=0.00; Loss of Eye=0.00","Entangled in other object or equipment"
"OSHA-SIR-2015063352","OSHA_SIR","2015063352","While removing and replacing worn wire rope on a hydraulic tugger winch, the injured employee's left foot was caught in the wire rope while the drum was rotating. The employee was hospitalized and had toes on his left foot amputated.","Hospitalized=1.00; Amputation=1.00; Loss of Eye=0.00","Entangled in other object or equipment"
"OSHA-SIR-2017021205","OSHA_SIR","2017021205","An employee was working in a six foot trench and suffered a fractured ankle when the trench caved in.","Hospitalized=1.00; Amputation=0.00; Loss of Eye=0.00","Excavation or trenching cave-in"
"OSHA-SIR-2017010858","OSHA_SIR","2017010858","An employee was cleaning a H2S (hydrogen sulfide) tower using a H2O2 (hydrogen peroxide) chemical when a chemical explosion occurred. The employee suffered burns to an ear and leg.","Hospitalized=1.00; Amputation=0.00; Loss of Eye=0.00","Explosion of nonpressurized vapors, gases, or liquids"
"OSHA-SIR-2015031586","OSHA_SIR","2015031586","An employee was on a drilling rig floor during normal drilling operations when pressure built up and blew through a hole. The employee was blown backwards and hit his head and arm. His head and arm sustained lacerations. He was admitted to the hospital for surgery on a fractured skull.","Hospitalized=1.00; Amputation=0.00; Loss of Eye=0.00","Explosion of pressure vessel, piping, or tire"
"OSHA-SIR-20161011139","OSHA_SIR","20161011139","On October 12, 2016, at 3:10 p.m., two employees were setting up to cut the main 8"" gas pipe to install a new pipeline when the pipe coupling failed and the pipe exploded. Debris struck the employees, who suffered facial lacerations and fractures. Both employees were hospitalized.","Hospitalized=2.00; Amputation=0.00; Loss of Eye=0.00","Explosion of pressure vessel, piping, or tire"
"OSHA-SIR-2015074999","OSHA_SIR","2015074999","An explosion occurred while an employee was performing work on a well head. He sustained burns to 60% to 80% of his body.","Hospitalized=1.00; Amputation=0.00; Loss of Eye=0.00","Explosion, n.e.c."
"OSHA-SIR-2023087375","OSHA_SIR","2023087375","Employees were performing well pad completion work. They pumped nitrogen into the well unit to open it up so that it would flow/produce. The employee went to the sand-removing unit/trailer to check if the well was flowing. He was standing on the steps and walkway of the trailer when an explosion occurred that knocked him over the walkway handrail resulting in a 3-4 foot fall. He was hospitalized with a fractured left foot and first-degree burns to his hands. A generator about 37 feet away had caused the ignition.","Hospitalized=1.00; Amputation=0.00; Loss of Eye=0.00","Explosion, n.e.c."
"OSHA-SIR-2020032242","OSHA_SIR","2020032242","An employee was cleaning the yard and burning trash. An empty barrel that had held flammable material exploded on the trash pile. The employee suffered second-degree burns to the hands and face, and another employee from a different company also received hand and facial burns. Both employees were hospitalized.","Hospitalized=2.00; Amputation=0.00; Loss of Eye=0.00","Explosion, n.e.c."
"OSHA-SIR-2016021347","OSHA_SIR","2016021347","An employee was hospitalized due to an explosion at the tank battery.","Hospitalized=1.00; Amputation=0.00; Loss of Eye=0.00","Explosion, unspecified"
"OSHA-SIR-2023031900","OSHA_SIR","2023031900","Two employees were working on a perforating gun when it detonated in the shop. One employee suffered burns to the hands and hearing loss. The other employee's left hand was amputated and they sustained burns to the upper torso. Both employees were hospitalized.","Hospitalized=1.00; Amputation=1.00; Loss of Eye=0.00","Explosion, unspecified"
"OSHA-SIR-2019021646","OSHA_SIR","2019021646","Two employees were using a propane torch to thaw a valve on a water tanker trailer. There was an explosion and both employees were burned.","Hospitalized=2.00; Amputation=0.00; Loss of Eye=0.00","Explosion, unspecified"
"OSHA-SIR-2020054632","OSHA_SIR","2020054632","Two employees were installing vent pipe and supports on top of a bulk storage tank. There was an explosion in the tank causing the employee working on the tank roof to fall from the tank to the ground. The employee was hospitalized for a fractured shoulder. The second employee was in an aerial lift at the roof line when the tank exploded. The second employee did not fall, but sustained flash burns to the face and arms.","Hospitalized=2.00; Amputation=0.00; Loss of Eye=0.00","Explosion, unspecified"
"OSHA-SIR-2021053922","OSHA_SIR","2021053922","A five-man crew had been subcontracted by Laredo Petroleum to replace the fire tubes on a heater treater and clean the inside of the tank. Three employees with Dorado Construction Group were contracted as a roustabout crew to clean the tank and replace the fire tubes, one employee of Mulholland Energy Services was contracted to operate the vacuum truck and remove the sludge from the tank, and one employee of Permian Service Co., LLC was hired to operate a hot oil truck to provide water to the roustabout crew for cleaning. At approximately 1:00 p.m. the employees had completed pulling out the old fire tube and had begun the process of cleaning the inside of the tank from the open hatch when an explosion occurred. Three employees were hospitalized for second and third degree burns to their arms and face.","Hospitalized=3.00; Amputation=0.00; Loss of Eye=0.00","Explosion, unspecified"
"OSHA-SIR-2015031349","OSHA_SIR","2015031349","An employee stepped off of the boat in mud and water up to his knees. He was hospitalized with cellulitis.","Hospitalized=1.00; Amputation=0.00; Loss of Eye=0.00","Exposure through intact skin, eyes, or other exposed tissue"
"OSHA-SIR-2019054516","OSHA_SIR","2019054516","The injured employee was standing next to the drilling piping, holding material over the pipe joint to channel residual mud downward, ready to swing the disconnected piping out of the way. Oil-based drilling mud came out under pressure and three employees got mud in their eyes when their hard hats and safety glasses were blown off. One employee was hospitalized for an eye injury. The eye was burning, swollen and the employee was unable to see.","Hospitalized=1.00; Amputation=0.00; Loss of Eye=0.00","Exposure through intact skin, eyes, or other exposed tissue"
"OSHA-SIR-2019076859","OSHA_SIR","2019076859","While removing a power swivel and tank from a drill site, two employees sustained chemical burns on their legs from an unknown caustic chemical.","Hospitalized=2.00; Amputation=0.00; Loss of Eye=0.00","Exposure through intact skin, eyes, or other exposed tissue"
"OSHA-SIR-2015064039","OSHA_SIR","2015064039","An employee who became dizzy was hospitalized and treated for heat-related illness.","Hospitalized=1.00; Amputation=0.00; Loss of Eye=0.00","Exposure to environmental heat"
"OSHA-SIR-2015063562","OSHA_SIR","2015063562","An employee was assisting offloading truck. A supervisor noticed the employee was sweating excessively and looked pale. The supervisor informed the employee to sit inside the air-conditioned truck and cool off. After a period of time the employee came out of the truck and attempted to continue to work. The employee complained that his hands were cramping. The employee was taken to the hospital. At the hospital, it was noted that the employee had high CK levels possibly due to prior heat illness.","Hospitalized=1.00; Amputation=0.00; Loss of Eye=0.00","Exposure to environmental heat"
"OSHA-SIR-2016010021","OSHA_SIR","2016010021","An employee suffered a chemical exposure to his face and was hospitalized.","Hospitalized=1.00; Amputation=0.00; Loss of Eye=0.00","Exposure to harmful substance through skin, eyes, or other exposed tissue, unspecified"
"OSHA-SIR-2015010056","OSHA_SIR","2015010056","Employee was burned from his knees up to his lower abdomen after removing the strainer for maintenance on the Scott Unit.","Hospitalized=1.00; Amputation=0.00; Loss of Eye=0.00","Exposure to harmful substances or environments, unspecified"
"OSHA-SIR-2015030112","OSHA_SIR","2015030112","An employee was unloading fuel into a tank at a customer location. He was walking while offloading and talking with another employee when he lost consciousness. A local bystander attempted CPR. Employee was taken to the hospital.","Hospitalized=1.00; Amputation=0.00; Loss of Eye=0.00","Exposure to other harmful substances, unspecified"
"OSHA-SIR-2021053666","OSHA_SIR","2021053666","Hydrogen fluoride was released from piping near an alkylation unit's auxiliary acid dump drum. Two employees were exposed to the hydrogen fluoride and were hospitalized.","Hospitalized=2.00; Amputation=0.00; Loss of Eye=0.00","Exposure to other harmful substances, unspecified"
"OSHA-SIR-2018032549","OSHA_SIR","2018032549","An employee was on a catwalk when it broke loose at the mounting points, causing the employee to fall 12 feet to the ground and suffer a shoulder injury.","Hospitalized=1.00; Amputation=0.00; Loss of Eye=0.00","Fall from collapsing structure or equipment 11 to 15 feet "
"OSHA-SIR-2019099922","OSHA_SIR","2019099922","Three employees were detaching an elevated walkway from a tank battery. After being cut, the walkway gave way while two of the employees were on it, and they fell about 15 feet to the ground. One of them suffered a compound fracture to the right femur and a concussion. The other suffered a crushed left heel.","Hospitalized=2.00; Amputation=0.00; Loss of Eye=0.00","Fall from collapsing structure or equipment 11 to 15 feet "
"OSHA-SIR-2016043383","OSHA_SIR","2016043383","An employee was standing on the floor plate of a drilling rig when the method of attaching the floor plate to the structure failed. The employee fell 17 feet to the ground, suffering a head laceration that required surgery.","Hospitalized=1.00; Amputation=0.00; Loss of Eye=0.00","Fall from collapsing structure or equipment 16 to 20 feet"
"OSHA-SIR-2019043879","OSHA_SIR","2019043879","An employee was setting stairs onto a rig platform when the stairs became disconnected from the rig platform, causing the employee to fall 6 feet from the platform and be struck by the stairs. The employee was hospitalized with four fractured ribs.","Hospitalized=1.00; Amputation=0.00; Loss of Eye=0.00","Fall from collapsing structure or equipment 6 to 10 feet"
"OSHA-SIR-2015053314","OSHA_SIR","2015053314","An employee was loading equipment and tools onto a truck to prepare to leave a well site. The employee was standing on a lubricator rack/catwalk where he was releasing the straps on the crane when the catwalk collapsed. The employee fell approximately 5 feet to the truck below and hit his head. He was hospitalized.","Hospitalized=1.00; Amputation=0.00; Loss of Eye=0.00","Fall from collapsing structure or equipment less than 6 feet"
"OSHA-SIR-20171110629","OSHA_SIR","20171110629","An employee was up on a stairway opening valves on a wellhead when the stairs gave way. The employee suffered a broken left leg.","Hospitalized=1.00; Amputation=0.00; Loss of Eye=0.00","Fall from collapsing structure or equipment, unspecified"
"OSHA-SIR-2019099329","OSHA_SIR","2019099329","Two employees were rigging up centrifugal equipment. One employee was on the solids control equipment stand when it gave way, causing him to fall and sustain three fractured ribs and a punctured left lung. The other employee was on the ground near the stand when it collapsed, resulting in a fracture to his lower left leg.","Hospitalized=2.00; Amputation=0.00; Loss of Eye=0.00","Fall from collapsing structure or equipment, unspecified"
"OSHA-SIR-2016088097","OSHA_SIR","2016088097","The employee was reaching into a tool box and slipped and fell to the ground. During the fall, the employee grabbed the tool chain which caused the tool box lid to slam against his fingers resulting in a partial amputation of a finger.","Hospitalized=0.00; Amputation=1.00; Loss of Eye=0.00","Fall on same level due to slipping "
"OSHA-SIR-2020032012","OSHA_SIR","2020032012","An employee was pushing a stand of drill pipe to its stowed position. While pushing the drill pipe, he slipped and fell forward. He placed his right hand on the deck to catch his fall. The stand of drill pipe swung back towards the injured employee as the driller was lowering the top drive to catch the stand, before it swung across the mast. The stand of drill pipe was then set down on the injured employee's right hand, amputating his ring finger.","Hospitalized=0.00; Amputation=1.00; Loss of Eye=0.00","Fall on same level due to slipping "
"OSHA-SIR-2015020055","OSHA_SIR","2015020055","An employee of SM Fencing & Energy Services, Inc. lost his eye sight after receiving a head injury. The employee slipped on the ice at the project site while carrying a railroad tie. After the employee fell to the ground, the railroad tie fell on his head.","Hospitalized=1.00; Amputation=0.00; Loss of Eye=0.00","Fall on same level due to slipping "
"OSHA-SIR-2015031384","OSHA_SIR","2015031384","An employee slipped and fell while a dump box was simultaneously being lowered. The employee's right thumb was caught between a pinch point, which resulted in an amputation of the right thumb at the first knuckle.","Hospitalized=1.00; Amputation=1.00; Loss of Eye=0.00","Fall on same level due to slipping "
"OSHA-SIR-2015118254","OSHA_SIR","2015118254","An employee was rigging up a swab lubricator when he tripped on an uneven surface and broke his tibia and dislocated the fibula.","Hospitalized=1.00; Amputation=0.00; Loss of Eye=0.00","Fall on same level due to tripping on uneven surface"
"OSHA-SIR-2022032767","OSHA_SIR","2022032767","An employee was walking toward a pump on which he was installing a new suction manifold. He tripped over the old manifold, lying on the ground, and fell. He suffered a compound fracture to the left forearm and was hospitalized.","Hospitalized=1.00; Amputation=0.00; Loss of Eye=0.00","Fall on same level due to tripping over an object"
"OSHA-SIR-2016032350","OSHA_SIR","2016032350","An employee had replaced a clutch in a drive belt when he tripped on the concrete base and struck his left hand on the unit frame. His fingertip and a small amount of bone were amputated.","Hospitalized=0.00; Amputation=1.00; Loss of Eye=0.00","Fall on same level due to tripping over an object "
"OSHA-SIR-2015107866","OSHA_SIR","2015107866","The employee was walking, tripped over a wooden pallet, and fell breaking his hip.","Hospitalized=1.00; Amputation=0.00; Loss of Eye=0.00","Fall on same level due to tripping over an object "
"OSHA-SIR-2016109793","OSHA_SIR","2016109793","The employee was sitting on a static (not operational) skid steer bucket when he stood up and began walking to the compressor work truck. As he walked away from the skid steer bucket, he attempted to step over the angled right side of the bucket. At this point the employee tripped on the right side of the bucket and fell, putting his right arm down in an attempt to break his fall. There was a steel pothole cover nearby that was inverted, with a 12-16 in. appendage that extends out. The employee struck this pothole appendage with his right elbow as he fell, resulting in a shattered right elbow. Employee was admitted to the hospital where he received surgery for the injury.","Hospitalized=1.00; Amputation=0.00; Loss of Eye=0.00","Fall on same level due to tripping over an object "
"OSHA-SIR-2015010271","OSHA_SIR","2015010271","At the facility shop area, an employee tripped over his feet and fell on an industrial sized valve stem used in hydrofracking (a piece of sharp equipment) and lacerated his abdomen. This injury required hospitalization for two days.","Hospitalized=1.00; Amputation=0.00; Loss of Eye=0.00","Fall on same level due to tripping over self"
"OSHA-SIR-2015021361","OSHA_SIR","2015021361","An employee tripped and fell to the ground. The employee landed on his knees in a pile of hot petroleum coke. The employee sustained burns on both legs from the coke, and possibly the hot steam. The employee was taken by ambulance to Christiana Hospital, and later transferred to Crozer-Chester Medical Center in Chester, Pennsylvania. The employee sustained 2nd degree burns on his legs, and 3rd degree burns on his ankles.","Hospitalized=1.00; Amputation=0.00; Loss of Eye=0.00","Fall on same level due to tripping, n.e.c."
"OSHA-SIR-2018010419","OSHA_SIR","2018010419","An employee was tripping drill pipe out of a hole at a drilling rig when he tripped and put his hands out to catch himself. While his hands were on the ground, the pipe fell on and cut his right pinky finger. His pinky finger was surgically amputated at the knuckle.","Hospitalized=0.00; Amputation=1.00; Loss of Eye=0.00","Fall on same level due to tripping, unspecified"
"OSHA-SIR-2015010181","OSHA_SIR","2015010181","An employee slipped on a step and fell forward injuring both knees.","Hospitalized=1.00; Amputation=0.00; Loss of Eye=0.00","Fall on same level due to tripping, unspecified"
"OSHA-SIR-2021054085","OSHA_SIR","2021054085","An employee tripped going over a containment curb and fell. A Unistrut clip caused a laceration and degloving injury to his abdomen.","Hospitalized=1.00; Amputation=0.00; Loss of Eye=0.00","Fall on same level while climbing stairs, steps, or curbs"
"OSHA-SIR-2015010401","OSHA_SIR","2015010401","Employee was breaking a bolt with a crescent wrench and it slipped. The employee fell back and rolled onto the leg fracturing the ankle.","Hospitalized=1.00; Amputation=0.00; Loss of Eye=0.00","Fall on same level, n.e.c. "
"OSHA-SIR-2015107725","OSHA_SIR","2015107725","The elevator lifting a 30 foot long pipe at an oil well shifted causing the bottom of the pipe to strike an employee in the back. This employee then fell against a second employee pushing the tongs into his face and causing employee 2 to fall and strike his head against the guardrail. Employee 2 was knocked unconscious for several seconds and was hospitalized with a fracture of the bottom orbital bone below the left eye.","Hospitalized=1.00; Amputation=0.00; Loss of Eye=0.00","Fall on same level, n.e.c. "
"OSHA-SIR-20161211930","OSHA_SIR","20161211930","An employee was moving a piece of iron on the bed of an iron truck, when he lost his balance, slipped, and caught his finger between the piece of iron he was handling and part of the iron flatbed truck. The left middle fingertip was amputated.","Hospitalized=1.00; Amputation=1.00; Loss of Eye=0.00","Fall on same level, n.e.c. "
"OSHA-SIR-2016099138","OSHA_SIR","2016099138","An employee was walking through the lobby of the building when she fell on the left side of her hip and broke it. She was hospitalized and had surgery.","Hospitalized=1.00; Amputation=0.00; Loss of Eye=0.00","Fall on same level, unspecified"
"OSHA-SIR-2022021797","OSHA_SIR","2022021797","An temporary employee was pressure-washing the deck of a vessel. As he walked, his foot slipped into an opening in the grating on the scaffold. He fell into the opening and his lower right arm passed through the 40,000 psi water stream, which cut it and an artery.","Hospitalized=1.00; Amputation=0.00; Loss of Eye=0.00","Fall on water vehicle"
"OSHA-SIR-2018055135","OSHA_SIR","2018055135","An employee was observing pressure line testing, heard a hissing sound, stepped back to observe and fell into steel rebar. The employee was hospitalized for puncture wounds and internal bleeding.","Hospitalized=1.00; Amputation=0.00; Loss of Eye=0.00","Fall onto or against object on same level, n.e.c."
"OSHA-SIR-2020032237","OSHA_SIR","2020032237","An employee was function testing the wench line for leaks, slipped on the oil rig floor, and fell onto a sheave, amputating two fingers on his left hand. The sheave was partially guarded at the time.","Hospitalized=1.00; Amputation=1.00; Loss of Eye=0.00","Fall onto or against object on same level, n.e.c."
"OSHA-SIR-2015129881","OSHA_SIR","2015129881","An employee was working on a derrick about 10 feet off the ground and was being lifted to disconnect the elevator. A wire rope under tension snapped back striking the employee and throwing him in the air and then back down. The employee was wearing a safety harness and he only fell the length of his lanyard or about 4 feet. The employee injured his back and was hospitalized.","Hospitalized=1.00; Amputation=0.00; Loss of Eye=0.00","Fall or jump curtailed by personal fall arrest system "
"OSHA-SIR-2015010253","OSHA_SIR","2015010253","Employee was on the side of the derrick untying tubular when his fast line became caught up in his SRL. The employee was pulled away from the ladder. The SRL stopped and so did the anchor. Therefore, no fall resulted. The employee received contusions to the head, ribs, and chest area. He also suffered bruising to the brain and lungs and received six stitches to the forehead. He did not lose consciousness.","Hospitalized=1.00; Amputation=0.00; Loss of Eye=0.00","Fall or jump curtailed by personal fall arrest system "
"OSHA-SIR-2019066062","OSHA_SIR","2019066062","An employee was teaching another employee how to operate a backhoe. He was standing on the top step by the cab when the other employee hit a rough area. He then fell off the backhoe to the ground, breaking his left upper femur just below the pelvis area.","Hospitalized=1.00; Amputation=0.00; Loss of Eye=0.00","Fall or jump from vehicle in normal operation, nonroadway"
"OSHA-SIR-2015118834","OSHA_SIR","2015118834","On or about November 22, 2015, an employee was seriously injured and hospitalized with a crushed pelvis and a lower left arm amputation, after being ejected from a front end loader that went over an embankment at the facility.","Hospitalized=1.00; Amputation=1.00; Loss of Eye=0.00","Fall or jump from vehicle in normal operation, nonroadway"
"OSHA-SIR-2015010700","OSHA_SIR","2015010700","On January 22, 2015, an employee was hospitalized after falling 12 feet to the ground through a 2' x 3' opening in a centrifuge stand.","Hospitalized=1.00; Amputation=0.00; Loss of Eye=0.00","Fall through surface or existing opening 11 to 15 feet "
"OSHA-SIR-2016109353","OSHA_SIR","2016109353","An employee fell into a hole that was 18 feet deep and was hospitalized with a broken nose and cheek and jaw injuries.","Hospitalized=1.00; Amputation=0.00; Loss of Eye=0.00","Fall through surface or existing opening 16 to 20 feet"
"OSHA-SIR-2022065392","OSHA_SIR","2022065392","Maintenance was being performed on a machine that inverts coal cars to dump product out of the cars. The machine was in the inverted position at the time. An employee was standing on fiberglass grating when it came loose causing them to fall 21 feet to the surface below. The employee sustained a broken arm. The employee was wearing fall protection, but it was not connected at the time of the fall.","Hospitalized=1.00; Amputation=0.00; Loss of Eye=0.00","Fall through surface or existing opening 21 to 25 feet "
"OSHA-SIR-2022043040","OSHA_SIR","2022043040","An employee was connecting power cables/cords on the floor of a rig. The employee was partially standing on the bat door when it activated, causing the employee to fall approximately 30 feet to the ground and sustain eight fractured ribs, a punctured lung, and bruising to the kidney, liver, and spleen.","Hospitalized=1.00; Amputation=0.00; Loss of Eye=0.00","Fall through surface or existing opening 26 to 30 feet"
"OSHA-SIR-20191111947","OSHA_SIR","20191111947","As they were leaving a control room, two employees fell 30 feet through a floor opening immediately outside the door to the concrete below and were hospitalized.","Hospitalized=2.00; Amputation=0.00; Loss of Eye=0.00","Fall through surface or existing opening 26 to 30 feet"
"OSHA-SIR-2016054654","OSHA_SIR","2016054654","An employee climbed a ladder to assess the next level of a metal roof. He stepped on a shingle and fell 8 feet through the roof to the ground, breaking his right index finger, left middle finger, right hip, and back.","Hospitalized=1.00; Amputation=0.00; Loss of Eye=0.00","Fall through surface or existing opening 6 to 10 feet"
"OSHA-SIR-2021020886","OSHA_SIR","2021020886","An employee was making his rounds and checking equipment when the wet ground underneath him gave way. He fell in a hole that was about 1.5 feet deep and contained hot water and steam condensate. The employee was hospitalized with burns to both lower legs and ankles.","Hospitalized=1.00; Amputation=0.00; Loss of Eye=0.00","Fall through surface or existing opening less than 6 feet"
"OSHA-SIR-2020010577","OSHA_SIR","2020010577","Employees were working to remove a blow-out preventer (BOP) by dragging it with a tandem bed truck on the BOP skid from between two rig subs during rig-down operations. An employee was spotting the BOP skid as it was being pulled out by a tandem bed truck so it did not contact the rig sub's cylinders. He was standing on each side of the BOP skid directly beside the gas well cellar that the BOP had been removed from in order to watch the skid pass the cylinders and communicate with the bed truck operator as he pulled the skid away from the spotters. At the time, the well cellar guards had been removed from around the BOP, as is required to disconnect the BOP and lay it over on the skid. The employee stepped back into the cellar opening and fell 4 feet down onto a metal work platform and toe board, resulting in a broken collar bone, broken ribs, and a punctured lung.","Hospitalized=1.00; Amputation=0.00; Loss of Eye=0.00","Fall through surface or existing opening less than 6 feet"
"OSHA-SIR-2015063813","OSHA_SIR","2015063813","An employee was checking a leak on the roof. He fell through the roof (skylight) and ceiling (another 15 feet) to the ground for about 50 feet total. He was hospitalized for a dislocated shoulder, a cut on his left rib, and brain bleeding. He underwent surgery.","Hospitalized=1.00; Amputation=0.00; Loss of Eye=0.00","Fall through surface or existing opening more than 30 feet"
"OSHA-SIR-2016098830","OSHA_SIR","2016098830","An employee was moving items from one vehicle to another and stepped into a hole and fractured their lower leg.","Hospitalized=1.00; Amputation=0.00; Loss of Eye=0.00","Fall through surface or existing opening, unspecified"
"OSHA-SIR-2015010140","OSHA_SIR","2015010140","An employee was injured when the brakes on a seven-car string of loaded boxcars let loose. The cars rolled into a four-car string of empty boxcars. The impact knocked an employee off the four-car string and he fell on the ground. The employee was hospitalized for lacerations.","Hospitalized=1.00; Amputation=0.00; Loss of Eye=0.00","Fall to lower level, unspecified"
"OSHA-SIR-2015129168","OSHA_SIR","2015129168","An employee was checking a collection box and lost his balance as he stood up. As he attempted to jump the front of the collection box ditch, the impact of the landing fractured his lower left leg.","Hospitalized=1.00; Amputation=0.00; Loss of Eye=0.00","Fall, slip, trip, n.e.c."
"OSHA-SIR-2017065650","OSHA_SIR","2017065650","On June 20, 2017, an employee was working on a pipe while standing on skids stacked on the pipeline. The employee was closing the valve on the pipe so it could be tested for leaks when the skids shifted and the employee fell. The flange of the pipeline hit the employee's right foot, amputating it from the ball of the foot forward.","Hospitalized=0.00; Amputation=1.00; Loss of Eye=0.00","Fall, slip, trip, unspecified "
"OSHA-SIR-2015010363","OSHA_SIR","2015010363","Employee slipped on ice and broke femur while working on well site in the vicinity of the Anderson 1-4-H location near Williston, North Dakota.","Hospitalized=1.00; Amputation=0.00; Loss of Eye=0.00","Fall, slip, trip, unspecified "
"OSHA-SIR-2017109605","OSHA_SIR","2017109605","An employee fell while installing safety clamps. During the fall, the employee's left pinky finger was caught and partially amputated between a safety clamp and a pipe.","Hospitalized=1.00; Amputation=1.00; Loss of Eye=0.00","Fall, slip, trip, unspecified "
"OSHA-SIR-2016065427","OSHA_SIR","2016065427","An employee was operating a service rig with a snubbing crew when a flash fire or explosion occurred and severely burned the employee.","Hospitalized=1.00; Amputation=0.00; Loss of Eye=0.00","Fire or explosion, unspecified "
"OSHA-SIR-2016010251","OSHA_SIR","2016010251","An employee was performing gouging operations on the internal surfaces of a vessel when a flash fire occurred. The employee received burns to the upper chest, arms, and legs (approximately 44% of body) and was hospitalized for treatment of burns and smoke inhalation.","Hospitalized=1.00; Amputation=0.00; Loss of Eye=0.00","Fire, unspecified"
"OSHA-SIR-2017087880","OSHA_SIR","2017087880","Two employees were performing servicing work at a natural gas refrigeration plant when a fire erupted and seriously burned their backs.","Hospitalized=2.00; Amputation=0.00; Loss of Eye=0.00","Fire, unspecified"
"OSHA-SIR-2023021122","OSHA_SIR","2023021122","Employees were unbolting the head of a product purge bin utilizing a high-speed cut saw. As the crew was cutting the last of 15 bolts on the purge bin head, a flash fire occurred resulting in burns to four employees.","Hospitalized=4.00; Amputation=0.00; Loss of Eye=0.00","Fire, unspecified"
"OSHA-SIR-2016055851","OSHA_SIR","2016055851","An employee was delivering parts when the employee's vehicle became stuck. As the employee attempted to dislodge the vehicle, the grass caught on fire and the employee fell approximately 6 to 8 feet into a ravine. The employee suffered a second degree burn to the left forearm, a broken rib, a punctured lung, and a broken collarbone.","Hospitalized=1.00; Amputation=0.00; Loss of Eye=0.00","Forest or brush fire"
"OSHA-SIR-2021086483","OSHA_SIR","2021086483","An employee was reading gas meters when a ram attacked him. The ram struck his lower left leg from behind, resulting in a fractured tibia that required hospitalization and surgery.","Hospitalized=1.00; Amputation=0.00; Loss of Eye=0.00","Gored or rammed by animal"
"OSHA-SIR-2018032417","OSHA_SIR","2018032417","Two employees were involved in a physical altercation at the work site. One employee suffered a broken nose and was hospitalized.","Hospitalized=1.00; Amputation=0.00; Loss of Eye=0.00","Hitting, kicking, beating, shoving"
"OSHA-SIR-2018010452","OSHA_SIR","2018010452","An employee was delivering fuel to a store when his pants caught on fire. He sustained burns to both legs and his left hand.","Hospitalized=1.00; Amputation=0.00; Loss of Eye=0.00","Ignition of clothing from controlled heat source"
"OSHA-SIR-2015096851","OSHA_SIR","2015096851","The employee was circulating mud and water and sucking fluid from a steel container with a running vacuum truck. H2S vapor accumulated under the truck. When it reached his hot pump, it caused a flash fire. The employee suffered burns to his face and hands.","Hospitalized=0.00; Amputation=1.00; Loss of Eye=0.00","Ignition of vapors, gases, or liquids"
"OSHA-SIR-2015010417","OSHA_SIR","2015010417","On January 13, 2015, the employees were in the process of changing a heater treater tube. The leaking fluid ignited causing severe burn injuries. One employee was sent to the Minnesota burn unit.","Hospitalized=1.00; Amputation=0.00; Loss of Eye=0.00","Ignition of vapors, gases, or liquids"
"OSHA-SIR-2015041925","OSHA_SIR","2015041925","On or about 11 April 2015, at approximately 0830 hours, a Brazos Rock Energy employee received burns on his wrist and face when flammable gasses that accumulated during a pipeline hot tap ignited. The employee was helping a welder weld the pipe sections together when two pin-sized holes on a section of pipe 10 feet from the operation leaked flammable gasses into the pipe and surrounding area. The gasses accumulated to a level sufficient enough to cause a flash fire, which burned the employee.","Hospitalized=1.00; Amputation=0.00; Loss of Eye=0.00","Ignition of vapors, gases, or liquids"
"OSHA-SIR-2015010541","OSHA_SIR","2015010541","Two employees were burned when a bubble tower exploded creating a flash fire during maintenance work on a well site.","Hospitalized=2.00; Amputation=0.00; Loss of Eye=0.00","Ignition of vapors, gases, or liquids"
"OSHA-SIR-2017010688","OSHA_SIR","2017010688","A crew of three employees had just repaired a heater/treater water leg 3"" vitriolic coupling and had pressured it up with a pump. A leak appeared at a bolt on the unit and the two injured employees proceeded to tighten it. While the two were tightening the bolt, they heard a pop and something gave away. They were drenched with liquid and gas. The third employee saw this and shut the pump down and was going to isolate the unit when it caught fire near the coupling. The fire spread to the two drenched employees. One employee suffered third degree burns while the second employee suffered second degree burns.","Hospitalized=2.00; Amputation=0.00; Loss of Eye=0.00","Ignition of vapors, gases, or liquids"
"OSHA-SIR-2021021798","OSHA_SIR","2021021798","Employees were preparing a unit for turn-around and chemical cleaning. There was a release of un-hydrotreated naphtha that resulted in a fire. Six employees sustained burns and were hospitalized.","Hospitalized=6.00; Amputation=0.00; Loss of Eye=0.00","Ignition of vapors, gases, or liquids"
"OSHA-SIR-2015108004","OSHA_SIR","2015108004","An employee was shocked when the trackhoe he was loading onto a trailer made contact with power lines.","Hospitalized=1.00; Amputation=0.00; Loss of Eye=0.00","Indirect exposure to electricity, greater than 220 volts"
"OSHA-SIR-2017054249","OSHA_SIR","2017054249","An employee was re-erecting goal posts below a power line when the stringer of flags on one end of the goal posts became hung up on the passenger-side rear-view mirror of a haul truck. The injured employee was attempting to free the stringer of flags when a coworker raised a PVC pipe to place it over a t-post. The top of the PVC pole, where the stringer of flags was tied, came into contact with the overhead power line. The employee sustained burns to his left arm, left hand, and right foot. He was hospitalized for surgery.","Hospitalized=1.00; Amputation=0.00; Loss of Eye=0.00","Indirect exposure to electricity, greater than 220 volts"
"OSHA-SIR-2016021597","OSHA_SIR","2016021597","Two employees were installing a protective goal post for overhead power lines when the post made contact with the energized line, causing the employees to receive an electrical shock.","Hospitalized=2.00; Amputation=0.00; Loss of Eye=0.00","Indirect exposure to electricity, greater than 220 volts"
"OSHA-SIR-2021065283","OSHA_SIR","2021065283","A three-person crew was unloading pipe. Two crew members were outside of the truck handling the pipe on the rack. They loaded the three joints of pipe and moved to load the polish rod. One end of the rod was stuck into the ground so they picked up the opposite end and stood the 22' rod into the air to lay it down. The rod contacted a live, overhead electrical line and the two employees were electrocuted. Both employees also sustained electrical burns.","Hospitalized=2.00; Amputation=0.00; Loss of Eye=0.00","Indirect exposure to electricity, greater than 220 volts"
"OSHA-SIR-2015010522","OSHA_SIR","2015010522","Employee received an electric shock when he placed his wrench near an energized bolt on a conductor he was removing.","Hospitalized=1.00; Amputation=0.00; Loss of Eye=0.00","Indirect exposure to electricity, unspecified"
"OSHA-SIR-2018099765","OSHA_SIR","2018099765","Two employees were driving on a lease road, hauling a pump. An antenna on the pump got caught on an overhead electrical wire, directing energy to the truck. One employee suffered an electrical burn, as well as a sprained ankle when he jumped out of the truck; the other suffered a shoulder injury when he jumped out of the truck and rolled on the ground.","Hospitalized=2.00; Amputation=0.00; Loss of Eye=0.00","Indirect exposure to electricity, unspecified"
"OSHA-SIR-2015041995","OSHA_SIR","2015041995","An employee suffered systemic poisoning when he ingested anti-freeze while drinking from an improperly labeled, temporary-use container.","Hospitalized=1.00; Amputation=0.00; Loss of Eye=0.00","Ingestion of harmful substance"
"OSHA-SIR-2015107637","OSHA_SIR","2015107637","An employee was hospitalized for inhalation hazards.","Hospitalized=1.00; Amputation=0.00; Loss of Eye=0.00","Inhalation of harmful substance, unspecified"
"OSHA-SIR-2015096421","OSHA_SIR","2015096421","An employee's H2S monitor went off while he was delivering salt water on location. He eventually became ill and was hospitalized with respiratory problems.","Hospitalized=1.00; Amputation=0.00; Loss of Eye=0.00","Inhalation of harmful substance-single episode"
"OSHA-SIR-2015010478","OSHA_SIR","2015010478","Frac technicians conducting monitoring operations on water levels of gauging tanks during oil and gas drilling operations are potentially overexposed to air contaminants and respiratory irritants such as chlorine, hydrogen sulfide, and benzene. Recently, an employee was admitted to the hospital for observation and treatment after suffering from an extreme coughing episode after working a monitoring shift at the worksite. A second employee was treated and released.","Hospitalized=1.00; Amputation=0.00; Loss of Eye=0.00","Inhalation of harmful substance-single episode"
"OSHA-SIR-2017043721","OSHA_SIR","2017043721","Employees were depressurizing a level bridle when the hose between the bridle and the flare system broke releasing hydrofluoric acid (HF). The two employees were exposed to the chemical vapor resulting in injury to their eyes, facial skin and lungs. Both employees were hospitalized.","Hospitalized=2.00; Amputation=0.00; Loss of Eye=0.00","Inhalation of harmful substance-single episode"
"OSHA-SIR-2019033190","OSHA_SIR","2019033190","An employee was adjusting a hydraulic torque wrench to attach a fluid end when a second employee engaged the high torque controls, resulting in an amputation of the first employee's right middle finger.","Hospitalized=0.00; Amputation=1.00; Loss of Eye=0.00","Injured by handheld object or equipment, n.e.c."
"OSHA-SIR-2019021679","OSHA_SIR","2019021679","An employee was standing on a wrench, trying to loosen a bolt. The employee slipped and suffered a broken right leg.","Hospitalized=1.00; Amputation=0.00; Loss of Eye=0.00","Injured by handheld object or equipment, n.e.c."
"OSHA-SIR-20171211664","OSHA_SIR","20171211664","On 12/8/2017, at 4:00 p.m., employee #1 was on a truck containing racks of 25-foot sucker rods helping to offload the rods to employee #2, who was stationed on the ground. Employee #1 dropped his end of the sucker rod, which struck the ground. The impact caused a wave motion to propagate through the sucker rod, which then caused the end that employee #2 was holding to fling out of his hands in an upward motion, striking and lacerating his nose and forehead.","Hospitalized=1.00; Amputation=0.00; Loss of Eye=0.00","Injured by handheld object or equipment, n.e.c."
"OSHA-SIR-2016020995","OSHA_SIR","2016020995","An employee's left ring finger was partially amputated after being struck by a sledge hammer while the employee was repairing a 34-inch pipeline.","Hospitalized=0.00; Amputation=1.00; Loss of Eye=0.00","Injured by handheld object or equipment, unspecified"
"OSHA-SIR-2019032243","OSHA_SIR","2019032243","An employee was trying to loosen a connection with a 60-inch pipe wrench. The wrench slipped off the pipe, spun around, and struck him. He suffered a head injury, an amputated little finger, a broken collarbone, and broken ribs.","Hospitalized=1.00; Amputation=1.00; Loss of Eye=0.00","Injured by handheld object or equipment, unspecified"
"OSHA-SIR-2017032812","OSHA_SIR","2017032812","An employee was changing a light bulb when the globe around the bulb broke. The broken glass then amputated his fingertip.","Hospitalized=0.00; Amputation=1.00; Loss of Eye=0.00","Injured by object breaking in hand "
"OSHA-SIR-2016087087","OSHA_SIR","2016087087","An employee was securing a stand of drilling pipe with a chain wrench when the wrench broke and hit his hand, breaking his wrist and finger.","Hospitalized=1.00; Amputation=0.00; Loss of Eye=0.00","Injured by object breaking in hand "
"OSHA-SIR-20181111446","OSHA_SIR","20181111446","An employee tossed a dirt clod at the injured employee, who lost his balance, fell to the ground, and fractured his right arm while trying to break his fall.","Hospitalized=1.00; Amputation=0.00; Loss of Eye=0.00","Injured by physical contact during horseplay "
"OSHA-SIR-2015010438","OSHA_SIR","2015010438","An employee was making a connection with a drill fork when the speeding wrench struck the left hand smashing the middle finger on that hand.","Hospitalized=0.00; Amputation=1.00; Loss of Eye=0.00","Injured by slipping or swinging object held by injured worker"
"OSHA-SIR-2016098738","OSHA_SIR","2016098738","The employee was operating a hydraulic torqueing machine, completing a torque sequence on a 16"" discharge valve. He was using both hands to pick up and position the hydraulic torqueing machine wrench head onto the bolt. The employee had been working with a coworker who was operating the remote controller of the hydraulic torque wrench head. The coworker then activated the wrench head, which was set at 2800 psi and amputated the right index fingertip of the injured employee.","Hospitalized=0.00; Amputation=1.00; Loss of Eye=0.00","Injured by slipping or swinging object held by injured worker"
"OSHA-SIR-2015042463","OSHA_SIR","2015042463","An employee was injured by a brush wire and was hospitalized after infection spread to his arm.","Hospitalized=1.00; Amputation=0.00; Loss of Eye=0.00","Injured by slipping or swinging object held by injured worker"
"OSHA-SIR-20161010261","OSHA_SIR","20161010261","On October 31, 2016, an employee's fingertip was amputated when he was attempting to use tongs on the screw casings.","Hospitalized=1.00; Amputation=1.00; Loss of Eye=0.00","Injured by slipping or swinging object held by injured worker"
"OSHA-SIR-2016076185","OSHA_SIR","2016076185","An employee was moving a setting tool from the tool stand to a vise located on the back bumper of the logging unit to make some adjustments on the tool. As he was attempting to place the setting tool onto the vise, the setting tool struck the vise, causing the tool to slide down from the employee's hand. His finger slipped into a hole on the tool and a sleeve on the tool came down, pinching his left middle finger.","Hospitalized=1.00; Amputation=1.00; Loss of Eye=0.00","Injured by slipping or swinging object held by injured worker"
"OSHA-SIR-2015020653","OSHA_SIR","2015020653","On 20 February 2015, at approximately 1100hrs, employee was holding a pin that was being hammered by a third-party employee. His right, middle distal phalanx was struck by the hammer and crushed. The employee was taken to Midland Memorial Hospital. The distal phalanx was surgically removed on 23 February 2015 during an outpatient procedure.","Hospitalized=0.00; Amputation=1.00; Loss of Eye=0.00","Injured by slipping or swinging object held by other person"
"OSHA-SIR-2017054820","OSHA_SIR","2017054820","An employee and a coworker were attempting to loosen rusted bolts using a wrench and a sledgehammer. The employee was holding the wrench while the coworker struck the bolts with the sledgehammer. As the employee began to stand up, his coworker struck him with the sledgehammer, breaking his left middle finger.","Hospitalized=1.00; Amputation=0.00; Loss of Eye=0.00","Injured by slipping or swinging object held by other person"
"OSHA-SIR-2022020992","OSHA_SIR","2022020992","While installing a metal channel post, an employee secured the post in a vertical position with his hands while a co-worker struck the top of the post with a sledge hammer. A post cap was placed on top of the post to prevent damage to the post and to protect workers. When the employee determined the channel post was driven deep enough, he told his co-worker and proceeded to remove the post cap with his left hand when the head of the hammer struck the employee's hand and crushed it against the post cap, resulting in broken bones.","Hospitalized=1.00; Amputation=0.00; Loss of Eye=0.00","Injured by slipping or swinging object held by other person"
"OSHA-SIR-2022032643","OSHA_SIR","2022032643","An employee was holding square tubing in place while another employee used a sledgehammer to hammer it. The employee was trying to straighten up the tubing when the sledgehammer smashed his thumb. He was hospitalized and underwent a medical amputation to the thumb tip.","Hospitalized=1.00; Amputation=1.00; Loss of Eye=0.00","Injured by slipping or swinging object held by other person"
"OSHA-SIR-20181010483","OSHA_SIR","20181010483","An employee got into a fight with another person and suffered a broken tibia and fibula. He was hospitalized.","Hospitalized=1.00; Amputation=0.00; Loss of Eye=0.00","Intentional injury by other person, unspecified"
"OSHA-SIR-2015020647","OSHA_SIR","2015020647","On February 20, 2015, an employee was injured when a Genie man lift rolled over. The employee was hospitalized.","Hospitalized=1.00; Amputation=0.00; Loss of Eye=0.00","Jack-knifed or overturned, nonroadway"
"OSHA-SIR-2020087443","OSHA_SIR","2020087443","An employee was mowing the grass when the mower slid into a drainage ditch and landed on top of them. The employee suffered amputated fingers on the right hand (3rd, 4th, 5th fingers) and a portion of the palm, leading to hospitalization and surgery.","Hospitalized=1.00; Amputation=1.00; Loss of Eye=0.00","Jack-knifed or overturned, nonroadway"
"OSHA-SIR-2015031131","OSHA_SIR","2015031131","At approximately 3:00 AM on 3/11/2015, an employee was injured while trying to avoid an animal in the road. His truck swerved, and the tires got caught on the soft shoulder, causing the semi-trailer to roll over. He suffered three broken ribs and a punctured lung.","Hospitalized=1.00; Amputation=0.00; Loss of Eye=0.00","Jack-knifed or overturned, roadway"
"OSHA-SIR-2019099280","OSHA_SIR","2019099280","An employee was travelling down a public road in a telehandler. When the employee pulled to the side of the paved road to allow vehicles to pass, the tires on one side went off the pavement and the telehandler rolled over. The employee sustained an amputated foot, broken legs, a broken pelvis, and a punctured lung.","Hospitalized=1.00; Amputation=1.00; Loss of Eye=0.00","Jack-knifed or overturned, roadway"
"OSHA-SIR-2019066117","OSHA_SIR","2019066117","An employee was working 4 to 5 miles offshore on board a utility vessel and helping to retrieve a box core (device that goes to the bottom to scoop sediment) when his fingers were caught in a 24-volt winch, resulting in the partial amputation of his left ring finger.","Hospitalized=0.00; Amputation=1.00; Loss of Eye=0.00","Machinery or equipment incident on water vehicle"
"OSHA-SIR-20191112157","OSHA_SIR","20191112157","Onboard an aircraft carrier, a rigger helper was steadying a pipe in a compartment while pipefitters adjusted the pipe in another compartment. While adjusting the pipe, the light end of the pipe shifted upwards and the rigger helper s left little and ring fingers were caught between the pipe flange and the overhead. The tip of the pinky finger was crushed and the fingernail was removed, and the ring finger sustained a 2-3 laceration. The employee was hospitalized and the pinky finger was amputated to the base of the fingernail.","Hospitalized=0.00; Amputation=1.00; Loss of Eye=0.00","Machinery or equipment incident on water vehicle"
"OSHA-SIR-20201110744","OSHA_SIR","20201110744","A ship's crew was moving a ship along a dock. One of the ship's lines broke and struck an employee who was walking on the dock. The employee suffered an arm amputation below the elbow, a broken pelvis, and abdominal injuries.","Hospitalized=1.00; Amputation=1.00; Loss of Eye=0.00","Machinery or equipment incident on water vehicle"
"OSHA-SIR-2015031447","OSHA_SIR","2015031447","An employee sustained injuries to his left index finger while rigging down.","Hospitalized=0.00; Amputation=1.00; Loss of Eye=0.00","Nonclassifiable"
"OSHA-SIR-2015010023","OSHA_SIR","2015010023","Employee sustained burns during line tie-in operations at an oil and gas site.","Hospitalized=1.00; Amputation=0.00; Loss of Eye=0.00","Nonclassifiable"
"OSHA-SIR-2015031116","OSHA_SIR","2015031116","An employee's lower left arm was amputated.","Hospitalized=1.00; Amputation=1.00; Loss of Eye=0.00","Nonclassifiable"
"OSHA-SIR-2017010232","OSHA_SIR","2017010232","An employee was driving when his vehicle hit a fire hydrant. He injured his left knee.","Hospitalized=1.00; Amputation=0.00; Loss of Eye=0.00","Nonroadway collision with object other than vehicle, n.e.c."
"OSHA-SIR-2019076882","OSHA_SIR","2019076882","Two employees were traveling in a UTV on a gravel road. The UTV slipped off the road. While it was being maneuvered back onto the road it slipped and hit a tree. The driver was ejected and suffered a broken femur and knee damage; the passenger suffered fractures to the ankle and arm and a head laceration. Both employees were hospitalized.","Hospitalized=2.00; Amputation=0.00; Loss of Eye=0.00","Nonroadway collision with object other than vehicle, n.e.c."
"OSHA-SIR-2018021180","OSHA_SIR","2018021180","An employee was using a telehandler to move cargo when a front loader lost traction at the top of a hill and slid down into the telehandler as the employee was trying to get out, crushing his right leg and pelvis.","Hospitalized=1.00; Amputation=1.00; Loss of Eye=0.00","Nonroadway collision with other vehicle, unspecified"
"OSHA-SIR-2022010896","OSHA_SIR","2022010896","An employee was operating an ATV/UTV and had an accident, resulting in fractured ankles.","Hospitalized=1.00; Amputation=0.00; Loss of Eye=0.00","Nonroadway incident involving motorized land vehicle, unspecified"
"OSHA-SIR-2015096299","OSHA_SIR","2015096299","An employee operating a dump truck was emptying a load of dirt. The dump truck tipped over, and the employee suffered broken ribs, blood clotting, and lung issues.","Hospitalized=1.00; Amputation=0.00; Loss of Eye=0.00","Nonroadway noncollision incident, n.e.c."
"OSHA-SIR-2022075823","OSHA_SIR","2022075823","An employee was driving an ATV on a private roadway to respond to a well control event. The employee lost control of the ATV and used their left leg to try and prevent the ATV from flipping over. The employee's left leg was fractured.","Hospitalized=1.00; Amputation=0.00; Loss of Eye=0.00","Nonroadway noncollision incident, unspecified"
"OSHA-SIR-2015052971","OSHA_SIR","2015052971","An employee was loading oil into the gun barrel while on a ladder. The gun barrel caught fire possibly from the electric heating element and ignited the employee's FR clothes. The employee received second degree burns on his forearm, his hand, and behind his ear.","Hospitalized=1.00; Amputation=0.00; Loss of Eye=0.00","Nonstructural fire, n.e.c."
"OSHA-SIR-2018032178","OSHA_SIR","2018032178","An employee was loosening a plug on a union. The pipe wrench fell and the employee lost his balance causing him to step awkwardly and break a leg.","Hospitalized=1.00; Amputation=0.00; Loss of Eye=0.00","Other exertions or bodily reactions, n.e.c."
"OSHA-SIR-2015074344","OSHA_SIR","2015074344","An employee fell approximately 12 feet from the top of the tanker truck he was washing injuring the left shoulder and upper ribs and suffering a facial fracture.","Hospitalized=1.00; Amputation=0.00; Loss of Eye=0.00","Other fall to lower level 11 to 15 feet "
"OSHA-SIR-2015030396","OSHA_SIR","2015030396","Employees were hanging a horse head on a well. The injured employee was on a pumping unit, waiting for the horse head to be lifted with rig blocks, with a safety retractable line attached. The line got caught in the blocks and pulled the employee off of the pumping unit, causing the employee to fall 10 to 15 feet before the safety line engaged. At the point of engagement, the safety line snapped, and the employee fell to the ground.","Hospitalized=1.00; Amputation=0.00; Loss of Eye=0.00","Other fall to lower level 11 to 15 feet "
"OSHA-SIR-2015010739","OSHA_SIR","2015010739","An employee fell approximately 16 feet from the stairway of a drilling rig onto the ground below. The employee suffered multiple fractures and a collapsed lung.","Hospitalized=1.00; Amputation=0.00; Loss of Eye=0.00","Other fall to lower level 16 to 20 feet"
"OSHA-SIR-2018065995","OSHA_SIR","2018065995","An employee was taking apart some pipe on top of an oil and gas tank when he slipped and fell approximately 22 feet. The employee sustained cracked ribs, a collapsed lung and a cracked collarbone. Fall protection was not worn at the time.","Hospitalized=1.00; Amputation=0.00; Loss of Eye=0.00","Other fall to lower level 21 to 25 feet "
"OSHA-SIR-2015075090","OSHA_SIR","2015075090","On July 27, 2015, a work crew was rigging up. At approximately 11:45 PM, a guardrail was installed. Before the workers secured it with bolts, the injured employee leaned against it and fell 26 feet to the ground below. He sustained five small fractures to his back and was hospitalized.","Hospitalized=1.00; Amputation=0.00; Loss of Eye=0.00","Other fall to lower level 26 to 30 feet"
"OSHA-SIR-2015010569","OSHA_SIR","2015010569","At the Hat Creek Production Pad, an employee slipped when climbing down a fixed ladder of a heater treater. The employee fell from an approximate height of 6' onto the ground. The employee was hospitalized for a period of 2 days at Southwest General Hospital.","Hospitalized=1.00; Amputation=0.00; Loss of Eye=0.00","Other fall to lower level 6 to 10 feet"
"OSHA-SIR-20171010193","OSHA_SIR","20171010193","Two employees from two different companies were using a manlift to set a valve on a wellhead. The rigging from the crane carrying the wellhead became bound with the well, causing it to kick. The valve then loosened from the carrying straps and fell 14 feet, hitting the manlift. The two employees were knocked out of the manlift and fell 9 feet to the ground. One employee suffered a broken leg and was hospitalized. The other employee suffered minor injuries.","Hospitalized=1.00; Amputation=0.00; Loss of Eye=0.00","Other fall to lower level 6 to 10 feet"
"OSHA-SIR-2015010720","OSHA_SIR","2015010720","An employee was on the stabbing board to hang the tong line. He unhooked the derrick climber from his harness and when he let go of it he was hit in the mouth, lost his footing, and fell even though his lanyard was attached. His face hit the standpipe of the derrick and the 3 foot fall injured his back.","Hospitalized=1.00; Amputation=0.00; Loss of Eye=0.00","Other fall to lower level less than 6 feet"
"OSHA-SIR-2015064201","OSHA_SIR","2015064201","On or about June 30, 2015, an employee for Archer Pressure Pumping was hospitalized when he fell off a truck and onto a metal ramp while attempting to cover an equipment truck with a tarp. The injured employee was standing on the truck and reaching for the tarp when he lost his balance and fell onto the ramp striking his face on the ramp. As a result of the fall, the employee fractured an eye socket and check bone, the right hip and right forearm. The employee was hospitalized and required surgery to repair his injuries.","Hospitalized=1.00; Amputation=0.00; Loss of Eye=0.00","Other fall to lower level less than 6 feet"
"OSHA-SIR-2015010364","OSHA_SIR","2015010364","Employee was injured when he fell 20-40 feet from an elevated man-lift.","Hospitalized=1.00; Amputation=0.00; Loss of Eye=0.00","Other fall to lower level more than 30 feet"
"OSHA-SIR-2015010054","OSHA_SIR","2015010054","Employee was descending a work over rig derrick via a ladder when he fell a distance. Employee suffered a lacerated spleen and fractured hip and shoulder.","Hospitalized=1.00; Amputation=0.00; Loss of Eye=0.00","Other fall to lower level, unspecified"
"OSHA-SIR-2017010402","OSHA_SIR","2017010402","Employees were repairing a headache rack for a pickup truck. The headache rack was taken off the truck and placed on jack stands; however, the headache rack was not level. The employees attempted to level the headache rack by placing another jack stand under the rack. As the jack stand was being placed under the headache rack, the rack fell off the jack stands. An employee was on top of the headache as it was being leveled. The employee fell off the rack and landed on wooden pallets that were next to the rack. The employee suffered a back injury and was admitted to the hospital.","Hospitalized=1.00; Amputation=0.00; Loss of Eye=0.00","Other fall to lower level, unspecified"
"OSHA-SIR-2019054755","OSHA_SIR","2019054755","The injured employee was watching another employee utilize a drill reamer. The injured employee slipped or fell into the hole being reamed and contacted the drill reamer. The employee suffered a foot amputation.","Hospitalized=1.00; Amputation=1.00; Loss of Eye=0.00","Other fall to lower level, unspecified"
"OSHA-SIR-2015041930","OSHA_SIR","2015041930","An employee heard a hissing sound from pressure while breaking pipe joints. He then jumped from the rig floor six feet above ground and broke his leg when he landed.","Hospitalized=1.00; Amputation=0.00; Loss of Eye=0.00","Other jump to lower level 6 to 10 feet"
"OSHA-SIR-2015107932","OSHA_SIR","2015107932","On October 23, 2015, at approximately 1:00pm, a an employee was hospitalized after suffering a compression fracture to his back and laceration to his head. The employee was driving an extendible boom manlift across a designated railroad crossing. The machine malfunctioned and stopped with the bucket portion of the lift above the railroad tracks. As a train arrived, the employee untied his harness and jumped from the bucket approximately 10' out and 6' down landing on a gravel surface.","Hospitalized=1.00; Amputation=0.00; Loss of Eye=0.00","Other jump to lower level 6 to 10 feet"
"OSHA-SIR-2015010068","OSHA_SIR","2015010068","Employee was loading plastic pipes onto a utility trailer. He jumped off the trailer and broke his ankle.","Hospitalized=1.00; Amputation=0.00; Loss of Eye=0.00","Other jump to lower level less than 6 feet"
"OSHA-SIR-2016076633","OSHA_SIR","2016076633","An employee exited the rear of a flatbed semi-trailer onto an unpaved county road, and fractured his left tibia and was hospitalized.","Hospitalized=1.00; Amputation=0.00; Loss of Eye=0.00","Other jump to lower level, unspecified"
"OSHA-SIR-20181011102","OSHA_SIR","20181011102","On October 27, 2018, at approximately 9:15 PM, a crew of five employees was working on a drilling rig when the traveling block hit the crown, which caused the travel block to fall to the rig floor. One employee was struck by debris from the damaged rig and suffered a fractured neck, broken left arm, and two broken ribs. Another employee jumped away from the rig structure and fell to the ground below resulting in a left foot amputation.","Hospitalized=2.00; Amputation=1.00; Loss of Eye=0.00","Other jump to lower level, unspecified"
"OSHA-SIR-2019010476","OSHA_SIR","2019010476","An employee was in a guard shack helping a second employee unload tickets and codes when suddenly the shack caught on fire. The employees exited the shack to help a truck driver and to put the fire out. At that time, the first employee received burns.","Hospitalized=1.00; Amputation=0.00; Loss of Eye=0.00","Other structural fire without collapse  "
"OSHA-SIR-2015118993","OSHA_SIR","2015118993","The wind caught a containment pan the employee was handling and the employee suffered a hernia when he tried to hold onto it.","Hospitalized=1.00; Amputation=0.00; Loss of Eye=0.00","Overexertion and bodily reaction and exertion, n.e.c."
"OSHA-SIR-2019044020","OSHA_SIR","2019044020","On April 19, 2019, at approximately 9:00 a.m., an employee was breaking down pipe with a sledge hammer when he threw out his back and experienced lower back pain. He was hospitalized with a herniated disk at the L4 and L5 vertebrae.","Hospitalized=1.00; Amputation=0.00; Loss of Eye=0.00","Overexertion in holding, carrying, or wielding-single episode"
"OSHA-SIR-2019099239","OSHA_SIR","2019099239","Employees were pulling slips while running drill pipe in a well bore. An employee suffered a hernia.","Hospitalized=1.00; Amputation=0.00; Loss of Eye=0.00","Overexertion in pushing, pulling, or turning, unspecified"
"OSHA-SIR-2015042299","OSHA_SIR","2015042299","An employee was sliding mail from a cart to the floor when she felt pain in the middle of her abdomen below the belly button. She was hospitalized for treatment of a hernia and required surgery.","Hospitalized=1.00; Amputation=0.00; Loss of Eye=0.00","Overexertion in pushing, pulling, or turning-single episode"
"OSHA-SIR-2018077651","OSHA_SIR","2018077651","An employee had closed a plug valve halfway with a valve bar when he immediately felt a sharp pain in his lower back due to bulging discs that caused a pinched nerve.","Hospitalized=1.00; Amputation=0.00; Loss of Eye=0.00","Overexertion involving outside sources, unspecified"
"OSHA-SIR-2015075200","OSHA_SIR","2015075200","On or about July 29, 2015 an employee operating a side boom crane was injured when his right ankle was caught between the wench of a backing bulldozer and the bumper of the boom. The side boom crane operator was attempting to hook up the wench at the time of the accident.","Hospitalized=1.00; Amputation=0.00; Loss of Eye=0.00","Part of occupant s body caught between vehicle and other object in nonroadway transport incident"
"OSHA-SIR-2016021394","OSHA_SIR","2016021394","An employee was struck by a forklift when he was trying to warn the driver that a box was about to fall off the forklift. The forklift ran over the employee's right ankle resulting in the amputation of the foot.","Hospitalized=0.00; Amputation=1.00; Loss of Eye=0.00","Pedestrian struck by forward-moving vehicle in nonroadway area"
"OSHA-SIR-2015118676","OSHA_SIR","2015118676","An employee was working in front of the side boom when the employee tripped and fell. The side boom moved forward several feet, and the boom track ran over the employee, fracturing their right leg and foot.","Hospitalized=1.00; Amputation=0.00; Loss of Eye=0.00","Pedestrian struck by forward-moving vehicle in nonroadway area"
"OSHA-SIR-2017010082","OSHA_SIR","2017010082","An employee was picking up cones and warning signs in a road construction area when he was struck by a runaway car, requiring hospitalization.","Hospitalized=1.00; Amputation=0.00; Loss of Eye=0.00","Pedestrian struck by forward-moving vehicle in work zone "
"OSHA-SIR-20171212048","OSHA_SIR","20171212048","An employee was riding a crew bus to a job site when the bus stopped. The crew exited the bus and was standing on the side of the road when a private vehicle struck employee. He suffered multiple blunt force trauma.","Hospitalized=1.00; Amputation=0.00; Loss of Eye=0.00","Pedestrian struck by forward-moving vehicle on side of road"
"OSHA-SIR-2018054320","OSHA_SIR","2018054320","Employees were switching railcars when one of the employees was caught between the two cars. He was crushed, suffering internal injuries to his upper abdomen and pelvic area.","Hospitalized=1.00; Amputation=0.00; Loss of Eye=0.00","Pedestrian struck by rail vehicle-transportation incident"
"OSHA-SIR-2015085625","OSHA_SIR","2015085625","During pipeline construction and while stringing pipe, a track hoe operator was unloading pipe from a delivery truck when an employee walked behind the track hoe on the operator's blind side. The track hoe backed up onto the employee's left foot amputating it.","Hospitalized=0.00; Amputation=1.00; Loss of Eye=0.00","Pedestrian struck by vehicle backing up in nonroadway area"
"OSHA-SIR-2015074428","OSHA_SIR","2015074428","An employee got caught between a trailer and truck while directing the truck driver to back up. The employee's leg was crushed, and the employee was hospitalized.","Hospitalized=1.00; Amputation=0.00; Loss of Eye=0.00","Pedestrian struck by vehicle backing up in nonroadway area"
"OSHA-SIR-2015030990","OSHA_SIR","2015030990","On March 04, 2015, at approximately 4:30 p.m., two employees were preparing to depart the construction area due to rain. The injured employee went to retrieve his wallet from his lunch pail in the back of the truck they were going to drive. While he was in the back of the truck, a Porta John truck was reversing and sideswiped him between the two trucks. The employee was admitted to Odessa Medical Center Hospital.","Hospitalized=1.00; Amputation=0.00; Loss of Eye=0.00","Pedestrian struck by vehicle backing up in nonroadway area"
"OSHA-SIR-2018044142","OSHA_SIR","2018044142","An employee was helping to hitch a trailer to a truck when the truck backed up. He was pinned between the truck and trailer, suffering a laceration and partial amputation.","Hospitalized=1.00; Amputation=1.00; Loss of Eye=0.00","Pedestrian struck by vehicle backing up in nonroadway area"
"OSHA-SIR-2016010669","OSHA_SIR","2016010669","A Delaware City Refining Company employee was walking to his work location on 1/23/16, at approximately 1:00 AM during an intense snow event. As he was walking, he stopped on the side of the road to allow a snow-plowing pickup truck to pass and then crossed the street. The pickup truck reversed and its back bumper contacted the employee from behind, fracturing his femur. He was hospitalized.","Hospitalized=1.00; Amputation=0.00; Loss of Eye=0.00","Pedestrian struck by vehicle backing up in roadway"
"OSHA-SIR-2020088291","OSHA_SIR","2020088291","A crew of five employees used two forklifts along with a telehandler to load and carry pipe that had been cut into 125-foot sections from the fuel pier to the parking lot for painting. The injured employee was guiding the pipe while it was being moved by the forklift. The pipe struck a bush and began swaying and the injured employee's hand was caught between the pipe and the building next to it. The employee's right ring and pinky fingers were amputated.","Hospitalized=0.00; Amputation=1.00; Loss of Eye=0.00","Pedestrian struck by vehicle in nonroadway area, n.e.c."
"OSHA-SIR-2017043241","OSHA_SIR","2017043241","An employee was moving a truck and trailer when the trailer jack-knifed. A second employee was assisting the first employee with the trailer. The injured employee was standing next to the trailer directing the truck driver, when the trailer rolled over on top of him resulting in broken legs.","Hospitalized=1.00; Amputation=0.00; Loss of Eye=0.00","Pedestrian struck by vehicle in nonroadway area, n.e.c."
"OSHA-SIR-2015030379","OSHA_SIR","2015030379","On March 10, 2015, at approximately 1:40 p.m., an employee was using a tag line to guide pipe being moved by a trackhoe operator. As the pipe was turned near the well pad, the employee tripped and fell on the blind side of the trackhoe. The trackhoe ran over the employee's left leg, resulting in hospitalization and amputation.","Hospitalized=0.00; Amputation=1.00; Loss of Eye=0.00","Pedestrian struck by vehicle in nonroadway area, unspecified"
"OSHA-SIR-2015042422","OSHA_SIR","2015042422","An employee was struck by a company truck at the company's construction yard and hospitalized for a broken leg.","Hospitalized=1.00; Amputation=0.00; Loss of Eye=0.00","Pedestrian struck by vehicle in nonroadway area, unspecified"
"OSHA-SIR-20190910175","OSHA_SIR","20190910175","An employee was standing on the side of a skid plate while waiting for a welding box to be delivered. A second employee was driving a golf cart to bring the first employee the welding box. The welding box fell onto the accelerator pedal while the driver was approaching the first employee. The golf cart then struck the first employee on the back of his right leg and pushed him onto the skid plate. He sustained a fractured leg.","Hospitalized=1.00; Amputation=0.00; Loss of Eye=0.00","Pedestrian struck by vehicle in nonroadway area, unspecified"
"OSHA-SIR-2020043073","OSHA_SIR","2020043073","An employee was spotting for a backhoe when its track struck the employee. The employee's left leg was amputated from the knee down.","Hospitalized=1.00; Amputation=1.00; Loss of Eye=0.00","Pedestrian struck by vehicle in nonroadway area, unspecified"
"OSHA-SIR-2015030879","OSHA_SIR","2015030879","On 3/1/15, an employee was struck by a passenger vehicle in a roadside work zone, resulting in an amputation.","Hospitalized=1.00; Amputation=0.00; Loss of Eye=0.00","Pedestrian struck by vehicle in work zone, unspecified"
"OSHA-SIR-2020054454","OSHA_SIR","2020054454","An employee was flagging traffic as part of an equipment road crossing effort. The employee had successfully stopped the first vehicle when a second vehicle approached the traffic control scene behind the first. The second vehicle suddenly swerved to the right, contacted the first vehicle, and then struck the employee. The employee was hospitalized with broken legs and a broken back.","Hospitalized=1.00; Amputation=0.00; Loss of Eye=0.00","Pedestrian struck by vehicle propelled by another vehicle in work zone"
"OSHA-SIR-2019032471","OSHA_SIR","2019032471","An employee was trying to disconnect the chain from a birdbath that was still connected to the stinger of a loader. The loader began to back away from the birdbath, which was pulled onto the employee's legs. Both of his lower legs were broken.","Hospitalized=1.00; Amputation=0.00; Loss of Eye=0.00","Pedestrian vehicular incident, n.e.c."
"OSHA-SIR-2021086899","OSHA_SIR","2021086899","An employee was removing protective ropes from pipes when they were struck by a semi-truck that was backing up. The employee's left leg became crushed between the beveled end of a pipe and the semi-truck's rear bumper, resulting in a broken left leg.","Hospitalized=1.00; Amputation=0.00; Loss of Eye=0.00","Pedestrian vehicular incident, unspecified"
"OSHA-SIR-2015107520","OSHA_SIR","2015107520","On October 8, 2015, at approximately 12:45pm, an employee was operating an ATV when it began to slide on gravel. The ATV went over an embankment and rolled approximately 100 feet. The employee fell out of the ATV and suffered a fracture to his right ankle.","Hospitalized=1.00; Amputation=0.00; Loss of Eye=0.00","Ran off driving surface, nonroadway"
"OSHA-SIR-2015096491","OSHA_SIR","2015096491","An employee was driving through a construction zone after unloading production water at a disposal well when his vehicle veered off the road and crashed south of Killdeer, North Dakota, on Highway 22. He suffered back injuries.","Hospitalized=1.00; Amputation=0.00; Loss of Eye=0.00","Ran off roadway"
"OSHA-SIR-20181010424","OSHA_SIR","20181010424","An employee was test-driving a go-cart he had been working on when it struck a parked car. He broke his left ankle and two ribs on the left side.","Hospitalized=1.00; Amputation=0.00; Loss of Eye=0.00","Roadway collision-moving and standing vehicle in roadway"
"OSHA-SIR-2015075247","OSHA_SIR","2015075247","An employee launching a pig and carrying a pushing rod ran to help a coworker when his legs gave out and he collapsed.","Hospitalized=1.00; Amputation=0.00; Loss of Eye=0.00","Running, without other incident-single episode"
"OSHA-SIR-2019044133","OSHA_SIR","2019044133","An employee was on break in his personal truck when he shot himself in the right leg with his personal gun.","Hospitalized=1.00; Amputation=0.00; Loss of Eye=0.00","Self-inflicted shooting-unintentional"
"OSHA-SIR-2018065614","OSHA_SIR","2018065614","An employee was working at a remote job site delivering chemicals. When he had finished delivering chemicals at that location, he began having a headache. The employee was looking for headache medicine in his backpack and removed a handgun from the backpack placing it on the truck console. When he later reached for the gun it discharged into his left hand. The employee was hospitalized and had surgery.","Hospitalized=1.00; Amputation=0.00; Loss of Eye=0.00","Self-inflicted shooting-unintentional"
"OSHA-SIR-2015041948","OSHA_SIR","2015041948","On April 13, 2015, at approximately 1:30 p.m., an employee was shot in the left hand. Prior to the incident, a well tender found an issue at a well site. The well tender contacted a roustabout crew to repair and clean the area. The injured employee responded to the job to oversee the work, take pictures, and complete an incident report. After completing his work, he was driving away from the site and was stopped by a suspect dressed in camouflage, standing in the road. The suspect stood on the passenger side of the truck, played a recording that said ""stop drilling,"" and pointed a gun at the employee's head. The employee grabbed the gun and shoved it away from his head; the gun fired into his left hand. The employee drove off and was hospitalized.","Hospitalized=1.00; Amputation=0.00; Loss of Eye=0.00","Shooting by other person-unintentional"
"OSHA-SIR-2015010318","OSHA_SIR","2015010318","On or about January 9, 2015, an employee slipped on ice on the rig floor. He put his right hand out to break his fall. His right index finger was caught between the stump and the Kelly ripping skin off the fingertip. The employee was treated an his hand was wrapped in gauze and he returned to work. On or about January 19, 2015, he had surgery and the finger was amputated at the first joint.","Hospitalized=0.00; Amputation=1.00; Loss of Eye=0.00","Slip on substance without fall"
"OSHA-SIR-2015010806","OSHA_SIR","2015010806","The employee, walking across a muddy location, slipped and twisted his left ankle and broke his fibula near the ankle.","Hospitalized=1.00; Amputation=0.00; Loss of Eye=0.00","Slip on substance without fall"
"OSHA-SIR-2017088097","OSHA_SIR","2017088097","An employee was adjusting the high/low switch on his truck-mounted welder. He was turning around when he lost his footing because it had just rained and his truck bed was slick. He went to steady himself and reached to grab onto something with his hands. His right hand slid underneath the cowling of his welder and two fingers were severely lacerated by the motor fan blades. He was hospitalized.","Hospitalized=1.00; Amputation=0.00; Loss of Eye=0.00","Slip on vehicle without fall-nontransport"
"OSHA-SIR-2015010807","OSHA_SIR","2015010807","Two employees were pressure washing mud tanks. The injured employee slipped and grabbed the end of the wand barrel. He then came into contact with the pressurized water, resulting in a laceration on his leg. The water was considered dirty which led to a hospitalization as a precautionary measure.","Hospitalized=1.00; Amputation=0.00; Loss of Eye=0.00","Slip without fall, n.e.c. "
"OSHA-SIR-2017109574","OSHA_SIR","2017109574","An employee was loading a pallet into a truck when he slipped and tore his left patella tendon, requiring hospitalization.","Hospitalized=1.00; Amputation=0.00; Loss of Eye=0.00","Slip without fall, unspecified"
"OSHA-SIR-20181010670","OSHA_SIR","20181010670","An employee was trying to re-light the pilot light on a combustor. It failed to ignite, then ignited when the door to the box was opened. A flash fire burned the employee's hands and face.","Hospitalized=1.00; Amputation=0.00; Loss of Eye=0.00","Small-scale (limited) fire "
"OSHA-SIR-2015096294","OSHA_SIR","2015096294","An employee was bitten by a rattlesnake.","Hospitalized=1.00; Amputation=0.00; Loss of Eye=0.00","Stings and venomous bites"
"OSHA-SIR-2017065482","OSHA_SIR","2017065482","An employee was cutting 3/4-inch strips of wood with a table saw when a piece of scrap wood became stuck between the guard and the saw blade. As the employee attempted to remove it, the left index fingertip contacted the blade and was partially amputated.","Hospitalized=0.00; Amputation=1.00; Loss of Eye=0.00","Struck against moving part of machinery or equipment"
"OSHA-SIR-2016065127","OSHA_SIR","2016065127","An employee was in a boom lift, replacing an emergency light at a warehouse. As he was lowering himself, the bucket swung into an industrial ceiling fan, which lacerated his left forearm. He was hospitalized.","Hospitalized=1.00; Amputation=0.00; Loss of Eye=0.00","Struck against moving part of machinery or equipment"
"OSHA-SIR-20191111472","OSHA_SIR","20191111472","An employee was in the office shutting down for the day. The employee impacted the back of their head on an unknown object and was hospitalized with a head injury.","Hospitalized=1.00; Amputation=0.00; Loss of Eye=0.00","Struck against object or equipment, unspecified"
"OSHA-SIR-20170412415","OSHA_SIR","20170412415","An employee was struck by the raised fork of a forklift, losing an eye.","Hospitalized=0.00; Amputation=0.00; Loss of Eye=1.00","Struck against stationary object or equipment, n.e.c."
"OSHA-SIR-2023054552","OSHA_SIR","2023054552","At about 9:15 a.m. on May 22, 2023, an employee was using a 5-pound hammer to remove the weld on a pipe support and knock the support lose. The hammer missed the support; the employee's left index finger struck the support and was lacerated and broken. The fingertip was medically amputated.","Hospitalized=0.00; Amputation=1.00; Loss of Eye=0.00","Struck against stationary object or equipment, n.e.c."
"OSHA-SIR-2015010273","OSHA_SIR","2015010273","Employee was working from the derrick monkey board latching and unlatching tubing. As he was unlatching the elevator that has horns and a locking mechanism, the employee's harness got caught on the horns. The horns pulled the harness and pulled him down causing small fractures in his knees that required surgery.","Hospitalized=1.00; Amputation=0.00; Loss of Eye=0.00","Struck against stationary object or equipment, n.e.c."
"OSHA-SIR-2018054817","OSHA_SIR","2018054817","A piece of wood/splinter from a wooden crate embedded in an employee's left thigh.","Hospitalized=1.00; Amputation=0.00; Loss of Eye=0.00","Struck against stationary object or equipment, unspecified"
"OSHA-SIR-2015031018","OSHA_SIR","2015031018","A contractor hired to replace an old pipeline damaged it with a backhoe and created a leak. There was a trench about 3 feet deep and 18 inches wide. The injured employee was on scene to evaluate the leak. He moved from one side of the trench to the other. The soil on the opposite side gave way and exposed a tree root; he hit his chin on that root. The employee broke two bones in his left leg about 2 inches from his ankle.","Hospitalized=1.00; Amputation=0.00; Loss of Eye=0.00","Struck against stationary object or equipment, unspecified"
"OSHA-SIR-2021108821","OSHA_SIR","2021108821","An employee was driving a water truck along a lease road when he hit a pothole and the vehicle dropped, jarring the employee's spine and resulting in fractured vertebrae.","Hospitalized=1.00; Amputation=0.00; Loss of Eye=0.00","Struck bump, hole, rough terrain on driving surface, nonroadway"
"OSHA-SIR-2015021157","OSHA_SIR","2015021157","An employee at a remote Marathon Oil jobsite was pressure testing pipe when he was struck-by 9500psi of water when bolts broke on the flange connecting two pipes causing the high pressure water to strike the employee and one other sub-contractor's employee who were standing approximately 15 feet away.","Hospitalized=1.00; Amputation=0.00; Loss of Eye=0.00","Struck by discharged object or substance"
"OSHA-SIR-2015053786","OSHA_SIR","2015053786","On May 29, 2015, an employee was working inside a sulpha treat reactor vessel using a high pressure (5000 PSI) water sprayer gun to cut off the congealed catalyst material inside. The employee slipped and fell; the high-pressure water sprayer hit the employee's right foot and punctured a hole through the rubber boot. The employee sustained a puncture open wound on the right foot, second toe. The employee was hospitalized and received treatment.","Hospitalized=1.00; Amputation=0.00; Loss of Eye=0.00","Struck by discharged object or substance"
"OSHA-SIR-2020066088","OSHA_SIR","2020066088","An employee was removing a valve cap on a compressor at a compressor station. Trapped pressure caused the cap to fly off and strike the employee on the right side of his face. Glass from his safety glasses was embedded in his right eye, necessitating surgery to remove the eye.","Hospitalized=1.00; Amputation=0.00; Loss of Eye=1.00","Struck by discharged object or substance"
"OSHA-SIR-2016099268","OSHA_SIR","2016099268","An employee was pressure testing oil and gas equipment. As the employee was removing the tube/pipe, high-pressure air and water released and amputated the employee's left-hand digits.","Hospitalized=1.00; Amputation=1.00; Loss of Eye=0.00","Struck by discharged object or substance"
"OSHA-SIR-20191213024","OSHA_SIR","20191213024","Two employees were observing a crew who was in the process of reconfiguring a well head. Trapped pressure was released within the well and blew shrapnel (nuts, bolt, plastic parts of the inside of the valves that are part of the well head tree) at the two employees. One employee received an amputation injury to his right thumb. The other employee received shrapnel injuries to his body requiring him to be hospitalized and undergo surgery to remove the shrapnel.","Hospitalized=1.00; Amputation=1.00; Loss of Eye=0.00","Struck by discharged object or substance"
"OSHA-SIR-2016098458","OSHA_SIR","2016098458","While disconnecting a pressurized flexible hose an employee was struck in the abdomen/chest area by the hose. The employee suffered internal bruising and fluid build up.","Hospitalized=1.00; Amputation=0.00; Loss of Eye=0.00","Struck by discharged or flying object, n.e.c."
"OSHA-SIR-2018043604","OSHA_SIR","2018043604","An employee was steaming out a line when a candy cane propelled out of the tank, striking the employee in the head and hands. The employee suffered a facial cut, facial burns, and a broken hand.","Hospitalized=1.00; Amputation=0.00; Loss of Eye=0.00","Struck by discharged or flying object, unspecified"
"OSHA-SIR-2015063456","OSHA_SIR","2015063456","An employee was using a large wrench to tighten a bore on a boring pipeline. When he finished, he gave the all clear to start the boring. The pipe wrench was not removed from the bore; it swung around and struck him on his left-hand pinky finger, amputating the fingertip.","Hospitalized=0.00; Amputation=1.00; Loss of Eye=0.00","Struck by dislodged flying object, particle"
"OSHA-SIR-2019043400","OSHA_SIR","2019043400","An employee was holding a flashlight for another employee who was doing maintenance on a downhole sucker rod pump. The second employee was installing a plunger back into the rod pump, using a pry bar. The bar slipped and the plunger was propelled out of the pump toward the first employee. It caught his right hand and carried it downward, pinching the third finger against the fender of the pump. He suffered an avulsion and partial amputation of the finger.","Hospitalized=0.00; Amputation=1.00; Loss of Eye=0.00","Struck by dislodged flying object, particle"
"OSHA-SIR-2015010658","OSHA_SIR","2015010658","At 9:00AM an employee was working on an oil field energy services tanker removing a camlock cap. Pressure was on the cap when it was removed. It blew off and struck the employee in the face injuring his jaw and damaging his teeth. The employee was transferred to different hospitals before receiving treatment. The employee was hospitalized one night in Bismarck.","Hospitalized=1.00; Amputation=0.00; Loss of Eye=0.00","Struck by dislodged flying object, particle"
"OSHA-SIR-2015010441","OSHA_SIR","2015010441","On 1/14/2015 at approximately 11:23a.m. an employee was using a blow down system on a National 340 pump to blow out water in the hard line. Once the 4 inch suction hose was drained, the suction hose was disconnected and a cam lock was placed on the suction hose coming from the pump. The four inch butterfly valve for the suction was left open allowing air to pressure up against the cam lock cap. The employee used this system to build air and blow down the fluid in the tubing line to the tank. The employee was standing in front of the manifold and slightly to the right approximately one foot away. When the employee opened up the manifold, the cam lock cap popped free hitting him in the shin.","Hospitalized=1.00; Amputation=0.00; Loss of Eye=0.00","Struck by dislodged flying object, particle"
"OSHA-SIR-2017021801","OSHA_SIR","2017021801","An employee was standing next to a bore pipe observing the work. An excavator was being used to pull an auger bit out of the bore pipe. A chain was attached to the excavator to pull the auger sections. While the excavator was pulling the auger, the chain failed and whiplashed into the employee's face. The employee lost the left eye and suffered a right orbital socket fracture.","Hospitalized=1.00; Amputation=0.00; Loss of Eye=1.00","Struck by dislodged flying object, particle"
"OSHA-SIR-2015020241","OSHA_SIR","2015020241","An employee put a valve into the hole of an oil well as part of the process to plug the well. Pressure built up behind the valve causing it to explode out of the hole. One of the employee's legs was severely injured and is being medically amputated.","Hospitalized=1.00; Amputation=1.00; Loss of Eye=0.00","Struck by dislodged flying object, particle"
"OSHA-SIR-2016054820","OSHA_SIR","2016054820","A hydraulic hose/fitting separated from the hydraulic cylinder to which it was attached. In doing so, the fitting that parted from the hose struck one employee just below the left knee causing a laceration. The protective sleeve that slides over the fitting connection, struck another employee in the abdomen causing a contusion.","Hospitalized=2.00; Amputation=0.00; Loss of Eye=0.00","Struck by dislodged flying object, particle"
"OSHA-SIR-2018055172","OSHA_SIR","2018055172","Employees were releasing pressure from a well, moving lines from one well to another and placing a cap on the well-pumping lines. A crown valve was open and blew up. One employee sustained a broken right forearm, a second employee sustained a head injury and a third employee sustained an injury requiring surgery.","Hospitalized=3.00; Amputation=0.00; Loss of Eye=0.00","Struck by dislodged flying object, particle"
"OSHA-SIR-2016043296","OSHA_SIR","2016043296","An employee was replacing the spring and U-bolt behind a tire. He was replacing the tire when the jack collapsed, catching and amputating the distal phalanges on his right-hand middle and ring fingers.","Hospitalized=0.00; Amputation=1.00; Loss of Eye=0.00","Struck by falling object or equipment, n.e.c."
"OSHA-SIR-20171110965","OSHA_SIR","20171110965","An employee was repairing a metal platform that was supported by metal saw horses and jack stands. A metal shim was in place on the saw horse to level the platform. The employee noticed the shim had turned slightly, so he used a 4 lb. maul to tap the shim into its original position. The force of the strike caused the shim to dislodge, and the corner of the platform came down on the employee's index finger. The employee suffered an amputation.","Hospitalized=0.00; Amputation=1.00; Loss of Eye=0.00","Struck by falling object or equipment, n.e.c."
"OSHA-SIR-2015020518","OSHA_SIR","2015020518","An employee was standing on a pipe rack using his feet to roll pipe to the edge when his foot was caught by a pipe causing him to fall off the rack. The employee's foot was broken by the pipe that also fell off the rack.","Hospitalized=1.00; Amputation=0.00; Loss of Eye=0.00","Struck by falling object or equipment, n.e.c."
"OSHA-SIR-2015042154","OSHA_SIR","2015042154","On or about 20 April 2015 at approximately 1000 hrs an employee of Holman Well Service was hospitalized with an injured hand. The employee was assisting in the replacement of a BOP for Apache Bevins East 99-1H well head. The BOP was placed on the ground next to the well head. As the employees were working around the BOP, it fell over pinning the employee's right hand between the BOP body and the structure of the well head. The employee sustained multiple hand fractures.","Hospitalized=1.00; Amputation=0.00; Loss of Eye=0.00","Struck by falling object or equipment, n.e.c."
"OSHA-SIR-2018033060","OSHA_SIR","2018033060","Employees were repairing a cooling unit on a new oil tank battery when a piping union failed and struck the injured employee, who suffered an amputation of the right leg below the knee.","Hospitalized=1.00; Amputation=1.00; Loss of Eye=0.00","Struck by falling object or equipment, n.e.c."
"OSHA-SIR-2015042210","OSHA_SIR","2015042210","An employee amputated part of his left little finger when a fusion pipe fell on his hand at the jobsite.","Hospitalized=0.00; Amputation=1.00; Loss of Eye=0.00","Struck by falling object or equipment, unspecified"
"OSHA-SIR-2015021118","OSHA_SIR","2015021118","Employees were making a connection when tubing fell striking the employee in the lower face.","Hospitalized=1.00; Amputation=0.00; Loss of Eye=0.00","Struck by falling object or equipment, unspecified"
"OSHA-SIR-2023087194","OSHA_SIR","2023087194","A crew was changing out a 3-by-3 studded block cross on a stand. They had used a forklift, forklift hooks, and straps to lift the stand and block using the jack handle arms as lifting points. While the U-bolt nuts were being tightened, the straps slipped, the stand tilted, and the block slid off the stand and landed on an employee's left leg and arm. The employee suffered a broken left femur, left ulna, and left radius.","Hospitalized=1.00; Amputation=0.00; Loss of Eye=0.00","Struck by falling object or equipment, unspecified"
"OSHA-SIR-2015086176","OSHA_SIR","2015086176","An employee was positioning dunnage under a load when the load fell on the left hand resulting in the amputation of the left hand.","Hospitalized=1.00; Amputation=1.00; Loss of Eye=0.00","Struck by falling object or equipment, unspecified"
"OSHA-SIR-2015020759","OSHA_SIR","2015020759","Two employees were hospitalized due to injuries sustained during maintenance operations on a workover rig in the maintenance shop. One employee suffered a crushing injury when a derrick floor fell on his chest, breaking ribs and causing a collapsed lung. A second employee suffered a broken elbow due to a fall sustained while attempting to hold the falling rig floor.","Hospitalized=2.00; Amputation=0.00; Loss of Eye=0.00","Struck by falling object or equipment, unspecified"
"OSHA-SIR-2021087009","OSHA_SIR","2021087009","An employee was pushing the forks of a forklift to widen their position. He needed to get the forks around the hook it sits in. Once it cleared the hook, the fork slid quickly, catching the employee's right middle finger against the headache rack support. The finger was amputated.","Hospitalized=0.00; Amputation=1.00; Loss of Eye=0.00","Struck by falling part of powered vehicle still attached"
"OSHA-SIR-2017010028","OSHA_SIR","2017010028","Employees were using a rough terrain forklift truck to pivot a fork of another rough terrain forklift truck. The fork was tied to its carriage. When the fork was untied it came down and struck an employee standing near the truck and broke his leg near his ankle.","Hospitalized=1.00; Amputation=0.00; Loss of Eye=0.00","Struck by falling part of powered vehicle still attached"
"OSHA-SIR-2015129170","OSHA_SIR","2015129170","An employee was disconnecting a piece of flow iron from a pump. He was supporting the piece of pipe with his left hand and hitting it with his right hand when it suddenly disconnected. Due to the weight of the pipe, it dropped about 1 foot, catching his left ring finger between the iron and rear bumper of the pump and amputating the fingertip. He required surgery.","Hospitalized=0.00; Amputation=1.00; Loss of Eye=0.00","Struck by object falling from vehicle or machinery-other than vehicle part"
"OSHA-SIR-2021075939","OSHA_SIR","2021075939","A crew, working for Red Diamond Energy Services, was laying down 2 7/8-inch tubing. The employee on the floor would unlatch the elevators slightly above the floor. The joint would bounce and the employee on the ground would grab and slide the tubing down the rack. While the 29th joint was being laid down, the employee's right ring finger was crushed between the tubing and the floor as the joint bounced resulting in amputation.","Hospitalized=0.00; Amputation=1.00; Loss of Eye=0.00","Struck by object falling from vehicle or machinery-other than vehicle part"
"OSHA-SIR-2015010597","OSHA_SIR","2015010597","An employee suffered a back injury when a hopper that was being lifted by a forklift fell on the employee.","Hospitalized=1.00; Amputation=0.00; Loss of Eye=0.00","Struck by object falling from vehicle or machinery-other than vehicle part"
"OSHA-SIR-2018032413","OSHA_SIR","2018032413","A generator was being replaced on a drilling rig. The 3700 pound generator was lifted and held with a chain attached and carried by an all terrain forklift. While the injured employee was pushing the generator with two other employees, the chain holding the generator slid from the forks of the all terrain forklift and fell backwards onto the employees. The injured employee sustained rib fractures.","Hospitalized=1.00; Amputation=0.00; Loss of Eye=0.00","Struck by object falling from vehicle or machinery-other than vehicle part"
"OSHA-SIR-20201211952","OSHA_SIR","20201211952","The pulling unit crew was running rods in the hole from the derrick. The rig operator raised the rod string and began to lower the rods into the well. With the rod transfer still in place on the rod triple, the blocks were lowered, causing the chain holding the rod transfer to break. The rod transfer then fell and struck an employee, who was standing on the work floor, on the top frontal area of his hard hat resulting in the loss of an eye.","Hospitalized=1.00; Amputation=0.00; Loss of Eye=1.00","Struck by object falling from vehicle or machinery-other than vehicle part"
"OSHA-SIR-2015031426","OSHA_SIR","2015031426","An employee was operating the elevators and tongs to run pipe out of the hole when the drilling line broke. The block fell and struck his foot.","Hospitalized=1.00; Amputation=1.00; Loss of Eye=0.00","Struck by object falling from vehicle or machinery-other than vehicle part"
"OSHA-SIR-2021119925","OSHA_SIR","2021119925","On November 16, 2021, a truck driver was removing straps from a load of utility poles on a flatbed trailer. When he removed the last strap, the top pole on the load rolled off and struck the left side of his body, crushing his left wrist and the lower part of his left leg. He was hospitalized, and the leg was medically amputated below the knee. He also suffered a brain injury and two fingers were medically amputated.","Hospitalized=1.00; Amputation=1.00; Loss of Eye=0.00","Struck by object falling from vehicle or machinery-other than vehicle part"
"OSHA-SIR-2020076436","OSHA_SIR","2020076436","Employees of Sundown Operating, Inc., and Axis Energy Services, LLC were working at an old oil/gas well plugging the well and getting ready to rig down. The Axis Energy Services employee was working from the platform operating the snubbing equipment. The casing from the well bore connected to the primary BOP broke causing the secondary BOP and the platform where the employee was working to fall to the ground approximately 28 feet below. The Axis Energy Services employee was hospitalized for a fractured leg. The Sundown Operating employee was assisting with the snubbing operation and was struck on the leg by the falling lug nut to the hydraulic BOP. The Sundown Operating employee was hospitalized for a fractured hip.","Hospitalized=2.00; Amputation=0.00; Loss of Eye=0.00","Struck by object falling from vehicle or machinery-other than vehicle part"
"OSHA-SIR-2015030582","OSHA_SIR","2015030582","Employee was lifting pipes when the pipes slipped and fell onto the employee's fingers resulting in medical amputation.","Hospitalized=0.00; Amputation=1.00; Loss of Eye=0.00","Struck by object or equipment dropped by injured worker"
"OSHA-SIR-2016098843","OSHA_SIR","2016098843","An employee was removing clevises from under a blowout preventer (BOP). The employee retrieved the first clevis, but the second clevis was trapped underneath one of the BOPs. He lifted the BOP up and stuck the first clevis underneath to support the BOP's weight (this allowed him to retrieve the second clevis). When he attempted to lift the BOP back up to remove the first clevis, the BOP slipped and fell. His right index fingertip was caught/pinched between the two BOPs, resulting in a finger amputation.","Hospitalized=0.00; Amputation=1.00; Loss of Eye=0.00","Struck by object or equipment dropped by injured worker"
"OSHA-SIR-2016087391","OSHA_SIR","2016087391","An employee was laying down a power swivel when the swivel fell and fractured the employee's tibia and fibula.","Hospitalized=1.00; Amputation=0.00; Loss of Eye=0.00","Struck by object or equipment dropped by injured worker"
"OSHA-SIR-20161211319","OSHA_SIR","20161211319","An employee was setting a pipe at a well site and was guiding the pipe with his hands. As he was lowering the pipe into a hole, his right index fingertip was caught and amputated by the pipe.","Hospitalized=1.00; Amputation=1.00; Loss of Eye=0.00","Struck by object or equipment dropped by injured worker"
"OSHA-SIR-2021021108","OSHA_SIR","2021021108","The injured employee and a coworker removed a valve body to unclog pods in an auger. After they unclogged the pods and reloaded them, they proceeded to reinstall the valve body. As they were picking up the valve body, the coworker slipped and the valve fell onto the injured employee's left pinky finger, resulting in a fingertip amputation.","Hospitalized=0.00; Amputation=1.00; Loss of Eye=0.00","Struck by object or equipment dropped by other person"
"OSHA-SIR-2015052822","OSHA_SIR","2015052822","On May 13, 2015, at approximately 12:00 midnight, an employee suffered a concussion and was hospitalized after being struck by a 1.5- to 2-inch flex steel hose. The employee was working in the cellar while a rig hand worked on the rig floor 30 feet above. The rig hand disconnected the hydraulic hose, which fell 30 feet and struck the employee in the head.","Hospitalized=1.00; Amputation=0.00; Loss of Eye=0.00","Struck by object or equipment dropped by other person"
"OSHA-SIR-2018021922","OSHA_SIR","2018021922","While conducting rig-up operations, two employees were carrying a 2-inch joint of iron piping when the first employee dropped the joint on the second employee's finger. His right middle finger was crushed between the falling pipe and piping that was on the ground, resulting in an amputation.","Hospitalized=1.00; Amputation=1.00; Loss of Eye=0.00","Struck by object or equipment dropped by other person"
"OSHA-SIR-2018066035","OSHA_SIR","2018066035","An employee was taking a joint of iron off the back of a truck and rotating it back into the cradle where it was stored. A brace was missing; when the joint was put into its resting spot, it kept rolling, crushing the employee's left little finger against the work platform. The finger was amputated.","Hospitalized=0.00; Amputation=1.00; Loss of Eye=0.00","Struck by object or equipment rolling freely"
"OSHA-SIR-2015118874","OSHA_SIR","2015118874","An employee was welding two sections of pipe on top of a skid platform. The skid platform (2 feet high) collapsed, and the pipe rolled onto the employee's lower leg, fracturing the right ankle. The employee was hospitalized overnight.","Hospitalized=1.00; Amputation=0.00; Loss of Eye=0.00","Struck by object or equipment rolling freely"
"OSHA-SIR-2019011040","OSHA_SIR","2019011040","An employee was operating a forklift and staging 10"" pipe on a concrete parking lot. The first joint of pipe was set down and the second joint was being retrieved when the first joint began to roll. The employee secured the forklift and went to stop the pipe from rolling, but was struck by the rolling pipe on the back of his leg. The employee fell and the pipe rolled up his leg. The employee suffered a broken foot.","Hospitalized=1.00; Amputation=0.00; Loss of Eye=0.00","Struck by object or equipment rolling freely"
"OSHA-SIR-20181010628","OSHA_SIR","20181010628","Four Turner employees were working to remove discharge piping to make modifications. While removing the piping from pumps, the crew placed the pipe (approximately 300 lbs.) onto a cart. It rolled unexpectedly and pinched an employee's left ring finger between it and the cart rail, resulting in a fingertip amputation.","Hospitalized=1.00; Amputation=1.00; Loss of Eye=0.00","Struck by object or equipment rolling freely"
"OSHA-SIR-2019099854","OSHA_SIR","2019099854","An 18-inch pipe rolled off the forks of a loader when the clamps were lowered. Two employees' legs were pinned between the pipes.","Hospitalized=2.00; Amputation=0.00; Loss of Eye=0.00","Struck by object or equipment rolling freely"
"OSHA-SIR-2016010758","OSHA_SIR","2016010758","While a backhoe was pulling dirt into a hole, it caught the wire on a nearby barbed wired fence. The backhoe pulled the wire out, causing it to strike and break the leg of a nearby employee.","Hospitalized=1.00; Amputation=0.00; Loss of Eye=0.00","Struck by object or equipment, n.e.c."
"OSHA-SIR-2016043242","OSHA_SIR","2016043242","An employee was observing a pipe liner as it was being extended to the stationary steel pipe in the ground. The pipe liner was slightly offline, and the employee tried to manually guide it in place right as it was making contact with the pipe. The liner jerked up as he was leaning over it and it hit him in the chin with force. He suffered a chin laceration requiring 5 stitches and was knocked unconscious. Employee was hospitalized overnight.","Hospitalized=1.00; Amputation=0.00; Loss of Eye=0.00","Struck by object or equipment, n.e.c."
"OSHA-SIR-2018054484","OSHA_SIR","2018054484","On May 8, 2018, at approximately 12:10 a.m., employees were running some traded pipes and casing. The crew had a problem connecting two pipes (casing), so they unscrewed those pipes and continued to work with the casing. The injured employee's left hand was on top of an open pipe when a hoist operator (driller) let a second pipe come down. The employee's left-hand fingers were caught between the two pipes (casing), resulting in an amputation of his index finger and a broken ring finger.","Hospitalized=1.00; Amputation=1.00; Loss of Eye=0.00","Struck by object or equipment, n.e.c."
"OSHA-SIR-2016076909","OSHA_SIR","2016076909","While conducting well-servicing operations, an employee was setting up the work floor of a workover rig. The employee slipped on loose dirt, causing him to lose his grip on the wing portion of the rig floor. The wing portion fell, landing on his left ring finger and amputating the fingertip.","Hospitalized=0.00; Amputation=1.00; Loss of Eye=0.00","Struck by object or equipment, unspecified"
"OSHA-SIR-2015010024","OSHA_SIR","2015010024","One employee was hospitalized after being struck by a tire when he was airing the tire up during his pre-drive inspection.","Hospitalized=1.00; Amputation=0.00; Loss of Eye=0.00","Struck by object or equipment, unspecified"
"OSHA-SIR-2020021385","OSHA_SIR","2020021385","Employees at an oil rig were breaking down its blowout preventers. After removing the preventers from the wellhead, they put a wooden board on the ground to set the preventer on and keep it from getting muddy. When one employee unhooked his tagline from a preventer, the preventer shifted and the locking stem on its top struck the top of the employee's left boot. He suffered a laceration to the foot and two broken toes.","Hospitalized=1.00; Amputation=0.00; Loss of Eye=0.00","Struck by object or equipment, unspecified"
"OSHA-SIR-2018032710","OSHA_SIR","2018032710","An employee was working on the rig floor assembling a bottom hole assembly when a shock-sub struck the top of his right foot, damaging his pinky toe. His toe had to be surgically amputated from the last joint.","Hospitalized=1.00; Amputation=1.00; Loss of Eye=0.00","Struck by object or equipment, unspecified"
"OSHA-SIR-2016065729","OSHA_SIR","2016065729","An employee arrived at a worksite, opened the lease gate, drove the vehicle through the gate, and exited the vehicle to close the gate when the wind caught it. The employee tried to block the gate from hitting the company vehicle. The gate caught his thumb between it and the vehicle door, amputating flesh on his left thumb tip.","Hospitalized=0.00; Amputation=1.00; Loss of Eye=0.00","Struck by or caught in swinging door or gate"
"OSHA-SIR-2020076617","OSHA_SIR","2020076617","An electric gate at a third party facility would not operate. The pin pad had been disabled and the chain had been unhooked from the operator for the gate. An employee was manually opening the gate (pushing it open) when the chain got caught on a bolt or other object. While the employee was trying to release the chain, the gate moved, causing the employee's hand to go through a roller. He sustained contusions and lacerations to four fingers and a partial amputation of his left middle fingertip.","Hospitalized=0.00; Amputation=1.00; Loss of Eye=0.00","Struck by or caught in swinging door or gate"
"OSHA-SIR-20171010045","OSHA_SIR","20171010045","A crew was attempting to line up a catwalk with a vee-door. An employee's left hand was resting on the catwalk. The employee signaled the driller on the controls to move the catwalk. The vee-door, which was resting on the catwalk, then shook free and swung down, smashing the employee's left pinky finger.","Hospitalized=1.00; Amputation=0.00; Loss of Eye=0.00","Struck by or caught in swinging door or gate"
"OSHA-SIR-20231211765","OSHA_SIR","20231211765","An employee was closing an office door when their middle fingertip was caught between the door and the frame, resulting in a fingertip amputation.","Hospitalized=1.00; Amputation=1.00; Loss of Eye=0.00","Struck by or caught in swinging door or gate"
"OSHA-SIR-20201111093","OSHA_SIR","20201111093","An employee was on a skid steer bucket when his leg was caught between the bucket and the track of the skid steer. His leg was amputated from the knee down.","Hospitalized=0.00; Amputation=1.00; Loss of Eye=0.00","Struck by powered vehicle-nontransport, n.e.c."
"OSHA-SIR-2019054745","OSHA_SIR","2019054745","Employees were preparing to unload material with a crane. When the front outriggers were extended it contacted an employee's right foot resulting in a crushing injury and great toe amputation.","Hospitalized=1.00; Amputation=1.00; Loss of Eye=0.00","Struck by powered vehicle-nontransport, n.e.c."
"OSHA-SIR-2015010444","OSHA_SIR","2015010444","An employee's foot was struck by an excavating machine. The employee was admitted to the hospital and stayed overnight for surgery.","Hospitalized=1.00; Amputation=0.00; Loss of Eye=0.00","Struck by powered vehicle-nontransport, unspecified"
"OSHA-SIR-2018065466","OSHA_SIR","2018065466","An employee was rolling a piece of drilling pipe when his left pinky was caught under the pipe resulting in a fingertip amputation.","Hospitalized=0.00; Amputation=1.00; Loss of Eye=0.00","Struck by rolling object or equipment being pushed by injured worker"
"OSHA-SIR-2015031093","OSHA_SIR","2015031093","On or about March 10, 2015, at 2:30 p.m., two employees got struck by a drilling motor and a cart. While pushing the cart from the outside of the building to the inside, the cart tipped and the drilling motor fell off. The cart struck the first employee in the torso area and pinned him underneath. The cart struck the second employee when it tipped and propelled to the side. The second employee sustained a forehead contusion, fractured left ankle, right ear laceration, and fractured facial bone. Both employees were taken to the hospital.","Hospitalized=2.00; Amputation=0.00; Loss of Eye=0.00","Struck by rolling object or equipment being pushed by injured worker"
"OSHA-SIR-20171212120","OSHA_SIR","20171212120","An employee was helping another employee manually reposition three 5-inch pipes that were placed awkwardly on a rack. The employees straightened the pipes and returned to their work station. A forklift operator then drove over and attempted to manipulate one of the pipes with the forks. The pipe rolled and crushed the employee's right hand, causing a laceration and muscle damage that required hospitalization.","Hospitalized=1.00; Amputation=0.00; Loss of Eye=0.00","Struck by rolling object or equipment-other than powered vehicle, n.e.c."
"OSHA-SIR-2017043386","OSHA_SIR","2017043386","An employee was loading and unloading 3"" pipe from a trailer to the ground when a pipe rolled and pinched his finger. His finger was amputated.","Hospitalized=0.00; Amputation=1.00; Loss of Eye=0.00","Struck by rolling object or equipment-other than powered vehicle, unspecified"
"OSHA-SIR-2019021931","OSHA_SIR","2019021931","Two employees were acting as spotters while a forklift moved pipe joints. One of them, on the left side of the forklift, was laying down a tagline when a pipe began to roll. It struck and broke his leg.","Hospitalized=1.00; Amputation=0.00; Loss of Eye=0.00","Struck by rolling object or equipment-other than powered vehicle, unspecified"
"OSHA-SIR-2022098322","OSHA_SIR","2022098322","A drill collar was being lowered from a higher elevation pad next to the location where the rig was located. An employee placed a board as a chock under the drill collar. As the forklift forks were being removed from under the collar, the collar started to roll. The drill collar caught the right edge of the employee's boot and began to pull his leg under the collar. The employee sustained compound fractures to both bones in his lower right leg.","Hospitalized=1.00; Amputation=0.00; Loss of Eye=0.00","Struck by rolling object or equipment-other than powered vehicle, unspecified"
"OSHA-SIR-2021119791","OSHA_SIR","2021119791","An employee was moving a water pump with a skid steer. When the employee reached the top of a hill, the water pump slid off the skid steer's forks and hit the cab. It entered the cab and struck the employee, who suffered a laceration to the left calf.","Hospitalized=1.00; Amputation=0.00; Loss of Eye=0.00","Struck by shifting load during transport, nonroadway"
"OSHA-SIR-2018099398","OSHA_SIR","2018099398","An employee was riding in the back of a company work truck when a pipe roller made contact with his hand, causing multiple fractures.","Hospitalized=1.00; Amputation=0.00; Loss of Eye=0.00","Struck by shifting load during transport, roadway"
"OSHA-SIR-2015118264","OSHA_SIR","2015118264","An employee removed a blow out preventer (BOP) from a well head. The BOP was suspended by the rig. While suspended, the BOP started rotating catching the employee's left ring fingertip between the BOP and the stationary well head resulting in amputation.","Hospitalized=0.00; Amputation=1.00; Loss of Eye=0.00","Struck by swinging or slipping object, other than handheld, n.e.c."
"OSHA-SIR-2015021264","OSHA_SIR","2015021264","Employee was struck by a 12-inch pipe while it was being lowered into a three-foot deep trench, breaking his leg in two places above the ankle.","Hospitalized=1.00; Amputation=0.00; Loss of Eye=0.00","Struck by swinging or slipping object, other than handheld, n.e.c."
"OSHA-SIR-2015010399","OSHA_SIR","2015010399","The employee was attempting to rig a steel beam with a chain sling and overhead crane. While attempting to rig this elevated beam, it fell towards the employee. The employee tried to brace/stop the beam with his hand and the fore of the beam pushed him back, striking his face and chest as well, knocking him into another steel beam. The employee was admitted to the hospital with a broken wrist. Surgery was performed to correct the injury to the employee's wrist. The injury occurred in the Welding/Fabrication shop.","Hospitalized=1.00; Amputation=0.00; Loss of Eye=0.00","Struck by swinging or slipping object, other than handheld, n.e.c."
"OSHA-SIR-2015010670","OSHA_SIR","2015010670","On 1/21/15 at about 16:20 pm a worker was hit by the tongs on his right arm, chest, and leg. He was transported to OU Medical Center where his right hand was amputated. Immediately before the accident the drilling line was stuck. The snub line connected to the tongs snapped causing the tongs to swing around and hit the worker.","Hospitalized=1.00; Amputation=1.00; Loss of Eye=0.00","Struck by swinging or slipping object, other than handheld, n.e.c."
"OSHA-SIR-2019077628","OSHA_SIR","2019077628","An employee was trying to remove round bar risers from pipelines to replace them with marine board risers. He rigged two pipelines to be elevated so that the round bar could be cut off and replaced with marine board. His hand was on an outside pipe and when the two rigged pipelines were elevated, they swung and collided with his right hand. His right middle finger was crushed and had to be surgically amputated.","Hospitalized=1.00; Amputation=1.00; Loss of Eye=0.00","Struck by swinging or slipping object, other than handheld, n.e.c."
"OSHA-SIR-20161110668","OSHA_SIR","20161110668","Two employees were attempting to clear a clog from a cellar with a water hose. As they moved the hose into the cellar, an obstruction came out and pushed the hose out. The hose whipped around, striking both employees in the face, causing lacerations and facial bone fractures.","Hospitalized=2.00; Amputation=0.00; Loss of Eye=0.00","Struck by swinging or slipping object, other than handheld, n.e.c."
"OSHA-SIR-2015096308","OSHA_SIR","2015096308","An employee was climbing into a bulldozer when wind caused the door to shut on and amputate his thumb.","Hospitalized=0.00; Amputation=1.00; Loss of Eye=0.00","Struck by swinging part of powered vehicle"
"OSHA-SIR-2015020726","OSHA_SIR","2015020726","An employee walked to the rear of a small crane to retrieve his tool bag. The crane operator extended an outrigger that came down on the employee's right foot, causing multiple fractures. The employee was admitted to the hospital for surgery.","Hospitalized=1.00; Amputation=0.00; Loss of Eye=0.00","Struck by swinging part of powered vehicle"
"OSHA-SIR-2016021254","OSHA_SIR","2016021254","An employee was acting as a spotter for a trencher who was removing frozen soil to expose an empty conduit near a chain link fence. The stinger hit something hard underground and bounced up in the air, catching the chain link fence. This caused the teeth of the stinger to ride up the chain link fence, catching the employee's hand, which was resting on the fence. He suffered a large laceration to the palm of his right hand below the middle and ring finger, as well as a broken finger.","Hospitalized=1.00; Amputation=0.00; Loss of Eye=0.00","Struck by swinging part of powered vehicle"
"OSHA-SIR-2021032721","OSHA_SIR","2021032721","An employee was closing the tailgate of a pickup truck and caught their left ring finger in the hinge of the gate, resulting in an amputation to the fingertip.","Hospitalized=1.00; Amputation=1.00; Loss of Eye=0.00","Struck by swinging part of powered vehicle"
"OSHA-SIR-2019065947","OSHA_SIR","2019065947","An employee was on a man basket near the wellhead on an oil and gas rig. The employee was screwing an entry guide onto a blowout preventer while a crane was removing it from the wellhead. The lubricator/blowout preventer moved and caught his right middle and ring fingers between the entry guide and the cap on the frac head. The middle finger was amputated and the ring finger required surgical treatment.","Hospitalized=1.00; Amputation=1.00; Loss of Eye=0.00","Struck by swinging part of powered vehicle"
"OSHA-SIR-2015052803","OSHA_SIR","2015052803","An employee was changing the fuel filter on an all-terrain skid loader. The skid loader was turned on while the gear was engaged, causing the unit to roll over and crush the employee's legs.","Hospitalized=1.00; Amputation=0.00; Loss of Eye=0.00","Struck or run over by rolling powered vehicle"
"OSHA-SIR-20181212860","OSHA_SIR","20181212860","Upon completion of his delivery at a customer's location, a driver returned to the truck, placed his feet on the driver's side step, reached into the cab and turned off the power take off. The truck began to roll. The driver tried to enter the cab to apply the brakes, but just before being able to stop the truck, the right front wheel exited the pavement causing the truck to roll onto its right side. The driver went over the truck landing onto the driveway below. The vehicle continued to roll over, crushing the left side on a rock. The truck came to rest with the damaged step straddling the driver's right leg, fracturing his right ankle.","Hospitalized=1.00; Amputation=0.00; Loss of Eye=0.00","Struck or run over by rolling powered vehicle"
"OSHA-SIR-2019054968","OSHA_SIR","2019054968","Two employees were welding pipe when the 9x9 steel welding hut blew over due to a microburst. One employee was hospitalized for a fractured leg and hip.","Hospitalized=1.00; Amputation=0.00; Loss of Eye=0.00","Struck, caught, or crushed in other collapsing structure or equipment"
"OSHA-SIR-2019065723","OSHA_SIR","2019065723","Employees of ExxonMobil Global Projects along with another contractor employee were in an office trailer conducting office duties when a tornado hit the trailer causing destruction of the trailer and laceration and fracture injuries to the personnel inside.","Hospitalized=2.00; Amputation=0.00; Loss of Eye=0.00","Struck, caught, or crushed in other collapsing structure or equipment"
"OSHA-SIR-2018076959","OSHA_SIR","2018076959","An employee was driving a pole truck. The truck contacted a power line resulting in burns to the employee's right arm and leg. The employee was hospitalized.","Hospitalized=1.00; Amputation=0.00; Loss of Eye=0.00","Transportation incident, unspecified"
"OSHA-SIR-2015118721","OSHA_SIR","2015118721","An employee stepped into an uncovered hole and sprained their back.","Hospitalized=1.00; Amputation=0.00; Loss of Eye=0.00","Trip from stepping into a hole without fall "
"OSHA-SIR-2015053054","OSHA_SIR","2015053054","A Noble Energy employee was injured by a compressor fire at a company location in rural Northeast Weld County, Colorado. The employee was hospitalized.","Hospitalized=1.00; Amputation=0.00; Loss of Eye=0.00","Vehicle or machinery fire"
"OSHA-SIR-2022010682","OSHA_SIR","2022010682","Three employees for J&R Transport were onsite when a flash fire occurred at an oil/gas wellsite. J&R Transport was hired to clean heater treater equipment at the wellsite. The heater treater had been removed from the oil/gas well system and was placed adjacent to the well head. A roustabout crew from another employer was onsite and removed the bolts and fire tube from the heater treater. When the tire tube was removed, a black liquid came out of the heater treater and spilled onto the ground and surrounding area. J&R Transport performed vacuum truck operations to remove the liquid from the ground. When that was complete, two J&R Transport employees began power washing the inside of the heater treater. One employee operated the power washer wand while the other employee operated the vacuum truck's suction hose. During this operation, a flash fire occurred inside the heater treater vessel resulting in fire shooting from the open end of the vessel where the two employees were working. One employee was thrown backward and suffered fractures to his collar bone, ribs, and shoulder and burns to face and arms. The other employee suffered second degree burns to his hands and first degree burns to his face. One employee was hospitalized.","Hospitalized=1.00; Amputation=0.00; Loss of Eye=0.00","Vehicle or machinery fire"
"OSHA-SIR-20161010153","OSHA_SIR","20161010153","Two employees were conducting maintenance on a gas processing unit when a flash fire occurred. Both employees received burns and were hospitalized. See also 1151826.","Hospitalized=2.00; Amputation=0.00; Loss of Eye=0.00","Vehicle or machinery fire"
"OSHA-SIR-20251010643","OSHA_SIR","20251010643","An employee was delivering home heating fuel when bees came from the ground and stung the employee's face, neck, torso, and hands. The employee proceeded to shut off the oil flow before losing consciousness. They were hospitalized due to an anaphylactic reaction.","Hospitalized=1.00; Amputation=0.00; Loss of Eye=0.00"," Bite or sting  insects, ""bugs"""
"OSHA-SIR-2024032752","OSHA_SIR","2024032752","An employee was freeing a calf that had become entangled in a barbed wire fence when his finger became caught between the fence and the calf, resulting in an amputation to his left right fingertip.","Hospitalized=0.00; Amputation=1.00; Loss of Eye=0.00","Caught or wedged between objects  nonrunning"
