decision_id,candidate_id,reviewer_id,reviewer_name,sif_label,confidence,hazard,exposure,barrier_failure,credible_consequence,reason,client_timezone,source_snapshot,source_record_id_snapshot,narrative_snapshot,native_outcome_snapshot,activity_snapshot,submitted_at
00056e28-1582-444b-a100-01041af69d89,OSHA-SIR-2019054755,7dfac61e-b374-4d21-a7a1-574864a7a436,Manasvi,SIF_POTENTIAL,0.90,Rotating Drill Reamer,Fall to Lower Level,Drill Reamer Exposure Control Failure,Foot Amputation,"The employee fell into the reaming area and contacted the drill reamer, resulting in a foot amputation.",Asia/Calcutta,OSHA_SIR,2019054755,The injured employee was watching another employee utilize a drill reamer. The injured employee slipped or fell into the hole being reamed and contacted the drill reamer. The employee suffered a foot amputation.,Hospitalized=1.00; Amputation=1.00; Loss of Eye=0.00,"Other fall to lower level, unspecified",2026-09-06 13:29:31.080876+00
000de090-690e-4c5f-9a78-04106af3900d,OSHA-SIR-2015010541,fd7f23a1-5e0e-49bf-ae5a-55f7df99ba8a,Aarya Gupte,SIF_POTENTIAL,0.70,Flash fire during maintenance,Two employees were exposed to the flash fire,Inadequate isolation,Burn injuries,An explosion followed by a flash fire during maintenance,Asia/Calcutta,OSHA_SIR,2015010541,Two employees were burned when a bubble tower exploded creating a flash fire during maintenance work on a well site.,Hospitalized=2.00; Amputation=0.00; Loss of Eye=0.00,"Ignition of vapors, gases, or liquids",2026-09-05 19:32:32.547111+00
00376557-9c39-44da-bb1d-12ecafa6532f,OSHA-SIR-2022032767,fd7f23a1-5e0e-49bf-ae5a-55f7df99ba8a,Aarya Gupte,NON_SIF_POTENTIAL,0.70,Old manifold left on the ground,Employee tripped over and fell,Housekeeping was not done properly,Due to fall employee suffered,Suffered forearm fractures,Asia/Calcutta,OSHA_SIR,2022032767,"An employee was walking toward a pump on which he was installing a new suction manifold. He tripped over the old manifold, lying on the ground, and fell. He suffered a compound fracture to the left forearm and was hospitalized.",Hospitalized=1.00; Amputation=0.00; Loss of Eye=0.00,Fall on same level due to tripping over an object,2026-09-04 20:16:46.145637+00
00419ae3-580e-445d-9614-8d1e2bfde231,OSHA-SIR-2017087880,fd7f23a1-5e0e-49bf-ae5a-55f7df99ba8a,Aarya Gupte,UNCERTAIN,0.70,Fire,Two employees were exposed to the fire,Inadequate control,Serious injuries,A fire at a natural gas facility presents significant thermal,Asia/Calcutta,OSHA_SIR,2017087880,Two employees were performing servicing work at a natural gas refrigeration plant when a fire erupted and seriously burned their backs.,Hospitalized=2.00; Amputation=0.00; Loss of Eye=0.00,"Fire, unspecified",2026-09-05 19:15:06.519864+00
00eeeb4f-408c-4b18-a7e1-e0bc5d374983,OSHA-SIR-2015010318,7dfac61e-b374-4d21-a7a1-574864a7a436,Manasvi,SIF_POTENTIAL,0.90,Mechanical Energy,Caught-in,Slip Hazard,Finger Amputation,"The employee’s finger was caught between the stump and Kelly, ultimately requiring surgical amputation at the first joint.",Asia/Calcutta,OSHA_SIR,2015010318,"On or about January 9, 2015, an employee slipped on ice on the rig floor. He put his right hand out to break his fall. His right index finger was caught between the stump and the Kelly ripping skin off the fingertip. The employee was treated an his hand was wrapped in gauze and he returned to work. On or about January 19, 2015, he had surgery and the finger was amputated at the first joint.",Hospitalized=0.00; Amputation=1.00; Loss of Eye=0.00,Slip on substance without fall,2026-09-06 14:23:36.342088+00
0187c277-a311-4f96-ac35-fcf4f5071580,OSHA-SIR-2024032595,fa21da09-d2cf-45e7-874a-a1c4d3fdc84b,Punaji Zore,SIF_POTENTIAL,0.90,Heavy machinery movement and vehicle,The employee was lying behind the machinery on the cattleguard while the machinery was able to move backward,The employee was positioned in the machinery's potential travel path and the machine moved without adequate separation or protection from the tire,A heavy machinery tire contacting a person can cause crushing or run over injuries capable of causing fatal or permanent serious injury,Heavy machinery backed over an exposed employee's hip creating a credible run over pathway capable of causing fatal or permanent serious injury,Asia/Calcutta,OSHA_SIR,2024032595,"An employee was working behind a piece of heavy machinery, lying on a cattleguard and putting bolts on the machinery. The machinery's tire backed up onto his right hip and dislocated it. He was hospitalized.",Hospitalized=1.00; Amputation=0.00; Loss of Eye=0.00,Struck by rolling powered vehicle or machinery,2026-09-04 16:53:06.978618+00
024068e8-bf7d-479c-8ddd-7d65ef26270c,OSHA-SIR-2017043721,7dfac61e-b374-4d21-a7a1-574864a7a436,Manasvi,SIF_POTENTIAL,0.90,Hydrofluoric acid (HF),Chemical vapour,Hose Failure,Hospitalisation,"A hose failure resulted in releasing of HF vapour exposing two employees and causing eye, skin and lung injuries requiring hospitalisation.",Asia/Calcutta,OSHA_SIR,2017043721,"Employees were depressurizing a level bridle when the hose between the bridle and the flare system broke releasing hydrofluoric acid (HF). The two employees were exposed to the chemical vapor resulting in injury to their eyes, facial skin and lungs. Both employees were hospitalized.",Hospitalized=2.00; Amputation=0.00; Loss of Eye=0.00,Inhalation of harmful substance-single episode,2026-09-04 09:00:29.714339+00
02af3121-7e4c-4660-937c-b4b44fbcabbb,OSHA-SIR-2015010273,36cd44a8-250b-4b5d-8b7e-90dd4331ac89,Shravan Patne,UNCERTAIN,0.70,Elevated derrick elevator horns and locking mechanism creating a pull hazard,"Employee's harness became caught on the elevator horns while unlatching the elevator, pulling him downward",Failure to prevent harness entanglement with the horns and maintain safe separation from the moving equipment,A downward pull while working at an elevated location could credibly result in a fall from height and fatal or life-altering injury,The employee was exposed to a credible fall-from-height hazard when his harness became caught on the elevator horns and the equipment pulled him downward which  reported  Resulted in knee fractures,Asia/Calcutta,OSHA_SIR,2015010273,"Employee was working from the derrick monkey board latching and unlatching tubing. As he was unlatching the elevator that has horns and a locking mechanism, the employee's harness got caught on the horns. The horns pulled the harness and pulled him down causing small fractures in his knees that required surgery.",Hospitalized=1.00; Amputation=0.00; Loss of Eye=0.00,"Struck against stationary object or equipment, n.e.c.",2026-09-04 09:15:47.477325+00
0323efa0-b07a-4a8f-9d43-de5454dc8398,OSHA-SIR-2017010402,7dfac61e-b374-4d21-a7a1-574864a7a436,Manasvi,SIF_POTENTIAL,0.70,Unstable Suspended or Supported Load,Fall to Lower Level,Load Stability Failure,Serious Back Injury,"The headache rack shifted and fell while an employee was positioned on top, causing him to fall onto pallets and require hospitalization for a back injury.",Asia/Calcutta,OSHA_SIR,2017010402,"Employees were repairing a headache rack for a pickup truck. The headache rack was taken off the truck and placed on jack stands; however, the headache rack was not level. The employees attempted to level the headache rack by placing another jack stand under the rack. As the jack stand was being placed under the headache rack, the rack fell off the jack stands. An employee was on top of the headache as it was being leveled. The employee fell off the rack and landed on wooden pallets that were next to the rack. The employee suffered a back injury and was admitted to the hospital.",Hospitalized=1.00; Amputation=0.00; Loss of Eye=0.00,"Other fall to lower level, unspecified",2026-09-06 13:25:49.967753+00
04e61416-6b21-4342-a518-0274f5557aa3,OSHA-SIR-2018021180,7dfac61e-b374-4d21-a7a1-574864a7a436,Manasvi,SIF_POTENTIAL,0.70,Vehicle Collision,Caught-between,Loss of Vehicle Traction,Amputation,The front loader slid into the telehandler and crushed the employee’s leg and pelvis.,Asia/Calcutta,OSHA_SIR,2018021180,"An employee was using a telehandler to move cargo when a front loader lost traction at the top of a hill and slid down into the telehandler as the employee was trying to get out, crushing his right leg and pelvis.",Hospitalized=1.00; Amputation=1.00; Loss of Eye=0.00,"Nonroadway collision with other vehicle, unspecified",2026-09-04 17:53:56.623407+00
059c4c72-1886-435e-90cb-e7821acd7462,OSHA-SIR-2015030112,fd7f23a1-5e0e-49bf-ae5a-55f7df99ba8a,Aarya Gupte,UNCERTAIN,0.70,Operation on fuel offloading,Employee lost consciousness while walking and talking,fell unconscious due to inadequate contol,Sudden loss of consciousness of the employee,Employee lost his consciousness,Asia/Calcutta,OSHA_SIR,2015030112,An employee was unloading fuel into a tank at a customer location. He was walking while offloading and talking with another employee when he lost consciousness. A local bystander attempted CPR. Employee was taken to the hospital.,Hospitalized=1.00; Amputation=0.00; Loss of Eye=0.00,"Exposure to other harmful substances, unspecified",2026-09-04 17:53:03.151625+00
067fbf0b-33e4-48bb-9e30-c8ca4ce87c3e,OSHA-SIR-2018032178,7dfac61e-b374-4d21-a7a1-574864a7a436,Manasvi,NON_SIF_POTENTIAL,0.70,Mechanical Energy,Loss of Balance,Tool Drop,Breaking a leg,"The pipe wrench fell, causing the employee to lose balance and fracture a leg.",Asia/Calcutta,OSHA_SIR,2018032178,An employee was loosening a plug on a union. The pipe wrench fell and the employee lost his balance causing him to step awkwardly and break a leg.,Hospitalized=1.00; Amputation=0.00; Loss of Eye=0.00,"Other exertions or bodily reactions, n.e.c.",2026-09-04 18:01:17.258258+00
0774003f-6c87-4d61-88a8-787a9a19bcf0,OSHA-SIR-2017010232,7dfac61e-b374-4d21-a7a1-574864a7a436,Manasvi,NON_SIF_POTENTIAL,0.70,Vehicle Collision,Vehicle Occupant,Loss of vehicle control,Knee Injury,The vehicle struck a fire hydrant and the employee injured their knee.,Asia/Calcutta,OSHA_SIR,2017010232,An employee was driving when his vehicle hit a fire hydrant. He injured his left knee.,Hospitalized=1.00; Amputation=0.00; Loss of Eye=0.00,"Nonroadway collision with object other than vehicle, n.e.c.",2026-09-04 17:26:31.472045+00
08f692ea-2c41-43b0-be2c-917276ab835d,OSHA-SIR-2016010758,36cd44a8-250b-4b5d-8b7e-90dd4331ac89,Shravan Patne,SIF_POTENTIAL,0.90,Tensioned barbed-wire fence,Nearby employee was directly exposed to the released wire,Inadequate separation between the backhoe’s operating area and the nearby employee allowed the machine to snag and tension the wire,Fatal or life-altering struck-by injury from released tensioned wire,"The backhoe pulled a tensioned fence wire free, causing it to violently strike a nearby employee.",Asia/Calcutta,OSHA_SIR,2016010758,"While a backhoe was pulling dirt into a hole, it caught the wire on a nearby barbed wired fence. The backhoe pulled the wire out, causing it to strike and break the leg of a nearby employee.",Hospitalized=1.00; Amputation=0.00; Loss of Eye=0.00,"Struck by object or equipment, n.e.c.",2026-09-08 20:13:30.754451+00
0a335025-aba2-4414-bd3a-6b4fbf2c2b0a,OSHA-SIR-2023054552,36cd44a8-250b-4b5d-8b7e-90dd4331ac89,Shravan Patne,NON_SIF_POTENTIAL,0.50,5-pound hammer,Employee's left index finger was in the striking area and was hit when the hammer missed the pipe support,Inadequate hand positioningwhile striking the support,"Hammer-strike incidents can credibly cause severe, permanent hand or finger injury","The employee was directly exposed to the hammer's mechanical energy, and the hand was positioned within the potential strike zone .",Asia/Calcutta,OSHA_SIR,2023054552,"At about 9:15 a.m. on May 22, 2023, an employee was using a 5-pound hammer to remove the weld on a pipe support and knock the support lose. The hammer missed the support; the employee's left index finger struck the support and was lacerated and broken. The fingertip was medically amputated.",Hospitalized=0.00; Amputation=1.00; Loss of Eye=0.00,"Struck against stationary object or equipment, n.e.c.",2026-09-04 09:10:43.670275+00
0b0744e7-25ae-43dc-87b9-3778469baa81,OSHA-SIR-2015063519,fa21da09-d2cf-45e7-874a-a1c4d3fdc84b,Punaji Zore,SIF_POTENTIAL,0.90,Pressurized hot asphalt at 400°F,Employee was directly splashed across the head,The controlled sample point and PPE did not prevent exposure to the hot pressurized asphalt,High-temperature pressurized asphalt contacting the face and large areas of the body causing burns,"employee was directly exposed over the head, face, neck, chest and both arms from asphalt",Asia/Calcutta,OSHA_SIR,2015063519,"On June 9, 2015, an employee wearing flame resistant clothing was retrieving samples of hot, 400 degrees F asphalt from a controlled sample point when he was splashed/sprayed by pressurized hot asphalt. He received second degree burns to his head, neck, chest, and both arms. He also received first and second degree burns on the right side of his face.",Hospitalized=1.00; Amputation=0.00; Loss of Eye=0.00,Contact with hot objects or substances,2026-09-06 13:12:29.932882+00
0ba97b37-8e51-47c7-b687-c774c8384868,OSHA-SIR-2015052822,36cd44a8-250b-4b5d-8b7e-90dd4331ac89,Shravan Patne,SIF_POTENTIAL,0.90,Falling hydraulic hose from approximately 30 ft,Employee was working directly below the rig floor and was struck in the head,Dropped-object control failed when the disconnected hose was allowed to fall from height into an occupied area,Fatal or life-altering head injury from a falling object,"A hose fell approximately 30 feet and struck an employee in the head, creating a clear dropped-object hazard with credible potential for fatal or life-altering injury.",Asia/Calcutta,OSHA_SIR,2015052822,"On May 13, 2015, at approximately 12:00 midnight, an employee suffered a concussion and was hospitalized after being struck by a 1.5- to 2-inch flex steel hose. The employee was working in the cellar while a rig hand worked on the rig floor 30 feet above. The rig hand disconnected the hydraulic hose, which fell 30 feet and struck the employee in the head.",Hospitalized=1.00; Amputation=0.00; Loss of Eye=0.00,Struck by object or equipment dropped by other person,2026-09-08 19:55:20.853982+00
0bf9435d-adef-4945-8dc2-5efbea1c550a,OSHA-SIR-2015096421,7dfac61e-b374-4d21-a7a1-574864a7a436,Manasvi,SIF_POTENTIAL,0.90,H2S,Inhalation,Monitor Alarm Failure,Respiratory Illness,H2S exposure,Asia/Calcutta,OSHA_SIR,2015096421,An employee's H2S monitor went off while he was delivering salt water on location. He eventually became ill and was hospitalized with respiratory problems.,Hospitalized=1.00; Amputation=0.00; Loss of Eye=0.00,Inhalation of harmful substance-single episode,2026-09-04 08:48:17.524236+00
0c23ba8f-aefd-4dc3-817c-fe1a709fb708,OSHA-SIR-20171010045,36cd44a8-250b-4b5d-8b7e-90dd4331ac89,Shravan Patne,SIF_POTENTIAL,0.50,Swiging vee-door,Employee’s left hand was resting on the catwalk directly in the path of the moving vee-door,Inadequaate hand placement control during catwalk movement allowed the employee’s hand to remain in the line of fire,Fatal or life-altering crush injury from the swinging vee-door,The vee-door unexpectedly swung down while the catwalk was being moved and struck the employee’s hand,Asia/Calcutta,OSHA_SIR,20171010045,"A crew was attempting to line up a catwalk with a vee-door. An employee's left hand was resting on the catwalk. The employee signaled the driller on the controls to move the catwalk. The vee-door, which was resting on the catwalk, then shook free and swung down, smashing the employee's left pinky finger.",Hospitalized=1.00; Amputation=0.00; Loss of Eye=0.00,Struck by or caught in swinging door or gate,2026-09-08 20:36:03.662799+00
0d7b5632-c5c8-466e-abdf-505ec04ef877,OSHA-SIR-2015030990,7dfac61e-b374-4d21-a7a1-574864a7a436,Manasvi,SIF_POTENTIAL,0.90,Mechanical Energy,Caught-between,Backing Vehicle Control,Serious Injury,"The employee was caught between a reversing Porta John truck and another truck, resulting in hospitalization.",Asia/Calcutta,OSHA_SIR,2015030990,"On March 04, 2015, at approximately 4:30 p.m., two employees were preparing to depart the construction area due to rain. The injured employee went to retrieve his wallet from his lunch pail in the back of the truck they were going to drive. While he was in the back of the truck, a Porta John truck was reversing and sideswiped him between the two trucks. The employee was admitted to Odessa Medical Center Hospital.",Hospitalized=1.00; Amputation=0.00; Loss of Eye=0.00,Pedestrian struck by vehicle backing up in nonroadway area,2026-09-06 14:00:43.100702+00
0f14e2df-ed29-4c83-a449-20f7a2f21dd0,OSHA-SIR-20171110965,36cd44a8-250b-4b5d-8b7e-90dd4331ac89,Shravan Patne,SIF_POTENTIAL,0.90,Stored mechanical energy from the elevated metal platform and supporting jack stands,Employee's index finger was exposed beneath the platform while adjusting the shim,"The support became unstable when struck, allowing the platform to drop onto the employee's finger","Unexpected movement or collapse of the platform could cause crushing, amputation, severe injury, or fatality",The employee was exposed to stored mechanical energy from a supported platform while striking the shim.,Asia/Calcutta,OSHA_SIR,20171110965,"An employee was repairing a metal platform that was supported by metal saw horses and jack stands. A metal shim was in place on the saw horse to level the platform. The employee noticed the shim had turned slightly, so he used a 4 lb. maul to tap the shim into its original position. The force of the strike caused the shim to dislodge, and the corner of the platform came down on the employee's index finger. The employee suffered an amputation.",Hospitalized=0.00; Amputation=1.00; Loss of Eye=0.00,"Struck by falling object or equipment, n.e.c.",2026-09-06 22:15:30.854471+00
0fbc8d62-4ccb-4450-a305-5b6d40892b1e,OSHA-SIR-2020087443,7dfac61e-b374-4d21-a7a1-574864a7a436,Manasvi,SIF_POTENTIAL,0.70,Equipment Rollover,Caught-in or Crushed-by,Equipment Stability Failure,Amputation,"The mower overturned onto the employee, causing multiple finger and palm amputations requiring hospitalization and surgery.",Asia/Calcutta,OSHA_SIR,2020087443,"An employee was mowing the grass when the mower slid into a drainage ditch and landed on top of them. The employee suffered amputated fingers on the right hand (3rd, 4th, 5th fingers) and a portion of the palm, leading to hospitalization and surgery.",Hospitalized=1.00; Amputation=1.00; Loss of Eye=0.00,"Jack-knifed or overturned, nonroadway",2026-09-04 17:12:32.846048+00
12224ebe-299a-4799-8b42-a982b798e2b1,OSHA-SIR-2024065079,fa21da09-d2cf-45e7-874a-a1c4d3fdc84b,Punaji Zore,SIF_POTENTIAL,0.90,Pressure energy from the valve and actuator,The employee was directly in the area of the valve while bracing it and was struck by the actuator when the valve failed,The valve failed while the employee was bracing it allowing the actuator to move unexpectedly into the employee's path,An unexpected actuator movement has sufficient mechanical energy to cause severe struck by injuries including fatal or permanent serious injury,Valve failure caused unexpected actuator movement while the employee was exposed creating a credible high energy struck by pathway,Asia/Calcutta,OSHA_SIR,2024065079,"An employee was bracing a valve when it failed and the actuator struck the employee in his back, fracturing his pelvis and vertebrae.",Hospitalized=1.00; Amputation=0.00; Loss of Eye=0.00," Struck by propelled, falling, or suspended object  unspecified",2026-09-04 16:43:08.004406+00
1237c2ff-6f84-495b-bac4-dce266e11711,OSHA-SIR-2015096294,7dfac61e-b374-4d21-a7a1-574864a7a436,Manasvi,SIF_POTENTIAL,0.90,Venomous Animal,Snake Bite,Wildlife Awareness,Venomous Bite requiring Hospitalization,"A rattlesnake bite can cause severe envenomation, systemic complications, and potentially life-threatening injury.",Asia/Calcutta,OSHA_SIR,2015096294,An employee was bitten by a rattlesnake.,Hospitalized=1.00; Amputation=0.00; Loss of Eye=0.00,Stings and venomous bites,2026-09-06 14:31:22.543696+00
12e6e6fa-f0d9-45a2-9000-cc7c5222e228,OSHA-SIR-2018033060,36cd44a8-250b-4b5d-8b7e-90dd4331ac89,Shravan Patne,SIF_POTENTIAL,0.90,Pressurized piping,Employee was exposed while working on the cooling unit when the piping union failed and struck him,Piping union failed during maintenance,Failure of a pressurized piping connection can cause violent component release and fatal or life-altering struck-by injuries,The employee was exposed to stored energy in the piping system when the union failed and struck him.,Asia/Calcutta,OSHA_SIR,2018033060,"Employees were repairing a cooling unit on a new oil tank battery when a piping union failed and struck the injured employee, who suffered an amputation of the right leg below the knee.",Hospitalized=1.00; Amputation=1.00; Loss of Eye=0.00,"Struck by falling object or equipment, n.e.c.",2026-09-06 22:22:50.167005+00
13c3c736-2318-4612-8a94-5cb31691e683,OSHA-SIR-2015064026,fa21da09-d2cf-45e7-874a-a1c4d3fdc84b,Punaji Zore,UNCERTAIN,0.70,moving pulley,Employee's left index finger was exposed,Finger protection from the moving machine was absent.,Fingertip amputation occurred,machine energy and extent of exposure are unclear so a credible fatal or life altering SIF pathway cannot be confirmed,Asia/Calcutta,OSHA_SIR,2015064026,"An employee was installing a pulley on a machine in the pipe yard. The pulley pulled the employee's left index finger into the machine, amputating the fingertip.",Hospitalized=0.00; Amputation=1.00; Loss of Eye=0.00,"Caught in running equipment or machinery, n.e.c.",2026-09-06 11:00:33.515556+00
14810d48-ba30-46c2-a690-6f9833ed8be0,OSHA-SIR-2015010806,7dfac61e-b374-4d21-a7a1-574864a7a436,Manasvi,NON_SIF_POTENTIAL,0.90,Slip Hazard,Loss of Balance,Poor Housekeeping,Fibula Fracture near Ankle,The employee slipped on mud and sustained a localized fibula fracture.,Asia/Calcutta,OSHA_SIR,2015010806,"The employee, walking across a muddy location, slipped and twisted his left ankle and broke his fibula near the ankle.",Hospitalized=1.00; Amputation=0.00; Loss of Eye=0.00,Slip on substance without fall,2026-09-06 14:25:53.539581+00
15270c4c-d109-46df-b06f-70a0b069aea0,OSHA-SIR-2024054144,fa21da09-d2cf-45e7-874a-a1c4d3fdc84b,Punaji Zore,UNCERTAIN,0.70,Solid debris falling from the vaccum truck,Employee was exposed to the path of debris while unloading the container,Debris was not  controlled during unloading allowing a piece to tumble out and strike the employee,The falling debris could cause a serious struck by injury but the narrative does not describe the debris size and weight well enough to establish a credible fatal or life altering injury pathway,"Uncontrolled debris struck an exposed employee but the debris size,weight and resulting energy are insufficiently described to confirm a credible SIF pathway",Asia/Calcutta,OSHA_SIR,2024054144,"While unloading a debris container using a vacuum truck, a piece of solid debris tumbled out of the truck and struck the employee's left leg. He was hospitalized for surgery.",Hospitalized=1.00; Amputation=0.00; Loss of Eye=0.00,Struck by other falling object  n.e.c.,2026-09-04 16:16:09.904126+00
15a8506c-7e2d-4dc9-aa81-e0cfaea1e7ca,OSHA-SIR-2024043057,fa21da09-d2cf-45e7-874a-a1c4d3fdc84b,Punaji Zore,SIF_POTENTIAL,0.70,gravitational energy from the lifted culvert and pipe,The employee was exposed to the area around the lifting operation,The pipe struck the employee during the culvert lifting operation.,A pipe moving during a lifting operation can have sufficient struck by energy to cause fatal or permanent serious injury,employee was exposed to the moving pipe and struck in the face,Asia/Calcutta,OSHA_SIR,2024043057,A culvert was being lifted when a pipe struck an employee in the face. The employee suffered a jaw laceration and was hospitalized.,Hospitalized=1.00; Amputation=0.00; Loss of Eye=0.00,Struck by suspended or swinging objects  n.e.c.,2026-09-05 14:23:40.072278+00
174bfb89-1006-4a1f-925a-72e4d8586b62,OSHA-SIR-2018054817,36cd44a8-250b-4b5d-8b7e-90dd4331ac89,Shravan Patne,NON_SIF_POTENTIAL,0.50,splinter from a wooden crate,Employee's left thigh was directly exposed and penetrated by the splinter,Not enough information to establish a failed critical control,"penetration injury is evident, but this  does not establish credible potential for death or life-altering harm","The narrative establishes a penetrating wood-splinter injury, but provides insufficient evidence of hazardous energy",Asia/Calcutta,OSHA_SIR,2018054817,A piece of wood/splinter from a wooden crate embedded in an employee's left thigh.,Hospitalized=1.00; Amputation=0.00; Loss of Eye=0.00,"Struck against stationary object or equipment, unspecified",2026-09-04 09:19:08.326405+00
175b13b3-82a7-4bb0-8e85-790ee725b0b1,OSHA-SIR-2017065650,fd7f23a1-5e0e-49bf-ae5a-55f7df99ba8a,Aarya Gupte,NON_SIF_POTENTIAL,0.70,Exposed pipeline flange,Employee fell into the skids,Inadequate stability,Partial foot amputation,The shifting work platform caused a fall,Asia/Calcutta,OSHA_SIR,2017065650,"On June 20, 2017, an employee was working on a pipe while standing on skids stacked on the pipeline. The employee was closing the valve on the pipe so it could be tested for leaks when the skids shifted and the employee fell. The flange of the pipeline hit the employee's right foot, amputating it from the ball of the foot forward.",Hospitalized=0.00; Amputation=1.00; Loss of Eye=0.00,"Fall, slip, trip, unspecified ",2026-09-05 18:21:52.355811+00
178aff04-3531-4a6b-88b5-cd22590d1a53,OSHA-SIR-2015010296,fa21da09-d2cf-45e7-874a-a1c4d3fdc84b,Punaji Zore,SIF_POTENTIAL,0.90,unclogging an automatic in line cement powder sampler.,The employee placed their finger inside the sampler,The sampler was not effectively isolated before the employee inserted their finger into the mechanism,The automatic sampler's unexpected actuation creates a caugh in mechanism,Automatic equipment actuated while the employee's finger was inside the mechanism,Asia/Calcutta,OSHA_SIR,2015010296,"On January 8, 2015 at 10:15pm, an employee was cleaning/unclogging an automatic in-line cement powder sampler. He used his finger to verify there was no longer a clog and the sampler actuated amputating the tip of the third finger on the employee's left hand.",Hospitalized=0.00; Amputation=1.00; Loss of Eye=0.00,"Caught in running equipment or machinery during maintenance, cleaning ",2026-09-05 18:22:35.499455+00
1812825c-c4eb-4331-bcaa-d488501564f7,OSHA-SIR-2016010021,fd7f23a1-5e0e-49bf-ae5a-55f7df99ba8a,Aarya Gupte,NON_SIF_POTENTIAL,0.70,Chemicals,Employee suffered chemical exposure,No cover or insulation on chemicals/ open chemicals,Chemical exposure lead to hospitalization of the person,Chemical leakage caused hospitalization of the patient,Asia/Calcutta,OSHA_SIR,2016010021,An employee suffered a chemical exposure to his face and was hospitalized.,Hospitalized=1.00; Amputation=0.00; Loss of Eye=0.00,"Exposure to harmful substance through skin, eyes, or other exposed tissue, unspecified",2026-09-04 14:57:43.569644+00
18f6ef71-c694-4373-a1a4-fe76b4779aee,OSHA-SIR-2016109793,fd7f23a1-5e0e-49bf-ae5a-55f7df99ba8a,Aarya Gupte,NON_SIF_POTENTIAL,0.90,skid-steer bucket,Employee tripped while stepping over the bucket,site not adequately identified or controlled,Serious fall injury,The employee suffered a shattered elbow requiring hospitalization and surgery,Asia/Calcutta,OSHA_SIR,2016109793,"The employee was sitting on a static (not operational) skid steer bucket when he stood up and began walking to the compressor work truck. As he walked away from the skid steer bucket, he attempted to step over the angled right side of the bucket. At this point the employee tripped on the right side of the bucket and fell, putting his right arm down in an attempt to break his fall. There was a steel pothole cover nearby that was inverted, with a 12-16 in. appendage that extends out. The employee struck this pothole appendage with his right elbow as he fell, resulting in a shattered right elbow. Employee was admitted to the hospital where he received surgery for the injury.",Hospitalized=1.00; Amputation=0.00; Loss of Eye=0.00,"Fall on same level due to tripping over an object ",2026-09-04 20:25:12.693324+00
190e64a6-6f59-4638-93fa-674f5a317b8c,OSHA-SIR-2015063456,36cd44a8-250b-4b5d-8b7e-90dd4331ac89,Shravan Patne,SIF_POTENTIAL,0.90,Rotating pipe wrench  from the boring operation,Employee remained exposed to the bore area when the wrench was left attached and swung around,Failure to remove the pipe wrench before starting the boring operation,"A rotating wrench could strike a person with significant force, potentially causing fatal or life-altering injury",The employee was exposed to the rotating mechanical energy of a wrench that had not been removed before boring began,Asia/Calcutta,OSHA_SIR,2015063456,"An employee was using a large wrench to tighten a bore on a boring pipeline. When he finished, he gave the all clear to start the boring. The pipe wrench was not removed from the bore; it swung around and struck him on his left-hand pinky finger, amputating the fingertip.",Hospitalized=0.00; Amputation=1.00; Loss of Eye=0.00,"Struck by dislodged flying object, particle",2026-09-06 21:51:16.657987+00
191cbdc8-8efa-4685-8515-d50f8c3ba9e3,OSHA-SIR-2015010720,7dfac61e-b374-4d21-a7a1-574864a7a436,Manasvi,NON_SIF_POTENTIAL,0.70,Fall from Height,Fall to Lower Level,Improper Handling of Derrick Climber,Serious Injury,The employee was struck in the mouth and fell only about 3 ft while the lanyard remained attached.,Asia/Calcutta,OSHA_SIR,2015010720,"An employee was on the stabbing board to hang the tong line. He unhooked the derrick climber from his harness and when he let go of it he was hit in the mouth, lost his footing, and fell even though his lanyard was attached. His face hit the standpipe of the derrick and the 3 foot fall injured his back.",Hospitalized=1.00; Amputation=0.00; Loss of Eye=0.00,Other fall to lower level less than 6 feet,2026-09-04 18:22:12.949948+00
19780f5f-3239-4b08-87e5-8ded91d83abd,OSHA-SIR-2019043879,fd7f23a1-5e0e-49bf-ae5a-55f7df99ba8a,Aarya Gupte,UNCERTAIN,0.70,Fall from height,Employee feel down and struck by the stairs,Stairs not connected to the platform,Serious injury,Serious injury after falling down,Asia/Calcutta,OSHA_SIR,2019043879,"An employee was setting stairs onto a rig platform when the stairs became disconnected from the rig platform, causing the employee to fall 6 feet from the platform and be struck by the stairs. The employee was hospitalized with four fractured ribs.",Hospitalized=1.00; Amputation=0.00; Loss of Eye=0.00,Fall from collapsing structure or equipment 6 to 10 feet,2026-09-04 19:10:25.487767+00
1aad146b-fc15-404d-a190-8eae3868788f,OSHA-SIR-2015020234,fa21da09-d2cf-45e7-874a-a1c4d3fdc84b,Punaji Zore,SIF_POTENTIAL,0.90,hydraulic ram during equipment changeout,The employee's thumb was exposed at the pinch point,The come along swivel broke,The failure of a load handling component during rig equipment changeout can create a high force pinch mechanism,Come along swivel failure during rig equipment changeout created a high force pinch hazard capable of permanent serious injury,Asia/Calcutta,OSHA_SIR,2015020234,Employee was changing out a hydraulic ram on a rig when a swivel on the come-along broke and pinched the employee's thumb. First aid was performed at the local hospital and then the employee was transported to Denver. An artery in the thumb was damaged and the right hand thumb was later amputated at the first joint.,Hospitalized=0.00; Amputation=1.00; Loss of Eye=0.00,"Caught in or compressed by equipment or objects, n.e.c.",2026-09-05 15:26:19.331195+00
1d9d7463-68d1-4884-b8d5-5b7b7d36a546,OSHA-SIR-2015096851,fd7f23a1-5e0e-49bf-ae5a-55f7df99ba8a,Aarya Gupte,UNCERTAIN,0.70,H₂S vapor accumulation,Employee was exposed to a flash fire,Inadequate control,Burns to the face and hands,The accumulation of H₂S vapor,Asia/Calcutta,OSHA_SIR,2015096851,"The employee was circulating mud and water and sucking fluid from a steel container with a running vacuum truck. H2S vapor accumulated under the truck. When it reached his hot pump, it caused a flash fire. The employee suffered burns to his face and hands.",Hospitalized=0.00; Amputation=1.00; Loss of Eye=0.00,"Ignition of vapors, gases, or liquids",2026-09-05 19:26:17.856591+00
1dd47448-74fa-4528-a891-561f6a9f8fde,OSHA-SIR-2015096491,7dfac61e-b374-4d21-a7a1-574864a7a436,Manasvi,NON_SIF_POTENTIAL,0.70,Kinetic Energy,Vehicle Crash,Vehicle Control,Back Injury,"The vehicle left the roadway and crashed, resulting in back injuries and hospitalization.",Asia/Calcutta,OSHA_SIR,2015096491,"An employee was driving through a construction zone after unloading production water at a disposal well when his vehicle veered off the road and crashed south of Killdeer, North Dakota, on Highway 22. He suffered back injuries.",Hospitalized=1.00; Amputation=0.00; Loss of Eye=0.00,Ran off roadway,2026-09-06 14:17:19.214277+00
1eb05a3c-f9b7-4e44-a2f4-06f5ad3cdbf3,OSHA-SIR-2016021347,fd7f23a1-5e0e-49bf-ae5a-55f7df99ba8a,Aarya Gupte,SIF_POTENTIAL,0.90,Tank battery,Employee near the tank battery,Uncontrolled movement,Severe burns,The explosion on tank battery caused severe burns,Asia/Calcutta,OSHA_SIR,2016021347,An employee was hospitalized due to an explosion at the tank battery.,Hospitalized=1.00; Amputation=0.00; Loss of Eye=0.00,"Explosion, unspecified",2026-09-04 08:58:13.827214+00
1eca0aed-b95d-4efc-a695-2ec8609ace8f,OSHA-SIR-2021054085,fd7f23a1-5e0e-49bf-ae5a-55f7df99ba8a,Aarya Gupte,SIF_POTENTIAL,0.70,Sharp object,Employee tripped over the protruding object,No protection on sharp object,Serious abdominal injury,Employee fell on sharp object causing a serious injury,Asia/Calcutta,OSHA_SIR,2021054085,An employee tripped going over a containment curb and fell. A Unistrut clip caused a laceration and degloving injury to his abdomen.,Hospitalized=1.00; Amputation=0.00; Loss of Eye=0.00,"Fall on same level while climbing stairs, steps, or curbs",2026-09-05 14:51:14.746369+00
206ba033-4df0-42ab-8e96-5c58a867f2c5,OSHA-SIR-20231211765,36cd44a8-250b-4b5d-8b7e-90dd4331ac89,Shravan Patne,SIF_POTENTIAL,0.50,Closing office door,Employee’s middle fingertip was directly exposed between the door and frame,Finger was positioned within the door-frame pinch point during closing,Serious or life-altering crush injury from door movement,"Although an amputation occurred, the incident involves a routine low-energy door pinch",Asia/Calcutta,OSHA_SIR,20231211765,"An employee was closing an office door when their middle fingertip was caught between the door and the frame, resulting in a fingertip amputation.",Hospitalized=1.00; Amputation=1.00; Loss of Eye=0.00,Struck by or caught in swinging door or gate,2026-09-08 20:38:01.747448+00
22994939-d90c-4d30-9c43-075a41ffed59,OSHA-SIR-2019043400,36cd44a8-250b-4b5d-8b7e-90dd4331ac89,Shravan Patne,SIF_POTENTIAL,0.70,Stored mechanical energy in the plunger pump and pry bar,Employee was directly in the line of fire while holding the flashlight; the released plunger struck and trapped his hand,Failure to keep personnel out of the line of fire while using a pry bar to install the plunger,"Propelled pump components could cause severe crush, amputation, or potentially fatal struck-by injuries",The employee was directly exposed to stored mechanical energy when the pry bar slipped and propelled the plunger toward him.,Asia/Calcutta,OSHA_SIR,2019043400,"An employee was holding a flashlight for another employee who was doing maintenance on a downhole sucker rod pump. The second employee was installing a plunger back into the rod pump, using a pry bar. The bar slipped and the plunger was propelled out of the pump toward the first employee. It caught his right hand and carried it downward, pinching the third finger against the fender of the pump. He suffered an avulsion and partial amputation of the finger.",Hospitalized=0.00; Amputation=1.00; Loss of Eye=0.00,"Struck by dislodged flying object, particle",2026-09-06 21:53:41.997139+00
23285b16-01a5-4568-bc8a-2e9c1198cebf,OSHA-SIR-2018077651,7dfac61e-b374-4d21-a7a1-574864a7a436,Manasvi,NON_SIF_POTENTIAL,0.90,Mechanical Energy,Overexertion,Manual Valve Operation,Lower Back Injury - Bulging Discs,"The employee experienced acute lower-back pain from exerting force on a valve, with bulging discs and a pinched nerve",Asia/Calcutta,OSHA_SIR,2018077651,An employee had closed a plug valve halfway with a valve bar when he immediately felt a sharp pain in his lower back due to bulging discs that caused a pinched nerve.,Hospitalized=1.00; Amputation=0.00; Loss of Eye=0.00,"Overexertion involving outside sources, unspecified",2026-09-06 13:48:00.838199+00
23a1898f-725a-4fe6-8e37-489f8b3d8aa8,OSHA-SIR-2017065482,36cd44a8-250b-4b5d-8b7e-90dd4331ac89,Shravan Patne,UNCERTAIN,0.70,Exposed moving table-saw blade,Employee's left index fingertip contacted the moving blade while removing stuck scrap wood,Guarding did not prevent access to the blade during the intervention,Contact with the blade could credibly cause catastrophic hand injury,"A person was directly exposed to high-energy moving machinery after the guarding was ineffective, and contact with the blade could credibly result in life-altering harm.",Asia/Calcutta,OSHA_SIR,2017065482,"An employee was cutting 3/4-inch strips of wood with a table saw when a piece of scrap wood became stuck between the guard and the saw blade. As the employee attempted to remove it, the left index fingertip contacted the blade and was partially amputated.",Hospitalized=0.00; Amputation=1.00; Loss of Eye=0.00,Struck against moving part of machinery or equipment,2026-09-04 08:53:43.780698+00
23a32ec5-3436-447b-a6b0-e111b923d8a0,OSHA-SIR-2019066062,fd7f23a1-5e0e-49bf-ae5a-55f7df99ba8a,Aarya Gupte,NON_SIF_POTENTIAL,0.70,all from mobile equipment,Employee was standing on the top step of the backhoe,operating equipment,Major femur fracture near the hip,The employee fell from elevated mobile equipment,Asia/Calcutta,OSHA_SIR,2019066062,"An employee was teaching another employee how to operate a backhoe. He was standing on the top step by the cab when the other employee hit a rough area. He then fell off the backhoe to the ground, breaking his left upper femur just below the pelvis area.",Hospitalized=1.00; Amputation=0.00; Loss of Eye=0.00,"Fall or jump from vehicle in normal operation, nonroadway",2026-09-05 16:46:44.217914+00
23a9c94c-583d-4461-83e7-981ed4854d7a,OSHA-SIR-20181111301,fa21da09-d2cf-45e7-874a-a1c4d3fdc84b,Punaji Zore,NON_SIF_POTENTIAL,0.90,stepping down from the backhoe,The employee was exposed to a fall,"No specific hazardous condition, equipment movement or barrier failure is described",The described mechanism is a routine step off and does not support a credible fatal or life altering pathway,"A sprained ankle occurred while stepping off a backhoe, but the described mechanism",Asia/Calcutta,OSHA_SIR,20181111301,An employee suffered a sprained ankle while stepping off a backhoe.,Hospitalized=1.00; Amputation=0.00; Loss of Eye=0.00,"Boarding, alighting-excluding slip, trip, fall-single episode",2026-09-05 15:18:11.621758+00
25be83a2-d88d-4d26-81b1-68b5f312d22a,OSHA-SIR-2017088097,7dfac61e-b374-4d21-a7a1-574864a7a436,Manasvi,NON_SIF_POTENTIAL,0.90,Mechanical Energy,Caught-in,Exposure to Rotating Equipment,Severe Finger Lacerations,The employee’s fingers contacted rotating fan blades after slipping on the slick truck bed.,Asia/Calcutta,OSHA_SIR,2017088097,An employee was adjusting the high/low switch on his truck-mounted welder. He was turning around when he lost his footing because it had just rained and his truck bed was slick. He went to steady himself and reached to grab onto something with his hands. His right hand slid underneath the cowling of his welder and two fingers were severely lacerated by the motor fan blades. He was hospitalized.,Hospitalized=1.00; Amputation=0.00; Loss of Eye=0.00,Slip on vehicle without fall-nontransport,2026-09-06 14:26:46.800645+00
26397101-1cd4-454e-bbfa-63d007886b01,OSHA-SIR-2020010577,fd7f23a1-5e0e-49bf-ae5a-55f7df99ba8a,Aarya Gupte,UNCERTAIN,0.70,Cellar opening,Employee stepped back,Not controlled,Multiple fractures and injuries,The employee was exposed to an unprotected cellar,Asia/Calcutta,OSHA_SIR,2020010577,"Employees were working to remove a blow-out preventer (BOP) by dragging it with a tandem bed truck on the BOP skid from between two rig subs during rig-down operations. An employee was spotting the BOP skid as it was being pulled out by a tandem bed truck so it did not contact the rig sub's cylinders. He was standing on each side of the BOP skid directly beside the gas well cellar that the BOP had been removed from in order to watch the skid pass the cylinders and communicate with the bed truck operator as he pulled the skid away from the spotters. At the time, the well cellar guards had been removed from around the BOP, as is required to disconnect the BOP and lay it over on the skid. The employee stepped back into the cellar opening and fell 4 feet down onto a metal work platform and toe board, resulting in a broken collar bone, broken ribs, and a punctured lung.",Hospitalized=1.00; Amputation=0.00; Loss of Eye=0.00,Fall through surface or existing opening less than 6 feet,2026-09-05 17:53:40.511043+00
26c02c88-d90e-49ac-9755-886ef4dc5ae0,OSHA-SIR-2021021240,fa21da09-d2cf-45e7-874a-a1c4d3fdc84b,Punaji Zore,SIF_POTENTIAL,0.90,crane auxiliary cable and frozen sheave,The operator's right arm was exposed to the cable near the crane drum,"The frozen sheave unexpectedly freed,",The suddenly moving crane cable created a high-energy entanglement/struck-by mechanism,A frozen sheave suddenly released the crane cable while the employee was exposed near the drum,Asia/Calcutta,OSHA_SIR,2021021240,"The sheaves of the crane were frozen due to ice and snow conditions, which caused a backlash with the auxiliary cable of the crane. The operator attempted to straighten out the backlash on the superstructure near the drum. The frozen sheave freed itself, allowing the cable to run, and the operator's right arm got tangled in the cable. The operator sustained an open fracture of the humerus and a dislocation of the radius.",Hospitalized=1.00; Amputation=0.00; Loss of Eye=0.00,"Caught in running equipment or machinery during maintenance, cleaning ",2026-09-06 10:34:43.057009+00
26c304ee-a5a9-48ea-9f55-ab1e0508afcd,OSHA-SIR-2015052903,fa21da09-d2cf-45e7-874a-a1c4d3fdc84b,Punaji Zore,SIF_POTENTIAL,0.90,moving conveyor belt guide rollers,The employee's arm was directly exposed to the guide rollers while troubleshooting,The equipment remained capable of movement while the employee was troubleshooting,arm caught in movement and hospitalized,the employee's arm was caught in moving conveyor guide rollers creating a credible high energy crush pathway to permanent serious injury,Asia/Calcutta,OSHA_SIR,2015052903,"An employee's arm got caught in conveyor belt guide rollers while troubleshooting the equipment, resulting in hospitalization.",Hospitalized=1.00; Amputation=0.00; Loss of Eye=0.00,"Caught in running equipment or machinery during maintenance, cleaning ",2026-09-05 18:29:28.830076+00
26f822e1-2c28-454e-b39e-f4721e5d82ce,OSHA-SIR-2015031384,fd7f23a1-5e0e-49bf-ae5a-55f7df99ba8a,Aarya Gupte,NON_SIF_POTENTIAL,0.70,Moving the dump box,Right thumb of the employee exposed to the pinched pin,Within the pinch point zone,Severe crush injury,Employee's thumb caught between a moving dump box,Asia/Calcutta,OSHA_SIR,2015031384,"An employee slipped and fell while a dump box was simultaneously being lowered. The employee's right thumb was caught between a pinch point, which resulted in an amputation of the right thumb at the first knuckle.",Hospitalized=1.00; Amputation=1.00; Loss of Eye=0.00,"Fall on same level due to slipping ",2026-09-04 20:07:52.654682+00
274a9470-8ad5-4ce3-b5a7-eb2eb97306f1,OSHA-SIR-2015075247,7dfac61e-b374-4d21-a7a1-574864a7a436,Manasvi,NON_SIF_POTENTIAL,0.70,Mechanical Energy,Overexertion,Excessive Physical Exertion,Collapse,The employee collapsed while running to assist a coworker and required hospitalization.,Asia/Calcutta,OSHA_SIR,2015075247,An employee launching a pig and carrying a pushing rod ran to help a coworker when his legs gave out and he collapsed.,Hospitalized=1.00; Amputation=0.00; Loss of Eye=0.00,"Running, without other incident-single episode",2026-09-06 14:19:10.810028+00
28af9cbe-0c36-4664-9f56-b6accf58b574,OSHA-SIR-2015041930,7dfac61e-b374-4d21-a7a1-574864a7a436,Manasvi,NON_SIF_POTENTIAL,0.70,Stored Pressure,Fall to Lower Level,Pressure Control,Leg Fracture,"The employee reacted to unexpected pressure and jumped approximately 6 ft, resulting in a broken leg.",Asia/Calcutta,OSHA_SIR,2015041930,An employee heard a hissing sound from pressure while breaking pipe joints. He then jumped from the rig floor six feet above ground and broke his leg when he landed.,Hospitalized=1.00; Amputation=0.00; Loss of Eye=0.00,Other jump to lower level 6 to 10 feet,2026-09-06 13:31:25.083275+00
28b13429-2ee5-4e80-950e-4131fe7c6ff4,OSHA-SIR-2015074344,7dfac61e-b374-4d21-a7a1-574864a7a436,Manasvi,SIF_POTENTIAL,0.70,Fall from Height,Fall to Lower Level,Fall Protection Failure,Injuring the left shoulder and upper ribs and suffering a facial fracture.,"The employee fell approximately 12 feet from a tanker, resulting in rib and shoulder injuries and a facial fracture.",Asia/Calcutta,OSHA_SIR,2015074344,An employee fell approximately 12 feet from the top of the tanker truck he was washing injuring the left shoulder and upper ribs and suffering a facial fracture.,Hospitalized=1.00; Amputation=0.00; Loss of Eye=0.00,"Other fall to lower level 11 to 15 feet ",2026-09-04 18:02:41.909999+00
29c3728b-eb7b-4a7b-b18f-20eb0a0bf90b,OSHA-SIR-2018088899,fa21da09-d2cf-45e7-874a-a1c4d3fdc84b,Punaji Zore,SIF_POTENTIAL,0.90,Pressurized hot condensate,Employee directly received hot condensate to the face and torso,The line was not depressurized before disconnection,Pressurized hot steam condensate can cause severe burns,employee was exposed while disconnecting the hoseand the line was not depressurized leaving significant steam available for release,Asia/Calcutta,OSHA_SIR,2018088899,"An employee was disconnecting a braided metal flex hose that was supplying air to a furnace for the de-coking process. A supplier sent an alternate feed to the furnace, which required the furnace to remain online. The employee went to disconnect the flex hose from the furnace and received second degree burns to the face and first degree burns to the torso from steam/hot condensate. The line was not depressurized at the time of the incident.",Hospitalized=1.00; Amputation=0.00; Loss of Eye=0.00,Contact with hot objects or substances,2026-09-06 13:15:07.172713+00
2bfcebb1-bf20-4826-901b-bc83e315e1ad,OSHA-SIR-2015031198,fa21da09-d2cf-45e7-874a-a1c4d3fdc84b,Punaji Zore,SIF_POTENTIAL,0.90,Pipe spinner and chain create significant mechanical energy,Both hands were exposed,The spinner was not effectively disengaged before the employee's hands entered the danger zone,A moving chain can pull in or crush a hand with a credible pathway to permanent serious injury,The moving equipment had sufficient energy for a credible severe hand injury pathway,Asia/Calcutta,OSHA_SIR,2015031198,"An employee was attempting to place the pipe spinner leaver in neutral position when he tripped. His right hand engaged the spinner, and his left hand got caught in the spinner chain, cutting his left pinky and ring fingers.",Hospitalized=1.00; Amputation=1.00; Loss of Eye=0.00,"Caught in running equipment or machinery, n.e.c.",2026-09-06 11:08:01.001133+00
2c3c71e8-4e0b-4652-a94b-9416995a2137,OSHA-SIR-2016098830,fd7f23a1-5e0e-49bf-ae5a-55f7df99ba8a,Aarya Gupte,UNCERTAIN,0.70,Unprotected hole,Employee stepped into a hole,No covering,Leg fractures,Fracture due to no covering,Asia/Calcutta,OSHA_SIR,2016098830,An employee was moving items from one vehicle to another and stepped into a hole and fractured their lower leg.,Hospitalized=1.00; Amputation=0.00; Loss of Eye=0.00,"Fall through surface or existing opening, unspecified",2026-09-05 18:00:54.291108+00
2cdde9c5-b1df-49f9-b4b7-71d141478f56,OSHA-SIR-2024109712,fa21da09-d2cf-45e7-874a-a1c4d3fdc84b,Punaji Zore,NON_SIF_POTENTIAL,0.90,Mechanical and gravitational energy from the trailer jack head,The employee's fingertip was in the pinch point while positioning the jack head,The jack head was not adequately controlled and slid downward onto the exposed fingertip,The sliding jack head can cause a crush injury to the finger but the narrative does not establish sufficient energy or a crediblelife-altering injury pathway beyond the fingertip injury described,Jack head crushed an exposed fingertip but the described mechanism does not support a credible fatal or life altering injury pathway,Asia/Calcutta,OSHA_SIR,2024109712,An employee was positioning a trailer jack head when it slid downward and crushed the employee's right index fingertip. The fingertip was amputated.,Hospitalized=0.00; Amputation=1.00; Loss of Eye=0.00," Struck by rolling, sliding, or shifting objects non-running",2026-09-04 16:57:31.997119+00
2da0db57-2571-4edb-9612-c003b1fae8ff,OSHA-SIR-2024010850,fa21da09-d2cf-45e7-874a-a1c4d3fdc84b,Punaji Zore,SIF_POTENTIAL,0.90,Mechanical energy from the trailer support beam,Employee's middle finger was in the closing are while beam was being  removed,The support beam was not controlled during removal and unexpectedly came loose and closed on the employee's finger,A heavy support beam closing on an exposed body part can cause crush injuries or permanent serious injury.,Support beam unexpectedly closed on an exposed fingertip creating a credible crush mechanism.,Asia/Calcutta,OSHA_SIR,2024010850,"An employee was preparing to load a curtain-side trailer with pallets of carbon. While the support beam was being removed, it came loose from the trailer and closed on the employee's middle fingertip. He suffered a partial amputation to the finger.",Hospitalized=0.00; Amputation=1.00; Loss of Eye=0.00," Struck by falling part of vehicle or machine, still attached",2026-09-04 09:04:03.90469+00
2e15081d-6d93-45b2-a78c-1ba7ebe9a639,OSHA-SIR-2022075823,7dfac61e-b374-4d21-a7a1-574864a7a436,Manasvi,NON_SIF_POTENTIAL,0.70,Vehicle Rollover,Vehicle Occupant,Loss of Vehicle Control,Fracture,The ATV lost control and the employee fractured their leg while trying to prevent the rollover.,Asia/Calcutta,OSHA_SIR,2022075823,An employee was driving an ATV on a private roadway to respond to a well control event. The employee lost control of the ATV and used their left leg to try and prevent the ATV from flipping over. The employee's left leg was fractured.,Hospitalized=1.00; Amputation=0.00; Loss of Eye=0.00,"Nonroadway noncollision incident, unspecified",2026-09-04 17:58:51.185068+00
2e3ffa73-c838-4135-887a-c031037aec12,OSHA-SIR-2015096299,7dfac61e-b374-4d21-a7a1-574864a7a436,Manasvi,SIF_POTENTIAL,0.70,Vehicle Rollover,Vehicle Occupant,Vehicle Stability Failure,"Broken ribs, blood clotting, and lung issues.","The dump truck tipped over during unloading, causing rib fractures, blood-clotting complications, and lung problems requiring hospitalization. The lung injury presents a credible potential for serious harm.",Asia/Calcutta,OSHA_SIR,2015096299,"An employee operating a dump truck was emptying a load of dirt. The dump truck tipped over, and the employee suffered broken ribs, blood clotting, and lung issues.",Hospitalized=1.00; Amputation=0.00; Loss of Eye=0.00,"Nonroadway noncollision incident, n.e.c.",2026-09-04 17:57:44.479457+00
2fe4ec00-109d-4964-bedd-7c56cc0c94dd,OSHA-SIR-2018055135,fd7f23a1-5e0e-49bf-ae5a-55f7df99ba8a,Aarya Gupte,SIF_POTENTIAL,0.70,Exposed steel rebar,Employee stepped backward and fell onto exposed rebar,Less guarding,Wounds and internal bleeding,The employee fell onto exposed rebar,Asia/Calcutta,OSHA_SIR,2018055135,"An employee was observing pressure line testing, heard a hissing sound, stepped back to observe and fell into steel rebar. The employee was hospitalized for puncture wounds and internal bleeding.",Hospitalized=1.00; Amputation=0.00; Loss of Eye=0.00,"Fall onto or against object on same level, n.e.c.",2026-09-05 16:43:43.881622+00
3164a361-e1a9-4005-9542-e87e954f098b,OSHA-SIR-20231211139,4cbf8891-1022-43e1-877c-c6c6f08679e2,Aranya Sinha,SIF_POTENTIAL,0.90,Moving cable.,Workers hands and body were exposed.,Not stated,Partial amputations to three fingers in right hand.,"Employee was pulled into cable spool. Fatality was possible due to blood loss and other injuries, from cable spool.",Asia/Calcutta,OSHA_SIR,20231211139,An employee was applying grease to the cables of a machine during maintenance. He was caught by the 1-inch cable and pulled into the cable spool. The employee sustained partial amputations to three fingers on his right hand.,Hospitalized=0.00; Amputation=1.00; Loss of Eye=0.00," Caught in running equipment or machinery during maintenance, cleaning ",2026-09-03 13:07:17.769913+00
31ab8b7f-7709-4688-928c-1e8f490e5346,OSHA-SIR-2015010056,fd7f23a1-5e0e-49bf-ae5a-55f7df99ba8a,Aarya Gupte,SIF_POTENTIAL,0.90,Strainer for maintainace on scott unit,Employee burned from knees upto to lower abdomen,Inadequate control,Severe burns,Employee was caused severe burns all over the body,Asia/Calcutta,OSHA_SIR,2015010056,Employee was burned from his knees up to his lower abdomen after removing the strainer for maintenance on the Scott Unit.,Hospitalized=1.00; Amputation=0.00; Loss of Eye=0.00,"Exposure to harmful substances or environments, unspecified",2026-09-04 17:45:11.270314+00
335b28f2-5b70-4b93-bad8-58fbd1710d2b,OSHA-SIR-2019010476,7dfac61e-b374-4d21-a7a1-574864a7a436,Manasvi,UNCERTAIN,0.70,Thermal Energy,Smoke and Fire Exposure,Emergency Response Failure,Burn Injury,"The employee sustained burns during a structural fire and was hospitalized, but the severity and extent of the burns are not specified.",Asia/Calcutta,OSHA_SIR,2019010476,"An employee was in a guard shack helping a second employee unload tickets and codes when suddenly the shack caught on fire. The employees exited the shack to help a truck driver and to put the fire out. At that time, the first employee received burns.",Hospitalized=1.00; Amputation=0.00; Loss of Eye=0.00,"Other structural fire without collapse  ",2026-09-06 13:41:12.538343+00
336e944b-95b1-4a04-9f1c-ee33d2cae7da,OSHA-SIR-2015086176,36cd44a8-250b-4b5d-8b7e-90dd4331ac89,Shravan Patne,SIF_POTENTIAL,0.90,Suspended oad,Employee's left hand was positioned under the load while placing dunnage,Employee was exposed to the load's drop zone while positioning dunnage; the load was not adequately secured against unexpected movement,"A falling load could cause crushing, amputation, severe injury, or fatality",The employee placed his hand in the potential drop zone while positioning dunnage. The load fell and caused an amputation,Asia/Calcutta,OSHA_SIR,2015086176,An employee was positioning dunnage under a load when the load fell on the left hand resulting in the amputation of the left hand.,Hospitalized=1.00; Amputation=1.00; Loss of Eye=0.00,"Struck by falling object or equipment, unspecified",2026-09-06 22:30:29.570898+00
33abfe8a-b6cc-499a-b177-7d401218b46a,OSHA-SIR-2024054394,fa21da09-d2cf-45e7-874a-a1c4d3fdc84b,Punaji Zore,SIF_POTENTIAL,0.90,Heavy pipe and 90 degree elbow,Eployees left hand was resting on wall  exposed just below the elbow potentially could fall,Elbow became detached creating uncontrolled drop,Falling heavy pipe can cause several fractures and injuries or permanent damage,"Heavy pipe fell into employees hand during assembling creating crushing pathway ,so SIF potential is high here .",Asia/Calcutta,OSHA_SIR,2024054394,"An employee was dewatering water base mud from inside the dewatering unit. They were standing at the transfer tank monitoring the discharged fluid from the centrifuge to make sure it was free of solids. The employee rotated the 6"" pipe and 90-degree elbow so that the fluid would dump into the other side of the transfer tank and reached with his right hand to pull on the handle attached to the elbow. When the employee pulled on the handle to rotate the elbow, the elbow fell off and landed on his left hand which was resting on the divider wall below. The employee suffered blunt force trauma to the left hand that caused a laceration to the ring fingertip requiring stitches and an amputation to the middle fingertip.",Hospitalized=0.00; Amputation=1.00; Loss of Eye=0.00,Struck by dislodged or detached object(s),2026-09-04 07:11:19.029191+00
347f26eb-9b2f-469a-bce0-a5900b1beab6,OSHA-SIR-20241110530,fa21da09-d2cf-45e7-874a-a1c4d3fdc84b,Punaji Zore,SIF_POTENTIAL,0.90,Mechanical energy from the mud pump and plunger cap,The employee's finger was positioned between the plunger cap and the pump while holding the cap in place,The plunger cap was dropped while the employee's finger was in the pinch point allowing the cap to move onto the exposed fingertip,A dropped component into a pinch point can cause severe crush injury and permanent serious injury,Dropped plunger cap caught an exposed fingertip against the pump creating a credible amputation,Asia/Calcutta,OSHA_SIR,20241110530,Two employees were performing routine maintenance on a mud pump. The injured employee was holding a plunger cap in place when the second employee dropped the plunger cap and the injured employee's right middle fingertip was caught between the plunger cap and the pump. The employee sustained a partial amputation to the right middle fingertip.,Hospitalized=1.00; Amputation=1.00; Loss of Eye=0.00,Struck by object dropped by person,2026-09-04 15:42:59.423961+00
35865c3f-b4de-49e8-a94b-f554c7c830bf,OSHA-SIR-2024076651,fa21da09-d2cf-45e7-874a-a1c4d3fdc84b,Punaji Zore,SIF_POTENTIAL,0.90,rotating pump-jack counterweight,the employee was directly in the path of the counterweight,the counterweight rotated unexpectedly while being released,A rotating counterweight can generate significant energy capable of causing permanent serious injury,Rotating counterweight struck an exposed employee,Asia/Calcutta,OSHA_SIR,2024076651,"An employee was releasing a counterweight from a pump jack. The counterweight rotated and struck the employee in the back, resulting in fractures to their left femur, left sacrum, and L1 and L2 vertebrae.",Hospitalized=1.00; Amputation=0.00; Loss of Eye=0.00,Struck by running powered equipment  n.e.c.,2026-09-05 13:45:32.087766+00
364a208b-3231-422c-9769-3af63881841e,OSHA-SIR-2024021072,fa21da09-d2cf-45e7-874a-a1c4d3fdc84b,Punaji Zore,SIF_POTENTIAL,0.90,Heavy pipe and rotating rubber component,The employee's finger was in the area where the rubber could slide down,The wet rubber was not controlled while the pipe  was being moved into the stump.,"A component moved unexpectedly and contacted the employee's finger, a serious hand injury including permanent injury is a credible from this incident.",Finger exposure to moving rubber created permanent injury pathway,Asia/Calcutta,OSHA_SIR,2024021072,"A rig crew had installed the rotating rubber onto the last joint of pipe in a mouse hole. The crew picked up the joint out of the mouse hole to attach it to the stump to make up the last joint. As the joint was placed inside the stump, the rotating rubber (wet from the weather) slid down the casing and struck an employee's right index finger. The finger was amputated.",Hospitalized=0.00; Amputation=1.00; Loss of Eye=0.00,Struck by falling object  unspecified,2026-09-04 08:37:51.580135+00
36d3704a-6b26-4306-8dc1-0c285607a81b,OSHA-SIR-2024087451,fa21da09-d2cf-45e7-874a-a1c4d3fdc84b,Punaji Zore,UNCERTAIN,0.70,Stored mechanical energy from the supported pipe section pipe fall,Employee's left index finger was directly positioned on the threaded pipe while the pipe was inside the well house,The pipe section was not adequately secured allowing it to fall while the employee's finger was positioned at the pinch,The falling pipe could crush or trap the employee's hand with potential for serious permanent injury.,"The incident supports a pinch involving the fingertip, but does not describe a credible exposure pathway to fatality or lifealtering permanent serious injury beyond the reported fingertip injury",Asia/Calcutta,OSHA_SIR,2024087451,"An employee was replacing the well house. After installing the new well house, the employee drilled a 2- to 3-inch hole in the side of the well house to run a 2-inch pipe. The employee inserted the pipe into the hole and secured it inside the well house. The employee then traveled outside the well house to apply tape onto the threaded section of the new pipe. The employee used his left index finger to hold the tape on the threads. The pipe section inside the well house fell from its support and the employee's finger was lacerated, resulting in a fingertip amputation.",Hospitalized=0.00; Amputation=1.00; Loss of Eye=0.00,Struck by other falling object  n.e.c.,2026-09-04 16:10:47.191721+00
372ca159-002a-444f-9fbe-37e17b146d85,OSHA-SIR-20181010424,7dfac61e-b374-4d21-a7a1-574864a7a436,Manasvi,NON_SIF_POTENTIAL,0.90,Kinetic Energy,Vehicle Collision,Vehicle Control,Multiple Fractures – Ankle and Ribs,"The go-cart collided with a parked vehicle, causing an ankle fracture and two rib fractures.",Asia/Calcutta,OSHA_SIR,20181010424,An employee was test-driving a go-cart he had been working on when it struck a parked car. He broke his left ankle and two ribs on the left side.,Hospitalized=1.00; Amputation=0.00; Loss of Eye=0.00,Roadway collision-moving and standing vehicle in roadway,2026-09-06 14:18:08.259005+00
3941156f-d8d1-4e62-af72-888d55b292f8,OSHA-SIR-2015042154,36cd44a8-250b-4b5d-8b7e-90dd4331ac89,Shravan Patne,SIF_POTENTIAL,0.70,Heavy BOP,Employee's right hand was positioned between the falling BOP and wellhead structure,BOP was unstable on the ground and fell while employees were working around it,"A heavy BOP falling or shifting could cause crushing, amputation, severe injury, or fatality",The employee was directly exposed to the stored gravitational energy of a heavy BOP that unexpectedly fell and pinned his hand.,Asia/Calcutta,OSHA_SIR,2015042154,"On or about 20 April 2015 at approximately 1000 hrs an employee of Holman Well Service was hospitalized with an injured hand. The employee was assisting in the replacement of a BOP for Apache Bevins East 99-1H well head. The BOP was placed on the ground next to the well head. As the employees were working around the BOP, it fell over pinning the employee's right hand between the BOP body and the structure of the well head. The employee sustained multiple hand fractures.",Hospitalized=1.00; Amputation=0.00; Loss of Eye=0.00,"Struck by falling object or equipment, n.e.c.",2026-09-06 22:20:59.051781+00
3967c5a6-0a1f-4b00-9b09-3fb651228826,OSHA-SIR-2024098429,fa21da09-d2cf-45e7-874a-a1c4d3fdc84b,Punaji Zore,NON_SIF_POTENTIAL,0.90,Mechanical energy pinch point  between door and car frame,Employees finger was in the door frame gap while closing the door,"The door itself creates the pinch point ,there is no indication of  high energy release",Fingertip injury occured but based on the incident it doen't give life altering serious injury,Mechanical pinch from closing car door and  finger exposed at door frame gap so no credible high energy mechanism supporting fatal,Asia/Calcutta,OSHA_SIR,2024098429,"On September 11, 2024, an employee was unloading electric utility meters and closing the car door when her left middle finger became caught between the door and the car frame, resulting in an amputation of the fingertip.",Hospitalized=0.00; Amputation=1.00; Loss of Eye=0.00," Struck by door, gate, window",2026-09-04 08:06:52.678325+00
39fc0e61-b725-45c0-9c64-8f32dc603351,OSHA-SIR-2017021205,fd7f23a1-5e0e-49bf-ae5a-55f7df99ba8a,Aarya Gupte,UNCERTAIN,0.70,Six-foot trench,The employee suffered a fractured ankle,Trench caved in,Employee suffered injury,Fractured ankle of employee,Asia/Calcutta,OSHA_SIR,2017021205,An employee was working in a six foot trench and suffered a fractured ankle when the trench caved in.,Hospitalized=1.00; Amputation=0.00; Loss of Eye=0.00,Excavation or trenching cave-in,2026-09-04 07:40:56.277605+00
3b31083e-62b7-4a45-a743-47004f097f7a,OSHA-SIR-2018054320,7dfac61e-b374-4d21-a7a1-574864a7a436,Manasvi,SIF_POTENTIAL,0.90,Rail Vehicle,Caught-between,Railcar Separation,Severe Internal Injuries - Abdomen and Pelvis,"The employee was caught and crushed between two railcars, sustaining internal injuries to the upper abdomen and pelvic area.",Asia/Calcutta,OSHA_SIR,2018054320,"Employees were switching railcars when one of the employees was caught between the two cars. He was crushed, suffering internal injuries to his upper abdomen and pelvic area.",Hospitalized=1.00; Amputation=0.00; Loss of Eye=0.00,Pedestrian struck by rail vehicle-transportation incident,2026-09-06 13:57:27.662389+00
3c0d24f2-6a11-4f71-84ba-61444bfde1e6,OSHA-SIR-2024109922,fa21da09-d2cf-45e7-874a-a1c4d3fdc84b,Punaji Zore,UNCERTAIN,0.70,"low pressure steam vent and falling hot water, plus the fixed pipe",The employee was conducting rounds near the steam vent and was exposed to the unexpected water release,The steam vent unexpectedly released water,described mechanism leading to injury was running into a fixed pipe and falling but the narrative does not establish that the employee was directly exposed to high temperature steam or hot water,Unexpected steam-vent water release caused the employee to move suddenly and strike a pipe,Asia/Calcutta,OSHA_SIR,2024109922,"An employee was performing routine surveillance operation rounds on a furnace and nearby equipment. The employee heard a rumbling sound coming from a low-pressure steam vent and when he looked up, he saw water falling from the vent. He quickly moved to avoid the falling water and ran into a pipe and then fell, resulting in a right tibia fracture.",Hospitalized=1.00; Amputation=0.00; Loss of Eye=0.00,Walked or ran into stationary object,2026-09-05 14:56:09.458742+00
3c52f579-fbfa-4b1b-a687-e28cf3faba84,OSHA-SIR-2016087391,36cd44a8-250b-4b5d-8b7e-90dd4331ac89,Shravan Patne,SIF_POTENTIAL,0.70,Falling power swivel,Employee was directly exposed to the falling swivel while laying it down,Loss of control,Fatal or life-altering crush injury from falling equipment,A heavy power swivel fell during laydown and struck the employee  creating a high-energy crush hazard,Asia/Calcutta,OSHA_SIR,2016087391,An employee was laying down a power swivel when the swivel fell and fractured the employee's tibia and fibula.,Hospitalized=1.00; Amputation=0.00; Loss of Eye=0.00,Struck by object or equipment dropped by injured worker,2026-09-08 19:50:47.650637+00
3cf423b4-050d-4a13-a7d4-d342e881cefa,OSHA-SIR-20171110662,fa21da09-d2cf-45e7-874a-a1c4d3fdc84b,Punaji Zore,UNCERTAIN,0.70,uneven ground creates a fall or slip hazard,Employee was stepping down into the excavation,"Condition of the access point, footing, depth and fall protection are not describe","Tibia fracture occurred, but the narrative does not provide enough information to establish a credible fatal pathway","Employee fractured the tibia while stepping down into an excavation, but no high-energy fall or other severe-injury mechanism is described",Asia/Calcutta,OSHA_SIR,20171110662,An employee was stepping down into an excavation when he fractured his tibia.,Hospitalized=1.00; Amputation=0.00; Loss of Eye=0.00,Climbing or stepping up or down-single episode,2026-09-06 11:22:18.253894+00
3d545b6b-6163-4c47-8337-b8b51981240f,OSHA-SIR-2015042299,7dfac61e-b374-4d21-a7a1-574864a7a436,Manasvi,NON_SIF_POTENTIAL,0.90,Mechanical Energy,Overexertion,Manual Handling,Hernia Requiring Surgery,The employee developed a hernia while moving mail and required hospitalization and surgery.,Asia/Calcutta,OSHA_SIR,2015042299,An employee was sliding mail from a cart to the floor when she felt pain in the middle of her abdomen below the belly button. She was hospitalized for treatment of a hernia and required surgery.,Hospitalized=1.00; Amputation=0.00; Loss of Eye=0.00,"Overexertion in pushing, pulling, or turning-single episode",2026-09-06 13:45:34.10195+00
3db856fd-26cd-4e00-bf3f-1c1ae6691804,OSHA-SIR-2015107520,7dfac61e-b374-4d21-a7a1-574864a7a436,Manasvi,SIF_POTENTIAL,0.70,Kinetic Energy,Vehicle Rollover,Loss of Vehicle Control,Ankle Fracture,"The ATV slid off the gravel surface, went over an embankment, and rolled approximately 100 ft, ejecting the employee.",Asia/Calcutta,OSHA_SIR,2015107520,"On October 8, 2015, at approximately 12:45pm, an employee was operating an ATV when it began to slide on gravel. The ATV went over an embankment and rolled approximately 100 feet. The employee fell out of the ATV and suffered a fracture to his right ankle.",Hospitalized=1.00; Amputation=0.00; Loss of Eye=0.00,"Ran off driving surface, nonroadway",2026-09-06 14:16:28.841083+00
3ec7e8a2-09b5-410c-85ca-9b12be799246,OSHA-SIR-2022065392,fd7f23a1-5e0e-49bf-ae5a-55f7df99ba8a,Aarya Gupte,NON_SIF_POTENTIAL,0.70,Unsecured fiberglass grating,Employee fell 21 feet when the grating came loose,fall protection was worn but not connected,broken arm,A 21-foot fall with disconnected fall protection,Asia/Calcutta,OSHA_SIR,2022065392,"Maintenance was being performed on a machine that inverts coal cars to dump product out of the cars. The machine was in the inverted position at the time. An employee was standing on fiberglass grating when it came loose causing them to fall 21 feet to the surface below. The employee sustained a broken arm. The employee was wearing fall protection, but it was not connected at the time of the fall.",Hospitalized=1.00; Amputation=0.00; Loss of Eye=0.00,"Fall through surface or existing opening 21 to 25 feet ",2026-09-05 16:52:41.40917+00
3ffe95b5-ed27-4ec2-9db0-d01c575c237b,OSHA-SIR-2024032201,fa21da09-d2cf-45e7-874a-a1c4d3fdc84b,Punaji Zore,SIF_POTENTIAL,0.90,Gravitational energy from the suspended drillable sub and hoist,The employee was in the path of the suspended sub and was struck in the lower leg when it dropped,The sub struck the derrick leg causing the single joint elevators to open and release the suspended load,A suspended heavy load dropping and striking a person creates a credible struck by mechanism capable of causing fatal or permanent serious injury,Suspended drillable sub dropped after the elevators opened creating a credible struck by pathway,Asia/Calcutta,OSHA_SIR,2024032201,"A crew of employees was using a hoist to lift a drillable sub on the rig floor. Single-joint elevators were placed on the sub before lifting. As the crew started to lift the sub, the sub struck the derrick leg, causing the single-joint elevators to open and the sub to drop approximately 1 1/2 feet, striking the injured employee in the right leg below the knee. The employee suffered two leg fractures.",Hospitalized=1.00; Amputation=0.00; Loss of Eye=0.00,Struck by other falling object  n.e.c.,2026-09-04 16:24:54.346679+00
40b40779-5881-4ad3-b4d8-1888fdf42b61,OSHA-SIR-2025054962,fa21da09-d2cf-45e7-874a-a1c4d3fdc84b,Punaji Zore,SIF_POTENTIAL,0.90,"liner press, die and spin function",left little finger was exposed between the liner die and liner barrel,machine's spin function engaged while the operator was reaching in to remove the die,Unexpected machine movement with a finger in the pinchpoint creates a credible permanent serious injury pathway,Spin function engaged while the operator's finger was in the die,Asia/Calcutta,OSHA_SIR,2025054962,"On 5/27/2025, during the liner press operation, the operator began to carry out the routine cleaning process. While the machine was in jog mode, the operator ejected the die up using the foot pedal. The operator then went to remove the die for cleaning and the spin function engaged, causing their left little finger to be caught between the liner die and the liner barrel. The finger was amputated at the first knuckle.",Hospitalized=1.00; Amputation=1.00; Loss of Eye=0.00," Struck by running powered equipment  during maintenance, cleaning, testing",2026-09-05 11:03:28.5412+00
4150f3d3-8cb7-46ed-9779-25cf643955c4,OSHA-SIR-2015031018,36cd44a8-250b-4b5d-8b7e-90dd4331ac89,Shravan Patne,SIF_POTENTIAL,0.70,Unstable trench-side soil and underground excavation hazard,Employee was standing near the trench and moved across it while evaluating the leak the opposite soil edge gave way,Inadequate exposure around an unstable trench edge and damaged underground pipeline,"Soil collapse or a fall into the excavation could credibly cause crushing, burial, serious injury, or fatality","The employee was exposed to unstable soil adjacent to an excavation, and the soil unexpectedly gave way. Although the reported injury resulted from striking a tree root, the unstable excavation conditions could credibly lead to a fatal or life-altering fall.",Asia/Calcutta,OSHA_SIR,2015031018,A contractor hired to replace an old pipeline damaged it with a backhoe and created a leak. There was a trench about 3 feet deep and 18 inches wide. The injured employee was on scene to evaluate the leak. He moved from one side of the trench to the other. The soil on the opposite side gave way and exposed a tree root; he hit his chin on that root. The employee broke two bones in his left leg about 2 inches from his ankle.,Hospitalized=1.00; Amputation=0.00; Loss of Eye=0.00,"Struck against stationary object or equipment, unspecified",2026-09-04 09:23:35.440241+00
423fb3fc-aab8-4a2b-b42f-4a85416dd67a,OSHA-SIR-20241110304,4cbf8891-1022-43e1-877c-c6c6f08679e2,Aranya Sinha,UNCERTAIN,0.70,Spider,"Direct exposure, Spider bite",Not described,Hospitalization,Species of spider and toxicity of venom was not described.,Asia/Calcutta,OSHA_SIR,20241110304,An employee was bitten by a spider on the job site. The employee was hospitalized.,Hospitalized=1.00; Amputation=0.00; Loss of Eye=0.00," Bite or sting  insects, ""bugs""",2026-09-03 12:56:31.726941+00
42a0d24a-af37-4902-bd3d-f79cd42f2112,OSHA-SIR-2025021658,fa21da09-d2cf-45e7-874a-a1c4d3fdc84b,Punaji Zore,SIF_POTENTIAL,0.90,Forklift tipover from soft  ground elevated boom with mechanical energy,Employee was outside the forklift while the elevated boom was present and the machine began tipping,Forklift was operated on uneven ground and the ground failed when the employee stepped off the elevated boom created a falling hazard,A tipping forklift and falling elevated boom could cause a fatality or permanent serious injury through crushing forces,Direct exposure to a tipping forklift and falling elevated boom creates a credible crush pathway capable of causing fatal or life altering injury regardless of the actual injuries reported,Asia/Calcutta,OSHA_SIR,2025021658,"An employee was operating a forklift to drain some hoses of oil-based mud. The employee drove the forklift on soft and uneven ground, stopped, and raised the boom approximately forty feet to begin draining the hoses. As the employee stepped off the forklift, the soft ground gave way (impression of at least 9"") and the forklift began tipping over. The employee was struck by the boom as it was falling and sustained a dislocated knee as well as a back injury.",Hospitalized=1.00; Amputation=0.00; Loss of Eye=0.00,Struck by object tipping over,2026-09-04 15:59:59.712633+00
42adfe85-a84b-464a-a9c2-f31129cf16b3,OSHA-SIR-2019032433,fd7f23a1-5e0e-49bf-ae5a-55f7df99ba8a,Aarya Gupte,SIF_POTENTIAL,0.90,The hook snagged to tighten the line,Crushed the employee's foot,Uncontrolled line to tighten,Crushed the employee's foot,Crushing of an employee's foot might have crushed th person entirely,Asia/Calcutta,OSHA_SIR,2019032433,"A Trinidad employee was helping pull a winch line with an attached hook through the substructure of a drilling rig. The hook snagged on part of the substructure, causing the line to tighten. The line was lying across the employee's foot, which it crushed and lacerated as it tightened.",Hospitalized=1.00; Amputation=0.00; Loss of Eye=0.00,Entangled in other object or equipment,2026-09-04 07:25:44.748795+00
42c1375f-29fe-4b27-a89a-8ea5079bff64,OSHA-SIR-2021021798,fd7f23a1-5e0e-49bf-ae5a-55f7df99ba8a,Aarya Gupte,UNCERTAIN,0.70,Ignition of un-hydrotreated naphtha,Six employees were exposed to the fire,Inadequate isolation,Serious burn injuries,The release and ignition of flammable naphtha,Asia/Calcutta,OSHA_SIR,2021021798,Employees were preparing a unit for turn-around and chemical cleaning. There was a release of un-hydrotreated naphtha that resulted in a fire. Six employees sustained burns and were hospitalized.,Hospitalized=6.00; Amputation=0.00; Loss of Eye=0.00,"Ignition of vapors, gases, or liquids",2026-09-05 19:35:20.21719+00
432d0780-7f03-4ae1-8d7d-549e8e3466fa,OSHA-SIR-20241211220,fa21da09-d2cf-45e7-874a-a1c4d3fdc84b,Punaji Zore,SIF_POTENTIAL,0.90,Moving block with significant mechanical energy,Employee was on the rig floor and was struck when the bales fell onto his leg and head,The block did not stop because the pipe wrench was obstructing the brake assembly indicating a failure of the control system,Uncontrolled movement of the block and falling bales creates a credible struck by pathway capable of causing fatality or permanent serious injury,Drill block continued  despite the brake obstruction and impacted the rig floor causing bales to fall onto the employee uncontrolled heavy equipment create a credible fatal pathway,Asia/Calcutta,OSHA_SIR,20241211220,"An employee was tripping pipe out of a well. After one of the joints was unlatched, the block began coming down while there was an 18-inch pipe wrench stuck underneath the brake assembly. The block slowed down but did not stop. The block and bales impacted the rig floor. The bales fell on top of the injured employee's leg and head and the employee sustained an open fracture to the lower left leg/calf.",Hospitalized=1.00; Amputation=0.00; Loss of Eye=0.00," Struck by falling part of vehicle or machine, still attached",2026-09-04 09:18:50.229568+00
434b5bd5-6d63-4cbe-8684-2a106f68e440,OSHA-SIR-2016109353,fd7f23a1-5e0e-49bf-ae5a-55f7df99ba8a,Aarya Gupte,NON_SIF_POTENTIAL,0.70,Unprotected 18-ft-deep hole,Employee fell into the hole,Inadequate guarding,Severe injuries,An 18-foot fall into an unprotected hole,Asia/Calcutta,OSHA_SIR,2016109353,An employee fell into a hole that was 18 feet deep and was hospitalized with a broken nose and cheek and jaw injuries.,Hospitalized=1.00; Amputation=0.00; Loss of Eye=0.00,Fall through surface or existing opening 16 to 20 feet,2026-09-05 16:51:08.970849+00
441e44e0-e7d6-46e7-b1aa-c1c7fa1ab54c,OSHA-SIR-2015010700,fd7f23a1-5e0e-49bf-ae5a-55f7df99ba8a,Aarya Gupte,NON_SIF_POTENTIAL,0.70,Unprotected opening,Employee fell through a 2 ft × 3 ft opening in the centrifuge stand,Opening was not adequately guarded,Serious injury from a 12-ft fall requiring hospitalization,The employee was exposed to an unprotected opening and fell approximately 12 feet,Asia/Calcutta,OSHA_SIR,2015010700,"On January 22, 2015, an employee was hospitalized after falling 12 feet to the ground through a 2' x 3' opening in a centrifuge stand.",Hospitalized=1.00; Amputation=0.00; Loss of Eye=0.00,"Fall through surface or existing opening 11 to 15 feet ",2026-09-05 16:49:37.808638+00
45b76ea1-5d33-4295-844b-c3a282fab16f,OSHA-SIR-2025077257,fa21da09-d2cf-45e7-874a-a1c4d3fdc84b,Punaji Zore,SIF_POTENTIAL,0.90,fire y from the oil well servicing operation,All three employees were exposed,The fire occurred during servicing,A fire at an oil well can create a credible pathway to fatality or permanent serious injury,Fire during oil well servicing exposed three employees to significant burns,Asia/Calcutta,OSHA_SIR,2025077257,Three employees were servicing and cleaning an oil well when a fire occurred. All three employees were burned. One employee was treated and released. Two employees were hospitalized and one hospitalized employee required surgery.,Hospitalized=2.00; Amputation=0.00; Loss of Eye=0.00,"Vehicle or machinery fire ",2026-09-05 14:48:25.476757+00
4803cd34-3ab5-4b28-9606-1639e9b1e461,OSHA-SIR-2015041995,7dfac61e-b374-4d21-a7a1-574864a7a436,Manasvi,SIF_POTENTIAL,0.90,Anti-freeze,Ingestion,Improperly labeled,Poisoning,Toxic Ingestion,Asia/Calcutta,OSHA_SIR,2015041995,"An employee suffered systemic poisoning when he ingested anti-freeze while drinking from an improperly labeled, temporary-use container.",Hospitalized=1.00; Amputation=0.00; Loss of Eye=0.00,Ingestion of harmful substance,2026-09-04 08:43:02.659231+00
480dac6d-bc2d-4c4f-9a51-452189cc50f5,OSHA-SIR-2021021108,36cd44a8-250b-4b5d-8b7e-90dd4331ac89,Shravan Patne,SIF_POTENTIAL,0.90,Heavy valve body,Employee’s left pinky finger was directly exposed beneath the valve body,Loss of control of the valve body when the coworker slipped while manually lifting it,Fatal or life-altering crush injury from a dropped heavy component,The valve body fell during manual handling and landed on the employee’s finger,Asia/Calcutta,OSHA_SIR,2021021108,"The injured employee and a coworker removed a valve body to unclog pods in an auger. After they unclogged the pods and reloaded them, they proceeded to reinstall the valve body. As they were picking up the valve body, the coworker slipped and the valve fell onto the injured employee's left pinky finger, resulting in a fingertip amputation.",Hospitalized=0.00; Amputation=1.00; Loss of Eye=0.00,Struck by object or equipment dropped by other person,2026-09-08 19:53:48.848187+00
48d19b2e-a1ac-474d-8474-364bed1f4f10,OSHA-SIR-20171110941,fa21da09-d2cf-45e7-874a-a1c4d3fdc84b,Punaji Zore,SIF_POTENTIAL,0.90,tensioned sub winch cable and sheave system,employee was directly handling the cable with his left hand and placing his right foot on the cable,The cable unexpectedly broke free and tensioned rapidly,The sudden release and tensioning of a winch cable creates a high energy entanglement hazard,A tensioned winch cable suddenly broke free while the employee was in direct contact with it,Asia/Calcutta,OSHA_SIR,20171110941,"An employee was watching a sub-winch cable run through sheaves to ensure that the cable was running smoothly when he noticed slack due to the cable coming off the sheave. He grabbed the cable with his left hand for balance and placed his right foot on the lower section of the cable to push it into the sheave. The cable then broke free into the sheave, consequently creating tension on the cable, which cut his right foot and three left-hand fingers. His three middle left-hand fingers were amputated, and his right foot was partially amputated.",Hospitalized=1.00; Amputation=1.00; Loss of Eye=0.00,"Caught in running equipment or machinery during maintenance, cleaning ",2026-09-06 10:41:07.756502+00
491aef8a-1aa9-45d8-83b1-11d6baefdec9,OSHA-SIR-2015010658,36cd44a8-250b-4b5d-8b7e-90dd4331ac89,Shravan Patne,UNCERTAIN,0.70,Pressurized tanker Connection and stored pressure energy,Employee was directly exposed while removing the camlock cap while pressure remained on it,Failure to depressurize the connection before removing the cap,A pressurized cap can be violently ejected and cause severe or fatal struck-by injuries,The cap was removed while still pressurized and was violently propelled into the employee's face.,Asia/Calcutta,OSHA_SIR,2015010658,At 9:00AM an employee was working on an oil field energy services tanker removing a camlock cap. Pressure was on the cap when it was removed. It blew off and struck the employee in the face injuring his jaw and damaging his teeth. The employee was transferred to different hospitals before receiving treatment. The employee was hospitalized one night in Bismarck.,Hospitalized=1.00; Amputation=0.00; Loss of Eye=0.00,"Struck by dislodged flying object, particle",2026-09-06 21:57:08.249787+00
4928fc8a-bd2c-4f87-b954-397a2198781c,OSHA-SIR-2015129168,fd7f23a1-5e0e-49bf-ae5a-55f7df99ba8a,Aarya Gupte,UNCERTAIN,0.70,Jump over collection box,Employee lost balance,Inadequate safe access,Leg fracture,Employee sustained a fracture,Asia/Calcutta,OSHA_SIR,2015129168,"An employee was checking a collection box and lost his balance as he stood up. As he attempted to jump the front of the collection box ditch, the impact of the landing fractured his lower left leg.",Hospitalized=1.00; Amputation=0.00; Loss of Eye=0.00,"Fall, slip, trip, n.e.c.",2026-09-05 18:15:56.6272+00
4957ade2-c6d4-4670-bb91-55454fe5baa6,OSHA-SIR-2016076909,36cd44a8-250b-4b5d-8b7e-90dd4331ac89,Shravan Patne,SIF_POTENTIAL,0.90,Heavy rig-floor wing,Employee’s left ring finger was directly exposed beneath the falling wing,Loss of grip due to slipping on loose dirt resulted in loss of control of the rig-floor wing,Fatal or life-altering crush injury from falling rig-floor equipment,"The rig-floor wing fell after the employee slipped, creating an uncontrolled heavy-load crush hazard with credible potential for life-altering injury.",Asia/Calcutta,OSHA_SIR,2016076909,"While conducting well-servicing operations, an employee was setting up the work floor of a workover rig. The employee slipped on loose dirt, causing him to lose his grip on the wing portion of the rig floor. The wing portion fell, landing on his left ring finger and amputating the fingertip.",Hospitalized=0.00; Amputation=1.00; Loss of Eye=0.00,"Struck by object or equipment, unspecified",2026-09-08 20:20:41.031716+00
496ef633-f1b5-42fc-9f55-0bb1e5500235,OSHA-SIR-2024021688,fa21da09-d2cf-45e7-874a-a1c4d3fdc84b,Punaji Zore,SIF_POTENTIAL,0.90,Free falling headache ball and mechanical energy from crane,The employee was directly underneath the crane boom while hooking th loads,The load system did not prevent the headache ball and fast line from freefalling the employee was in the middle,A free falling crane component striking a person's head has a clear pathway to fatality or permanent serious injury,Free falling crane headache ball and fast line struck an employee positioned beneath the boom significant falling object can cause serious fatal injuries,Asia/Calcutta,OSHA_SIR,2024021688,"An employee was on a barge hooking up and unhooking loads on a boom crane. While under the boom crane, the employee was struck in the side of the head and the body by a free-falling headache ball and fast line. The employee suffered fractures and internal bleeding and was hospitalized.",Hospitalized=1.00; Amputation=0.00; Loss of Eye=0.00," Struck by falling part of vehicle or machine, still attached",2026-09-04 09:12:25.509973+00
4ab768f7-12a6-418e-ac89-399303c320f6,OSHA-SIR-2015020759,36cd44a8-250b-4b5d-8b7e-90dd4331ac89,Shravan Patne,SIF_POTENTIAL,0.90,Falling rig floor,Two employees were exposed while performing maintenance near the rig floor one was directly beneath the falling floor,The rig floor was not adequately secured allowing it to fall unexpectedly,"A falling rig floor could cause crushing, fatal injuries, or other life-altering harm",Employees were exposed to the potential collapse of a heavy rig component. The derrick floor fell and caused a crushing injury and a secondary fall injury,Asia/Calcutta,OSHA_SIR,2015020759,"Two employees were hospitalized due to injuries sustained during maintenance operations on a workover rig in the maintenance shop. One employee suffered a crushing injury when a derrick floor fell on his chest, breaking ribs and causing a collapsed lung. A second employee suffered a broken elbow due to a fall sustained while attempting to hold the falling rig floor.",Hospitalized=2.00; Amputation=0.00; Loss of Eye=0.00,"Struck by falling object or equipment, unspecified",2026-09-06 22:32:52.390378+00
4b01f7c9-dde5-4a4e-aaaf-466888e4bf61,OSHA-SIR-2019076882,7dfac61e-b374-4d21-a7a1-574864a7a436,Manasvi,SIF_POTENTIAL,0.70,Vehicle Rollover,Vehicle Occupant,Loss of Vehicle Control,Serious Injury,"The UTV struck a tree after losing stability, ejecting the driver and causing multiple fractures and head injury to both employees.",Asia/Calcutta,OSHA_SIR,2019076882,Two employees were traveling in a UTV on a gravel road. The UTV slipped off the road. While it was being maneuvered back onto the road it slipped and hit a tree. The driver was ejected and suffered a broken femur and knee damage; the passenger suffered fractures to the ankle and arm and a head laceration. Both employees were hospitalized.,Hospitalized=2.00; Amputation=0.00; Loss of Eye=0.00,"Nonroadway collision with object other than vehicle, n.e.c.",2026-09-04 17:53:00.171399+00
4c6933df-5fc4-456a-9815-d5c2116c628e,OSHA-SIR-2019099854,36cd44a8-250b-4b5d-8b7e-90dd4331ac89,Shravan Patne,UNCERTAIN,0.70,energy Uncontrolled 18-inch,Two employees were directly exposed in the pipe’s path and had their legs pinned,"Pipe control failed when the loader clamps were lowered, allowing the pipe to roll off the forks",Fatal or life-altering crush injury from uncontrolled pipe movement,A large pipe rolled off loader forks and pinned two employees,Asia/Calcutta,OSHA_SIR,2019099854,An 18-inch pipe rolled off the forks of a loader when the clamps were lowered. Two employees' legs were pinned between the pipes.,Hospitalized=2.00; Amputation=0.00; Loss of Eye=0.00,Struck by object or equipment rolling freely,2026-09-08 20:12:07.262328+00
4c96adad-e415-423e-b987-66eb98f17d7b,OSHA-SIR-2015118789,fd7f23a1-5e0e-49bf-ae5a-55f7df99ba8a,Aarya Gupte,SIF_POTENTIAL,0.90,Unmanned pipelined compressor,Burns on hands and face,Pipeline compressor kept open,Severe burns and injuries,Caused one employee to move to the hospital due to a severe injury,Asia/Calcutta,OSHA_SIR,2015118789,"Two maintenance employees were troubleshooting a switch gear at an unmanned pipeline compressor station when an arc flash occurred. One employee was hospitalized after receiving burns on his hands and face. Another employee was treated, but was not hospitalized.",Hospitalized=1.00; Amputation=0.00; Loss of Eye=0.00,"Direct exposure to electricity, unspecified",2026-09-04 07:12:35.223785+00
4d1b41ba-356e-4c0c-8d5f-723df9d0c5cf,OSHA-SIR-2016087087,7dfac61e-b374-4d21-a7a1-574864a7a436,Manasvi,NON_SIF_POTENTIAL,0.70,Mechanical Energy,Struck by,Tool Failure,Breaking of wrist and finger,"Chain wrench which broke hit his hand, breaking his wrist and finger.",Asia/Calcutta,OSHA_SIR,2016087087,"An employee was securing a stand of drilling pipe with a chain wrench when the wrench broke and hit his hand, breaking his wrist and finger.",Hospitalized=1.00; Amputation=0.00; Loss of Eye=0.00,"Injured by object breaking in hand ",2026-09-04 09:29:05.315576+00
4e7e64a8-6d87-47ea-8a98-fd0a964bf242,OSHA-SIR-2019099922,fd7f23a1-5e0e-49bf-ae5a-55f7df99ba8a,Aarya Gupte,NON_SIF_POTENTIAL,0.70,Elevated walk away from tank battery,Three employee detaching and two of them fell down,Loosely fitted walk away screws,Employees suffered injuries,Employees suffered injuries due to falling down,Asia/Calcutta,OSHA_SIR,2019099922,"Three employees were detaching an elevated walkway from a tank battery. After being cut, the walkway gave way while two of the employees were on it, and they fell about 15 feet to the ground. One of them suffered a compound fracture to the right femur and a concussion. The other suffered a crushed left heel.",Hospitalized=2.00; Amputation=0.00; Loss of Eye=0.00,"Fall from collapsing structure or equipment 11 to 15 feet ",2026-09-04 18:11:24.548293+00
4fc779c8-f792-49a4-8505-5320897215e6,OSHA-SIR-2015031116,7dfac61e-b374-4d21-a7a1-574864a7a436,Manasvi,SIF_POTENTIAL,0.70,not defined,not defined,not defined,Amputated,The employee lower left arm was amputated,Asia/Calcutta,OSHA_SIR,2015031116,An employee's lower left arm was amputated.,Hospitalized=1.00; Amputation=1.00; Loss of Eye=0.00,Nonclassifiable,2026-09-04 17:25:11.953769+00
4fd70f84-6fad-4d9a-b29b-3895677ef167,OSHA-SIR-2015010401,fd7f23a1-5e0e-49bf-ae5a-55f7df99ba8a,Aarya Gupte,NON_SIF_POTENTIAL,0.90,Hand tool,Employee lost balance,Control of the tool was lost,ankle fracture,Loss of balance made the person fall fracturing his ankle,Asia/Calcutta,OSHA_SIR,2015010401,Employee was breaking a bolt with a crescent wrench and it slipped. The employee fell back and rolled onto the leg fracturing the ankle.,Hospitalized=1.00; Amputation=0.00; Loss of Eye=0.00,"Fall on same level, n.e.c. ",2026-09-05 15:05:44.071827+00
50d5a2c4-5cd6-4d31-918a-5e7e5a84594a,OSHA-SIR-2024076544,fa21da09-d2cf-45e7-874a-a1c4d3fdc84b,Punaji Zore,NON_SIF_POTENTIAL,0.70,Heavy cylinder falling,Employee had a hand in the potential line of fire while removing the cylinder,Cylinder was not adequately secured or controlled during removal from the shackle allowing it to fall,The falling cylinder could crush or trap a hand or other body part with a credible pathway to permanent serious injury,"The event involved direct exposure of falling cylindet, but the described incident  is limited to a fingertip crush pathway,incident   does not provide evidence  capable of fatality or life-altering serious injury",Asia/Calcutta,OSHA_SIR,2024076544,"An employee was trying to take out the cylinder of a power tong. Once the cylinder came out of its shackle, it fell and crushed the employee's right little finger below the nail. The employee suffered a fingertip amputation.",Hospitalized=0.00; Amputation=1.00; Loss of Eye=0.00,Struck by other falling object  n.e.c.,2026-09-04 16:05:09.658633+00
51d2c7ee-bba7-4b51-b4da-cc7e4eb9e4bb,OSHA-SIR-2016043383,fd7f23a1-5e0e-49bf-ae5a-55f7df99ba8a,Aarya Gupte,SIF_POTENTIAL,0.90,floor plate of a drilling rig,Employee was standing on the floor plate,The plate was not fixed properly,Employee fell 17 feet causing him severe injuries,Employee needs hospitalization doe to falling from great height on his head,Asia/Calcutta,OSHA_SIR,2016043383,"An employee was standing on the floor plate of a drilling rig when the method of attaching the floor plate to the structure failed. The employee fell 17 feet to the ground, suffering a head laceration that required surgery.",Hospitalized=1.00; Amputation=0.00; Loss of Eye=0.00,Fall from collapsing structure or equipment 16 to 20 feet,2026-09-04 18:15:15.061854+00
51f8e01b-e14f-4024-b721-cccd6089118e,OSHA-SIR-2021053922,fd7f23a1-5e0e-49bf-ae5a-55f7df99ba8a,Aarya Gupte,SIF_POTENTIAL,0.90,Vapours that are flammable,Five person crew working around the open tank,Inadequate control of the flammable substance,Tank explosion caused severe injuries,Explosion caused severe injuries,Asia/Calcutta,OSHA_SIR,2021053922,"A five-man crew had been subcontracted by Laredo Petroleum to replace the fire tubes on a heater treater and clean the inside of the tank. Three employees with Dorado Construction Group were contracted as a roustabout crew to clean the tank and replace the fire tubes, one employee of Mulholland Energy Services was contracted to operate the vacuum truck and remove the sludge from the tank, and one employee of Permian Service Co., LLC was hired to operate a hot oil truck to provide water to the roustabout crew for cleaning. At approximately 1:00 p.m. the employees had completed pulling out the old fire tube and had begun the process of cleaning the inside of the tank from the open hatch when an explosion occurred. Three employees were hospitalized for second and third degree burns to their arms and face.",Hospitalized=3.00; Amputation=0.00; Loss of Eye=0.00,"Explosion, unspecified",2026-09-04 09:14:23.379666+00
52573955-7885-463f-aa24-ecd351236d66,OSHA-SIR-2024076231,fa21da09-d2cf-45e7-874a-a1c4d3fdc84b,Punaji Zore,SIF_POTENTIAL,0.90,Steel tubing being moved,Employee 1 had their hand in the area of the tubing while Employee 2 was removing another piece.,The tubing was not adequately controlled during removal and Employee 2 lost control of it after tripping allowing it to fall onto Employee 1's finger.,Falling steel tubing can cause a severe crush injury to an exposed hand  including permanent serious injury,Uncontrolled steel tubing fell onto an exposed finger  creating a credible crush mechanism,Asia/Calcutta,OSHA_SIR,2024076231,"Two employees were looking for steel tubing in the yard. Employee 1 knelt down to read the size numbers on the tubing. Employee 2 pulled out a piece of tubing and then tripped over a white mesh bag of parts from a delivery. The tubing was dropped on employee 1's right middle finger, amputating the fingertip.",Hospitalized=0.00; Amputation=1.00; Loss of Eye=0.00,Struck by object dropped by person,2026-09-04 09:28:51.399652+00
529f141d-1a9f-4ce4-a95f-4a3930a5bc17,OSHA-SIR-2015010253,fd7f23a1-5e0e-49bf-ae5a-55f7df99ba8a,Aarya Gupte,SIF_POTENTIAL,0.70,Fast line entanglement,Employee was pulled away from the ladder,Less protection,Serious body part injury,The employee was unexpectedly pulled away from the ladder,Asia/Calcutta,OSHA_SIR,2015010253,"Employee was on the side of the derrick untying tubular when his fast line became caught up in his SRL. The employee was pulled away from the ladder. The SRL stopped and so did the anchor. Therefore, no fall resulted. The employee received contusions to the head, ribs, and chest area. He also suffered bruising to the brain and lungs and received six stitches to the forehead. He did not lose consciousness.",Hospitalized=1.00; Amputation=0.00; Loss of Eye=0.00,"Fall or jump curtailed by personal fall arrest system ",2026-09-05 16:40:54.688387+00
52abc73e-4658-4475-b756-187980268dbe,OSHA-SIR-2018032710,36cd44a8-250b-4b5d-8b7e-90dd4331ac89,Shravan Patne,SIF_POTENTIAL,0.90,Moving shock-sub,Employee’s right foot was directly exposed to the moving shock-sub,Inadequate control of the shock-sub during BHA assembly allowed it to strike the employee’s foot,Fatal or life-altering crush injury from moving heavy equipment,"A heavy shock-sub struck the employee’s foot during BHA assembly, creating a significant crush hazard with credible potential for life-altering injury.",Asia/Calcutta,OSHA_SIR,2018032710,"An employee was working on the rig floor assembling a bottom hole assembly when a shock-sub struck the top of his right foot, damaging his pinky toe. His toe had to be surgically amputated from the last joint.",Hospitalized=1.00; Amputation=1.00; Loss of Eye=0.00,"Struck by object or equipment, unspecified",2026-09-08 20:28:20.481402+00
5349016f-0393-4d86-87ac-5eaedec51258,OSHA-SIR-2018099765,fd7f23a1-5e0e-49bf-ae5a-55f7df99ba8a,Aarya Gupte,UNCERTAIN,0.70,Overhead electrical line contact,The pump antenna contacted an overhead power line,Inadequate clearance,,Electrical shock/burns,Asia/Calcutta,OSHA_SIR,2018099765,"Two employees were driving on a lease road, hauling a pump. An antenna on the pump got caught on an overhead electrical wire, directing energy to the truck. One employee suffered an electrical burn, as well as a sprained ankle when he jumped out of the truck; the other suffered a shoulder injury when he jumped out of the truck and rolled on the ground.",Hospitalized=2.00; Amputation=0.00; Loss of Eye=0.00,"Indirect exposure to electricity, unspecified",2026-09-05 19:44:55.592141+00
53bbb724-220f-4f99-906a-e8a5bb86aa92,OSHA-SIR-20241211420,fa21da09-d2cf-45e7-874a-a1c4d3fdc84b,Punaji Zore,NON_SIF_POTENTIAL,0.90,no significant external hazardous energy is described,the employee was walking normally on level ground,not described,"The fracture and surgery describe the actual outcome, but they do not establish SIF potential by themselves",Employee suffered a fracture while walking on level ground with no hazardous energy,Asia/Calcutta,OSHA_SIR,20241211420,"An employee was walking on level, grassy ground when he suffered a broken left knee at the distal end of the femur. He was hospitalized and required surgery.",Hospitalized=1.00; Amputation=0.00; Loss of Eye=0.00," Walking, without other incident",2026-09-05 14:59:12.665821+00
553da898-c8a7-4ef6-ba6d-bb6711eafcf3,OSHA-SIR-2015118834,fd7f23a1-5e0e-49bf-ae5a-55f7df99ba8a,Aarya Gupte,NON_SIF_POTENTIAL,0.70,Embankment edge,Employee was inside the loader when it went over an embankment and was ejected,Inadequate control,Crushed pelvis and traumatic arm amputation,A front-end loader went over an embankment,Asia/Calcutta,OSHA_SIR,2015118834,"On or about November 22, 2015, an employee was seriously injured and hospitalized with a crushed pelvis and a lower left arm amputation, after being ejected from a front end loader that went over an embankment at the facility.",Hospitalized=1.00; Amputation=1.00; Loss of Eye=0.00,"Fall or jump from vehicle in normal operation, nonroadway",2026-09-05 16:48:21.194246+00
55acebac-27d7-4f26-b506-8c7625e31cc3,OSHA-SIR-20171110629,fd7f23a1-5e0e-49bf-ae5a-55f7df99ba8a,Aarya Gupte,NON_SIF_POTENTIAL,0.70,Fall from height,"When stairs gave way, the employee fell down",Structure problem,injury after falling down,injury when fallen down,Asia/Calcutta,OSHA_SIR,20171110629,An employee was up on a stairway opening valves on a wellhead when the stairs gave way. The employee suffered a broken left leg.,Hospitalized=1.00; Amputation=0.00; Loss of Eye=0.00,"Fall from collapsing structure or equipment, unspecified",2026-09-04 19:32:13.630013+00
55c14ee8-e9cc-40b9-aa5b-90d966c5204c,OSHA-SIR-2017099315,fa21da09-d2cf-45e7-874a-a1c4d3fdc84b,Punaji Zore,SIF_POTENTIAL,0.90,Boat collision with an underwater,employee was seated in the boat and was ejected during the impact,No effective restraint or other control prevented ejection with the boat floor,"Sudden high-energy impact can cause severe head, neck, spinal, or internal injuries, including fatality",the employee impacted the boat floor The mechanism provides a credible pathway to fatal or life altering injury,Asia/Calcutta,OSHA_SIR,2017099315,"An employee was in a boat, inspecting a pipeline, when the boat hit something in the water and ejected the employee from the seat. The employee hit the boat floor and suffered a forehead laceration and fractured left wrist.",Hospitalized=1.00; Amputation=0.00; Loss of Eye=0.00,Collision between water vehicle and object,2026-09-06 11:27:30.969852+00
563d6a72-cafb-4c35-9411-eb386db4d1ab,OSHA-SIR-2018010452,fd7f23a1-5e0e-49bf-ae5a-55f7df99ba8a,Aarya Gupte,UNCERTAIN,0.70,Fire,Employee’s clothing caught fire,Inadequate control,Burns to both legs and left hand,Fuel handling presents a significant fire hazard.,Asia/Calcutta,OSHA_SIR,2018010452,An employee was delivering fuel to a store when his pants caught on fire. He sustained burns to both legs and his left hand.,Hospitalized=1.00; Amputation=0.00; Loss of Eye=0.00,Ignition of clothing from controlled heat source,2026-09-05 19:24:42.11191+00
58d4974c-1ae8-4dc1-9146-74094841f479,OSHA-SIR-2016010940,fa21da09-d2cf-45e7-874a-a1c4d3fdc84b,Punaji Zore,NON_SIF_POTENTIAL,0.90,manually lifting and twisting with the material lift cart,The employee was exposed to a routine manual handling movement,"No significant external hazardous-energy source, equipment movement, or control failure is described",The torn ligaments are the actual injury and do not determine the SIF label,"Ankle injury occurred during routine lifting and twisting, but the described low-energy mechanism does not support a credible fatal or permanent serious injury pathway",Asia/Calcutta,OSHA_SIR,2016010940,"An employee was getting ready to reposition portable source lights using a material lift cart. He picked up the front of the lift. As he twisted around, he turned/rolled his ankle and it gave out. He suffered torn ankle ligaments.",Hospitalized=1.00; Amputation=0.00; Loss of Eye=0.00,"Bending, crawling, reaching, twisting-single episode",2026-09-05 15:06:26.482274+00
594100e3-5ed3-4475-8283-f5bc29a4ca00,OSHA-SIR-2017010082,7dfac61e-b374-4d21-a7a1-574864a7a436,Manasvi,SIF_POTENTIAL,0.70,Kinetic Energy,Struck-by,Work-Zone Traffic Control,Serious Injury Requiring Hospitalization,The employee was struck by a runaway vehicle while working in a road construction zone.,Asia/Calcutta,OSHA_SIR,2017010082,"An employee was picking up cones and warning signs in a road construction area when he was struck by a runaway car, requiring hospitalization.",Hospitalized=1.00; Amputation=0.00; Loss of Eye=0.00,"Pedestrian struck by forward-moving vehicle in work zone ",2026-09-06 13:52:48.163539+00
59d9e376-1947-4a2e-9c61-417a6dc6096f,OSHA-SIR-2023087375,fd7f23a1-5e0e-49bf-ae5a-55f7df99ba8a,Aarya Gupte,SIF_POTENTIAL,0.90,Flammable source,The employee was on sand removing unit,Separation of flammable fluids,"Explosion, fall, burn, serious injury",An explosion caused him to fall with burns and serious injuries,Asia/Calcutta,OSHA_SIR,2023087375,Employees were performing well pad completion work. They pumped nitrogen into the well unit to open it up so that it would flow/produce. The employee went to the sand-removing unit/trailer to check if the well was flowing. He was standing on the steps and walkway of the trailer when an explosion occurred that knocked him over the walkway handrail resulting in a 3-4 foot fall. He was hospitalized with a fractured left foot and first-degree burns to his hands. A generator about 37 feet away had caused the ignition.,Hospitalized=1.00; Amputation=0.00; Loss of Eye=0.00,"Explosion, n.e.c.",2026-09-04 08:53:18.380233+00
5a15b65a-cfca-490e-95be-0e3ce467a64c,OSHA-SIR-20181011102,7dfac61e-b374-4d21-a7a1-574864a7a436,Manasvi,SIF_POTENTIAL,0.90,Falling Equipment,Fall to Lower Level,Rig Equipment Failure,Amputation and Multiple Serious Injuries,"The traveling block struck the crown and fell to the rig floor, creating a severe uncontrolled-energy event. One employee suffered a foot amputation and another sustained a fractured neck, arm, and ribs.",Asia/Calcutta,OSHA_SIR,20181011102,"On October 27, 2018, at approximately 9:15 PM, a crew of five employees was working on a drilling rig when the traveling block hit the crown, which caused the travel block to fall to the rig floor. One employee was struck by debris from the damaged rig and suffered a fractured neck, broken left arm, and two broken ribs. Another employee jumped away from the rig structure and fell to the ground below resulting in a left foot amputation.",Hospitalized=2.00; Amputation=1.00; Loss of Eye=0.00,"Other jump to lower level, unspecified",2026-09-06 13:40:12.767123+00
5afe3e9d-e157-4fb6-b8ee-a76d30e99b37,OSHA-SIR-2015020796,fa21da09-d2cf-45e7-874a-a1c4d3fdc84b,Punaji Zore,SIF_POTENTIAL,0.90,Falling trees,Employee was pinned between trees,the movement caused the employee to caught between the trees,Broken the leg,employee was pinned between two tree's and broken his leg,Asia/Calcutta,OSHA_SIR,2015020796,Employee clearing trees for a gas/oil pipeline installation was pinned between two trees and broke a leg.,Hospitalized=1.00; Amputation=0.00; Loss of Eye=0.00,"Caught in or compressed by equipment or objects, unspecified",2026-09-05 18:10:13.256911+00
5b2a6692-fbda-4bf4-bff2-2be68b2d4b6e,OSHA-SIR-2025010579,fa21da09-d2cf-45e7-874a-a1c4d3fdc84b,Punaji Zore,SIF_POTENTIAL,0.90,power tongs,the employee's hand was exposed,power tongs became energized while the employee was working on the equipment,Unexpected activation of power tongs can generate crushing pathway,Power tongs became energized during maintenance exposing the employee's hand,Asia/Calcutta,OSHA_SIR,2025010579,An employee was changing out the tong heads in the power tongs on a drilling rig when they became energized and crushed the employee's hand.,Hospitalized=1.00; Amputation=0.00; Loss of Eye=0.00,Struck by running powered equipment  unspecified,2026-09-05 13:55:35.800961+00
5b6fc660-56dd-41fc-884a-8130719b28a6,OSHA-SIR-2015010417,fd7f23a1-5e0e-49bf-ae5a-55f7df99ba8a,Aarya Gupte,UNCERTAIN,0.70,Ignition of leaking fluid during heater,Employees were exposed to the ignited leaking fluid while changing the heater treater tube,Inadequate isolation,Severe burn injuries,Leaking fluid ignited during maintenance,Asia/Calcutta,OSHA_SIR,2015010417,"On January 13, 2015, the employees were in the process of changing a heater treater tube. The leaking fluid ignited causing severe burn injuries. One employee was sent to the Minnesota burn unit.",Hospitalized=1.00; Amputation=0.00; Loss of Eye=0.00,"Ignition of vapors, gases, or liquids",2026-09-05 19:28:59.908059+00
5c127b43-d655-433c-8c03-2edeefea289f,OSHA-SIR-2015031231,fa21da09-d2cf-45e7-874a-a1c4d3fdc84b,Punaji Zore,NON_SIF_POTENTIAL,0.90,crush point at the roller,employee's fingers,Hand separation from the roller pinch point was not maintained,Fingertip amputation occurred,employee's finger was exposed and caught while opening the gate exposure were localized to the fingertip with no credible fatal SIF pathway described,Asia/Calcutta,OSHA_SIR,2015031231,An employee was opening a gate when the last finger of the employee's left hand was pinched in a roller; the fingertip was amputated.,Hospitalized=0.00; Amputation=1.00; Loss of Eye=0.00,"Caught in running equipment or machinery, unspecified",2026-09-06 11:09:59.422307+00
5cab5e21-707c-45e1-ae9e-c3dcf801807f,OSHA-SIR-2017032812,7dfac61e-b374-4d21-a7a1-574864a7a436,Manasvi,NON_SIF_POTENTIAL,0.70,Broken Glass,Cut or Laceration,Glass Breakage,Amputation,Amputation of finger tip,Asia/Calcutta,OSHA_SIR,2017032812,An employee was changing a light bulb when the globe around the bulb broke. The broken glass then amputated his fingertip.,Hospitalized=0.00; Amputation=1.00; Loss of Eye=0.00,"Injured by object breaking in hand ",2026-09-04 09:27:21.381626+00
5dc424be-7efe-4f2d-be3a-9adef429833d,OSHA-SIR-2016054820,36cd44a8-250b-4b5d-8b7e-90dd4331ac89,Shravan Patne,SIF_POTENTIAL,0.90,Pressurized hydraulic system,Two employees were exposed when the hydraulic hose one was struck below the knee and the other in the abdomen,Hydraulic connection failed while personnel were within the potential line of fire,Failure of a pressurized hydraulic connection can propel fittings or components with enough force to cause fatal or life-altering struck-by injuries,A hydraulic connection separated and released stored energy propelling the fitting and protective sleeve toward two employees.,Asia/Calcutta,OSHA_SIR,2016054820,"A hydraulic hose/fitting separated from the hydraulic cylinder to which it was attached. In doing so, the fitting that parted from the hose struck one employee just below the left knee causing a laceration. The protective sleeve that slides over the fitting connection, struck another employee in the abdomen causing a contusion.",Hospitalized=2.00; Amputation=0.00; Loss of Eye=0.00,"Struck by dislodged flying object, particle",2026-09-06 22:06:12.397658+00
5df15bad-70d4-4466-8400-03c8b8f8764e,OSHA-SIR-2015042422,7dfac61e-b374-4d21-a7a1-574864a7a436,Manasvi,NON_SIF_POTENTIAL,0.90,Kinetic Energy,Struck-by,Traffic Control Failure,Broken Leg,The employee was struck by a company truck and hospitalized with a broken leg.,Asia/Calcutta,OSHA_SIR,2015042422,An employee was struck by a company truck at the company's construction yard and hospitalized for a broken leg.,Hospitalized=1.00; Amputation=0.00; Loss of Eye=0.00,"Pedestrian struck by vehicle in nonroadway area, unspecified",2026-09-06 14:06:31.243659+00
5e46612d-f21d-4f51-a90c-e3aba5721420,OSHA-SIR-2015010597,36cd44a8-250b-4b5d-8b7e-90dd4331ac89,Shravan Patne,SIF_POTENTIAL,0.90,falling hopper,Employee was directly beneath or near the hopper while it was being lifted by a forklift,"Hopper was not adequately secured during lifting, allowing it to fall onto the employee","A falling hopper could cause crushing, severe spinal injury, or fatality",The employee was directly exposed to a suspended load being lifted by a forklift.,Asia/Calcutta,OSHA_SIR,2015010597,An employee suffered a back injury when a hopper that was being lifted by a forklift fell on the employee.,Hospitalized=1.00; Amputation=0.00; Loss of Eye=0.00,Struck by object falling from vehicle or machinery-other than vehicle part,2026-09-06 22:45:00.937554+00
5f3fe6c2-cb6a-475c-953d-5cfad497262e,OSHA-SIR-2018088265,fa21da09-d2cf-45e7-874a-a1c4d3fdc84b,Punaji Zore,SIF_POTENTIAL,0.90,truck roller line with stored mechanical energy,Employee's finger was positioned near the roller,The employee remained in the line of pinch point while the driver lifted the mud tank,A tensioned cable pulled into a truck roller can generate significant crushing forces and could cause permanent serious,Tensioned cable and truck roller created a high-energy pinch hazard the mechanism provides a credible pathway to permanent serious injury,Asia/Calcutta,OSHA_SIR,2018088265,"An employee was setting up five mud tanks and a mud pump. While he was hooking up the fifth mud tank to the fourth mud tank, a gap formed between the hose to the union. He inched the cable over multiple times to close the gap. Then, the driver lifted the mud tank up, which caused the cable line to pull the employee's finger between the truck roller, resulting in an amputation of the end of his left index finger.",Hospitalized=1.00; Amputation=1.00; Loss of Eye=0.00,"Caught in running equipment or machinery, unspecified",2026-09-06 11:18:38.97666+00
5f4639de-3039-470b-a545-6b0100bfdfa3,OSHA-SIR-2024010927,fa21da09-d2cf-45e7-874a-a1c4d3fdc84b,Punaji Zore,SIF_POTENTIAL,0.90,Fire from propane and the burner system,The employee was exposed to the burner area when the propane line shifted,the propane line moved under the truck and entered the burner box,"A propane flash fire in close proximity to an employee creates a credible pathway for severe burns, potentially including fatal or permanent serious injury",A propane line entered the burner box and caused a flash fire near the employee,Asia/Calcutta,OSHA_SIR,2024010927,"An employee was preheating oil to place in the casing of an oil well flow line. A propane line shot under the truck and into the burner box, causing the burners to ignite and start a flash fire. The employee suffered burns to their face, neck, and wrist.",Hospitalized=1.00; Amputation=0.00; Loss of Eye=0.00,"Vehicle or machinery fire ",2026-09-05 14:40:11.205049+00
5ffff92b-a3d0-4044-a66a-a7aa5a387a5f,OSHA-SIR-2015085625,7dfac61e-b374-4d21-a7a1-574864a7a436,Manasvi,SIF_POTENTIAL,0.90,Mechanical Energy,Struck-by,Blind-Side Exposure,Foot Amputation,"The track hoe backed over the employee's foot, causing an actual amputation.",Asia/Calcutta,OSHA_SIR,2015085625,"During pipeline construction and while stringing pipe, a track hoe operator was unloading pipe from a delivery truck when an employee walked behind the track hoe on the operator's blind side. The track hoe backed up onto the employee's left foot amputating it.",Hospitalized=0.00; Amputation=1.00; Loss of Eye=0.00,Pedestrian struck by vehicle backing up in nonroadway area,2026-09-06 13:58:37.695243+00
6054f6d2-0728-49a0-b61a-fdccfff6cc51,OSHA-SIR-2018065614,7dfac61e-b374-4d21-a7a1-574864a7a436,Manasvi,NON_SIF_POTENTIAL,0.90,Kinetic Energy,Unintentional Self-Inflicted Injury,Firearm Handling,Serious Hand Injury Requiring Surgery,"The handgun unintentionally discharged into the employee's hand, requiring hospitalization and surgery.",Asia/Calcutta,OSHA_SIR,2018065614,"An employee was working at a remote job site delivering chemicals. When he had finished delivering chemicals at that location, he began having a headache. The employee was looking for headache medicine in his backpack and removed a handgun from the backpack placing it on the truck console. When he later reached for the gun it discharged into his left hand. The employee was hospitalized and had surgery.",Hospitalized=1.00; Amputation=0.00; Loss of Eye=0.00,Self-inflicted shooting-unintentional,2026-09-06 14:21:05.217856+00
6079343a-4690-49c9-a072-e3cde59bc03f,OSHA-SIR-2016098738,7dfac61e-b374-4d21-a7a1-574864a7a436,Manasvi,UNCERTAIN,0.70,Hydraulic Energy,Pinch Point,Unexpected Activation,Amputation,"Activation of the wrench head, which was set at 2800 psi led to amputation of the right index fingertip of the injured employee.",Asia/Calcutta,OSHA_SIR,2016098738,"The employee was operating a hydraulic torqueing machine, completing a torque sequence on a 16"" discharge valve. He was using both hands to pick up and position the hydraulic torqueing machine wrench head onto the bolt. The employee had been working with a coworker who was operating the remote controller of the hydraulic torque wrench head. The coworker then activated the wrench head, which was set at 2800 psi and amputated the right index fingertip of the injured employee.",Hospitalized=0.00; Amputation=1.00; Loss of Eye=0.00,Injured by slipping or swinging object held by injured worker,2026-09-04 09:45:31.331575+00
612cb98f-43ef-495f-a2c9-4bcb4722804f,OSHA-SIR-2016076633,7dfac61e-b374-4d21-a7a1-574864a7a436,Manasvi,NON_SIF_POTENTIAL,0.70,Fall from Height,Jump to Lower Level,Unsafe Trailer Dismount,Tibia Fracture,The employee fractured his tibia while exiting the trailer and required hospitalization.,Asia/Calcutta,OSHA_SIR,2016076633,"An employee exited the rear of a flatbed semi-trailer onto an unpaved county road, and fractured his left tibia and was hospitalized.",Hospitalized=1.00; Amputation=0.00; Loss of Eye=0.00,"Other jump to lower level, unspecified",2026-09-06 13:38:32.165331+00
619282eb-0608-4da5-b24f-9eaed81e59d4,OSHA-SIR-20191112157,7dfac61e-b374-4d21-a7a1-574864a7a436,Manasvi,SIF_POTENTIAL,0.70,Mechanical Energy,Caught-in,Pinch Point Control Failure,Amputation,"The pipe shifted upward, trapping the employee’s fingers between the flange and overhead and resulting in amputation of the pinky finger.",Asia/Calcutta,OSHA_SIR,20191112157,"Onboard an aircraft carrier, a rigger helper was steadying a pipe in a compartment while pipefitters adjusted the pipe in another compartment. While adjusting the pipe, the light end of the pipe shifted upwards and the rigger helper s left little and ring fingers were caught between the pipe flange and the overhead. The tip of the pinky finger was crushed and the fingernail was removed, and the ring finger sustained a 2-3 laceration. The employee was hospitalized and the pinky finger was amputated to the base of the fingernail.",Hospitalized=0.00; Amputation=1.00; Loss of Eye=0.00,Machinery or equipment incident on water vehicle,2026-09-04 17:19:38.880292+00
61eab299-8f22-436c-a367-1a09a082690b,OSHA-SIR-2023086969,fd7f23a1-5e0e-49bf-ae5a-55f7df99ba8a,Aarya Gupte,SIF_POTENTIAL,0.90,Explosives causing burns,Causing burns on the left hand due to it being exactly under it,no insulations used,Severe hand injury,Could have caused a life-threatening injury due burns,Asia/Calcutta,OSHA_SIR,2023086969,"An employee was helping to download shaped charges. During the process, a charge exploded directly over the employee's left hand. The employee suffered lacerations and burns to his left hand. He was hospitalized, and his left little finger was surgically amputated.",Hospitalized=1.00; Amputation=1.00; Loss of Eye=0.00,"Demolition or blasting explosion ",2026-09-04 06:41:38.201551+00
62b3d3f5-b5bb-4e8d-a0c3-0600a56bfd3d,OSHA-SIR-2015021361,fd7f23a1-5e0e-49bf-ae5a-55f7df99ba8a,Aarya Gupte,SIF_POTENTIAL,0.70,Hot petroleum coke,Employee fell directly into the hot petroleum,Employee not protected from the contact,Heat burns with life threatening injuries,Suffering of second and third degree burn,Asia/Calcutta,OSHA_SIR,2015021361,"An employee tripped and fell to the ground. The employee landed on his knees in a pile of hot petroleum coke. The employee sustained burns on both legs from the coke, and possibly the hot steam. The employee was taken by ambulance to Christiana Hospital, and later transferred to Crozer-Chester Medical Center in Chester, Pennsylvania. The employee sustained 2nd degree burns on his legs, and 3rd degree burns on his ankles.",Hospitalized=1.00; Amputation=0.00; Loss of Eye=0.00,"Fall on same level due to tripping, n.e.c.",2026-09-05 11:46:10.675883+00
63078551-5a4d-4b9b-a748-1cdcd7ee4d68,OSHA-SIR-2015031586,fd7f23a1-5e0e-49bf-ae5a-55f7df99ba8a,Aarya Gupte,SIF_POTENTIAL,0.90,High-pressure drilling,"The employee was blown backwards, which caused severe injuries",Uncontrolled drilling floor pressure,An employee was injured due to high pressure on the drilling floor,Severe injuries due to high pressure,Asia/Calcutta,OSHA_SIR,2015031586,An employee was on a drilling rig floor during normal drilling operations when pressure built up and blew through a hole. The employee was blown backwards and hit his head and arm. His head and arm sustained lacerations. He was admitted to the hospital for surgery on a fractured skull.,Hospitalized=1.00; Amputation=0.00; Loss of Eye=0.00,"Explosion of pressure vessel, piping, or tire",2026-09-04 08:40:15.929116+00
643adf98-0ffc-4b40-a928-09e2d773a9d6,OSHA-SIR-2015010478,7dfac61e-b374-4d21-a7a1-574864a7a436,Manasvi,SIF_POTENTIAL,0.90,Air contaminants and respiratory irritants,Inhalation,Exposure Control Failure,Hospitalisation,"Inhalation of respiratory irritants such as chlorine, hydrogen sulfide, and benzene",Asia/Calcutta,OSHA_SIR,2015010478,"Frac technicians conducting monitoring operations on water levels of gauging tanks during oil and gas drilling operations are potentially overexposed to air contaminants and respiratory irritants such as chlorine, hydrogen sulfide, and benzene. Recently, an employee was admitted to the hospital for observation and treatment after suffering from an extreme coughing episode after working a monitoring shift at the worksite. A second employee was treated and released.",Hospitalized=1.00; Amputation=0.00; Loss of Eye=0.00,Inhalation of harmful substance-single episode,2026-09-04 08:55:45.45754+00
64731fe7-45d4-4c0e-862d-83dfce20bd4b,OSHA-SIR-2015010441,36cd44a8-250b-4b5d-8b7e-90dd4331ac89,Shravan Patne,SIF_POTENTIAL,0.70,Pressurized air  behind the cam-lock cap,Employee was standing approximately 1 foot from the manifold and directly in the potential line of fire,"Butterfly valve was left open, allowing air pressure to build against the cam-lock cap",A pressurized cam-lock cap can be violently ejected and cause severe or fatal struck-by injuries,Stored pneumatic energy caused the cam-lock cap to release unexpectedly while the employee was approximately one foot away.,Asia/Calcutta,OSHA_SIR,2015010441,"On 1/14/2015 at approximately 11:23a.m. an employee was using a blow down system on a National 340 pump to blow out water in the hard line. Once the 4 inch suction hose was drained, the suction hose was disconnected and a cam lock was placed on the suction hose coming from the pump. The four inch butterfly valve for the suction was left open allowing air to pressure up against the cam lock cap. The employee used this system to build air and blow down the fluid in the tubing line to the tank. The employee was standing in front of the manifold and slightly to the right approximately one foot away. When the employee opened up the manifold, the cam lock cap popped free hitting him in the shin.",Hospitalized=1.00; Amputation=0.00; Loss of Eye=0.00,"Struck by dislodged flying object, particle",2026-09-06 21:59:49.598611+00
65129aca-eeec-49ef-984d-476cd67f428e,OSHA-SIR-2023031900,fd7f23a1-5e0e-49bf-ae5a-55f7df99ba8a,Aarya Gupte,SIF_POTENTIAL,0.90,Perforating guns,Two employees near the perforated guns,No control,Both employees hospitalsed due to severe burns,Employees suffered burns due to explosion,Asia/Calcutta,OSHA_SIR,2023031900,Two employees were working on a perforating gun when it detonated in the shop. One employee suffered burns to the hands and hearing loss. The other employee's left hand was amputated and they sustained burns to the upper torso. Both employees were hospitalized.,Hospitalized=1.00; Amputation=1.00; Loss of Eye=0.00,"Explosion, unspecified",2026-09-04 09:00:37.062665+00
65608229-31fa-42d0-b330-db84f5714747,OSHA-SIR-2016076722,fa21da09-d2cf-45e7-874a-a1c4d3fdc84b,Punaji Zore,SIF_POTENTIAL,0.90,Hydraulic gate,employee was near the sand hopper,guarding did not prevent contact with the moving hydraulic gate,fracturized,The force and entrapment mechanism provide a credible pathway to fatal or life altering injury,Asia/Calcutta,OSHA_SIR,2016076722,An employee was working in an oilfield cleaning a sand hopper. He got caught in a hydraulic gate fracturing both femurs.,Hospitalized=1.00; Amputation=0.00; Loss of Eye=0.00,"Caught in running equipment or machinery, unspecified",2026-09-06 11:12:38.482929+00
65cd146a-b7c6-44e0-968d-f18a315a8a8a,OSHA-SIR-2019044020,7dfac61e-b374-4d21-a7a1-574864a7a436,Manasvi,NON_SIF_POTENTIAL,0.90,Mechanical Energy,Overexertion,Manual Handling,Herniated Disk (L4–L5),The employee suffered a herniated disk while wielding a sledgehammer and required hospitalization.,Asia/Calcutta,OSHA_SIR,2019044020,"On April 19, 2019, at approximately 9:00 a.m., an employee was breaking down pipe with a sledge hammer when he threw out his back and experienced lower back pain. He was hospitalized with a herniated disk at the L4 and L5 vertebrae.",Hospitalized=1.00; Amputation=0.00; Loss of Eye=0.00,"Overexertion in holding, carrying, or wielding-single episode",2026-09-06 13:42:59.24293+00
668e880b-8d19-4eca-b6d8-e4705932bbcc,OSHA-SIR-2025032146,fa21da09-d2cf-45e7-874a-a1c4d3fdc84b,Punaji Zore,SIF_POTENTIAL,0.90,Stored mechanical from the overhead TIW valve and swivel connection,The employee was working below the overhead valve and was directly exposed to the falling component,The TIW swivel connection came loose allowing the overhead valve to fall uncontrolled,A falling valve from overhead can generate significant struck by energy capable of causing fatal or permanent serious injury,"An overhead TIW valve came loose and fell onto an exposed employee, creating a credible high energy struck by pathway",Asia/Calcutta,OSHA_SIR,2025032146,"An employee was working with a pump truck operator to retrieve a retrievable plug down the hole. They were flushing sand off of a retrievable bridge packer (RBP). The TIW valve was rigged up with a swivel joint to the pump truck hose when it came loose and fell from overhead. The TIW valve struck the employee in the head and shoulder causing him to fall over. The employee sustained head trauma, a broken shoulder blade, and injuries to his shoulder, arm, and elbow. The employee was hospitalized.",Hospitalized=1.00; Amputation=0.00; Loss of Eye=0.00," Struck by propelled, falling, or suspended object  unspecified",2026-09-04 16:45:55.307647+00
6710e0fb-6fe7-4695-bad9-0190f072485e,OSHA-SIR-2015107637,7dfac61e-b374-4d21-a7a1-574864a7a436,Manasvi,UNCERTAIN,0.70,Inhalation,Harmful Substance,Unspecified,Hospitalisation,Insufficient evidence,Asia/Calcutta,OSHA_SIR,2015107637,An employee was hospitalized for inhalation hazards.,Hospitalized=1.00; Amputation=0.00; Loss of Eye=0.00,"Inhalation of harmful substance, unspecified",2026-09-04 08:45:57.471323+00
6776e57c-ae73-4583-8940-1fd232560bc1,OSHA-SIR-20161010261,7dfac61e-b374-4d21-a7a1-574864a7a436,Manasvi,NON_SIF_POTENTIAL,0.70,Mechanical Energy,Pinch Point,Improper Tool Use,Amputation,An employee's fingertip was amputated,Asia/Calcutta,OSHA_SIR,20161010261,"On October 31, 2016, an employee's fingertip was amputated when he was attempting to use tongs on the screw casings.",Hospitalized=1.00; Amputation=1.00; Loss of Eye=0.00,Injured by slipping or swinging object held by injured worker,2026-09-04 16:48:42.869466+00
69f9f442-5279-4e14-9bd2-754a19ed43c1,OSHA-SIR-2016098458,36cd44a8-250b-4b5d-8b7e-90dd4331ac89,Shravan Patne,SIF_POTENTIAL,0.90,Pressurized flexible hose,Employee was directly exposed while disconnecting the pressurized hose,Hose was disconnected while still pressurized allowing uncontrolled hose movement,A pressurized hose can whip violently and cause severe or fatal impact injuries,The employee was directly exposed to stored pressure while disconnecting a pressurized hose.,Asia/Calcutta,OSHA_SIR,2016098458,While disconnecting a pressurized flexible hose an employee was struck in the abdomen/chest area by the hose. The employee suffered internal bruising and fluid build up.,Hospitalized=1.00; Amputation=0.00; Loss of Eye=0.00,"Struck by discharged or flying object, n.e.c.",2026-09-06 21:46:16.124092+00
6b45141c-e8d9-42f6-8179-9477257b7fea,OSHA-SIR-2015031447,7dfac61e-b374-4d21-a7a1-574864a7a436,Manasvi,SIF_POTENTIAL,0.70,Mechanical Energy,Caught-in,Rigging Control Failure,Amputation,"The employee sustained a finger injury during rigging down, with an actual amputation outcome.",Asia/Calcutta,OSHA_SIR,2015031447,An employee sustained injuries to his left index finger while rigging down.,Hospitalized=0.00; Amputation=1.00; Loss of Eye=0.00,Nonclassifiable,2026-09-04 17:22:24.372705+00
6c7dbb9c-c2cb-49b5-aeb5-8a8871ce9879,OSHA-SIR-20181010483,7dfac61e-b374-4d21-a7a1-574864a7a436,Manasvi,NON_SIF_POTENTIAL,0.70,Physical Aggression,Struck-by,Workplace Violence,Suffered a broken tibia and fibula,The employee was injured during a physical fight and suffered tibia and fibula fractures requiring hospitalisation.,Asia/Calcutta,OSHA_SIR,20181010483,An employee got into a fight with another person and suffered a broken tibia and fibula. He was hospitalized.,Hospitalized=1.00; Amputation=0.00; Loss of Eye=0.00,"Intentional injury by other person, unspecified",2026-09-04 17:08:21.465921+00
6d652588-b2ad-4132-bbd6-8f74ac3504ec,OSHA-SIR-2015118874,36cd44a8-250b-4b5d-8b7e-90dd4331ac89,Shravan Patne,SIF_POTENTIAL,0.90,Collapsing skid platform and rolling pipe,Employee was directly exposed to the pipe while welding on the platform,Platform structural failure caused the pipe to become uncontrolled and roll onto the employee,Fatal or life-altering crush injury from platform collapse or rolling pipe,"The platform collapsed and caused a pipe to roll onto the employee, creating a clear crush hazard with credible potential for serious or fatal injury.",Asia/Calcutta,OSHA_SIR,2015118874,"An employee was welding two sections of pipe on top of a skid platform. The skid platform (2 feet high) collapsed, and the pipe rolled onto the employee's lower leg, fracturing the right ankle. The employee was hospitalized overnight.",Hospitalized=1.00; Amputation=0.00; Loss of Eye=0.00,Struck by object or equipment rolling freely,2026-09-08 20:07:15.574142+00
6dad3a9d-0d9d-414e-9f91-0f9e26ec069b,OSHA-SIR-2024021680,fa21da09-d2cf-45e7-874a-a1c4d3fdc84b,Punaji Zore,SIF_POTENTIAL,0.90,Pump,The employee's left index finger was exposed while using the T-bar tool,The employee's finger entered the rotating equipment's danger zone while securing the retainer cap,Contact with rotating pump components can cause severe injuries including permanent serious injury,Employee's finger entered rotating pump equipment creating a seriuos injury pathway,Asia/Calcutta,OSHA_SIR,2024021680,"An employee was conducting maintenance on a pipe and was using a T-bar tool to secure the retainer cap on a pump. The employee's left index finger was caught in the rotating pump, resulting in a partial amputation.",Hospitalized=0.00; Amputation=1.00; Loss of Eye=0.00," Struck by running powered equipment  during maintenance, cleaning, testing",2026-09-05 10:48:42.121265+00
6dc99693-9dc8-42d2-9251-5c709a51ad4b,OSHA-SIR-2019032471,7dfac61e-b374-4d21-a7a1-574864a7a436,Manasvi,SIF_POTENTIAL,0.90,Mechanical Energy,Caught-between,Unexpected Equipment Movement,Bilateral Lower-Leg Fractures,"The loader moved while the employee was disconnecting the chain, pulling the birdbath onto both legs and causing bilateral leg fractures and hospitalization.",Asia/Calcutta,OSHA_SIR,2019032471,"An employee was trying to disconnect the chain from a birdbath that was still connected to the stinger of a loader. The loader began to back away from the birdbath, which was pulled onto the employee's legs. Both of his lower legs were broken.",Hospitalized=1.00; Amputation=0.00; Loss of Eye=0.00,"Pedestrian vehicular incident, n.e.c.",2026-09-06 14:14:25.114574+00
6de4d906-e4ce-4577-95a3-5cb024c0c303,OSHA-SIR-2015010074,fa21da09-d2cf-45e7-874a-a1c4d3fdc84b,Punaji Zore,NON_SIF_POTENTIAL,0.50,Mechanical pinch crush hazard,Employee's left ring finger was caught between equipment,Hand separation from the pinch point was not maintained,Partial finger amputation occurred,Finger was caught between pump components during torque wrench work but the available details do not establish the energy or mechanism needed to confirm a SIF pathway.,Asia/Calcutta,OSHA_SIR,2015010074,Employee was working on a fluid end expendable pump using a torque wrench when his left ring finger got caught in between and was amputated - halfway through the nailbed.,Hospitalized=0.00; Amputation=1.00; Loss of Eye=0.00,Compressed or pinched by shifting objects or equipment,2026-09-06 11:32:47.994744+00
6df3960f-e6ef-4b65-a331-cac9fd6943ec,OSHA-SIR-2016010251,fd7f23a1-5e0e-49bf-ae5a-55f7df99ba8a,Aarya Gupte,UNCERTAIN,0.70,Flash fire,Employee was directly exposed,Inadequate control,Extensive burns,A flash fire during vessel hot work is a high-energy fire exposure,Asia/Calcutta,OSHA_SIR,2016010251,"An employee was performing gouging operations on the internal surfaces of a vessel when a flash fire occurred. The employee received burns to the upper chest, arms, and legs (approximately 44% of body) and was hospitalized for treatment of burns and smoke inhalation.",Hospitalized=1.00; Amputation=0.00; Loss of Eye=0.00,"Fire, unspecified",2026-09-05 19:13:28.654565+00
70395bcc-bf1a-49aa-bfe1-401d60c97a39,OSHA-SIR-2016042900,fa21da09-d2cf-45e7-874a-a1c4d3fdc84b,Punaji Zore,NON_SIF_POTENTIAL,0.70,horse moving unexpectedly,The employee was in the horse's pen and was exposed to the horse's movement,The horse unexpectedly ran into the metal railing so  no specific control or barrier failure,The described mechanism could cause a person to be struck or crushed against the metal railing,Horse movement caused the employee to sustain a knee fracture but the described animal movement and railing contact do not establish a credibl permanent serious injury pathway,Asia/Calcutta,OSHA_SIR,2016042900,"An employee was breaking a horse when the horse ran into the metal railing of the pen, fracturing the employee's knee.",Hospitalized=1.00; Amputation=0.00; Loss of Eye=0.00,Animal transportation collision in nonroadway area,2026-09-05 15:02:36.423564+00
70e0f742-37a1-4c9d-b43d-a246fb73932b,OSHA-SIR-2015064039,fd7f23a1-5e0e-49bf-ae5a-55f7df99ba8a,Aarya Gupte,NON_SIF_POTENTIAL,0.50,Heat,An employee became dizzy,No open spaces no ventilation,Person was dizzy and fell,Person felt dizzy due to heat,Asia/Calcutta,OSHA_SIR,2015064039,An employee who became dizzy was hospitalized and treated for heat-related illness.,Hospitalized=1.00; Amputation=0.00; Loss of Eye=0.00,Exposure to environmental heat,2026-09-04 09:28:25.248804+00
7124d27d-6334-4b36-a0f1-ebc6f108cd18,OSHA-SIR-2015010448,fa21da09-d2cf-45e7-874a-a1c4d3fdc84b,Punaji Zore,SIF_POTENTIAL,0.90,running impeller and chain components,employee reached directly into the chain area while the spreader was operating,machine remained running while the employee's hand was inside,The rotating impeller and chain create a high-energy caught in mechanism. The same mechanism could credibly cause severe crush fatal injury if more of the hand or body were captured,Employee reached into a running impeller and chain,Asia/Calcutta,OSHA_SIR,2015010448,"An employee was unjamming a stuck granulated salt spreader used on the back of a truck to salt roads. The employee reached into the impeller and chain components while the machine was running and something grabbed his right hand and amputated his right index finger past the nail bed, but before the first joint.",Hospitalized=1.00; Amputation=1.00; Loss of Eye=0.00,"Caught in running equipment or machinery during maintenance, cleaning ",2026-09-06 10:38:08.377466+00
71c0a850-f739-471f-ab74-9fc6ad7772a0,OSHA-SIR-20161211319,36cd44a8-250b-4b5d-8b7e-90dd4331ac89,Shravan Patne,SIF_POTENTIAL,0.90,Lowering piping,Employee’s right index fingertip was directly exposed while guiding the pipe by hand,Hands were positioned in the line of fire during pipe placement,Fatal or life-altering amputation injury from uncontrolled pipe movement,The employee used his hands to guide a lowering pipe and placed his fingertip in a pinch point,Asia/Calcutta,OSHA_SIR,20161211319,"An employee was setting a pipe at a well site and was guiding the pipe with his hands. As he was lowering the pipe into a hole, his right index fingertip was caught and amputated by the pipe.",Hospitalized=1.00; Amputation=1.00; Loss of Eye=0.00,Struck by object or equipment dropped by injured worker,2026-09-08 19:52:24.585718+00
7255d49a-5756-4972-b4a6-d09772bcb0e0,OSHA-SIR-20161211930,fd7f23a1-5e0e-49bf-ae5a-55f7df99ba8a,Aarya Gupte,NON_SIF_POTENTIAL,0.70,Crushed between iron material and truck flatbed,Finger positioning between iron and truck bed,Wrong hand placement,Finger crush injury and amputation,Finger injury due to crush between iron material and truck bed,Asia/Calcutta,OSHA_SIR,20161211930,"An employee was moving a piece of iron on the bed of an iron truck, when he lost his balance, slipped, and caught his finger between the piece of iron he was handling and part of the iron flatbed truck. The left middle fingertip was amputated.",Hospitalized=1.00; Amputation=1.00; Loss of Eye=0.00,"Fall on same level, n.e.c. ",2026-09-05 15:20:56.493553+00
72ecf7f8-a2bb-45f6-afa9-cd23b74986cf,OSHA-SIR-2017043241,7dfac61e-b374-4d21-a7a1-574864a7a436,Manasvi,SIF_POTENTIAL,0.90,Mechanical Energy,Caught-between,Trailer Stability,Crushing Injury,"The trailer jack-knifed and rolled over onto the employee, causing broken legs and hospitalization.",Asia/Calcutta,OSHA_SIR,2017043241,"An employee was moving a truck and trailer when the trailer jack-knifed. A second employee was assisting the first employee with the trailer. The injured employee was standing next to the trailer directing the truck driver, when the trailer rolled over on top of him resulting in broken legs.",Hospitalized=1.00; Amputation=0.00; Loss of Eye=0.00,"Pedestrian struck by vehicle in nonroadway area, n.e.c.",2026-09-06 14:04:42.166432+00
739b2881-7422-451b-999e-b939562b41c0,OSHA-SIR-2025032361,fa21da09-d2cf-45e7-874a-a1c4d3fdc84b,Punaji Zore,SIF_POTENTIAL,0.90,High pressure gas realeased during operation,"Employee was directly exposed during removing the completion plug stopple tool affecting face ,neck ,chest and hands",Stopple tool was not completely set during operation,"High pressure gas was  realesed caused serious fatal injury causing eyesight,chest pain and hand injury","High pressure gas and metal debris were released because copletion plug wasn't fully set and it was directly exposing the employee ,so releasing of gas can cause serious fatal injury",Asia/Calcutta,OSHA_SIR,2025032361,"An employee was performing a hot tap. The employee set a completion plug in preparation of removing the completion plug stopple tool. The tool was not completely set, and gas pressure and metal debris were released from the blow out. The employee sustained multiple contusions and abrasions to the chest, neck and face area, loss of eyes, and finger amputations.",Hospitalized=1.00; Amputation=1.00; Loss of Eye=1.00,"Struck by discharged object or substance ",2026-09-03 18:39:21.379739+00
73bdff08-7310-4560-8a6e-60fabd3807ca,OSHA-SIR-2015096726,fa21da09-d2cf-45e7-874a-a1c4d3fdc84b,Punaji Zore,SIF_POTENTIAL,0.90,Suspended pipe load with substantial gravity,Employee's hand was positioned near the moving pipe,"No tag line was used, allowing the load to move laterally and strike the stanchion",A suspended pipe load can crush or pin a person,Employee was exposed to a suspended pipe load that shifted against the trailer structure,Asia/Calcutta,OSHA_SIR,2015096726,"On September 14, 2015, at approximately 10:30am, a worker suffered an amputation of the left pinky finger just above the palm while unloading pipe from a pipe trailer. The employee was standing towards the tractor side of the trailer and a side boom with sling was unloading the pipe. The load was lowered near the tractor in an effort to raise the pipe above the back stanchion on the trailer. As the pipe slowly moved, the load struck a stanchion or DOT fender and the employee's hand was crushed in the load of pipe. No tag line was used.",Hospitalized=0.00; Amputation=1.00; Loss of Eye=0.00,Compressed or pinched by shifting objects or equipment,2026-09-06 12:52:38.122158+00
73eac2f7-a2b5-4d49-847c-6d6fb8043d8d,OSHA-SIR-2018032549,fd7f23a1-5e0e-49bf-ae5a-55f7df99ba8a,Aarya Gupte,UNCERTAIN,0.70,Broken catwalk,Person on the catwalk,Mounting points loosely held/ broken,Employee fell 12 feet on the ground breaking his shoulder,Employee fallen down from 12 feet,Asia/Calcutta,OSHA_SIR,2018032549,"An employee was on a catwalk when it broke loose at the mounting points, causing the employee to fall 12 feet to the ground and suffer a shoulder injury.",Hospitalized=1.00; Amputation=0.00; Loss of Eye=0.00,"Fall from collapsing structure or equipment 11 to 15 feet ",2026-09-04 18:08:48.030215+00
7446ba84-1d0d-47f3-b6b4-98e9c14a42ce,OSHA-SIR-2019099239,7dfac61e-b374-4d21-a7a1-574864a7a436,Manasvi,NON_SIF_POTENTIAL,0.90,Mechanical Energy,Overexertion,Manual Handling,Hernia,The employee suffered a hernia while pulling slips during drill-pipe operations.,Asia/Calcutta,OSHA_SIR,2019099239,Employees were pulling slips while running drill pipe in a well bore. An employee suffered a hernia.,Hospitalized=1.00; Amputation=0.00; Loss of Eye=0.00,"Overexertion in pushing, pulling, or turning, unspecified",2026-09-06 13:44:10.024132+00
74974c8e-70ae-42a3-98e5-5467a1e87b01,OSHA-SIR-2020054454,7dfac61e-b374-4d21-a7a1-574864a7a436,Manasvi,SIF_POTENTIAL,0.90,Kinetic Energy,Struck-by,Work-Zone Traffic Control,Multiple Serious Injuries - Broken Legs and Back,"The employee was struck in a work zone after a vehicle collided with another vehicle, resulting in broken legs and a broken back and requiring hospitalization.",Asia/Calcutta,OSHA_SIR,2020054454,"An employee was flagging traffic as part of an equipment road crossing effort. The employee had successfully stopped the first vehicle when a second vehicle approached the traffic control scene behind the first. The second vehicle suddenly swerved to the right, contacted the first vehicle, and then struck the employee. The employee was hospitalized with broken legs and a broken back.",Hospitalized=1.00; Amputation=0.00; Loss of Eye=0.00,Pedestrian struck by vehicle propelled by another vehicle in work zone,2026-09-06 14:12:40.450766+00
74d20ef7-2555-4e20-bfd0-9448b83fea40,OSHA-SIR-2021020944,fa21da09-d2cf-45e7-874a-a1c4d3fdc84b,Punaji Zore,NON_SIF_POTENTIAL,0.90,Slip hazard from snow and ice,Employee's hand contacted the railing while attempting to catch themselves,The railing created an exposed snag point no control prevented finger contact during the fall,"Partial finger amputation occurred, but the described mechanism does not reasonably support a fatality or life-altering serious injury.",the described mechanism does not support a credible fatal or permanent serious injury pathway beyond the localized finger injury,Asia/Calcutta,OSHA_SIR,2021020944,"An employee was standing on the ground reaching over the rear passenger side wheel well directly adjacent to an affixed catwalk on the rear of a water supply truck. While the employee was operating a drain valve located on the rear of the tank, the employee slipped on snow and ice building up on the street surface. As the employee slipped and fell, they grabbed the catwalk guard railing and their left ring finger caught on the railing corner gusset support, resulting in a partial amputation down to the first knuckle.",Hospitalized=0.00; Amputation=1.00; Loss of Eye=0.00,"Contact with objects and equipment, n.e.c.",2026-09-06 13:18:32.065051+00
756232f2-a2a3-4d51-ba9f-645b705a5e56,OSHA-SIR-2015030379,7dfac61e-b374-4d21-a7a1-574864a7a436,Manasvi,SIF_POTENTIAL,0.90,Mechanical Energy,Struck-by,Blind-Side Exposure,Leg Amputation,"The employee fell into the trackhoe's blind side and was run over, resulting in hospitalization and amputation of the left leg.",Asia/Calcutta,OSHA_SIR,2015030379,"On March 10, 2015, at approximately 1:40 p.m., an employee was using a tag line to guide pipe being moved by a trackhoe operator. As the pipe was turned near the well pad, the employee tripped and fell on the blind side of the trackhoe. The trackhoe ran over the employee's left leg, resulting in hospitalization and amputation.",Hospitalized=0.00; Amputation=1.00; Loss of Eye=0.00,"Pedestrian struck by vehicle in nonroadway area, unspecified",2026-09-06 14:05:36.43768+00
764d2c1b-e1b4-47d9-9754-ce09e64aa6af,OSHA-SIR-20181010670,7dfac61e-b374-4d21-a7a1-574864a7a436,Manasvi,SIF_POTENTIAL,0.90,Thermal Energy,Flash Fire,Combustor Ignition,Facial and Hand Burns requiring Hospitalization,The failed ignition followed by a flash fire exposed the employee’s face and hands to sudden thermal energy.,Asia/Calcutta,OSHA_SIR,20181010670,"An employee was trying to re-light the pilot light on a combustor. It failed to ignite, then ignited when the door to the box was opened. A flash fire burned the employee's hands and face.",Hospitalized=1.00; Amputation=0.00; Loss of Eye=0.00,"Small-scale (limited) fire ",2026-09-06 14:30:10.817714+00
771fc013-19a3-4be7-8da3-359b57aa3def,OSHA-SIR-2021020886,fd7f23a1-5e0e-49bf-ae5a-55f7df99ba8a,Aarya Gupte,UNCERTAIN,0.70,Ground collapsed,Employee fell into the hole,Ground was unstable,Serious thermal burns,Serious thermal burns,Asia/Calcutta,OSHA_SIR,2021020886,An employee was making his rounds and checking equipment when the wet ground underneath him gave way. He fell in a hole that was about 1.5 feet deep and contained hot water and steam condensate. The employee was hospitalized with burns to both lower legs and ankles.,Hospitalized=1.00; Amputation=0.00; Loss of Eye=0.00,Fall through surface or existing opening less than 6 feet,2026-09-05 17:51:21.911931+00
7869c562-a603-49d0-980b-ef11358f8bff,OSHA-SIR-2025077110,fa21da09-d2cf-45e7-874a-a1c4d3fdc84b,Punaji Zore,SIF_POTENTIAL,0.90,Gravitational and mechanical energy from the 450 pound flange,The employee's hand was positioned between the flange and the pipe rack while removing masking tape,The dunnage supporting the flange failed allowing the flange to fall onto the employee's hand.,A 450 pound flange falling onto an exposed hand creates a credible crushing mechanism capable of causing permanent serious injury or fatality,A 450 pound flange fell after its support failed  crushing an exposed hand and creating a credible severe fatal injury pathway,Asia/Calcutta,OSHA_SIR,2025077110,"At about 4:20 a.m. on July 22, 2025, an employee of Blackeagle Energy Services was removing masking tape from a 24-inch, 450-pound flange on a pipe rack. Dunnage supporting the flange failed and it fell, crushing the employee's left hand against the rack. The employee suffered a partially severed middle finger, crushed bones, and lacerations/tendon damage to the ring finger. The employee was hospitalized, and the middle finger was medically amputated at the first knuckle.",Hospitalized=1.00; Amputation=1.00; Loss of Eye=0.00,Struck by other falling object  n.e.c.,2026-09-04 16:31:32.39946+00
7873e0c3-1e6a-49d2-a527-ed246e126360,OSHA-SIR-2015075090,7dfac61e-b374-4d21-a7a1-574864a7a436,Manasvi,SIF_POTENTIAL,0.70,Fall from Height,Fall to Lower Level,Guardrail Failure,Serious Injury,"The employee fell 26 feet when an unsecured guardrail gave way. A fall from this height creates credible potential for fatal or life-altering injury, even though the reported outcome was back fractures and hospitalisation.",Asia/Calcutta,OSHA_SIR,2015075090,"On July 27, 2015, a work crew was rigging up. At approximately 11:45 PM, a guardrail was installed. Before the workers secured it with bolts, the injured employee leaned against it and fell 26 feet to the ground below. He sustained five small fractures to his back and was hospitalized.",Hospitalized=1.00; Amputation=0.00; Loss of Eye=0.00,Other fall to lower level 26 to 30 feet,2026-09-04 18:17:25.228132+00
78a4bd2f-646a-451e-a215-fba0ddd5e651,OSHA-SIR-2015030396,7dfac61e-b374-4d21-a7a1-574864a7a436,Manasvi,SIF_POTENTIAL,0.70,Fall from Height,Fall to Lower Level,Fall Protection Failure,Serious Injury,The employee fell 10–15 feet after the safety line failed during engagement.,Asia/Calcutta,OSHA_SIR,2015030396,"Employees were hanging a horse head on a well. The injured employee was on a pumping unit, waiting for the horse head to be lifted with rig blocks, with a safety retractable line attached. The line got caught in the blocks and pulled the employee off of the pumping unit, causing the employee to fall 10 to 15 feet before the safety line engaged. At the point of engagement, the safety line snapped, and the employee fell to the ground.",Hospitalized=1.00; Amputation=0.00; Loss of Eye=0.00,"Other fall to lower level 11 to 15 feet ",2026-09-04 18:12:47.156678+00
78d3ff98-c1e9-4ffe-b2a1-49d85002f4b3,OSHA-SIR-2024053824,fa21da09-d2cf-45e7-874a-a1c4d3fdc84b,Punaji Zore,NON_SIF_POTENTIAL,0.70,Heavy steel plate,Employee's foot,The steel plate was able to roll on the employee's foot while he was working nearby,A heavy steel plate rolling onto a person can cause serious crush injuries but the incident  does not establish a credible fatal or permanent serious injury pathway,steel plate rolled onto an exposed foot but the incident  does not establish a credible fatal injury pathway,Asia/Calcutta,OSHA_SIR,2024053824,"On May 2, 2024, an employee was holding a hose while pumping cement into a 25"" pipe when a heavy steel plate that was attached to the pipe rolled onto his right foot. The employee sustained two broken bones on the top of his foot.",Hospitalized=1.00; Amputation=0.00; Loss of Eye=0.00," Struck by rolling, sliding, or shifting objects non-running",2026-09-05 10:43:27.362315+00
78dd9589-1066-4cd3-8f05-2043d94a4f65,OSHA-SIR-2016065427,fd7f23a1-5e0e-49bf-ae5a-55f7df99ba8a,Aarya Gupte,SIF_POTENTIAL,0.70,Explosion,Employee was exposed to fire,Failure to adequately control ignition sources,Severe burn injury,A flash fire/explosion is a high-energy event,Asia/Calcutta,OSHA_SIR,2016065427,An employee was operating a service rig with a snubbing crew when a flash fire or explosion occurred and severely burned the employee.,Hospitalized=1.00; Amputation=0.00; Loss of Eye=0.00,"Fire or explosion, unspecified ",2026-09-05 18:51:17.397956+00
7a28bdc9-7010-44e6-bab2-505dc19aa47f,OSHA-SIR-2015010522,fd7f23a1-5e0e-49bf-ae5a-55f7df99ba8a,Aarya Gupte,UNCERTAIN,0.70,electrical conductor,Employee placed a wrench near an energized bolt,Failure to de-energize,Injuries,The employee was directly exposed to an energized electrical component,Asia/Calcutta,OSHA_SIR,2015010522,Employee received an electric shock when he placed his wrench near an energized bolt on a conductor he was removing.,Hospitalized=1.00; Amputation=0.00; Loss of Eye=0.00,"Indirect exposure to electricity, unspecified",2026-09-05 19:43:41.834339+00
7a41eba1-b460-4717-85be-66a0b0bc9da2,OSHA-SIR-2016065162,fa21da09-d2cf-45e7-874a-a1c4d3fdc84b,Punaji Zore,SIF_POTENTIAL,0.90,crane outrigger retracting,employee's left middle finger was inside the outrigger pinch area,outer outrigger section retracted into the inner section while the employee's finger was positioned in the eyelet,The described mechanism could reasonably cause permanent serious injury beyond the actual fingertip injury,The retracting crane outrigger created a high force pinch point while the employee's finger was exposed,Asia/Calcutta,OSHA_SIR,2016065162,"On June 11, 2016, an employee was assisting the crew as it rigged out a crane. The crane operator was retracting the outrigger when the injured employee used his left hand to brace himself as he bent down to pick up the outrigger pad. He placed his left hand on the outrigger, and his finger entered the eyelets on the outrigger. As the outer section of the outrigger retracted into the inner section, the eyelet on the outer section amputated the employee's left middle fingertip.",Hospitalized=0.00; Amputation=1.00; Loss of Eye=0.00,Caught in running equipment or machinery during regular operation,2026-09-06 10:46:55.214515+00
7bef0c61-6ce2-4cad-b824-eb655c6fbc12,OSHA-SIR-2017054463,fd7f23a1-5e0e-49bf-ae5a-55f7df99ba8a,Aarya Gupte,SIF_POTENTIAL,0.90,Object+ring caught while reaching,Employee losing balance,Unsafe Interaction while reaching,potential for permanent impairment,Ring entanglement causing serious injury,Asia/Calcutta,OSHA_SIR,2017054463,An employee was reaching onto a shelf when the employee lost balance and their ring was caught on the shelf resulting in a left ring finger degloving.,Hospitalized=1.00; Amputation=0.00; Loss of Eye=0.00,"Contact with objects and equipment, n.e.c.",2026-09-03 20:25:46.795893+00
7c0a9c44-7963-4bd2-b869-35843a5abf46,OSHA-SIR-2020076436,36cd44a8-250b-4b5d-8b7e-90dd4331ac89,Shravan Patne,NON_SIF_POTENTIAL,0.90,Elevated snubbing platform and BOP assembly; gravitational energy from a 28-foot fall,Employee was working on the elevated platform when the platform and BOP fell; another employee was exposed to falling BOP components,"Primary BOP  connection failed, causing loss of structural support and uncontrolled collapse of the platform and secondary BOP",Fatal or life-altering injury from a 28-foot fall and falling equipment,A structural connection failure caused an elevated work platform and BOP assembly to fall approximately 28 feet,Asia/Calcutta,OSHA_SIR,2020076436,"Employees of Sundown Operating, Inc., and Axis Energy Services, LLC were working at an old oil/gas well plugging the well and getting ready to rig down. The Axis Energy Services employee was working from the platform operating the snubbing equipment. The casing from the well bore connected to the primary BOP broke causing the secondary BOP and the platform where the employee was working to fall to the ground approximately 28 feet below. The Axis Energy Services employee was hospitalized for a fractured leg. The Sundown Operating employee was assisting with the snubbing operation and was struck on the leg by the falling lug nut to the hydraulic BOP. The Sundown Operating employee was hospitalized for a fractured hip.",Hospitalized=2.00; Amputation=0.00; Loss of Eye=0.00,Struck by object falling from vehicle or machinery-other than vehicle part,2026-09-06 22:54:12.445577+00
7d665511-cb6c-4369-86a0-19d63b57c6e4,OSHA-SIR-2015031349,fd7f23a1-5e0e-49bf-ae5a-55f7df99ba8a,Aarya Gupte,NON_SIF_POTENTIAL,0.50,Mud water exposure,Employee into water up to his knees,Less assessment,Infection,Employee developed cellulitis after stepping into infected water,Asia/Calcutta,OSHA_SIR,2015031349,An employee stepped off of the boat in mud and water up to his knees. He was hospitalized with cellulitis.,Hospitalized=1.00; Amputation=0.00; Loss of Eye=0.00,"Exposure through intact skin, eyes, or other exposed tissue",2026-09-04 09:18:52.892747+00
7dd8c1f3-e7cc-4230-ac76-b86e3d986629,OSHA-SIR-2015010054,7dfac61e-b374-4d21-a7a1-574864a7a436,Manasvi,SIF_POTENTIAL,0.70,Fall from Height,Fall to Lower Level,Fall Protection Failure,Serious Internal Injury and Multiple Fractures,The employee sustained a lacerated spleen and fractured hip and shoulder.,Asia/Calcutta,OSHA_SIR,2015010054,Employee was descending a work over rig derrick via a ladder when he fell a distance. Employee suffered a lacerated spleen and fractured hip and shoulder.,Hospitalized=1.00; Amputation=0.00; Loss of Eye=0.00,"Other fall to lower level, unspecified",2026-09-06 13:24:42.665199+00
7efd493b-caf2-4aed-8539-be6cd44a5e62,OSHA-SIR-2015020682,fd7f23a1-5e0e-49bf-ae5a-55f7df99ba8a,Aarya Gupte,UNCERTAIN,0.70,Setting tool,Employee's finger exposed to the tool,No control of mechanical energy,Amputation of Fingertip,The employee suffered a fingertip amputation,Asia/Calcutta,OSHA_SIR,2015020682,An employee amputated his fingertip while tearing down a setting tool on the McMaster Pad site.,Hospitalized=1.00; Amputation=1.00; Loss of Eye=0.00,"Contact with objects and equipment, unspecified",2026-09-04 06:36:24.39924+00
7f8d0179-6ff6-4479-b121-0bdfdfa7f891,OSHA-SIR-2024021191,fa21da09-d2cf-45e7-874a-a1c4d3fdc84b,Punaji Zore,UNCERTAIN,0.70,"Pipe under tention from forklift ,so mechanical energy",Employee holding back pressure regulator having thier left hand int the are of pipe connection .,"Pipe was under forklift ,but specific control or sudden release not described","Sudden release can cause the serious injury ,but the pipe size,weight or movement not described",Tention in the pipe released mechanical energy causing injury to the employer's exposed hand but uncertain information prevents it from confidently SIF potential.,Asia/Calcutta,OSHA_SIR,2024021191,"An employee was holding a back-pressure regulator. A pipe came apart (under tension from a forklift) and injured the employee's left hand, lacerating and fracturing the index finger.",Hospitalized=1.00; Amputation=0.00; Loss of Eye=0.00,Struck by dislodged or detached object(s),2026-09-04 07:25:13.425707+00
8000821c-0c92-4b26-a2ad-d15180bbebd4,OSHA-SIR-2018033109,fd7f23a1-5e0e-49bf-ae5a-55f7df99ba8a,Aarya Gupte,SIF_POTENTIAL,0.90,adsorbent detached from the wall,"Employee absorbed into the absorbent, causing upper body trauma and partial asphyxiation",Open absorbent,upper body trauma and partial asphyxiation,Extremely dangerous and life-threatening,Asia/Calcutta,OSHA_SIR,2018033109,"An employee entered a tower and was vacuuming out adsorbent that was stuck to the inside walls when the adsorbent became detached from the wall and engulfed the employee. The employee suffered upper body trauma and partial asphyxiation, requiring hospitalization.",Hospitalized=1.00; Amputation=0.00; Loss of Eye=0.00,Engulfment in other collapsing material,2026-09-04 07:16:50.326711+00
80b553eb-5206-4243-a139-e1e76d09c734,OSHA-SIR-2022064891,fa21da09-d2cf-45e7-874a-a1c4d3fdc84b,Punaji Zore,SIF_POTENTIAL,0.90,High speed motor vehicle impact,Employee was working at the truck used to barricade the road,The barricading truck was struck by another vehicle indicating inadequate separation from traffic,A high speed vehicle collision has an obvious credible pathway to fatality or permanent injury,A 65 mph impact has substantial energy and a clear credible pathway to life altering injury,Asia/Calcutta,OSHA_SIR,2022064891,"An employee was using a truck to barricade a road. A motor vehicle, traveling at about 65 miles per hour, rear-ended the truck. The employee suffered a lip laceration, fractured vertebrae, and a tear in the inner layer of the aorta.",Hospitalized=1.00; Amputation=0.00; Loss of Eye=0.00,"Collision between a moving and standing vehicle, nonroadway",2026-09-06 11:25:06.945449+00
81805230-a837-47d6-8cf5-cb94d1ad614c,OSHA-SIR-2015021269,fd7f23a1-5e0e-49bf-ae5a-55f7df99ba8a,Aarya Gupte,NON_SIF_POTENTIAL,0.70,Hot wire,The employee touched a hot wire,Hot wire without insulation,Head and left hand Injury,Injuring hand and head due to hot wires,Asia/Calcutta,OSHA_SIR,2015021269,"On or about Monday, February 9, 2015, at 2:45 pm an employee was changing a transformer in a Merit Energy oil rig when he touched a hot wire injuring his head and left hand.",Hospitalized=1.00; Amputation=0.00; Loss of Eye=0.00,"Direct exposure to electricity, greater than 220 volts",2026-09-04 07:05:33.327448+00
824a0662-b100-4d59-872f-9aa749fbffe1,OSHA-SIR-2024032434,fa21da09-d2cf-45e7-874a-a1c4d3fdc84b,Punaji Zore,NON_SIF_POTENTIAL,0.90,Mechanical energy of door frame moved by wind,Employee's head was on the path of the door,"The door was unexpectedly moved by gust of wind ,no high energy mechanism was described",Scalp wound from the door but described incident doesn't support serious life altering injury or fatality,Wind driven door created struck hazard to the head but the described door impact doesn't suppport SIF potential pathway,Asia/Calcutta,OSHA_SIR,2024032434,"Two employees were making repairs on a boat. A gust of wind shut the engine room door on one employee's head, opening a wound across the top of the scalp. He was hospitalized.",Hospitalized=1.00; Amputation=0.00; Loss of Eye=0.00," Struck by door, gate, window",2026-09-04 08:14:24.936185+00
82c9dc61-40a4-4a96-98e7-4ceebea799a0,OSHA-SIR-2016021394,7dfac61e-b374-4d21-a7a1-574864a7a436,Manasvi,SIF_POTENTIAL,0.90,Mechanical Energy,Caught-between,Vehicle Separation Failure,Foot Amputation,"The employee was run over by a forklift, resulting in amputation of the foot.",Asia/Calcutta,OSHA_SIR,2016021394,An employee was struck by a forklift when he was trying to warn the driver that a box was about to fall off the forklift. The forklift ran over the employee's right ankle resulting in the amputation of the foot.,Hospitalized=0.00; Amputation=1.00; Loss of Eye=0.00,Pedestrian struck by forward-moving vehicle in nonroadway area,2026-09-06 13:50:09.989847+00
83dc2593-9fac-49fb-b6ff-2c6bf6b884fa,OSHA-SIR-2024054524,fa21da09-d2cf-45e7-874a-a1c4d3fdc84b,Punaji Zore,UNCERTAIN,0.70,Engine head,Left hand was exposed during fall of engine head,The employee was manually supporting it but the weight of the engine head and whether any securing system was present are not described,"A falling engine head could potentially cause severe crushing injury but the narrative doesn't give enough information about its weight, height, movement or available energy to confidently establish a fatal or life-altering injury pathway","Engine head slipped from manual grip and landed on exposed finger mechanical/gravity energy is present, but weight and fall characteristics are not provided, so SIF potential cannot be confidently established.",Asia/Calcutta,OSHA_SIR,2024054524,An employee was helping to prop up an engine head on a work table when it slipped out of his grip and landed on his left middle finger. The employee sustained a crush injury to the finger.,Hospitalized=1.00; Amputation=0.00; Loss of Eye=0.00,Struck by object dropped by person,2026-09-04 09:38:51.17219+00
841da125-980c-4399-bfe3-5170466c68c2,OSHA-SIR-2022010896,7dfac61e-b374-4d21-a7a1-574864a7a436,Manasvi,NON_SIF_POTENTIAL,0.70,Vehicle Accident,Vehicle Occupant,Loss of Vehicle Control,Fracture,"The ATV/UTV accident caused fractured ankles requiring hospitalization, but no amputation, loss of eye, or clearly life-altering injury is reported.",Asia/Calcutta,OSHA_SIR,2022010896,"An employee was operating an ATV/UTV and had an accident, resulting in fractured ankles.",Hospitalized=1.00; Amputation=0.00; Loss of Eye=0.00,"Nonroadway incident involving motorized land vehicle, unspecified",2026-09-04 17:55:55.00156+00
845eec21-7346-463e-a594-37b13132c34e,OSHA-SIR-20191111472,36cd44a8-250b-4b5d-8b7e-90dd4331ac89,Shravan Patne,UNCERTAIN,0.70,Unidentified object,Employee's head contacted an unidentified object,Not enough information to establish that a critical control or barrier failed,Head injury requiring hospitalization,The event confirms contact with an unknown object and a head injury which resulted in hospitalization,Asia/Calcutta,OSHA_SIR,20191111472,An employee was in the office shutting down for the day. The employee impacted the back of their head on an unknown object and was hospitalized with a head injury.,Hospitalized=1.00; Amputation=0.00; Loss of Eye=0.00,"Struck against object or equipment, unspecified",2026-09-04 09:02:43.647549+00
85efac1c-2d23-4679-90e2-e45ba713cbac,OSHA-SIR-2024021495,fa21da09-d2cf-45e7-874a-a1c4d3fdc84b,Punaji Zore,NON_SIF_POTENTIAL,0.90,gravitational energy from the elevators and tubing,The employee's right hand was exposed,the specific control preventing hand placement in the pinch point is not described,the described incident caused fingertip amputation but the narrative does not establish a broader fatal or life-altering injury pathway beyond the fingertip,"Elevator movement caught the employee's hand at a pinch point, but the described injury is limited to a fingertip amputation and does not establish a broader SIF pathway",Asia/Calcutta,OSHA_SIR,2024021495,An employee was lowering elevators while trying to couple a joint of tubing coming from a well. The employee's right hand was caught in a pinch point resulting in amputation of the ring fingertip.,Hospitalized=1.00; Amputation=1.00; Loss of Eye=0.00,Struck by running powered equipment  unspecified,2026-09-05 14:03:55.795144+00
8729d33a-c0c7-4df7-8ed3-90757e1c1c2a,OSHA-SIR-2016088097,fd7f23a1-5e0e-49bf-ae5a-55f7df99ba8a,Aarya Gupte,SIF_POTENTIAL,0.70,Slipping and falling down,Employee grabbing the tool chain,Carelessness and less control,Partial amputation of the finger,Employee lost a partial finger,Asia/Calcutta,OSHA_SIR,2016088097,"The employee was reaching into a tool box and slipped and fell to the ground. During the fall, the employee grabbed the tool chain which caused the tool box lid to slam against his fingers resulting in a partial amputation of a finger.",Hospitalized=0.00; Amputation=1.00; Loss of Eye=0.00,"Fall on same level due to slipping ",2026-09-04 19:55:36.579566+00
891e77ee-dec3-495f-9a33-193ec1648618,OSHA-SIR-2015053314,fd7f23a1-5e0e-49bf-ae5a-55f7df99ba8a,Aarya Gupte,SIF_POTENTIAL,0.70,Fall from the height,Employee feel from a certain height,The catwalk collapsed while the employee was working,Head injury,Serious head injury,Asia/Calcutta,OSHA_SIR,2015053314,An employee was loading equipment and tools onto a truck to prepare to leave a well site. The employee was standing on a lubricator rack/catwalk where he was releasing the straps on the crane when the catwalk collapsed. The employee fell approximately 5 feet to the truck below and hit his head. He was hospitalized.,Hospitalized=1.00; Amputation=0.00; Loss of Eye=0.00,Fall from collapsing structure or equipment less than 6 feet,2026-09-04 19:24:38.232785+00
8a1d60b2-445f-4f03-9a00-085bcf42575c,OSHA-SIR-2016099268,36cd44a8-250b-4b5d-8b7e-90dd4331ac89,Shravan Patne,SIF_POTENTIAL,0.90,High-pressure air and water,Employee was directly exposed while removing the pipe during pressure testing,Pressure was not adequately released before removing the pipe,Sudden release of high-pressure energy could cause catastrophic or fatal injury,The employee was directly exposed to stored high-pressure energy during pressure testing.,Asia/Calcutta,OSHA_SIR,2016099268,"An employee was pressure testing oil and gas equipment. As the employee was removing the tube/pipe, high-pressure air and water released and amputated the employee's left-hand digits.",Hospitalized=1.00; Amputation=1.00; Loss of Eye=0.00,Struck by discharged object or substance,2026-09-06 21:39:16.516376+00
8a9d91b7-63ce-472a-9b34-9d5baff5a68b,OSHA-SIR-2025065306,fa21da09-d2cf-45e7-874a-a1c4d3fdc84b,Punaji Zore,SIF_POTENTIAL,0.90,damaged wellhead piping,Employee 1 was in the crane cab and fell during the crane overturn and employee 2 was holding the tag line near the suspended load,The crane float sank into the ground causing the crane to lean and overturn,"The crane overturn,load movement, wellhead damageand resulting fire create multiple credible pathways for serious injuries","Crane instability caused the suspended load to strike wellheads, followed by crane overturn and fire",Asia/Calcutta,OSHA_SIR,2025065306,"Employee 1 was operating a crane to move a pumping unit. Employee 2 was holding a tag line. The crane lifted the pumping unit and began rotating clockwise to place it on top of a concrete base. The front driver s side outrigger and float began to sink into the ground, causing the crane to lean over. This caused the pumping unit to swing and strike into an adjacent wellhead, breaking some piping and causing a fire. The crane then fell over and it's boom broke piping on a second wellhead, contributing further to the fire. Employee 1 fell out of the cab and crawled out of the fire. He sustained burns to his face and hands and had fractured ribs. He was hospitalized. Employee 2 was burned on his cheek, arm, and leg.",Hospitalized=1.00; Amputation=0.00; Loss of Eye=0.00,"Vehicle or machinery fire ",2026-09-05 14:43:46.084006+00
8bc90e25-d4ac-440d-8f53-a2da91126128,OSHA-SIR-2015107932,7dfac61e-b374-4d21-a7a1-574864a7a436,Manasvi,SIF_POTENTIAL,0.90,Equipment Malfunction,Fall to Lower Level,Manlift Equipment Failure,Spinal Fracture and Head Laceration,"The employee jumped approximately 6 ft down and 10 ft out of an elevated manlift to escape an approaching train, resulting in a compression fracture to the back and a head laceration.",Asia/Calcutta,OSHA_SIR,2015107932,"On October 23, 2015, at approximately 1:00pm, a an employee was hospitalized after suffering a compression fracture to his back and laceration to his head. The employee was driving an extendible boom manlift across a designated railroad crossing. The machine malfunctioned and stopped with the bucket portion of the lift above the railroad tracks. As a train arrived, the employee untied his harness and jumped from the bucket approximately 10' out and 6' down landing on a gravel surface.",Hospitalized=1.00; Amputation=0.00; Loss of Eye=0.00,Other jump to lower level 6 to 10 feet,2026-09-06 13:32:40.77351+00
8d14b623-ae06-466b-9b69-0fdec0cca66e,OSHA-SIR-2018043604,36cd44a8-250b-4b5d-8b7e-90dd4331ac89,Shravan Patne,SIF_POTENTIAL,0.70,Steam pressure causing the candy cane to be propelled from the tank,Employee was exposed to the line of fire and was struck in the head and hands,Failure to adequately control  the tank  and prevent an object from being ejected during steaming,"A pressurized ejection could credibly cause severe or fatal struck-by, burn, or impact injuries",The employee was directly exposed to an uncontrolled object propelled from the tank during steaming.,Asia/Calcutta,OSHA_SIR,2018043604,"An employee was steaming out a line when a candy cane propelled out of the tank, striking the employee in the head and hands. The employee suffered a facial cut, facial burns, and a broken hand.",Hospitalized=1.00; Amputation=0.00; Loss of Eye=0.00,"Struck by discharged or flying object, unspecified",2026-09-06 21:49:10.49724+00
8d698efa-4be7-4028-8835-3425a87d325e,OSHA-SIR-2015031426,36cd44a8-250b-4b5d-8b7e-90dd4331ac89,Shravan Patne,SIF_POTENTIAL,0.90,Suspended traveling block,Employee’s foot was directly exposed to the falling block,"Failure of the drilling line, causing loss of support and uncontrolled block movement",Fatal or life-altering crush injury from a falling suspended block,"A suspended heavy block fell after the drilling line broke and directly struck an employee, creating credible dropped-object",Asia/Calcutta,OSHA_SIR,2015031426,An employee was operating the elevators and tongs to run pipe out of the hole when the drilling line broke. The block fell and struck his foot.,Hospitalized=1.00; Amputation=1.00; Loss of Eye=0.00,Struck by object falling from vehicle or machinery-other than vehicle part,2026-09-06 22:51:04.978991+00
8e98979c-e9c8-42be-9944-f6da77be96bb,OSHA-SIR-2024075952,fa21da09-d2cf-45e7-874a-a1c4d3fdc84b,Punaji Zore,SIF_POTENTIAL,0.90,Excavator movement and collapse of the adjacent excavation wall,The employee was standing near the excavator while spotting within the potential path of the excavator boom,The adjacent excavation wall failed causing the excavator to tip into the excavation and the boom to move into the employee's position,A tipping excavator and moving boom have substantial struck by energy capable of causing fatal or permanent serious injury,"Excavation collapse caused the excavator to tip and its boom to strike an exposed employee, creating a credible fatal and serious injury pathway",Asia/Calcutta,OSHA_SIR,2024075952,"An employee was spotting for an excavator that was pulling an old pipe from the ground. The wall of an adjacent excavation caved in and caused the excavator to tip into it. The top knuckle of the excavator boom struck the injured employee on the lower back, resulting in a fractured pelvis and ribs.",Hospitalized=1.00; Amputation=0.00; Loss of Eye=0.00,Struck by object tipping over,2026-09-04 15:52:35.961299+00
8ee33c6c-ca61-41a8-bd31-ec6761d85301,OSHA-SIR-2015030582,36cd44a8-250b-4b5d-8b7e-90dd4331ac89,Shravan Patne,SIF_POTENTIAL,0.90,lifted pipes,Employee’s fingers were directly exposed to the falling pipes,"Pipes were not adequately secured or controlled during lifting, allowing them to slip",Fatal or life-altering crush injury from falling pipes,"Pipes slipped during lifting and fell onto the employee’s fingers, demonstrating uncontrolled load movement with credible potential for severe crush injury.",Asia/Calcutta,OSHA_SIR,2015030582,Employee was lifting pipes when the pipes slipped and fell onto the employee's fingers resulting in medical amputation.,Hospitalized=0.00; Amputation=1.00; Loss of Eye=0.00,Struck by object or equipment dropped by injured worker,2026-09-06 22:55:21.991185+00
8f5ea955-81b7-4a44-b546-3d99eec491cf,OSHA-SIR-2024054385,fa21da09-d2cf-45e7-874a-a1c4d3fdc84b,Punaji Zore,SIF_POTENTIAL,0.90,moving drill and pipe casing,the employee was in the path of the bowed pipe casing,the pipe was not successfully stabbed into the stump,bowed pipe with force  can create serious injury,Drill movement caused the pipe casing to bow and strike the employee,Asia/Calcutta,OSHA_SIR,2024054385,An employee was connecting pipe when they missed stabbing the pipe into the stump and the drill kept moving downward. The pipe casing then bowed and struck him in the face. The employee sustained a fracture.,Hospitalized=1.00; Amputation=0.00; Loss of Eye=0.00," Struck by running powered equipment  irregular movement, kick back",2026-09-05 11:06:49.514642+00
90089e7a-0ea0-40f3-8872-c68fbce7e4f7,OSHA-SIR-2023087194,36cd44a8-250b-4b5d-8b7e-90dd4331ac89,Shravan Patne,SIF_POTENTIAL,0.90,Suspended block and stand,Employee was within the drop zone while the block was being supported and secured,Improper lifting arrangement allowed the straps to slip causing the stand to tilt and the block to fall,"A heavy block falling onto personnel could cause crushing, amputation, severe injury, or fatality","The employee was directly exposed to a suspended heavy component. The rigging failed, causing the block to fall onto the employee.",Asia/Calcutta,OSHA_SIR,2023087194,"A crew was changing out a 3-by-3 studded block cross on a stand. They had used a forklift, forklift hooks, and straps to lift the stand and block using the jack handle arms as lifting points. While the U-bolt nuts were being tightened, the straps slipped, the stand tilted, and the block slid off the stand and landed on an employee's left leg and arm. The employee suffered a broken left femur, left ulna, and left radius.",Hospitalized=1.00; Amputation=0.00; Loss of Eye=0.00,"Struck by falling object or equipment, unspecified",2026-09-06 22:28:34.345209+00
90e377e3-c11b-4c48-9d79-f5d64834605d,OSHA-SIR-2018010419,fd7f23a1-5e0e-49bf-ae5a-55f7df99ba8a,Aarya Gupte,NON_SIF_POTENTIAL,0.70,Drilling pipe falling,Person's hand was on the ground when the drilling pipe fell,Hand in the potential line of fire,Severe cut or injury,Falling pipe stuck in employee's hand,Asia/Calcutta,OSHA_SIR,2018010419,"An employee was tripping drill pipe out of a hole at a drilling rig when he tripped and put his hands out to catch himself. While his hands were on the ground, the pipe fell on and cut his right pinky finger. His pinky finger was surgically amputated at the knuckle.",Hospitalized=0.00; Amputation=1.00; Loss of Eye=0.00,"Fall on same level due to tripping, unspecified",2026-09-05 14:20:14.736129+00
9164f173-4486-4475-b5c1-61eb83eab9a6,OSHA-SIR-20171212048,7dfac61e-b374-4d21-a7a1-574864a7a436,Manasvi,SIF_POTENTIAL,0.70,Kinetic Energy,Struck-by,Roadside Traffic Control /,Multiple Blunt Force Injuries,"The employee was struck by a private vehicle while standing on the roadside, resulting in multiple blunt-force injuries and hospitalization.",Asia/Calcutta,OSHA_SIR,20171212048,An employee was riding a crew bus to a job site when the bus stopped. The crew exited the bus and was standing on the side of the road when a private vehicle struck employee. He suffered multiple blunt force trauma.,Hospitalized=1.00; Amputation=0.00; Loss of Eye=0.00,Pedestrian struck by forward-moving vehicle on side of road,2026-09-06 13:55:41.006806+00
91f969c2-0b88-4cdd-b2cb-c75a3eaac77c,OSHA-SIR-20170412415,36cd44a8-250b-4b5d-8b7e-90dd4331ac89,Shravan Patne,NON_SIF_POTENTIAL,0.50,Raised forklift fork,Employee was struck by the raised fork,Failure to maintain separation from the raised forklift forks,Struck by a raised forklift fork could credibly cause a injury,A person was directly exposed to the high-energy hazard of a raised forklift fork,Asia/Calcutta,OSHA_SIR,20170412415,"An employee was struck by the raised fork of a forklift, losing an eye.",Hospitalized=0.00; Amputation=0.00; Loss of Eye=1.00,"Struck against stationary object or equipment, n.e.c.",2026-09-04 09:07:29.968767+00
9239be90-40bc-4f94-bd0a-364727d6df92,OSHA-SIR-2015107725,fd7f23a1-5e0e-49bf-ae5a-55f7df99ba8a,Aarya Gupte,UNCERTAIN,0.70,Moving tong equipment,Bottom of the pipe to strike an employee in the back and his employee then fell against a second employee,Less control,"Loss of consciousness, injury",Pipe struck an employee causing a chain reaction,Asia/Calcutta,OSHA_SIR,2015107725,The elevator lifting a 30 foot long pipe at an oil well shifted causing the bottom of the pipe to strike an employee in the back. This employee then fell against a second employee pushing the tongs into his face and causing employee 2 to fall and strike his head against the guardrail. Employee 2 was knocked unconscious for several seconds and was hospitalized with a fracture of the bottom orbital bone below the left eye.,Hospitalized=1.00; Amputation=0.00; Loss of Eye=0.00,"Fall on same level, n.e.c. ",2026-09-05 15:16:52.644521+00
92435000-f857-48a4-ae63-62a42d3f80ff,OSHA-SIR-2021065283,fd7f23a1-5e0e-49bf-ae5a-55f7df99ba8a,Aarya Gupte,SIF_POTENTIAL,0.90,Overhead energized electrical line,Two employees were handling the elevated rod,Inadequate clearance from overhead power,Electrical burns,direct electrical exposure resulted in electrocution and electrical burns,Asia/Calcutta,OSHA_SIR,2021065283,"A three-person crew was unloading pipe. Two crew members were outside of the truck handling the pipe on the rack. They loaded the three joints of pipe and moved to load the polish rod. One end of the rod was stuck into the ground so they picked up the opposite end and stood the 22' rod into the air to lay it down. The rod contacted a live, overhead electrical line and the two employees were electrocuted. Both employees also sustained electrical burns.",Hospitalized=2.00; Amputation=0.00; Loss of Eye=0.00,"Indirect exposure to electricity, greater than 220 volts",2026-09-05 19:42:15.535303+00
9275d8e0-f423-47fd-ab1d-32fd7cf109a7,OSHA-SIR-2015030879,7dfac61e-b374-4d21-a7a1-574864a7a436,Manasvi,SIF_POTENTIAL,0.90,Kinetic Energy,Struck-by,Work-Zone Traffic Control,Amputation,The narrative explicitly states that the employee suffered an amputation after being struck by a passenger vehicle.,Asia/Calcutta,OSHA_SIR,2015030879,"On 3/1/15, an employee was struck by a passenger vehicle in a roadside work zone, resulting in an amputation.",Hospitalized=1.00; Amputation=0.00; Loss of Eye=0.00,"Pedestrian struck by vehicle in work zone, unspecified",2026-09-06 14:11:44.648415+00
92c45904-6535-4d78-abf5-447ea8a6fdd5,OSHA-SIR-2015031131,7dfac61e-b374-4d21-a7a1-574864a7a436,Manasvi,SIF_POTENTIAL,0.70,Vehicle Rollover,Vehicle Occupant,Loss of Vehicle Control,Punctured Lung,"The truck rolled over after swerving onto a soft shoulder, causing broken ribs and a punctured lung requiring hospitalization.",Asia/Calcutta,OSHA_SIR,2015031131,"At approximately 3:00 AM on 3/11/2015, an employee was injured while trying to avoid an animal in the road. His truck swerved, and the tires got caught on the soft shoulder, causing the semi-trailer to roll over. He suffered three broken ribs and a punctured lung.",Hospitalized=1.00; Amputation=0.00; Loss of Eye=0.00,"Jack-knifed or overturned, roadway",2026-09-04 17:15:05.819778+00
94137a48-bf0e-4877-a03d-18ee62b140a3,OSHA-SIR-2015021157,36cd44a8-250b-4b5d-8b7e-90dd4331ac89,Shravan Patne,SIF_POTENTIAL,0.90,"9,500-psi pressurized water and stored pressure energy at the pipe flange",Two employees were approximately 15 ft away when the flange failed and released high-pressure water,Flange containment failed while personnel remained within the potential exclusion zone during pressure testing,"High-pressure fluid release at 9,500 psi could cause catastrophic or penetration injuries","Personnel were directly exposed to extremely high stored pressure when the flange bolts failed. The release of 9,500-psi water from a failed pressure boundary could credibly cause fatal or life-altering injury",Asia/Calcutta,OSHA_SIR,2015021157,An employee at a remote Marathon Oil jobsite was pressure testing pipe when he was struck-by 9500psi of water when bolts broke on the flange connecting two pipes causing the high pressure water to strike the employee and one other sub-contractor's employee who were standing approximately 15 feet away.,Hospitalized=1.00; Amputation=0.00; Loss of Eye=0.00,Struck by discharged object or substance,2026-09-04 09:29:12.538455+00
94c3d845-2736-4207-8759-80fca9a61caf,OSHA-SIR-2020088291,7dfac61e-b374-4d21-a7a1-574864a7a436,Manasvi,SIF_POTENTIAL,0.90,Mechanical Energy,Caught-between,Load Control,Finger Amputation,"The moving pipe swayed after contacting a bush and trapped the employee's hand against the building, resulting in amputation of two fingers.",Asia/Calcutta,OSHA_SIR,2020088291,A crew of five employees used two forklifts along with a telehandler to load and carry pipe that had been cut into 125-foot sections from the fuel pier to the parking lot for painting. The injured employee was guiding the pipe while it was being moved by the forklift. The pipe struck a bush and began swaying and the injured employee's hand was caught between the pipe and the building next to it. The employee's right ring and pinky fingers were amputated.,Hospitalized=0.00; Amputation=1.00; Loss of Eye=0.00,"Pedestrian struck by vehicle in nonroadway area, n.e.c.",2026-09-06 14:03:36.510231+00
94d05f37-2f8e-44fb-94b7-c9818db47954,OSHA-SIR-2015129170,36cd44a8-250b-4b5d-8b7e-90dd4331ac89,Shravan Patne,SIF_POTENTIAL,0.90,Heavy flow iron,"Employee was supporting the pipe with his left hand while striking it, placing his finger in a pinch zone",Employee's hand was positioned between the falling pipe and pump bumper; the pipe was not adequately supported or controlled during disconnection,"Unexpected pipe movement or drop could cause severe crushing, amputation, or fatal injury","The employee was directly exposed to the stored gravitational energy of a heavy pipe while supporting it by hand. When the connection released, the pipe dropped and crushed his finger.",Asia/Calcutta,OSHA_SIR,2015129170,"An employee was disconnecting a piece of flow iron from a pump. He was supporting the piece of pipe with his left hand and hitting it with his right hand when it suddenly disconnected. Due to the weight of the pipe, it dropped about 1 foot, catching his left ring finger between the iron and rear bumper of the pump and amputating the fingertip. He required surgery.",Hospitalized=0.00; Amputation=1.00; Loss of Eye=0.00,Struck by object falling from vehicle or machinery-other than vehicle part,2026-09-06 22:41:48.653409+00
95003086-d1d8-42d1-8278-e65e3d641ad0,OSHA-SIR-2017021801,36cd44a8-250b-4b5d-8b7e-90dd4331ac89,Shravan Patne,SIF_POTENTIAL,0.90,Tensioned chain during excavator pulling operation,Employee was standing next to the bore pipe and was directly exposed to the chain's line of fire,Employee was allowed to remain within the potential chain-whip zone while the excavator was applying tension,A failed tensioned chain can violently recoil and cause fatal or life-altering struck-by injuries,"The employee was directly exposed to stored mechanical energy in a tensioned chain. When the chain failed, it violently whiplashed into his face.",Asia/Calcutta,OSHA_SIR,2017021801,"An employee was standing next to a bore pipe observing the work. An excavator was being used to pull an auger bit out of the bore pipe. A chain was attached to the excavator to pull the auger sections. While the excavator was pulling the auger, the chain failed and whiplashed into the employee's face. The employee lost the left eye and suffered a right orbital socket fracture.",Hospitalized=1.00; Amputation=0.00; Loss of Eye=1.00,"Struck by dislodged flying object, particle",2026-09-06 22:01:39.801726+00
96c6e447-272b-40a4-88bc-2cf8e1f0065d,OSHA-SIR-2016010669,7dfac61e-b374-4d21-a7a1-574864a7a436,Manasvi,SIF_POTENTIAL,0.90,Kinetic Energy,Struck-by,Backing Vehicle Control,Femur Fracture,"The employee was struck from behind by a reversing pickup truck, resulting in a femur fracture and hospitalization.",Asia/Calcutta,OSHA_SIR,2016010669,"A Delaware City Refining Company employee was walking to his work location on 1/23/16, at approximately 1:00 AM during an intense snow event. As he was walking, he stopped on the side of the road to allow a snow-plowing pickup truck to pass and then crossed the street. The pickup truck reversed and its back bumper contacted the employee from behind, fracturing his femur. He was hospitalized.",Hospitalized=1.00; Amputation=0.00; Loss of Eye=0.00,Pedestrian struck by vehicle backing up in roadway,2026-09-06 14:02:42.71245+00
983c4a02-67de-4c87-88b5-3eb9d107f07b,OSHA-SIR-20161011139,fd7f23a1-5e0e-49bf-ae5a-55f7df99ba8a,Aarya Gupte,UNCERTAIN,0.70,"pipe coupling failed, and the pipe exploded",Employees suffered facial lacerations and fractures,Inability to control the pipe,Suffering extreme injuries due to high pressure,Person injured severely due to high pressure pipe explosion,Asia/Calcutta,OSHA_SIR,20161011139,"On October 12, 2016, at 3:10 p.m., two employees were setting up to cut the main 8"" gas pipe to install a new pipeline when the pipe coupling failed and the pipe exploded. Debris struck the employees, who suffered facial lacerations and fractures. Both employees were hospitalized.",Hospitalized=2.00; Amputation=0.00; Loss of Eye=0.00,"Explosion of pressure vessel, piping, or tire",2026-09-04 08:46:34.554946+00
985c60a1-00d3-4fe0-bcaf-51660502e395,OSHA-SIR-2015010140,fd7f23a1-5e0e-49bf-ae5a-55f7df99ba8a,Aarya Gupte,UNCERTAIN,0.70,Uncontrolled movement,Employee was knocked and fell on the ground,Less Control of moving railcars,Hospitilisation,Uncontrolled movement caused severe injuries,Asia/Calcutta,OSHA_SIR,2015010140,An employee was injured when the brakes on a seven-car string of loaded boxcars let loose. The cars rolled into a four-car string of empty boxcars. The impact knocked an employee off the four-car string and he fell on the ground. The employee was hospitalized for lacerations.,Hospitalized=1.00; Amputation=0.00; Loss of Eye=0.00,"Fall to lower level, unspecified",2026-09-05 18:08:09.425905+00
98f30d20-f977-4fc1-9860-705375fd1cc9,OSHA-SIR-2015108004,fd7f23a1-5e0e-49bf-ae5a-55f7df99ba8a,Aarya Gupte,UNCERTAIN,0.70,Overhead power-line contact,Employee was exposed to electrical energy,Inadequate clearance from overhead power lines,Injury,Contact between mobile equipment,Asia/Calcutta,OSHA_SIR,2015108004,An employee was shocked when the trackhoe he was loading onto a trailer made contact with power lines.,Hospitalized=1.00; Amputation=0.00; Loss of Eye=0.00,"Indirect exposure to electricity, greater than 220 volts",2026-09-05 19:37:02.740667+00
99d36d62-0d2b-4cd0-a5ef-4b9eb90a2b67,OSHA-SIR-2020032237,fd7f23a1-5e0e-49bf-ae5a-55f7df99ba8a,Aarya Gupte,NON_SIF_POTENTIAL,0.70,Rotating sheave,Employee slipped and fell,Inadequate guarding of the sheave,Finger amputation,The employee was exposed to an inadequately guarded moving sheave,Asia/Calcutta,OSHA_SIR,2020032237,"An employee was function testing the wench line for leaks, slipped on the oil rig floor, and fell onto a sheave, amputating two fingers on his left hand. The sheave was partially guarded at the time.",Hospitalized=1.00; Amputation=1.00; Loss of Eye=0.00,"Fall onto or against object on same level, n.e.c.",2026-09-05 16:35:07.297264+00
9b7e5934-9ff5-4ac0-b3c5-f74eb7a0eb63,OSHA-SIR-2015010093,fa21da09-d2cf-45e7-874a-a1c4d3fdc84b,Punaji Zore,UNCERTAIN,0.50,ST-80 and the metal object creating a pinch point,The employee's left thumb was directly exposed between the ST-80 and the metal object,The thumb entered the pinch point no specific control or barrier preventing access to the pinch point is described,"A pinch point involving the ST-80 could cause crush or caught-between injury. However, the narrative does not describe the equipment movement","The thumb was exposed to a pinch point, but the movement, force, and equipment energy are not described sufficiently to establish a credible SIF pathway",Asia/Calcutta,OSHA_SIR,2015010093,An employee was exposed to a pinch point hazard when his left thumb was caught between the ST-80 and another metal object.,Hospitalized=0.00; Amputation=1.00; Loss of Eye=0.00,"Caught in or compressed by equipment or objects, unspecified",2026-09-05 15:32:15.825273+00
9c8cbfb4-7a58-40e8-968c-bfecf617eca5,OSHA-SIR-2015063352,fd7f23a1-5e0e-49bf-ae5a-55f7df99ba8a,Aarya Gupte,SIF_POTENTIAL,0.90,Wire rope while the drum was rotating,The employee was hospitalised and toes amputated,Worn wire no supervised and kept open,Hospitalisation of the person,Wire caused the person to cause severe injuries,Asia/Calcutta,OSHA_SIR,2015063352,"While removing and replacing worn wire rope on a hydraulic tugger winch, the injured employee's left foot was caught in the wire rope while the drum was rotating. The employee was hospitalized and had toes on his left foot amputated.",Hospitalized=1.00; Amputation=1.00; Loss of Eye=0.00,Entangled in other object or equipment,2026-09-04 07:37:38.959435+00
9cebbe73-ef5c-4ae2-b476-a11e5ef4bbf5,OSHA-SIR-2016075939,fa21da09-d2cf-45e7-874a-a1c4d3fdc84b,Punaji Zore,SIF_POTENTIAL,0.90,derrick structure and gooseneck assembly combined with the employee's elevated position,The employee was climbing down the derrick when his climb assist became caught in the gooseneck,The climb assist became entangled in the gooseneck assembly,The entanglement created a high energy caught in and fall from height pathway,climb-assist entanglement pulled an employee into the derrick structure while working at height,Asia/Calcutta,OSHA_SIR,2016075939,"On 7/1/16, at approximately 6:30 PM, an employee was helping to pull tubing from a derrick rig. The employee climbed the derrick structure to attach the necessary rigging. As he descended to the working level, his climb assist became caught/wrapped in the gooseneck assembly. He was then pulled into the derrick board, breaking his tibia and dislocating his ankle.",Hospitalized=1.00; Amputation=0.00; Loss of Eye=0.00,"Caught in or compressed by equipment or objects, n.e.c.",2026-09-05 15:29:14.607922+00
9da8f2cc-1b14-46f9-96ce-2b70fb75c88e,OSHA-SIR-20181111446,7dfac61e-b374-4d21-a7a1-574864a7a436,Manasvi,NON_SIF_POTENTIAL,0.70,Fall,Loss of Balance,Horseplay,Fracture,Losing balanced led to fractured arm,Asia/Calcutta,OSHA_SIR,20181111446,"An employee tossed a dirt clod at the injured employee, who lost his balance, fell to the ground, and fractured his right arm while trying to break his fall.",Hospitalized=1.00; Amputation=0.00; Loss of Eye=0.00,"Injured by physical contact during horseplay ",2026-09-04 09:31:24.700004+00
9f61437e-bb39-4adc-bdc4-832a7b98597d,OSHA-SIR-2017065761,fa21da09-d2cf-45e7-874a-a1c4d3fdc84b,Punaji Zore,UNCERTAIN,0.90,spider bite,directly exposed to spider,spider species not describes,"The narrative does not identify the spider species, venom, bite severity or resulting effects","Spider bite occurred during drilling-rig work, but the species not described",Asia/Calcutta,OSHA_SIR,2017065761,An employee was bitten on the right calf by a spider while working at a drilling rig.,Hospitalized=1.00; Amputation=0.00; Loss of Eye=0.00,"Bites and stings, unspecified",2026-09-05 15:14:46.590891+00
a06b71bc-4fa1-4dc7-a426-91f3b6f08a83,OSHA-SIR-2023021122,fd7f23a1-5e0e-49bf-ae5a-55f7df99ba8a,Aarya Gupte,UNCERTAIN,0.70,Fire during high-speed,Four employees were exposed to the flash fire,Inadequate control,Burn injuries to four employees,Cutting equipment provided an ignition source,Asia/Calcutta,OSHA_SIR,2023021122,"Employees were unbolting the head of a product purge bin utilizing a high-speed cut saw. As the crew was cutting the last of 15 bolts on the purge bin head, a flash fire occurred resulting in burns to four employees.",Hospitalized=4.00; Amputation=0.00; Loss of Eye=0.00,"Fire, unspecified",2026-09-05 19:16:54.66102+00
a0f8b988-43bd-4753-9ee5-8b0ea95e3d9d,OSHA-SIR-2024021480,fa21da09-d2cf-45e7-874a-a1c4d3fdc84b,Punaji Zore,UNCERTAIN,0.70,rod basket swivel frame and rig support,employee's left ring finger was positioned directly in the pinch point between the swivel frame and rig support,the specific barrier preventing access to the pinch point is not described,The mechanism is a pinch point capable of causing permanent injury. but the narrative does not describe the movement to  credible SIF pathway,"Finger was caught in a rod basket pinch point and amputated, but the incident is not sufficiently described to confirm SIF potential",Asia/Calcutta,OSHA_SIR,2024021480,An employee was working in the rod basket on a well service rig when their left ring finger was caught in a pinch point between the rod basket swivel frame and a support on the rig. The finger was amputated.,Hospitalized=0.00; Amputation=1.00; Loss of Eye=0.00,Struck by running powered equipment  unspecified,2026-09-05 13:53:13.038044+00
a19917d1-963e-41f2-8672-32e1a20ff0a8,OSHA-SIR-2018032413,36cd44a8-250b-4b5d-8b7e-90dd4331ac89,Shravan Patne,SIF_POTENTIAL,0.90,"3,700-lb suspended generator and stored gravitational energy",Three employees were pushing the generator while it was suspended from a chain carried by the forklift,"Chain slipped from the forklift forks while the heavy generator was suspended, and employees were within the drop zone","A 3,700-lb falling load could cause crushing, severe trauma, amputation, or fatality","Employees were directly exposed to a suspended 3,700-lb load. The chain slipped and the generator fell toward them",Asia/Calcutta,OSHA_SIR,2018032413,"A generator was being replaced on a drilling rig. The 3700 pound generator was lifted and held with a chain attached and carried by an all terrain forklift. While the injured employee was pushing the generator with two other employees, the chain holding the generator slid from the forks of the all terrain forklift and fell backwards onto the employees. The injured employee sustained rib fractures.",Hospitalized=1.00; Amputation=0.00; Loss of Eye=0.00,Struck by object falling from vehicle or machinery-other than vehicle part,2026-09-06 22:46:41.754982+00
a1ca39ae-6422-4f70-91ff-ec2ddff131c9,OSHA-SIR-2020032242,fd7f23a1-5e0e-49bf-ae5a-55f7df99ba8a,Aarya Gupte,SIF_POTENTIAL,0.90,Flammable material,Two employees exposed to exploding barrels,Material improperly disposed,Caused serious burns and severe injury,Flammable explosives exploded,Asia/Calcutta,OSHA_SIR,2020032242,"An employee was cleaning the yard and burning trash. An empty barrel that had held flammable material exploded on the trash pile. The employee suffered second-degree burns to the hands and face, and another employee from a different company also received hand and facial burns. Both employees were hospitalized.",Hospitalized=2.00; Amputation=0.00; Loss of Eye=0.00,"Explosion, n.e.c.",2026-09-04 08:56:34.914658+00
a24da329-a7ec-48e3-a74c-042f289503e7,OSHA-SIR-2022043040,fd7f23a1-5e0e-49bf-ae5a-55f7df99ba8a,Aarya Gupte,UNCERTAIN,0.70,Unexpected movement,Employee was partially standing on the bat door,Inadequate isolation,Multiple injuries,Equipement was activated which caused injuries,Asia/Calcutta,OSHA_SIR,2022043040,"An employee was connecting power cables/cords on the floor of a rig. The employee was partially standing on the bat door when it activated, causing the employee to fall approximately 30 feet to the ground and sustain eight fractured ribs, a punctured lung, and bruising to the kidney, liver, and spleen.",Hospitalized=1.00; Amputation=0.00; Loss of Eye=0.00,Fall through surface or existing opening 26 to 30 feet,2026-09-05 17:41:43.18065+00
a2c8187d-15d1-4e56-be27-39b9f9934bdd,OSHA-SIR-2015041924,fa21da09-d2cf-45e7-874a-a1c4d3fdc84b,Punaji Zore,SIF_POTENTIAL,0.90,suspended cement plug and air hoist,Employee's thumb was positioned between the plug wing and plug,Hand clearance from the suspended load was not maintained,Hoisting equipment and a suspended load can generate sufficient crushing force for permanent serious injury,employee's thumb was exposed between the plug components and the load and hoisting energy provide a credible pathway to permanent serious injury,Asia/Calcutta,OSHA_SIR,2015041924,"An employee was performing cementing operations on a drilling rig. While using an air hoist to hoist a cement plug over a pipe, his thumb got caught between the ""wing"" of the plug and the plug itself. He sustained an amputation to the left-hand thumb up to the knuckle.",Hospitalized=1.00; Amputation=1.00; Loss of Eye=0.00,Compressed or pinched by shifting objects or equipment,2026-09-06 13:03:08.978058+00
a5dec2b5-8f10-420b-80e4-99d2986851b7,OSHA-SIR-2015010807,7dfac61e-b374-4d21-a7a1-574864a7a436,Manasvi,SIF_POTENTIAL,0.90,High-Pressure Water,Pressurized Water Contact,Loss of Control of Pressure-Washing Wand,Leg Laceration requiring Hospitaliza,"The employee contacted high-pressure water, causing a leg laceration.",Asia/Calcutta,OSHA_SIR,2015010807,"Two employees were pressure washing mud tanks. The injured employee slipped and grabbed the end of the wand barrel. He then came into contact with the pressurized water, resulting in a laceration on his leg. The water was considered dirty which led to a hospitalization as a precautionary measure.",Hospitalized=1.00; Amputation=0.00; Loss of Eye=0.00,"Slip without fall, n.e.c. ",2026-09-06 14:27:48.462588+00
a630dd82-b6f1-4563-93ad-8a3726929889,OSHA-SIR-2015063562,fd7f23a1-5e0e-49bf-ae5a-55f7df99ba8a,Aarya Gupte,NON_SIF_POTENTIAL,0.50,Heat stress,"Excessive sweating, pale appearance and trembling",Heat problem,Muscle injury,Clear signs of heat stress,Asia/Calcutta,OSHA_SIR,2015063562,"An employee was assisting offloading truck. A supervisor noticed the employee was sweating excessively and looked pale. The supervisor informed the employee to sit inside the air-conditioned truck and cool off. After a period of time the employee came out of the truck and attempted to continue to work. The employee complained that his hands were cramping. The employee was taken to the hospital. At the hospital, it was noted that the employee had high CK levels possibly due to prior heat illness.",Hospitalized=1.00; Amputation=0.00; Loss of Eye=0.00,Exposure to environmental heat,2026-09-04 14:53:23.392028+00
a697e051-e8cc-4cfb-97ad-1110ddcafa67,OSHA-SIR-2017076668,fa21da09-d2cf-45e7-874a-a1c4d3fdc84b,Punaji Zore,SIF_POTENTIAL,0.90,gravitational energy from the saddle support and slide,The employee's left index finger was positioned between the saddle and tubing,Once the pin was removed the slide dropped unexpectedly,The falling slide created a high force crush mechanism resulted into smashing of his finger,Removing the stuck pin released the slide unexpectedly while the employee's hand was in the crush zone,Asia/Calcutta,OSHA_SIR,2017076668,"An employee was helping a coworker lower a cutting trough. The coworker attached a chain to the cutting trough and a shaker walkway overhang. The employee centered a forklift on the cutting trough and raised the forks up until they came into contact with the trough, to relieve any pressure from the saddle supports underneath. He un-pinned and removed one saddle support, then attempted to un-pin/remove the second support. He took his left hand and held the tubing and the slide portion of the saddle support in order to gain additional leverage to free the stuck pin. Once the pin came out, the slide fell and smashed his left index finger between the saddle and the tubing.",Hospitalized=1.00; Amputation=0.00; Loss of Eye=0.00,"Caught in or compressed by equipment or objects, unspecified",2026-09-05 18:13:30.826915+00
a6f0ce26-b004-4195-84df-2685e7188d80,OSHA-SIR-2016021597,fd7f23a1-5e0e-49bf-ae5a-55f7df99ba8a,Aarya Gupte,SIF_POTENTIAL,0.90,Contact with energized overhead power line,Two employees were exposed to electrical energy,Inadequate clearance from the power line,Injuries,Direct contact with an energized overhead power line,Asia/Calcutta,OSHA_SIR,2016021597,"Two employees were installing a protective goal post for overhead power lines when the post made contact with the energized line, causing the employees to receive an electrical shock.",Hospitalized=2.00; Amputation=0.00; Loss of Eye=0.00,"Indirect exposure to electricity, greater than 220 volts",2026-09-05 19:39:56.857485+00
a74a18ad-cc87-4439-9e52-e69a323870a4,OSHA-SIR-2019033190,7dfac61e-b374-4d21-a7a1-574864a7a436,Manasvi,NON_SIF_POTENTIAL,0.70,Hydraulic Torque Wrench,Pinch Point,Unexpected Activation,Amputation of employees right middle finger,Amputation of first employees right middle finger,Asia/Calcutta,OSHA_SIR,2019033190,"An employee was adjusting a hydraulic torque wrench to attach a fluid end when a second employee engaged the high torque controls, resulting in an amputation of the first employee's right middle finger.",Hospitalized=0.00; Amputation=1.00; Loss of Eye=0.00,"Injured by handheld object or equipment, n.e.c.",2026-09-04 09:11:13.357283+00
a8c68dd0-e22e-4b5f-b602-768c08453990,OSHA-SIR-2018055172,36cd44a8-250b-4b5d-8b7e-90dd4331ac89,Shravan Patne,SIF_POTENTIAL,0.90,Pressurized well / stored pressure energy in the crown valve and pumping lines,"Three employees were exposed while releasing pressure, moving lines, and placing a cap on the well-pumping lines",The crown valve was left open/failed to remain controlled during the pressure-release and line-handling operation,An uncontrolled pressure release components and cause fatal or life-altering struck-by injuries,Personnel were exposed to stored well pressure during line and valve operations. The crown valve blew up unexpectedly,Asia/Calcutta,OSHA_SIR,2018055172,"Employees were releasing pressure from a well, moving lines from one well to another and placing a cap on the well-pumping lines. A crown valve was open and blew up. One employee sustained a broken right forearm, a second employee sustained a head injury and a third employee sustained an injury requiring surgery.",Hospitalized=3.00; Amputation=0.00; Loss of Eye=0.00,"Struck by dislodged flying object, particle",2026-09-06 22:08:38.678832+00
a8e8c554-dee1-43bb-8ce1-fa87f0a9d540,OSHA-SIR-2017054249,fd7f23a1-5e0e-49bf-ae5a-55f7df99ba8a,Aarya Gupte,UNCERTAIN,0.70,Contact with overhead power line,Employee was exposed to electrical energy,Inadequate clearance from overhead power lines,Electrical burns,A PVC pole contacted an overhead energized power line,Asia/Calcutta,OSHA_SIR,2017054249,"An employee was re-erecting goal posts below a power line when the stringer of flags on one end of the goal posts became hung up on the passenger-side rear-view mirror of a haul truck. The injured employee was attempting to free the stringer of flags when a coworker raised a PVC pipe to place it over a t-post. The top of the PVC pole, where the stringer of flags was tied, came into contact with the overhead power line. The employee sustained burns to his left arm, left hand, and right foot. He was hospitalized for surgery.",Hospitalized=1.00; Amputation=0.00; Loss of Eye=0.00,"Indirect exposure to electricity, greater than 220 volts",2026-09-05 19:38:31.756078+00
ab2d2b26-4e19-43d6-86b4-dd86c9218a2d,OSHA-SIR-2016021145,fa21da09-d2cf-45e7-874a-a1c4d3fdc84b,Punaji Zore,SIF_POTENTIAL,0.90,moving winch truck,the employee moved between the truck and tank to connect the winch line,"The truck was stopped and brakes were set, but it remained in gear",A person positioned between a heavy truck and a fixed tank is exposed to a high energy caught between mechanism,Truck unexpectedly moved while the employee was between the truck and tank creating serious injury pathway,Asia/Calcutta,OSHA_SIR,2016021145,"An employee was helping the driver of a winch truck back up and hook up to a tank. When the driver was close enough to the tank to hook up, the employee told him to stop and set the brakes. The driver did stop and set the brakes, but the truck was still in gear and jerked backwards when his foot came off of the clutch. The employee had moved between the truck and the tank to connect the winch line and was struck causing a fracture of the right femur.",Hospitalized=1.00; Amputation=0.00; Loss of Eye=0.00,Caught between rolling powered vehicle and other object,2026-09-05 15:22:26.886646+00
ab3000ea-606d-4b95-98ca-b240052b481f,OSHA-SIR-2019011040,36cd44a8-250b-4b5d-8b7e-90dd4331ac89,Shravan Patne,SIF_POTENTIAL,0.90,Uncontrolled rolling 10-inch pipe;,Employee entered the pipe’s path and was struck in the leg,"Pipe was not adequately restrained or chocked after being staged, allowing it to roll unexpectedly",Fatal or life-altering crush/struck-by injury from uncontrolled pipe movement,"An unsecured pipe rolled and struck the employee after he entered its path, creating a significant line-of-fire and crush hazard with credible potential for life-altering injury.",Asia/Calcutta,OSHA_SIR,2019011040,"An employee was operating a forklift and staging 10"" pipe on a concrete parking lot. The first joint of pipe was set down and the second joint was being retrieved when the first joint began to roll. The employee secured the forklift and went to stop the pipe from rolling, but was struck by the rolling pipe on the back of his leg. The employee fell and the pipe rolled up his leg. The employee suffered a broken foot.",Hospitalized=1.00; Amputation=0.00; Loss of Eye=0.00,Struck by object or equipment rolling freely,2026-09-08 20:08:54.763618+00
ac317a34-25c9-46ae-8873-430c1d14e95b,OSHA-SIR-2019099280,7dfac61e-b374-4d21-a7a1-574864a7a436,Manasvi,SIF_POTENTIAL,0.70,Vehicle Rollover,Vehicle Occupant,Loss of Vehicle Stability,Amputation,"The telehandler rolled over after its tires left the paved surface, causing a foot amputation, multiple fractures, and a punctured lung.",Asia/Calcutta,OSHA_SIR,2019099280,"An employee was travelling down a public road in a telehandler. When the employee pulled to the side of the paved road to allow vehicles to pass, the tires on one side went off the pavement and the telehandler rolled over. The employee sustained an amputated foot, broken legs, a broken pelvis, and a punctured lung.",Hospitalized=1.00; Amputation=1.00; Loss of Eye=0.00,"Jack-knifed or overturned, roadway",2026-09-04 17:16:23.701277+00
acd149ff-167a-4eb8-83db-aaf540a314ee,OSHA-SIR-20171010193,7dfac61e-b374-4d21-a7a1-574864a7a436,Manasvi,SIF_POTENTIAL,0.70,Mechanical Energy,Fall to Lower Level,Load Control Failure,Fall from Manlift,"A 14-ft valve became uncontrolled, struck the manlift, and ejected two employees from 9 ft.",Asia/Calcutta,OSHA_SIR,20171010193,"Two employees from two different companies were using a manlift to set a valve on a wellhead. The rigging from the crane carrying the wellhead became bound with the well, causing it to kick. The valve then loosened from the carrying straps and fell 14 feet, hitting the manlift. The two employees were knocked out of the manlift and fell 9 feet to the ground. One employee suffered a broken leg and was hospitalized. The other employee suffered minor injuries.",Hospitalized=1.00; Amputation=0.00; Loss of Eye=0.00,Other fall to lower level 6 to 10 feet,2026-09-04 18:20:27.586482+00
ad21187b-c77a-47fe-baa1-983efe7677bc,OSHA-SIR-2015042100,fd7f23a1-5e0e-49bf-ae5a-55f7df99ba8a,Aarya Gupte,SIF_POTENTIAL,0.70,The pressurized line came apart,employee was exposed to a line failure,Failure of the pressurised line,Serious head injury,A severe head injury can cause death,Asia/Calcutta,OSHA_SIR,2015042100,An employee received a head injury when a pressurized line came apart.,Hospitalized=1.00; Amputation=0.00; Loss of Eye=0.00,"Contact with objects and equipment, unspecified",2026-09-04 06:28:46.210822+00
ad6f92ff-fb3d-4333-a58f-f9d3acada55b,OSHA-SIR-2020066088,36cd44a8-250b-4b5d-8b7e-90dd4331ac89,Shravan Patne,SIF_POTENTIAL,0.70,pressurized energy inside the compressor valve,"Employee was directly exposed while removing the valve cap,the cap was propelled into his face",Trapped pressure was not adequately isolated or relieved before removing the cap,Sudden release of stored pressure could cause fatal or life-altering struck-by injuries,The employee was exposed to stored pressure when the valve cap was removed without adequately eliminating the trapped energy.,Asia/Calcutta,OSHA_SIR,2020066088,"An employee was removing a valve cap on a compressor at a compressor station. Trapped pressure caused the cap to fly off and strike the employee on the right side of his face. Glass from his safety glasses was embedded in his right eye, necessitating surgery to remove the eye.",Hospitalized=1.00; Amputation=0.00; Loss of Eye=1.00,Struck by discharged object or substance,2026-09-06 21:36:01.81075+00
add22d3f-9af9-412f-85d3-3d80b33fbb81,OSHA-SIR-2020054632,fd7f23a1-5e0e-49bf-ae5a-55f7df99ba8a,Aarya Gupte,SIF_POTENTIAL,0.70,Tank explosion,Two employee exposed on the tank roof,Less control of flammable substances,Explosion caused severe injures to the employee,Employee suffered serious injuries due to the explosion,Asia/Calcutta,OSHA_SIR,2020054632,"Two employees were installing vent pipe and supports on top of a bulk storage tank. There was an explosion in the tank causing the employee working on the tank roof to fall from the tank to the ground. The employee was hospitalized for a fractured shoulder. The second employee was in an aerial lift at the roof line when the tank exploded. The second employee did not fall, but sustained flash burns to the face and arms.",Hospitalized=2.00; Amputation=0.00; Loss of Eye=0.00,"Explosion, unspecified",2026-09-04 09:11:01.359288+00
ae11246b-ccfe-44df-9172-ec11865a4c9f,OSHA-SIR-2016043242,36cd44a8-250b-4b5d-8b7e-90dd4331ac89,Shravan Patne,NON_SIF_POTENTIAL,0.70,Moving pipe liner,Employee was leaning over the liner and manually guiding it at the point of contact,"Employee entered the line of fire and manually guided the liner while it was moving, allowing unexpected upward movement to strike him",Fatal or life-altering struck-by injury from sudden pipe movement,"The pipe liner unexpectedly jerked upward and struck the employee in the chin, knocking him unconscious",Asia/Calcutta,OSHA_SIR,2016043242,"An employee was observing a pipe liner as it was being extended to the stationary steel pipe in the ground. The pipe liner was slightly offline, and the employee tried to manually guide it in place right as it was making contact with the pipe. The liner jerked up as he was leaning over it and it hit him in the chin with force. He suffered a chin laceration requiring 5 stitches and was knocked unconscious. Employee was hospitalized overnight.",Hospitalized=1.00; Amputation=0.00; Loss of Eye=0.00,"Struck by object or equipment, n.e.c.",2026-09-08 20:14:54.818027+00
ae245172-dbdd-41f9-a28b-383d7e2bd657,OSHA-SIR-2022021797,fd7f23a1-5e0e-49bf-ae5a-55f7df99ba8a,Aarya Gupte,SIF_POTENTIAL,0.90,High pressure water steam,Employee fell into the opening,No covering,Severe injury,Severe injury due to high water pressure,Asia/Calcutta,OSHA_SIR,2022021797,"An temporary employee was pressure-washing the deck of a vessel. As he walked, his foot slipped into an opening in the grating on the scaffold. He fell into the opening and his lower right arm passed through the 40,000 psi water stream, which cut it and an artery.",Hospitalized=1.00; Amputation=0.00; Loss of Eye=0.00,Fall on water vehicle,2026-09-05 15:28:38.268577+00
afbe4733-0898-43ef-93f2-e8f9d5ed9754,OSHA-SIR-2017010049,fa21da09-d2cf-45e7-874a-a1c4d3fdc84b,Punaji Zore,NON_SIF_POTENTIAL,0.70,point between the catwalk skate and pin,Employee's right ring finger was directly in the pinch point,Hand separation from the pinch point was not maintained,Finger fracture occurred but the described mechanism is localized to the finger and does not reasonably support a fatality,"energy and exposure were localized to the finger, with no credible fatal or life altering SIF pathway described",Asia/Calcutta,OSHA_SIR,2017010049,An employee was moving a catwalk (a long piece of equipment that helps move tube) against a rig to perform an inspection when his right ring finger was caught and fractured between the catwalk skate and a pin. He was hospitalized.,Hospitalized=1.00; Amputation=0.00; Loss of Eye=0.00,"Caught in running equipment or machinery, n.e.c.",2026-09-06 11:02:58.135391+00
b019eee8-d66d-4bd1-954c-3dcb7ff9783e,OSHA-SIR-2015010023,7dfac61e-b374-4d21-a7a1-574864a7a436,Manasvi,UNCERTAIN,0.70,Thermal Energy,Burn,Line Tie-in Control Failure,Burn Injury,"Burns occurred during line tie-in and required hospitalization, but the statement does not provide enough detail on burn severity, extent, or life-altering impact to confirm SIF potential.",Asia/Calcutta,OSHA_SIR,2015010023,Employee sustained burns during line tie-in operations at an oil and gas site.,Hospitalized=1.00; Amputation=0.00; Loss of Eye=0.00,Nonclassifiable,2026-09-04 17:23:27.338032+00
b06d616b-98da-4456-9055-dd34104acf24,OSHA-SIR-2019054516,fd7f23a1-5e0e-49bf-ae5a-55f7df99ba8a,Aarya Gupte,NON_SIF_POTENTIAL,0.70,Pressurized drilling mud,Three employee exposed to sudden release,Insuffient protection,Severe eye injury,Severe eye injury due to pressurised drilling mud,Asia/Calcutta,OSHA_SIR,2019054516,"The injured employee was standing next to the drilling piping, holding material over the pipe joint to channel residual mud downward, ready to swing the disconnected piping out of the way. Oil-based drilling mud came out under pressure and three employees got mud in their eyes when their hard hats and safety glasses were blown off. One employee was hospitalized for an eye injury. The eye was burning, swollen and the employee was unable to see.",Hospitalized=1.00; Amputation=0.00; Loss of Eye=0.00,"Exposure through intact skin, eyes, or other exposed tissue",2026-09-04 09:22:39.922013+00
b09eae31-c93f-41ef-8cfe-096245f94bfd,OSHA-SIR-2015010736,fa21da09-d2cf-45e7-874a-a1c4d3fdc84b,Punaji Zore,SIF_POTENTIAL,0.90,mechanical energy from the can wrench jaws,The employee's left middle finger was exposed to the moving jaws,Lockout was not in place,Unexpected movement of machine jaws creates a caught in amputation mechanism capable of causing permanent serious injury,Machine jaws moved while the employee was working without LOTO,Asia/Calcutta,OSHA_SIR,2015010736,Employee was working on a can wrench without the lock out/tag out system in place. The jaws of the machine opened and retracted smashing and amputating the tip of the middle finger on his left hand.,Hospitalized=0.00; Amputation=1.00; Loss of Eye=0.00,Caught in running equipment or machinery during regular operation,2026-09-06 10:44:22.605055+00
b1272ad2-7147-4381-a709-db426f4cfe50,OSHA-SIR-2018044142,7dfac61e-b374-4d21-a7a1-574864a7a436,Manasvi,SIF_POTENTIAL,0.90,Mechanical Energy,Caught-between,Backing Vehicle Control,Partial Amputation,"The employee was pinned between a backing truck and trailer, resulting in a laceration and partial amputation.",Asia/Calcutta,OSHA_SIR,2018044142,"An employee was helping to hitch a trailer to a truck when the truck backed up. He was pinned between the truck and trailer, suffering a laceration and partial amputation.",Hospitalized=1.00; Amputation=1.00; Loss of Eye=0.00,Pedestrian struck by vehicle backing up in nonroadway area,2026-09-06 14:01:36.995343+00
b1fa7ce8-2e56-4d8c-a3ce-dca9176907a5,OSHA-SIR-2016032350,fd7f23a1-5e0e-49bf-ae5a-55f7df99ba8a,Aarya Gupte,NON_SIF_POTENTIAL,0.90,Trip and fall and contact with the frame,Employee tripped on the concrete base,Uneven work area,Serious hand injury,Employee suffered a hand impact,Asia/Calcutta,OSHA_SIR,2016032350,An employee had replaced a clutch in a drive belt when he tripped on the concrete base and struck his left hand on the unit frame. His fingertip and a small amount of bone were amputated.,Hospitalized=0.00; Amputation=1.00; Loss of Eye=0.00,"Fall on same level due to tripping over an object ",2026-09-04 20:21:43.51641+00
b23d1830-dabe-4335-af3d-663681f8b23f,OSHA-SIR-2019021679,7dfac61e-b374-4d21-a7a1-574864a7a436,Manasvi,NON_SIF_POTENTIAL,0.90,Fall,Slip,Unsafe Positioning,Broken Right Leg,The slipping while standing on a wrench led to broken right leg,Asia/Calcutta,OSHA_SIR,2019021679,"An employee was standing on a wrench, trying to loosen a bolt. The employee slipped and suffered a broken right leg.",Hospitalized=1.00; Amputation=0.00; Loss of Eye=0.00,"Injured by handheld object or equipment, n.e.c.",2026-09-04 09:14:01.571523+00
b2ce413d-25b8-428f-adf0-ac98f2a42967,OSHA-SIR-20201211952,36cd44a8-250b-4b5d-8b7e-90dd4331ac89,Shravan Patne,SIF_POTENTIAL,0.70,Falling rod transfer,Employee was standing on the work floor beneath the rod transfer while the blocks were being lowered,"Rod transfer remained attached to the rod triple during lowering, causing the supporting chain to break and the transfer to fall",A falling heavy component could cause fatal or life-altering head injury,The employee was directly exposed to a falling rod transfer after the supporting chain failed. The uncontrolled drop struck his head and caused loss of an eye,Asia/Calcutta,OSHA_SIR,20201211952,"The pulling unit crew was running rods in the hole from the derrick. The rig operator raised the rod string and began to lower the rods into the well. With the rod transfer still in place on the rod triple, the blocks were lowered, causing the chain holding the rod transfer to break. The rod transfer then fell and struck an employee, who was standing on the work floor, on the top frontal area of his hard hat resulting in the loss of an eye.",Hospitalized=1.00; Amputation=0.00; Loss of Eye=1.00,Struck by object falling from vehicle or machinery-other than vehicle part,2026-09-06 22:49:25.054847+00
b39e4a5d-ab10-48f0-8d1f-d6e83d389324,OSHA-SIR-2021087009,36cd44a8-250b-4b5d-8b7e-90dd4331ac89,Shravan Patne,SIF_POTENTIAL,0.90,Forklift forks,Employee's right middle finger was positioned between the moving fork and headache rack support,Employee's hand was exposed to a pinch point while manually repositioning the fork,"Sudden fork movement could cause severe crushing, amputation, or potentially fatal injury",The employee was directly exposed to a high-force pinch point while repositioning the forklift fork. The fork moved unexpectedly and amputated the finger,Asia/Calcutta,OSHA_SIR,2021087009,"An employee was pushing the forks of a forklift to widen their position. He needed to get the forks around the hook it sits in. Once it cleared the hook, the fork slid quickly, catching the employee's right middle finger against the headache rack support. The finger was amputated.",Hospitalized=0.00; Amputation=1.00; Loss of Eye=0.00,Struck by falling part of powered vehicle still attached,2026-09-06 22:34:19.970812+00
b3d2be48-cc39-4837-b449-3aef4113d15b,OSHA-SIR-2015010325,fa21da09-d2cf-45e7-874a-a1c4d3fdc84b,Punaji Zore,SIF_POTENTIAL,0.50,Mechanical energy from the pump/plunger mechanism,employee  placing his finger directly in the equipment's moving mechanism,The pump was able to kick while the employee was reaching inside,The pump's unexpected movement while a hand was inside creates a credible amputation pathway.,"The pump kicked while the employee's finger was inside the mechanism,creating a credible unexpected movement caught in pathway capable of permanent serious injury",Asia/Calcutta,OSHA_SIR,2015010325,"On or about January 9, 2014 at about 0535 hrs an employee of Propetrol Services Inc. was repairing a pump at the Mabee 139-202 HA well site 10 miles north of Midland Texas. When he reached into the pump to repair a faulty plunger, the unit ""kicked"" and amputated the tip of his right middle finger. He was driven to Medical Center Hospital in Odessa Texas where the prognosis was that the flesh portion not the bone will be amputated.",Hospitalized=0.00; Amputation=1.00; Loss of Eye=0.00,"Caught in running equipment or machinery during maintenance, cleaning ",2026-09-05 18:26:33.168595+00
b3e31fb8-f232-4a19-bc7b-cf14419bc7a1,OSHA-SIR-20241211244,fa21da09-d2cf-45e7-874a-a1c4d3fdc84b,Punaji Zore,SIF_POTENTIAL,0.90,rotating drilling rig,employee struck by the rear of the rig,A barricade was established behind and to the right but the employee was still exposed to the rig's swing path,caught between heavy equipment  can be subjected to high crushing capable of causing fatal or permanent serious injury,Rotating drilling equipment pinned an exposed employee against a fixed cage creating a credible crush pathway,Asia/Calcutta,OSHA_SIR,20241211244,"An employee was preparing to pour concrete. A barricade for the swing radius was set up behind and to the right of the drilling rig. The employee began drilling and swung the equipment to the left to begin the spoil pile. The back of the equipment swung to the right, struck the employee, and pinned him against the fall protection cage. The employee sustained fractures to their ribs and an injury to the transverse process of a vertebra.",Hospitalized=1.00; Amputation=0.00; Loss of Eye=0.00,Struck by running powered equipment  unspecified,2026-09-05 14:00:36.331117+00
b41df0dc-49a9-4e4c-bbba-42b4fa222888,OSHA-SIR-2024043650,fa21da09-d2cf-45e7-874a-a1c4d3fdc84b,Punaji Zore,SIF_POTENTIAL,0.90,energized beveller and moving pipe,Employee 2 was directly exposed to the machine's operating zone,The machine was reactivated while Employee 2 was still inside so cummunication or management failure,Being pinned between the energized beveller and pipe creates a credible crush pathway capable of causing permanent serious injury,Machine was reactivated while an employee remained inside,Asia/Calcutta,OSHA_SIR,2024043650,"Employee 1 was operating the beveller and noticed that the machine was not working. They stopped the machine and entered the machine to address the issue. Employee 2, working on another machine, also noticed that the beveller was not working and went to assist. Employee 1 finished up, exited, and activated the machine. Employee 2, who remained in the machine, was pinned between a beveller and pipe at his upper legs/thighs, resulting in a severe laceration to the upper left thigh and internal bleeding to the left leg.",Hospitalized=1.00; Amputation=0.00; Loss of Eye=0.00," Struck by running powered equipment  during maintenance, cleaning, testing",2026-09-05 10:56:52.269324+00
b49e2012-b525-4546-a69e-df1b0d953f28,OSHA-SIR-2015020647,7dfac61e-b374-4d21-a7a1-574864a7a436,Manasvi,NON_SIF_POTENTIAL,0.70,Equipment Rollover,Struck-by,Equipment Stability Failure,Serious Injury,"The man lift overturned and injured the employee, resulting in hospitalization.",Asia/Calcutta,OSHA_SIR,2015020647,"On February 20, 2015, an employee was injured when a Genie man lift rolled over. The employee was hospitalized.",Hospitalized=1.00; Amputation=0.00; Loss of Eye=0.00,"Jack-knifed or overturned, nonroadway",2026-09-04 17:09:43.914809+00
b5b8cba6-3960-4f21-99a3-978ee45a21d3,OSHA-SIR-2021086483,fd7f23a1-5e0e-49bf-ae5a-55f7df99ba8a,Aarya Gupte,UNCERTAIN,0.70,Aggressive animal,Employee was struck from behind by the ram,Inadequate control,Fracture requiring hospitalization and surgery,The employee suffered a significant fracture,Asia/Calcutta,OSHA_SIR,2021086483,"An employee was reading gas meters when a ram attacked him. The ram struck his lower left leg from behind, resulting in a fractured tibia that required hospitalization and surgery.",Hospitalized=1.00; Amputation=0.00; Loss of Eye=0.00,Gored or rammed by animal,2026-09-05 19:21:08.300931+00
b5ec4f6d-cbf9-4704-a394-1d18e597788c,OSHA-SIR-2015041948,7dfac61e-b374-4d21-a7a1-574864a7a436,Manasvi,SIF_POTENTIAL,0.90,Kinetic Energy,Unintentional Gunshot,Workplace Violence,Gunshot Wound to Hand requiring Hospitalization,An armed assailant pointed a firearm at the employee’s head and discharged it during the struggle.,Asia/Calcutta,OSHA_SIR,2015041948,"On April 13, 2015, at approximately 1:30 p.m., an employee was shot in the left hand. Prior to the incident, a well tender found an issue at a well site. The well tender contacted a roustabout crew to repair and clean the area. The injured employee responded to the job to oversee the work, take pictures, and complete an incident report. After completing his work, he was driving away from the site and was stopped by a suspect dressed in camouflage, standing in the road. The suspect stood on the passenger side of the truck, played a recording that said ""stop drilling,"" and pointed a gun at the employee's head. The employee grabbed the gun and shoved it away from his head; the gun fired into his left hand. The employee drove off and was hospitalized.",Hospitalized=1.00; Amputation=0.00; Loss of Eye=0.00,Shooting by other person-unintentional,2026-09-06 14:22:23.064978+00
b69b9c1e-4a06-4840-bcb9-7da4e9dec1a3,OSHA-SIR-20171211664,7dfac61e-b374-4d21-a7a1-574864a7a436,Manasvi,UNCERTAIN,0.70,Stored Mechanical Energy,Struck by,Load Handling Failure,Serious Injury,"Fling out of his hands in an upward motion, striking and lacerating his nose and forehead",Asia/Calcutta,OSHA_SIR,20171211664,"On 12/8/2017, at 4:00 p.m., employee #1 was on a truck containing racks of 25-foot sucker rods helping to offload the rods to employee #2, who was stationed on the ground. Employee #1 dropped his end of the sucker rod, which struck the ground. The impact caused a wave motion to propagate through the sucker rod, which then caused the end that employee #2 was holding to fling out of his hands in an upward motion, striking and lacerating his nose and forehead.",Hospitalized=1.00; Amputation=0.00; Loss of Eye=0.00,"Injured by handheld object or equipment, n.e.c.",2026-09-04 09:19:52.907888+00
b6bf2a32-e039-402e-a0db-ffc240189aae,OSHA-SIR-2019076859,fd7f23a1-5e0e-49bf-ae5a-55f7df99ba8a,Aarya Gupte,UNCERTAIN,0.70,power swivel and tank from a drill site,Two employees removing power swiel suffered injuries,Uncontrolled activities,Employee suffered burn,Suffered severe burns while working,Asia/Calcutta,OSHA_SIR,2019076859,"While removing a power swivel and tank from a drill site, two employees sustained chemical burns on their legs from an unknown caustic chemical.",Hospitalized=2.00; Amputation=0.00; Loss of Eye=0.00,"Exposure through intact skin, eyes, or other exposed tissue",2026-09-04 09:26:17.31369+00
b7a9f16c-2795-4cc3-b026-7b8103602de2,OSHA-SIR-20171010313,fa21da09-d2cf-45e7-874a-a1c4d3fdc84b,Punaji Zore,NON_SIF_POTENTIAL,0.90,forklift fork and supporting bar,The employee's gloved right middle finger was positioned between the moving fork and fork assembly,The fork and supporting bar moved into place while the employee's finger was in the pinch point no effective control preventing hand exposure is described,the moving fork and supporting bar create a mechanical pinch,Fork movement pinched the employee's fingertip but the described localized pinch incident doesn'tprovide pathway for SIF,Asia/Calcutta,OSHA_SIR,20171010313,"On October 27, 2017, at approximately 2:45 p.m., an employee was adjusting the forks of a lift. While holding onto the side of the forklift assembly, he boomed up and kicked the fork over with his foot. As the fork moved, it dropped into place, along with the bar that supports the forks. The employee's gloved finger was then pinched between the fork and fork assembly, amputating his right middle fingertip.",Hospitalized=0.00; Amputation=1.00; Loss of Eye=0.00,"Caught in or compressed by equipment or objects, unspecified",2026-09-05 18:06:46.790198+00
b7e370fe-8aa6-4d21-85d5-e85f984303a7,OSHA-SIR-2019099329,fd7f23a1-5e0e-49bf-ae5a-55f7df99ba8a,Aarya Gupte,NON_SIF_POTENTIAL,0.70,Falling of the equipment,One employee fell and other was standing down,Control stand failed,Serious injuries,Fracture on leg after falling down,Asia/Calcutta,OSHA_SIR,2019099329,"Two employees were rigging up centrifugal equipment. One employee was on the solids control equipment stand when it gave way, causing him to fall and sustain three fractured ribs and a punctured left lung. The other employee was on the ground near the stand when it collapsed, resulting in a fracture to his lower left leg.",Hospitalized=2.00; Amputation=0.00; Loss of Eye=0.00,"Fall from collapsing structure or equipment, unspecified",2026-09-04 19:46:57.188785+00
b80665ed-24e6-48ea-9cfe-c121ac95795d,OSHA-SIR-2018065995,7dfac61e-b374-4d21-a7a1-574864a7a436,Manasvi,SIF_POTENTIAL,0.70,Fall from Height,Fall to Lower Level,Fall Protection Failure,Collapsed Lung,The employee fell approximately 22 feet without fall protection and suffered a collapsed lung and multiple fractures.,Asia/Calcutta,OSHA_SIR,2018065995,"An employee was taking apart some pipe on top of an oil and gas tank when he slipped and fell approximately 22 feet. The employee sustained cracked ribs, a collapsed lung and a cracked collarbone. Fall protection was not worn at the time.",Hospitalized=1.00; Amputation=0.00; Loss of Eye=0.00,"Other fall to lower level 21 to 25 feet ",2026-09-04 18:15:13.578589+00
b96eeec7-6883-4031-b5d0-f625b52c7b5b,OSHA-SIR-2015010676,fa21da09-d2cf-45e7-874a-a1c4d3fdc84b,Punaji Zore,SIF_POTENTIAL,0.90,unstable casing trough being moved by a forklift,Employee was in the path of the trough and became pinned between it and a pipe rack,Load control failed when the trough slid off the forklift forks,hospitalized,Forklift-loaded casing trough created crush between hazard and the load energy and entrapment mechanism provide a clear credible fatal or life-altering SIF pathway,Asia/Calcutta,OSHA_SIR,2015010676,"On January 22, 2015, at about 8:30 pm, a casing trough was being loaded by a forklift to a truck. The trough slid off the forks and struck the employee at the midsection of his stomach. He was pinned between the trough and a pipe rack. The employee was admitted to OU Medical Center in Oklahoma City around midnight on 1/22/15.",Hospitalized=1.00; Amputation=0.00; Loss of Eye=0.00,Compressed or pinched by shifting objects or equipment,2026-09-06 12:55:17.490043+00
b9f44a44-075f-4039-bf95-aa4ad7464182,OSHA-SIR-2018054484,36cd44a8-250b-4b5d-8b7e-90dd4331ac89,Shravan Patne,SIF_POTENTIAL,0.90,moving casing,Employee’s left hand was positioned on top of an open pipe while another pipe was being lowered,Hands were in the line of fire during pipe movement; inadequate control of the lowering operation,Fatal or life-altering crush injury from moving casing,The employee’s hand was positioned between two casing joints during a lowering operation,Asia/Calcutta,OSHA_SIR,2018054484,"On May 8, 2018, at approximately 12:10 a.m., employees were running some traded pipes and casing. The crew had a problem connecting two pipes (casing), so they unscrewed those pipes and continued to work with the casing. The injured employee's left hand was on top of an open pipe when a hoist operator (driller) let a second pipe come down. The employee's left-hand fingers were caught between the two pipes (casing), resulting in an amputation of his index finger and a broken ring finger.",Hospitalized=1.00; Amputation=1.00; Loss of Eye=0.00,"Struck by object or equipment, n.e.c.",2026-09-08 20:19:29.730187+00
ba6315b5-ca7d-4f2c-87aa-de9b1bb87552,OSHA-SIR-20191111947,fd7f23a1-5e0e-49bf-ae5a-55f7df99ba8a,Aarya Gupte,UNCERTAIN,0.70,Unprotected floor opening,Two employees fell through the floor opening,Inadequate guarding,Severe injuries,Two employees were exposed to an unprotected 30-foot fall hazard and fell to a concrete surface,Asia/Calcutta,OSHA_SIR,20191111947,"As they were leaving a control room, two employees fell 30 feet through a floor opening immediately outside the door to the concrete below and were hospitalized.",Hospitalized=2.00; Amputation=0.00; Loss of Eye=0.00,Fall through surface or existing opening 26 to 30 feet,2026-09-05 17:46:27.562657+00
ba7d4c5d-96da-4caf-a27b-d18f38c6a2e4,OSHA-SIR-2024054149,fa21da09-d2cf-45e7-874a-a1c4d3fdc84b,Punaji Zore,NON_SIF_POTENTIAL,0.90,Mechanical energy from control panel lid,Employee's finger was positioned at the lid's closing point,The lid fell unexpectedlyno high energy mechanism is described,"The mechanism caused a serious finger injury, but the described lid pinch mechanism does not support a fatality or life altering serious injury.","Control-panel lid fell onto exposed fingertip,exposure was limited to the finger with no credible fatal or life altering SIF pathway described.",Asia/Calcutta,OSHA_SIR,2024054149,"An employee was lifting the lid to a control panel on an underground wiring pulling machine when the lid fell and caught their right ring fingertip, crushing it. They sustained an open displaced fracture of the distal phalanx of the finger, and a partial amputation through the phalanx.",Hospitalized=1.00; Amputation=1.00; Loss of Eye=0.00," Struck by falling part of vehicle or machine, still attached",2026-09-04 09:24:13.818106+00
bbc41d38-1d01-4d3f-904c-60222430ef59,OSHA-SIR-2020043073,7dfac61e-b374-4d21-a7a1-574864a7a436,Manasvi,SIF_POTENTIAL,0.90,Mechanical Energy,Struck-by,Pedestrian–Equipment Separation,Leg Amputation,"The backhoe track struck the employee, resulting in amputation of the left leg below the knee.",Asia/Calcutta,OSHA_SIR,2020043073,An employee was spotting for a backhoe when its track struck the employee. The employee's left leg was amputated from the knee down.,Hospitalized=1.00; Amputation=1.00; Loss of Eye=0.00,"Pedestrian struck by vehicle in nonroadway area, unspecified",2026-09-06 14:10:49.774639+00
bbe03050-39eb-49bf-89cb-0a662e4188f0,OSHA-SIR-2021053666,fd7f23a1-5e0e-49bf-ae5a-55f7df99ba8a,Aarya Gupte,SIF_POTENTIAL,0.90,Hydrogen fluoride a highly poisonous chemical,Two employees exposed to HF gas,No protection near acid dump,Severe chemical injuries,Chemical exposure is fatal,Asia/Calcutta,OSHA_SIR,2021053666,Hydrogen fluoride was released from piping near an alkylation unit's auxiliary acid dump drum. Two employees were exposed to the hydrogen fluoride and were hospitalized.,Hospitalized=2.00; Amputation=0.00; Loss of Eye=0.00,"Exposure to other harmful substances, unspecified",2026-09-04 17:55:47.977237+00
bc05e398-cc58-4bac-ac67-a379fe791132,OSHA-SIR-2015010271,fd7f23a1-5e0e-49bf-ae5a-55f7df99ba8a,Aarya Gupte,NON_SIF_POTENTIAL,0.70,Sharp/protruding objects,Employee tripped and fell,Bad housekeeping,Serious penetrating,The employee fell onto sharp industrial equipment,Asia/Calcutta,OSHA_SIR,2015010271,"At the facility shop area, an employee tripped over his feet and fell on an industrial sized valve stem used in hydrofracking (a piece of sharp equipment) and lacerated his abdomen. This injury required hospitalization for two days.",Hospitalized=1.00; Amputation=0.00; Loss of Eye=0.00,Fall on same level due to tripping over self,2026-09-04 20:28:16.643645+00
bc553817-ed54-4a1f-b90c-a36b1e3fe0d7,OSHA-SIR-2015020055,fd7f23a1-5e0e-49bf-ae5a-55f7df99ba8a,Aarya Gupte,NON_SIF_POTENTIAL,0.70,Fell on ice,Slipped while carrying a railroad tie,Uncontrolled load,Severe head injury,Head injury after falling,Asia/Calcutta,OSHA_SIR,2015020055,"An employee of SM Fencing & Energy Services, Inc. lost his eye sight after receiving a head injury. The employee slipped on the ice at the project site while carrying a railroad tie. After the employee fell to the ground, the railroad tie fell on his head.",Hospitalized=1.00; Amputation=0.00; Loss of Eye=0.00,"Fall on same level due to slipping ",2026-09-04 20:04:29.682867+00
bc678fba-ead9-4548-9fb3-b0e8c91cc454,OSHA-SIR-2018021922,36cd44a8-250b-4b5d-8b7e-90dd4331ac89,Shravan Patne,SIF_POTENTIAL,0.90,Manually handled iron pipe,Employee’s right middle finger was directly exposed between the falling pipe and ground piping,"Loss of control of the pipe during manual handling, with hands positioned in the line of fire",Fatal or life-altering crush injury from falling,A pipe was dropped during manual handling and crushed the employee’s finger against fixed piping,Asia/Calcutta,OSHA_SIR,2018021922,"While conducting rig-up operations, two employees were carrying a 2-inch joint of iron piping when the first employee dropped the joint on the second employee's finger. His right middle finger was crushed between the falling pipe and piping that was on the ground, resulting in an amputation.",Hospitalized=1.00; Amputation=1.00; Loss of Eye=0.00,Struck by object or equipment dropped by other person,2026-09-08 19:56:46.490232+00
bd45ee8e-a7b6-4a60-8445-a92a989f004b,OSHA-SIR-2015052971,7dfac61e-b374-4d21-a7a1-574864a7a436,Manasvi,NON_SIF_POTENTIAL,0.70,Thermal Energy,Burn,Fire Prevention Failure,Second-Degree Burns,"The oil caught fire and ignited the employee’s FR clothing, causing second-degree burns to the forearm, hand, and behind the ear.",Asia/Calcutta,OSHA_SIR,2015052971,"An employee was loading oil into the gun barrel while on a ladder. The gun barrel caught fire possibly from the electric heating element and ignited the employee's FR clothes. The employee received second degree burns on his forearm, his hand, and behind his ear.",Hospitalized=1.00; Amputation=0.00; Loss of Eye=0.00,"Nonstructural fire, n.e.c.",2026-09-04 17:59:51.782265+00
be8b9f95-6f02-4cb6-89df-ba8fdc479b53,OSHA-SIR-2016065729,36cd44a8-250b-4b5d-8b7e-90dd4331ac89,Shravan Patne,SIF_POTENTIAL,0.70,Wind-driven gate,Employee’s left thumb was directly exposed between the gate and vehicle door,"Employee attempted to manually control the wind-driven gate, placing his hand in the pinch point",Fatal or life-altering Amputation injury from uncontrolled gate movement,"Wind caused the gate to move unexpectedly while the employee attempted to stop it, exposing his thumb to a high-force pinch point",Asia/Calcutta,OSHA_SIR,2016065729,"An employee arrived at a worksite, opened the lease gate, drove the vehicle through the gate, and exited the vehicle to close the gate when the wind caught it. The employee tried to block the gate from hitting the company vehicle. The gate caught his thumb between it and the vehicle door, amputating flesh on his left thumb tip.",Hospitalized=0.00; Amputation=1.00; Loss of Eye=0.00,Struck by or caught in swinging door or gate,2026-09-08 20:29:53.585979+00
beb2fdc8-a388-4859-9c5b-a4581819fb1f,OSHA-SIR-2021108821,36cd44a8-250b-4b5d-8b7e-90dd4331ac89,Shravan Patne,SIF_POTENTIAL,0.50,Vehicle movement and road-surface hazard pothole causing sudden vehicle drop,Employee was driving the water truck and was exposed to the sudden impact,Road-condition hazard was not identified or controlled before the vehicle encountered the pothole,A severe vehicle  Drop could credibly cause serious or life-altering spinal injury,"The employee was exposed to a sudden, uncontrolled vehicle movement caused by the pothole. Loss of control or a more severe vehicle event could credibly result in fatal or life-altering harm",Asia/Calcutta,OSHA_SIR,2021108821,"An employee was driving a water truck along a lease road when he hit a pothole and the vehicle dropped, jarring the employee's spine and resulting in fractured vertebrae.",Hospitalized=1.00; Amputation=0.00; Loss of Eye=0.00,"Struck bump, hole, rough terrain on driving surface, nonroadway",2026-09-04 09:26:37.954444+00
beca96b4-0f89-48c7-8719-03e8547f201c,OSHA-SIR-20190910175,7dfac61e-b374-4d21-a7a1-574864a7a436,Manasvi,NON_SIF_POTENTIAL,0.90,Kinetic Energy,Caught-between,Uncontrolled Vehicle Movement,Leg Fracture,"The golf cart unexpectedly accelerated and struck the employee, causing a fractured leg and hospitalization.",Asia/Calcutta,OSHA_SIR,20190910175,An employee was standing on the side of a skid plate while waiting for a welding box to be delivered. A second employee was driving a golf cart to bring the first employee the welding box. The welding box fell onto the accelerator pedal while the driver was approaching the first employee. The golf cart then struck the first employee on the back of his right leg and pushed him onto the skid plate. He sustained a fractured leg.,Hospitalized=1.00; Amputation=0.00; Loss of Eye=0.00,"Pedestrian struck by vehicle in nonroadway area, unspecified",2026-09-06 14:09:25.221033+00
bf1b6d8d-47e8-45fe-ae15-7f22a7c7f8d9,OSHA-SIR-2015075200,7dfac61e-b374-4d21-a7a1-574864a7a436,Manasvi,NON_SIF_POTENTIAL,0.70,Moving Equipment,Caught-between,Positioning Control Failure,Serious Ankle Injury,The employee's ankle was caught between the bulldozer winch and the boom bumper.,Asia/Calcutta,OSHA_SIR,2015075200,"On or about July 29, 2015 an employee operating a side boom crane was injured when his right ankle was caught between the wench of a backing bulldozer and the bumper of the boom. The side boom crane operator was attempting to hook up the wench at the time of the accident.",Hospitalized=1.00; Amputation=0.00; Loss of Eye=0.00,Part of occupant s body caught between vehicle and other object in nonroadway transport incident,2026-09-06 13:49:04.042438+00
c0062f63-0c3d-46ad-89f7-77399a8e6458,OSHA-SIR-2015118676,7dfac61e-b374-4d21-a7a1-574864a7a436,Manasvi,SIF_POTENTIAL,0.70,Mechanical Energy,Run-over,Equipment Movement Control Failure,Leg and Foot Fractures,"The employee fell in front of a moving side boom and was run over by the track, causing fractures to the leg and foot.",Asia/Calcutta,OSHA_SIR,2015118676,"An employee was working in front of the side boom when the employee tripped and fell. The side boom moved forward several feet, and the boom track ran over the employee, fracturing their right leg and foot.",Hospitalized=1.00; Amputation=0.00; Loss of Eye=0.00,Pedestrian struck by forward-moving vehicle in nonroadway area,2026-09-06 13:51:04.774933+00
c04d24e0-249e-4ac9-a766-73f662cabc9b,OSHA-SIR-2015064201,7dfac61e-b374-4d21-a7a1-574864a7a436,Manasvi,SIF_POTENTIAL,0.70,Fall from Height,Fall to Lower Level,Unsafe Work Position,Multiple Fractures Requiring Surgery,"Although the fall was less than 6 ft, the employee sustained multiple fractures to the eye socket, cheekbone, hip, and forearm and required surgery.",Asia/Calcutta,OSHA_SIR,2015064201,"On or about June 30, 2015, an employee for Archer Pressure Pumping was hospitalized when he fell off a truck and onto a metal ramp while attempting to cover an equipment truck with a tarp. The injured employee was standing on the truck and reaching for the tarp when he lost his balance and fell onto the ramp striking his face on the ramp. As a result of the fall, the employee fractured an eye socket and check bone, the right hip and right forearm. The employee was hospitalized and required surgery to repair his injuries.",Hospitalized=1.00; Amputation=0.00; Loss of Eye=0.00,Other fall to lower level less than 6 feet,2026-09-04 18:23:28.893286+00
c06206b8-7ee2-4504-be18-dca33fc12fbb,OSHA-SIR-2015010438,7dfac61e-b374-4d21-a7a1-574864a7a436,Manasvi,UNCERTAIN,0.70,Mechanical Energy,Struck by,Uncontrolled Wrench Movement,Amputation,Speeding wrench struck the left hand smashing the middle finger on that hand.,Asia/Calcutta,OSHA_SIR,2015010438,An employee was making a connection with a drill fork when the speeding wrench struck the left hand smashing the middle finger on that hand.,Hospitalized=0.00; Amputation=1.00; Loss of Eye=0.00,Injured by slipping or swinging object held by injured worker,2026-09-04 09:38:33.802941+00
c23245be-220c-4674-bcc0-fc1a338b5001,OSHA-SIR-20191213024,36cd44a8-250b-4b5d-8b7e-90dd4331ac89,Shravan Patne,SIF_POTENTIAL,0.90,Trapped well pressure capable of propelling shrapnel,Two employees were within the line of fire while observing wellhead reconfiguration,Pressure was not adequately isolated ontrolled before the wellhead work,Uncontrolled pressure release can propel metal and valve components with enough energy to cause fatal or life-altering injuries,Two employees were directly exposed to stored well pressure which unexpectedly released and propelled shrapnel.,Asia/Calcutta,OSHA_SIR,20191213024,"Two employees were observing a crew who was in the process of reconfiguring a well head. Trapped pressure was released within the well and blew shrapnel (nuts, bolt, plastic parts of the inside of the valves that are part of the well head tree) at the two employees. One employee received an amputation injury to his right thumb. The other employee received shrapnel injuries to his body requiring him to be hospitalized and undergo surgery to remove the shrapnel.",Hospitalized=1.00; Amputation=1.00; Loss of Eye=0.00,Struck by discharged object or substance,2026-09-06 21:42:38.795847+00
c235f91b-f227-4fcb-a161-f87325a556e0,OSHA-SIR-2015030400,fa21da09-d2cf-45e7-874a-a1c4d3fdc84b,Punaji Zore,SIF_POTENTIAL,0.90,power tongs and moving elevator,The employee's left hand was exposed while reaching to unlatch the elevator as the pipe was being brought up,The tongs engaged unexpectedly while the employee's hand was near the equipment,"Unexpected movement of drilling tongs can cause crushing, fractures or amputation and the energy involved can reasonably support a serious injury pathway",Drilling tongs unexpectedly engaged while the employee's hand was exposed during elevator unlatching,Asia/Calcutta,OSHA_SIR,2015030400,"An employee was stabbing up in the derrick while a pipe was being brought up on an elevator. As the employee reached to unlatch the elevator, the tongs engaged, striking the employee's left hand resulting in a broken wrist.",Hospitalized=1.00; Amputation=0.00; Loss of Eye=0.00,Caught in running equipment or machinery during regular operation,2026-09-06 10:52:21.441722+00
c34cd668-cf6a-4fba-989c-1856b7363091,OSHA-SIR-2018032417,fd7f23a1-5e0e-49bf-ae5a-55f7df99ba8a,Aarya Gupte,UNCERTAIN,0.70,Workplace violence,Two employees were involved in a physical,Inadequate control,Broken nose,The employee sustained a significant injury,Asia/Calcutta,OSHA_SIR,2018032417,Two employees were involved in a physical altercation at the work site. One employee suffered a broken nose and was hospitalized.,Hospitalized=1.00; Amputation=0.00; Loss of Eye=0.00,"Hitting, kicking, beating, shoving",2026-09-05 19:23:00.050998+00
c4a571a0-3a31-4640-8880-d44ca18a2c96,OSHA-SIR-2016055851,fd7f23a1-5e0e-49bf-ae5a-55f7df99ba8a,Aarya Gupte,UNCERTAIN,0.70,Vehicle stuck near ravine,Employee was exposed to the fire,Inadequate control of vehicle,Burns and injury,The employee was exposed to fire,Asia/Calcutta,OSHA_SIR,2016055851,"An employee was delivering parts when the employee's vehicle became stuck. As the employee attempted to dislodge the vehicle, the grass caught on fire and the employee fell approximately 6 to 8 feet into a ravine. The employee suffered a second degree burn to the left forearm, a broken rib, a punctured lung, and a broken collarbone.",Hospitalized=1.00; Amputation=0.00; Loss of Eye=0.00,Forest or brush fire,2026-09-05 19:18:36.796055+00
c5567f07-b25e-4716-9def-b61deaef2111,OSHA-SIR-2018066035,36cd44a8-250b-4b5d-8b7e-90dd4331ac89,Shravan Patne,SIF_POTENTIAL,0.90,Unsecured iron pipe,Employee’s left little finger was directly exposed between the rolling pipe and work platform,Missing brace allowed the pipe to continue rolling after being placed in the cradle,Fatal or life-altering crush injury from uncontrolled pipe movement,A missing brace allowed the iron joint to roll unexpectedly and crush the employee’s finger against the platform,Asia/Calcutta,OSHA_SIR,2018066035,"An employee was taking a joint of iron off the back of a truck and rotating it back into the cradle where it was stored. A brace was missing; when the joint was put into its resting spot, it kept rolling, crushing the employee's left little finger against the work platform. The finger was amputated.",Hospitalized=0.00; Amputation=1.00; Loss of Eye=0.00,Struck by object or equipment rolling freely,2026-09-08 19:57:56.31904+00
c5bd4618-9c3f-45ca-99b2-638f9fd4bb3f,OSHA-SIR-20201211546,fa21da09-d2cf-45e7-874a-a1c4d3fdc84b,Punaji Zore,SIF_POTENTIAL,0.90,Liquid butane under pressure and flamable,Employee was directly sprayed with liquid butane,Hose isolation/depressurization was insufficient to prevent butane release,Direct liquid-butane contact can cause severe cold burns,Pressurized liquid butane sprayed the employee during hose work creating a credible high energy thermal exposure capable of severe or permanent injury,Asia/Calcutta,OSHA_SIR,20201211546,"An employee was changing hoses when he was sprayed by liquid butane, resulting in cold burns.",Hospitalized=1.00; Amputation=0.00; Loss of Eye=0.00,Contact with cold objects or substances,2026-09-06 13:08:59.150681+00
c5f2ce27-f095-41e1-bdf2-138d12f84ca0,OSHA-SIR-2015030594,fa21da09-d2cf-45e7-874a-a1c4d3fdc84b,Punaji Zore,SIF_POTENTIAL,0.90,Rock crusher with powerful mechanical rotating energy,Employee's hand was inside the crusher while dislodging rocks,Lockout tagout was not followed,"A rock crusher has sufficient mechanical energy to cause catastrophic crushing, amputation or fatal injury",LOTO was not followed in the enrgized rock crusher the machine energy and direct exposure provide a clear credible pathway to permanent serious or fatal injury,Asia/Calcutta,OSHA_SIR,2015030594,An employee on an oil rig had his left hand amputated by a rock crusher while dislodging rocks from the machine. Lockout procedures were not followed at the time.,Hospitalized=1.00; Amputation=1.00; Loss of Eye=0.00,"Caught in running equipment or machinery, unspecified",2026-09-06 11:15:29.962589+00
c5f45744-c0a4-4164-932a-e89b83b08c2e,OSHA-SIR-2016020995,7dfac61e-b374-4d21-a7a1-574864a7a436,Manasvi,NON_SIF_POTENTIAL,0.70,Mechanical Energy,Struck by,Hand Placement Failure,Amputation of left ring finger,Amputation of left ring finger after being struck by a sledge hammer,Asia/Calcutta,OSHA_SIR,2016020995,An employee's left ring finger was partially amputated after being struck by a sledge hammer while the employee was repairing a 34-inch pipeline.,Hospitalized=0.00; Amputation=1.00; Loss of Eye=0.00,"Injured by handheld object or equipment, unspecified",2026-09-04 09:22:39.114646+00
c6a47be1-6295-46f7-af29-84e4e92ab23b,OSHA-SIR-2018077788,fa21da09-d2cf-45e7-874a-a1c4d3fdc84b,Punaji Zore,UNCERTAIN,0.70,Large rotating pulleys and moving belt,Employee placed his right hand directly on the moving belt,moving pulleys and belt did not prevent hand access,hospitalization,"employee's hand contacted the moving belt and was drawn into the pulleys ,the mechanism has a credible pathway to permanent serious or fatal injury",Asia/Calcutta,OSHA_SIR,2018077788,"An employee lifted the lid to the glue cooling area of the machine to examine the equipment for issues. The lid covers two pulleys; one is 4 feet and the other is 16 inches in diameter. When he lifted the lid, it swung back and he raised his left hand to protect himself. He then lost balance and tried to steady himself with his right hand by placing it on the belt. His right hand got caught in the pulleys and when he pulled back, he suffered avulsions to his ring, pinky and middle fingers requiring hospitalization.",Hospitalized=1.00; Amputation=0.00; Loss of Eye=0.00,"Caught in running equipment or machinery, n.e.c.",2026-09-06 11:05:45.695597+00
c8e7876a-298a-4372-a160-31b6f0be909e,OSHA-SIR-2015118254,fd7f23a1-5e0e-49bf-ae5a-55f7df99ba8a,Aarya Gupte,NON_SIF_POTENTIAL,0.90,Uneven surface,Employee tripped while rigging,Uneven surfaces were not observed,Serious injury,Injury due to slipping and falling,Asia/Calcutta,OSHA_SIR,2015118254,An employee was rigging up a swab lubricator when he tripped on an uneven surface and broke his tibia and dislocated the fibula.,Hospitalized=1.00; Amputation=0.00; Loss of Eye=0.00,Fall on same level due to tripping on uneven surface,2026-09-04 20:10:17.913227+00
c9d1791a-daec-44e5-986a-e3cb95cb69a2,OSHA-SIR-2015063813,fd7f23a1-5e0e-49bf-ae5a-55f7df99ba8a,Aarya Gupte,UNCERTAIN,0.70,Roof opening,Employee fell through the ceiling,Less protection,Severe injuries,The employee fell approximately 50 feet,Asia/Calcutta,OSHA_SIR,2015063813,"An employee was checking a leak on the roof. He fell through the roof (skylight) and ceiling (another 15 feet) to the ground for about 50 feet total. He was hospitalized for a dislocated shoulder, a cut on his left rib, and brain bleeding. He underwent surgery.",Hospitalized=1.00; Amputation=0.00; Loss of Eye=0.00,Fall through surface or existing opening more than 30 feet,2026-09-05 17:55:46.379055+00
ca2f7246-166d-4de1-abc9-5d9ef943a718,OSHA-SIR-2016098843,36cd44a8-250b-4b5d-8b7e-90dd4331ac89,Shravan Patne,SIF_POTENTIAL,0.90,Suspended BOP with stored gravitational energy,Employee’s right index fingertip was directly exposed between two BOPs,the BOP slipped when the clevis was being removed,Fatal or life-altering crush injury from uncontrolled movement of the BOP,A heavy BOP was temporarily supported with an improvised method and then slipped,Asia/Calcutta,OSHA_SIR,2016098843,"An employee was removing clevises from under a blowout preventer (BOP). The employee retrieved the first clevis, but the second clevis was trapped underneath one of the BOPs. He lifted the BOP up and stuck the first clevis underneath to support the BOP's weight (this allowed him to retrieve the second clevis). When he attempted to lift the BOP back up to remove the first clevis, the BOP slipped and fell. His right index fingertip was caught/pinched between the two BOPs, resulting in a finger amputation.",Hospitalized=0.00; Amputation=1.00; Loss of Eye=0.00,Struck by object or equipment dropped by injured worker,2026-09-08 19:47:59.507189+00
ca470bc5-fa9a-402f-9d2b-15901d4e1650,OSHA-SIR-2015063815,fd7f23a1-5e0e-49bf-ae5a-55f7df99ba8a,Aarya Gupte,SIF_POTENTIAL,0.90,Transmission line,The employee's hand was directly beneath the line,Inadequate handling,Severe burns,Burns caused by the bursting of lines and admitted to hospital,Asia/Calcutta,OSHA_SIR,2015063815,An employee was working at an oil and gas lease site when he made contact with a 480 V transmission line while working between the distribution box and the well he was inspecting. The employee received third degree burns on his hands and back and was admitted to the hospital.,Hospitalized=1.00; Amputation=0.00; Loss of Eye=0.00,"Direct exposure to electricity, 220 volts or less",2026-09-04 06:52:50.510769+00
cb599095-5813-44a6-8861-e4b2ea0c450f,OSHA-SIR-2015074999,fd7f23a1-5e0e-49bf-ae5a-55f7df99ba8a,Aarya Gupte,SIF_POTENTIAL,0.90,Explosion in the wellhead,The person sustained severe burns,Unable to control,Extreme burns due to work on wellhead,Extremely dangerous injuries sustained,Asia/Calcutta,OSHA_SIR,2015074999,An explosion occurred while an employee was performing work on a well head. He sustained burns to 60% to 80% of his body.,Hospitalized=1.00; Amputation=0.00; Loss of Eye=0.00,"Explosion, n.e.c.",2026-09-04 08:49:10.194804+00
cbf163f7-dfd1-4af6-9dd2-ce29931b466b,OSHA-SIR-2019021646,fd7f23a1-5e0e-49bf-ae5a-55f7df99ba8a,Aarya Gupte,SIF_POTENTIAL,0.70,propane torch,Two employees were using a propane torch to thaw a valve on a water tanker trailer,Inadequate control of ignition,Explosion and serious burn injuries,Explosion in propane torch caused severe injuries,Asia/Calcutta,OSHA_SIR,2019021646,Two employees were using a propane torch to thaw a valve on a water tanker trailer. There was an explosion and both employees were burned.,Hospitalized=2.00; Amputation=0.00; Loss of Eye=0.00,"Explosion, unspecified",2026-09-04 09:03:36.501912+00
cd5027bb-413e-4fd0-a979-6e20a8a776a3,OSHA-SIR-2015020050,fd7f23a1-5e0e-49bf-ae5a-55f7df99ba8a,Aarya Gupte,UNCERTAIN,0.70,joint connector being pulled by a chain became tight,Amputated the right ring finger,joint connector was pulled,Amputation of a finger,Amputation of a finger due to a chain becoming tight,Asia/Calcutta,OSHA_SIR,2015020050,"On 2/11/15, a Pioneer Oil Field Services Rig Hand working at Petco/Louden Field amputated the first digit (approximately the length of his fingernail) of his right ring finger. The amputation occurred when a landing joint connector being pulled by a chain became tight and wrapped around said employee's finger who was holding/guiding the chain at the time of incident.",Hospitalized=0.00; Amputation=1.00; Loss of Eye=0.00,Entangled in other object or equipment,2026-09-04 07:21:32.74922+00
ce9a3fda-fc97-498e-98c7-9b07ff946dbb,OSHA-SIR-20161211967,fa21da09-d2cf-45e7-874a-a1c4d3fdc84b,Punaji Zore,SIF_POTENTIAL,0.90,Suspended shale bin and tensioned lifting chain,Employee's finger was between the bin and lifting chain,The bin was not fully de energized before the employee entered the pinch point,amputation and hospitalized,Loader controls were inadvertently activated tightening the chain and crushing the finger and suspended load mechanism provides a credible pathway to permanent serious or fatal injury,Asia/Calcutta,OSHA_SIR,20161211967,"An employee had just finished lifting a shale bin using two loaders (one with a stinger, chain, and lifting equipment) in order to place matting underneath. Once the matting was in place, the employee directed the loader to lower the bin until there was enough slack in the lifting chain to remove it. As the employee grabbed the eye of the lifting chain to unhook it, the operator of the loader bumped the controls with his knee, causing the chain to tighten and pinch the employee's right middle finger between the bin and the chain. The employee's right middle finger was amputated between the middle and upper joint, and the employee was hospitalized.",Hospitalized=1.00; Amputation=1.00; Loss of Eye=0.00,Compressed or pinched by shifting objects or equipment,2026-09-06 13:06:06.05184+00
ced6f116-613e-4e21-8f03-f793a144764b,OSHA-SIR-2016054654,fd7f23a1-5e0e-49bf-ae5a-55f7df99ba8a,Aarya Gupte,UNCERTAIN,0.70,Fragile roof surface,fell through the roof to the ground,Inadequate assessment,Severe injuries,"The employee fell approximately 8 feet through a roof, resulting in multiple fractures.",Asia/Calcutta,OSHA_SIR,2016054654,"An employee climbed a ladder to assess the next level of a metal roof. He stepped on a shingle and fell 8 feet through the roof to the ground, breaking his right index finger, left middle finger, right hip, and back.",Hospitalized=1.00; Amputation=0.00; Loss of Eye=0.00,Fall through surface or existing opening 6 to 10 feet,2026-09-05 17:48:51.043223+00
cf38895a-16d4-4a9d-a014-a90ab625bb84,OSHA-SIR-2025088501,fa21da09-d2cf-45e7-874a-a1c4d3fdc84b,Punaji Zore,NON_SIF_POTENTIAL,0.70,torque wrench and its moving components,employee's right index finger was directly exposed,The finger was positioned within the tool's pinch point during operation,"The described mechanism can cause a severe hand injury, but the narrative describes only a partial amputation without enough information",Finger was caught in a torque wrench pinch point but the described partial amputation does not establish a credible life altering SIF pathway,Asia/Calcutta,OSHA_SIR,2025088501,"An employee was operating a torque wrench to tighten equipment when his right index finger got caught in a pinch point of the tool, resulting in a partial amputation without fracture.",Hospitalized=0.00; Amputation=1.00; Loss of Eye=0.00,Struck by running powered equipment  n.e.c.,2026-09-05 11:12:15.734253+00
cfca5ead-e614-4c60-95ee-d2a05f982749,OSHA-SIR-2017010858,fd7f23a1-5e0e-49bf-ae5a-55f7df99ba8a,Aarya Gupte,UNCERTAIN,0.70,Chemical Reaction,Person exposed to chemicals,No control of chemicals during reactions,Burn injuries due to chemical,Employee exposed to chemicals and caused him injuries,Asia/Calcutta,OSHA_SIR,2017010858,An employee was cleaning a H2S (hydrogen sulfide) tower using a H2O2 (hydrogen peroxide) chemical when a chemical explosion occurred. The employee suffered burns to an ear and leg.,Hospitalized=1.00; Amputation=0.00; Loss of Eye=0.00,"Explosion of nonpressurized vapors, gases, or liquids",2026-09-04 07:45:53.780154+00
d0045b9f-b4ad-4eff-93db-3f42b404c91c,OSHA-SIR-2015042463,7dfac61e-b374-4d21-a7a1-574864a7a436,Manasvi,NON_SIF_POTENTIAL,0.70,Sharp Object,Puncture,Contact with Brush Wire,Infection,Injured by a brush wire and was hospitalized after infection spread to his arm.,Asia/Calcutta,OSHA_SIR,2015042463,An employee was injured by a brush wire and was hospitalized after infection spread to his arm.,Hospitalized=1.00; Amputation=0.00; Loss of Eye=0.00,Injured by slipping or swinging object held by injured worker,2026-09-04 16:44:58.040301+00
d0abb734-2771-4940-87eb-b7d973c3170d,OSHA-SIR-2021075939,36cd44a8-250b-4b5d-8b7e-90dd4331ac89,Shravan Patne,SIF_POTENTIAL,0.90,Moving 27/8-inch tubing,Employee's right ring finger was exposed between the bouncing tubing joint and the floor,Employee was required to manually grab and guide bouncing tubing while positioned in the pinch zone,"Unexpected tubing movement could cause severe crushing, amputation, or fatal injury",The employee was directly exposed to a pinch/crush point while manually guiding tubing. The joint bounced and crushed the finger against the floor,Asia/Calcutta,OSHA_SIR,2021075939,"A crew, working for Red Diamond Energy Services, was laying down 2 7/8-inch tubing. The employee on the floor would unlatch the elevators slightly above the floor. The joint would bounce and the employee on the ground would grab and slide the tubing down the rack. While the 29th joint was being laid down, the employee's right ring finger was crushed between the tubing and the floor as the joint bounced resulting in amputation.",Hospitalized=0.00; Amputation=1.00; Loss of Eye=0.00,Struck by object falling from vehicle or machinery-other than vehicle part,2026-09-06 22:43:28.35209+00
d0ae0b5b-0cdc-4f26-8860-560dec8e4985,OSHA-SIR-2015074326,fa21da09-d2cf-45e7-874a-a1c4d3fdc84b,Punaji Zore,NON_SIF_POTENTIAL,0.70,pinch crush point between the derrick tip section and stop plate,Employee's right thumb and first finger were directly in the pinch point during rigging down,Physical control was insufficient to prevent hand exposure,Thumb amputation occurred,Mechanical pinch hazard between derrick tip section and stop plate employee's hand was exposed during rigging down and exposure are localized to the fingers with no credible fatal or life altering SIF mechanism described,Asia/Calcutta,OSHA_SIR,2015074326,"Employees were rigging down the workover rig at about 11:30 a.m., on July 5, when an employee's right thumb and first finger were caught between the derrick tip section and stop plate. The employee's thumb had to be surgically amputated.",Hospitalized=1.00; Amputation=1.00; Loss of Eye=0.00,Caught in running equipment or machinery during regular operation,2026-09-06 10:55:43.356564+00
d0dad890-69bd-455a-8b75-a97fb66b564c,OSHA-SIR-2015020241,36cd44a8-250b-4b5d-8b7e-90dd4331ac89,Shravan Patne,SIF_POTENTIAL,0.90,Trapped well pressure  behind the valve,Employee was directly exposed while placing the valve into the well,Pressure was allowed to build behind the valve   resulting in uncontrolled ejection from the well,A pressurized valve can be violently ejected and cause fatal or life-altering struck-by injuries,Stored well pressure caused the valve to violently eject from the well while the employee was exposed.,Asia/Calcutta,OSHA_SIR,2015020241,An employee put a valve into the hole of an oil well as part of the process to plug the well. Pressure built up behind the valve causing it to explode out of the hole. One of the employee's legs was severely injured and is being medically amputated.,Hospitalized=1.00; Amputation=1.00; Loss of Eye=0.00,"Struck by dislodged flying object, particle",2026-09-06 22:03:56.89587+00
d0f633dd-ad53-493b-9c24-4ecd2a8f6342,OSHA-SIR-2017109574,7dfac61e-b374-4d21-a7a1-574864a7a436,Manasvi,NON_SIF_POTENTIAL,0.90,Slip Hazard,Loss of Balance,Walking Surface Control Failure,Patellar Tendon Tear requiring Hospitalization,The employee slipped while loading a pallet and sustained a torn patellar tendon.,Asia/Calcutta,OSHA_SIR,2017109574,"An employee was loading a pallet into a truck when he slipped and tore his left patella tendon, requiring hospitalization.",Hospitalized=1.00; Amputation=0.00; Loss of Eye=0.00,"Slip without fall, unspecified",2026-09-06 14:29:13.716802+00
d3aad65c-f70a-4282-8535-c40b756bf469,OSHA-SIR-2024087108,fa21da09-d2cf-45e7-874a-a1c4d3fdc84b,Punaji Zore,SIF_POTENTIAL,0.90,Wedge under force between the flanges,The employee was directly in the potential path of the banana wedge while striking it with a hammer,The wedge dislodged unexpectedly when struck allowing it to become a projectile toward the employee's face,A metal wedge becoming a projectile toward the face can cause fatal or permanent serious injury,A dislodged metal wedge became a high energy projectile toward the employee's face creating a credible severe injury pathway,Asia/Calcutta,OSHA_SIR,2024087108,"An employee was installing a gasket between flanges on a heat exchanger. The straight wedge that was used to separate the flanges became stuck between the flanges. The employee used a banana wedge to spread the flanges and remove the stuck straight wedge. When the employee struck the banana wedge with a hammer, the banana wedge dislodged from the flange and struck their face. The employee was hospitalized with a fractured jaw and required surgery.",Hospitalized=1.00; Amputation=0.00; Loss of Eye=0.00,Struck by other propelled object or substance  n.e.c.,2026-09-04 16:37:50.574605+00
d46888e6-1732-4719-ab2e-0f0e8e9ee883,OSHA-SIR-2015010261,fd7f23a1-5e0e-49bf-ae5a-55f7df99ba8a,Aarya Gupte,UNCERTAIN,0.70,Mulch Machine operating,The employee's finger was exposed to the machine,No guarding around the machine,Finger amputation,Finger amputation,Asia/Calcutta,OSHA_SIR,2015010261,"On 01/08/15, employee suffered an amputation of the left index finger while operating a mulch machine at a well site.",Hospitalized=0.00; Amputation=1.00; Loss of Eye=0.00,"Contact with objects and equipment, unspecified",2026-09-04 06:17:44.165996+00
d4d9363d-ff24-4883-b1f9-ab4c26c94a52,OSHA-SIR-2024098993,fa21da09-d2cf-45e7-874a-a1c4d3fdc84b,Punaji Zore,SIF_POTENTIAL,0.90,Pipe under tention with strored mechanical enrgy can cuase sudden movement,Employee was seated on the backhoe and was directly in the path of pipe.,Rail broke unexpectedly at the weld,"Pipe under tention suddenly flipping towards emplyee can cause serious injury to head,and body",Tentioned pipe released suddenly and flipped towards backhoe of seat directly on expposing employee is an credible fatal pathway,Asia/Calcutta,OSHA_SIR,2024098993,"An employee was removing a section of fencing around a yard using a backhoe. The fence section had three rails (pipes) on each side of a center post. The far end of the rails had been torch-cut from their respective posts. Due to the tension from the backhoe, the connected portion of the pipe broke at the weld, causing the rail section to flip upward toward the back of the backhoe. One end of the pipe hit the ground at an almost straight-up angle and fell toward the seat where the employee was sitting. The end of the pipe that was torch cut edge struck the employee on top of his head on the left side, causing a contusion, a fracture, and a laceration. The employee was hospitalized.",Hospitalized=1.00; Amputation=0.00; Loss of Eye=0.00,Struck by dislodged or detached object(s),2026-09-04 07:40:37.147008+00
d4dffa38-7baf-4325-8d30-a9e8eb21bf43,OSHA-SIR-2017010688,fd7f23a1-5e0e-49bf-ae5a-55f7df99ba8a,Aarya Gupte,UNCERTAIN,0.70,Pressurized heater,Two employees were tightening a leaking bolt,Inadequate isolation,Severe thermal burn,A pressurized coupling failed,Asia/Calcutta,OSHA_SIR,2017010688,"A crew of three employees had just repaired a heater/treater water leg 3"" vitriolic coupling and had pressured it up with a pump. A leak appeared at a bolt on the unit and the two injured employees proceeded to tighten it. While the two were tightening the bolt, they heard a pop and something gave away. They were drenched with liquid and gas. The third employee saw this and shut the pump down and was going to isolate the unit when it caught fire near the coupling. The fire spread to the two drenched employees. One employee suffered third degree burns while the second employee suffered second degree burns.",Hospitalized=2.00; Amputation=0.00; Loss of Eye=0.00,"Ignition of vapors, gases, or liquids",2026-09-05 19:33:56.316269+00
d5660407-7bd9-411d-a495-f5b6805eb2e9,OSHA-SIR-2024098909,fa21da09-d2cf-45e7-874a-a1c4d3fdc84b,Punaji Zore,SIF_POTENTIAL,0.90,suspended grease head and lubricator,The employee's left index finger was positioned between the grease head and lubricator while stabilizing the lubricator.,The lubricator joint slipped into a tight space,The grease head and lubricator are substantial equipment components and their movement in a confined space creates a credible crush pathway,"heavy grease-head equipment shifted while the employee was exposed in the pinch zone, creating a credible crush mechanism capable of causing permanent serious injury.",Asia/Calcutta,OSHA_SIR,2024098909,An employee was making a grease head connection. He pulled on the sling connected by a crane to balance the grease head. He was stabilizing the 5-1/2 lubricator with his left hand when the lubricator joint slipped into a tight space causing the 4-3/4 grease head to crush his left index finger against the lubricator. The employee's left index fingertip was amputated.,Hospitalized=0.00; Amputation=1.00; Loss of Eye=0.00,Struck by suspended or swinging objects  n.e.c.,2026-09-05 14:20:09.079223+00
d5993f4e-f43b-4278-80b6-656e5283874f,OSHA-SIR-2015020655,fa21da09-d2cf-45e7-874a-a1c4d3fdc84b,Punaji Zore,SIF_POTENTIAL,0.90,the power tongs/tong plate and securing pin,The employee's hand was directly between the tong plate and pin,The hand was exposed within the tong pinch point the specific control preventing hand placement in the moving area is not described,"The tongs contain significant mechanical force, and a hand caught between the tong plate",Hand was caught in a power tong pinch point to create a credible permanent serious injury pathway,Asia/Calcutta,OSHA_SIR,2015020655,An employee working on an oil-and-gas service rig suffered partial amputations of the right middle and right ring fingers after his hand was caught between the tong plate and the pin that secures the tongs.,Hospitalized=1.00; Amputation=1.00; Loss of Eye=0.00,"Caught in or compressed by equipment or objects, unspecified",2026-09-05 18:16:35.55467+00
d5eb93d6-c8bc-4243-bfda-871ccedf5f48,OSHA-SIR-2025021657,fa21da09-d2cf-45e7-874a-a1c4d3fdc84b,Punaji Zore,SIF_POTENTIAL,0.90,"power swivel and 48"" pipe wrench",The employee was directly exposed to the swing path of the pipe wrench,The control panel was inadvertently activated when it flipped over,Unexpected rotation of a large pipe wrench can generate significant struck by capable of causing fatal or permanent serious injury,"power swivel activation caused a 48"" pipe wrench to swing into an exposed employee creating a credible high energy struck by pathway",Asia/Calcutta,OSHA_SIR,2025021657,"Employees were rigging down a power swivel at a well site. They placed the power swivel in a trailer and were preparing to remove the Kelly valve and cross-over subs. The operator came down from the drillers console, set the power swivel's control panel down in front of the draw works, and then went to get a kink out of a hydraulic hose. The hose caused the control panel to flip over, engaging the power swivel. The injured employee placed a 48"" pipe wrench onto a sub. When the power swivel engaged, the wrench swung and struck the injured employee's left knee. The employee's knee was dislocated and they sustained soft tissue damage to the ACL and MCL.",Hospitalized=1.00; Amputation=0.00; Loss of Eye=0.00,Struck by running powered equipment  n.e.c.,2026-09-05 13:49:17.401636+00
d648ea7a-8459-40b5-b5b5-ad713351ca97,OSHA-SIR-2016076185,7dfac61e-b374-4d21-a7a1-574864a7a436,Manasvi,SIF_POTENTIAL,0.70,Mechanical Energy,Pinch Point,Unexpected Tool Movement,Amputation,"The setting tool slipped and the sleeve pinched the employee’s finger, resulting in an amputation. Amputation is a permanent, life-altering injury and therefore qualifies as SIF.",Asia/Calcutta,OSHA_SIR,2016076185,"An employee was moving a setting tool from the tool stand to a vise located on the back bumper of the logging unit to make some adjustments on the tool. As he was attempting to place the setting tool onto the vise, the setting tool struck the vise, causing the tool to slide down from the employee's hand. His finger slipped into a hole on the tool and a sleeve on the tool came down, pinching his left middle finger.",Hospitalized=1.00; Amputation=1.00; Loss of Eye=0.00,Injured by slipping or swinging object held by injured worker,2026-09-04 17:01:56.80753+00
d67b30f1-e8fe-4811-8096-fcc282930021,OSHA-SIR-2019032243,7dfac61e-b374-4d21-a7a1-574864a7a436,Manasvi,SIF_POTENTIAL,0.70,Mechanical Energy,Struck by,Tool slippage,"Head injury, an amputated little finger, a broken collarbone, and broken ribs.",Head Injury,Asia/Calcutta,OSHA_SIR,2019032243,"An employee was trying to loosen a connection with a 60-inch pipe wrench. The wrench slipped off the pipe, spun around, and struck him. He suffered a head injury, an amputated little finger, a broken collarbone, and broken ribs.",Hospitalized=1.00; Amputation=1.00; Loss of Eye=0.00,"Injured by handheld object or equipment, unspecified",2026-09-04 09:24:02.179044+00
d7b49a02-ddbc-4610-81f9-db5a4c0f3f75,OSHA-SIR-2016065127,36cd44a8-250b-4b5d-8b7e-90dd4331ac89,Shravan Patne,SIF_POTENTIAL,0.90,rotating industrial ceiling fan blades,Employee was inside a boom-lift bucket and entered the fan's path while lowering,insufficient clearance failure to control the boom-lift's movement relative to the overhead fan,Contact with the rotating fan could credibly cause severe  life-altering injury,"The employee was credibly exposed to an energized rotating fan while elevated in a boom lift, and the positioning control failed Resulted in Contact with the moving fan  which can credibly result in life-altering harm.",Asia/Calcutta,OSHA_SIR,2016065127,"An employee was in a boom lift, replacing an emergency light at a warehouse. As he was lowering himself, the bucket swung into an industrial ceiling fan, which lacerated his left forearm. He was hospitalized.",Hospitalized=1.00; Amputation=0.00; Loss of Eye=0.00,Struck against moving part of machinery or equipment,2026-09-04 08:59:29.670978+00
d7e743e7-f3dc-4932-bcfc-a9b023bc6c47,OSHA-SIR-2019066117,7dfac61e-b374-4d21-a7a1-574864a7a436,Manasvi,SIF_POTENTIAL,0.70,Mechanical Energy,Caught-in,Machine Guarding Failure,Amputation,"The employee’s fingers were caught in the winch, causing partial amputation of the left ring finger.",Asia/Calcutta,OSHA_SIR,2019066117,"An employee was working 4 to 5 miles offshore on board a utility vessel and helping to retrieve a box core (device that goes to the bottom to scoop sediment) when his fingers were caught in a 24-volt winch, resulting in the partial amputation of his left ring finger.",Hospitalized=0.00; Amputation=1.00; Loss of Eye=0.00,Machinery or equipment incident on water vehicle,2026-09-04 17:18:21.77466+00
d7f9c4d2-944a-444f-8db8-22f50651d31e,OSHA-SIR-2025032244,fa21da09-d2cf-45e7-874a-a1c4d3fdc84b,Punaji Zore,SIF_POTENTIAL,0.90,Stored pressure energy in the pressurized 12 inch water line and the moving pipe,The employee was exposed to the water-line path while running the pig,The pig caused the water line to whip  allowing the line to move unexpectedly and strike the employee,A whipping 12 inch line can generate significant struck by energy capable of causing fatal or permanent serious injury,12 inch water line whipped unexpectedly during pigging creating a credible high energy struck by pathway,Asia/Calcutta,OSHA_SIR,2025032244,"An employee was running a pig through a water line to clear the ice. The pig caused the 12-inch water line to whip and strike the employee, resulting in a head laceration and broken leg.",Hospitalized=1.00; Amputation=0.00; Loss of Eye=0.00,Struck by other propelled object or substance  n.e.c.,2026-09-04 16:35:29.194518+00
d8a78d38-bd85-40d2-8215-fedc29971e0b,OSHA-SIR-2024054535,fa21da09-d2cf-45e7-874a-a1c4d3fdc84b,Punaji Zore,UNCERTAIN,0.70,manually actuated valve,The employee's left hand was directly in contact with the valve,the specific protective barrier or control is not described,A hand caught in a valve can cause injuries  potentially resulting in permanent serious injury but incident doesn't provide enough detail,"Hand was caught in a manually actuated valve, but the valve's mechanism is  not described sufficiently to confirm a SIF pathway.",Asia/Calcutta,OSHA_SIR,2024054535,An employee was troubleshooting a valve that is involved with blending a dry chemical powder mix. The employee's left hand was caught in the valve when it was manually actuated. The employee sustained injury to their hand and fingers.,Hospitalized=1.00; Amputation=0.00; Loss of Eye=0.00," Struck by running powered equipment  during maintenance, cleaning, testing",2026-09-05 10:53:02.064868+00
d8d1d5fd-ebed-4cba-9629-3b446e1f8cad,OSHA-SIR-2015020653,7dfac61e-b374-4d21-a7a1-574864a7a436,Manasvi,SIF_POTENTIAL,0.70,Mechanical Energy,Struck-by,Hammering Control Failure,Amputation,"The employee’s finger was struck and crushed by a hammer, and the distal phalanx was surgically removed.",Asia/Calcutta,OSHA_SIR,2015020653,"On 20 February 2015, at approximately 1100hrs, employee was holding a pin that was being hammered by a third-party employee. His right, middle distal phalanx was struck by the hammer and crushed. The employee was taken to Midland Memorial Hospital. The distal phalanx was surgically removed on 23 February 2015 during an outpatient procedure.",Hospitalized=0.00; Amputation=1.00; Loss of Eye=0.00,Injured by slipping or swinging object held by other person,2026-09-04 17:03:11.535791+00
da3e1b94-b9ca-4d05-bc2f-cc34571780b7,OSHA-SIR-20201110744,7dfac61e-b374-4d21-a7a1-574864a7a436,Manasvi,SIF_POTENTIAL,0.70,Stored Mechanical Energy,Struck-by,Line Failure,Amputation,"A ship’s line broke and struck the employee, causing an arm amputation below the elbow along with other serious injuries.",Asia/Calcutta,OSHA_SIR,20201110744,"A ship's crew was moving a ship along a dock. One of the ship's lines broke and struck an employee who was walking on the dock. The employee suffered an arm amputation below the elbow, a broken pelvis, and abdominal injuries.",Hospitalized=1.00; Amputation=1.00; Loss of Eye=0.00,Machinery or equipment incident on water vehicle,2026-09-04 17:21:11.667017+00
da63831b-cf9b-49fd-8d0d-5ae0933027b4,OSHA-SIR-2022032643,7dfac61e-b374-4d21-a7a1-574864a7a436,Manasvi,SIF_POTENTIAL,0.70,Mechanical Energy,Struck-by,Hand Placement Failure,Amputation,"The sledgehammer struck and crushed the employee’s thumb while he was holding the tubing, resulting in a medical amputation of the thumb tip.",Asia/Calcutta,OSHA_SIR,2022032643,An employee was holding square tubing in place while another employee used a sledgehammer to hammer it. The employee was trying to straighten up the tubing when the sledgehammer smashed his thumb. He was hospitalized and underwent a medical amputation to the thumb tip.,Hospitalized=1.00; Amputation=1.00; Loss of Eye=0.00,Injured by slipping or swinging object held by other person,2026-09-04 17:07:06.102947+00
dce5e323-bbc4-48cb-ae54-b5458a48e9a5,OSHA-SIR-2024043641,fa21da09-d2cf-45e7-874a-a1c4d3fdc84b,Punaji Zore,SIF_POTENTIAL,0.90,Drill rig tower,Struck by falling tower,Tower was not controlled or secured during breakdown,Falling drill rig tower can cause permenant life altering injuries through crushing forces .,Falling tower created a crushing pathway capable of serious permanent injuries,Asia/Calcutta,OSHA_SIR,2024043641,An employee was breaking down a drill rig when the tower came down and struck them in the right thigh. They sustained a fractures to their L3 and L4 vertebrae and were hospitalized.,Hospitalized=1.00; Amputation=0.00; Loss of Eye=0.00,Struck by falling object  unspecified,2026-09-04 08:48:14.308465+00
ddb8d950-5fc7-474f-9449-370651c7d73a,OSHA-SIR-2015010726,fa21da09-d2cf-45e7-874a-a1c4d3fdc84b,Punaji Zore,SIF_POTENTIAL,0.90,Powered tongs with significant mechanical force,Employee's finger remained between the tong and wrench,Communication clearance control failed,"Tong engagement can generate substantial force capable of severe crushing, amputation or potentially fatal injury",Power tong engagement while the employee's hand was in the tong pinch zone created a high-force crush mechanism capable of permanent serious injury,Asia/Calcutta,OSHA_SIR,2015010726,"A crew of employees was performing workover services. The crew was attempting to break out a crossover sub, on top of the casing scraper, using tongs. The employee was using a 36-inch wrench on top of the tongs. The tong operator engaged the tong before the employee removed his hand. The tong pinched the employee's finger between the tong and the wrench. The employee lost the fingertip of his right middle finger.",Hospitalized=1.00; Amputation=0.00; Loss of Eye=0.00,Compressed or pinched by shifting objects or equipment,2026-09-06 13:00:08.325866+00
de9438a8-5c45-45fd-a8d9-6b025232892e,OSHA-SIR-2019044133,7dfac61e-b374-4d21-a7a1-574864a7a436,Manasvi,NON_SIF_POTENTIAL,0.90,Kinetic Energy,Unintentional Self-Inflicted Injury,Personal Firearm Control Failure,Gunshot Wound to Leg,The employee unintentionally discharged a personal firearm into his leg and required hospitalization.,Asia/Calcutta,OSHA_SIR,2019044133,An employee was on break in his personal truck when he shot himself in the right leg with his personal gun.,Hospitalized=1.00; Amputation=0.00; Loss of Eye=0.00,Self-inflicted shooting-unintentional,2026-09-06 14:20:02.65275+00
de95a920-507a-4dba-913a-c810be301983,OSHA-SIR-2024109910,fa21da09-d2cf-45e7-874a-a1c4d3fdc84b,Punaji Zore,NON_SIF_POTENTIAL,0.90,force from turning while exiting the vehicle,The employee was performing a normal turning,no control failure is described,The described mechanism is a routine body movement with no credible serious pathway,Routine twisting motion produced a back injury but the described mechanism does not support a credible fatal injury,Asia/Calcutta,OSHA_SIR,2024109910,"An employee drove to the project site from his hotel. Upon exiting his vehicle, and during a turning/twisting motion to grab PPE from the backseat, he heard a pop in his back. The employee was hospitalized and required surgery for fragmented L4 and L5 discs in the lumbar spine.",Hospitalized=1.00; Amputation=0.00; Loss of Eye=0.00," Twisting, reaching, bending",2026-09-05 14:31:38.007667+00
dedc149d-a048-4e81-9f1b-4bc637709d0c,OSHA-SIR-2015042210,36cd44a8-250b-4b5d-8b7e-90dd4331ac89,Shravan Patne,SIF_POTENTIAL,0.70,Falling,Employee's hand was exposed beneath the pipe when it fell,Pipe was not adequately secured,"A falling pipe could cause severe crushing injuries, amputation, or fatality",The employee was directly exposed to the gravitational energy of a falling pipe.,Asia/Calcutta,OSHA_SIR,2015042210,An employee amputated part of his left little finger when a fusion pipe fell on his hand at the jobsite.,Hospitalized=0.00; Amputation=1.00; Loss of Eye=0.00,"Struck by falling object or equipment, unspecified",2026-09-06 22:24:41.89374+00
df6365fe-b829-4e0b-82ac-770a9b1ac314,OSHA-SIR-2020076617,36cd44a8-250b-4b5d-8b7e-90dd4331ac89,Shravan Patne,SIF_POTENTIAL,0.70,moving roller and pinch point,Employee’s hand was directly exposed to the moving Gate,"Gate was manually operated with the chain caught, and the employee placed his hand in the mechanism while attempting to release it",Fatal or life-altering amputation injury from uncontrolled gate movement,"The gate moved unexpectedly while the employee was releasing a caught chain, trapping his hand in a roller and creating a clear high-force pinch",Asia/Calcutta,OSHA_SIR,2020076617,"An electric gate at a third party facility would not operate. The pin pad had been disabled and the chain had been unhooked from the operator for the gate. An employee was manually opening the gate (pushing it open) when the chain got caught on a bolt or other object. While the employee was trying to release the chain, the gate moved, causing the employee's hand to go through a roller. He sustained contusions and lacerations to four fingers and a partial amputation of his left middle fingertip.",Hospitalized=0.00; Amputation=1.00; Loss of Eye=0.00,Struck by or caught in swinging door or gate,2026-09-08 20:31:32.211597+00
e0256a5e-7466-4ff7-978a-532123d2074b,OSHA-SIR-2018010036,fa21da09-d2cf-45e7-874a-a1c4d3fdc84b,Punaji Zore,SIF_POTENTIAL,0.90,moving work truck and the 54-inch reamer,The employee was directly exposed between the truck and reamer,The work truck moved into the employee's work area,The combination of a moving work truck and a large 54-inch reamer creates a high energy crush mechanism,Employee was pinned between a moving work truck and a large reamer,Asia/Calcutta,OSHA_SIR,2018010036,"An employee was setting up a warming tent at a job site when a work truck struck and pinned the employee between it and a 54-inch reamer. The employee's lower right leg was crushed, requiring hospitalization.",Hospitalized=1.00; Amputation=0.00; Loss of Eye=0.00,Caught between rolling powered vehicle and other object,2026-09-05 15:20:08.208789+00
e0a3c656-df19-4c76-a73d-27e3d3b1555d,OSHA-SIR-2022020992,7dfac61e-b374-4d21-a7a1-574864a7a436,Manasvi,NON_SIF_POTENTIAL,0.70,Mechanical Energy,Struck-by,Communication Failure,Broken bones,"The hammer struck and crushed the employee’s hand against the post cap, causing broken bones.",Asia/Calcutta,OSHA_SIR,2022020992,"While installing a metal channel post, an employee secured the post in a vertical position with his hands while a co-worker struck the top of the post with a sledge hammer. A post cap was placed on top of the post to prevent damage to the post and to protect workers. When the employee determined the channel post was driven deep enough, he told his co-worker and proceeded to remove the post cap with his left hand when the head of the hammer struck the employee's hand and crushed it against the post cap, resulting in broken bones.",Hospitalized=1.00; Amputation=0.00; Loss of Eye=0.00,Injured by slipping or swinging object held by other person,2026-09-04 17:06:02.683909+00
e105971a-ff3e-4c6a-8daa-3c05791f15d5,OSHA-SIR-2016099138,fd7f23a1-5e0e-49bf-ae5a-55f7df99ba8a,Aarya Gupte,NON_SIF_POTENTIAL,0.70,Slip while walking,Employee fell into her left hip,Less control,Hip fracture,Injury due to falling,Asia/Calcutta,OSHA_SIR,2016099138,An employee was walking through the lobby of the building when she fell on the left side of her hip and broke it. She was hospitalized and had surgery.,Hospitalized=1.00; Amputation=0.00; Loss of Eye=0.00,"Fall on same level, unspecified",2026-09-05 15:23:51.933578+00
e1ce9f91-728d-4bb6-a4bc-874c9295165f,OSHA-SIR-2021086899,7dfac61e-b374-4d21-a7a1-574864a7a436,Manasvi,SIF_POTENTIAL,0.70,Mechanical Energy,Caught-between,Backing Vehicle Control,Broken left leg,"The employee's leg was crushed between a pipe and the rear bumper of a backing semi-truck, resulting in a broken leg and hospitalization.",Asia/Calcutta,OSHA_SIR,2021086899,"An employee was removing protective ropes from pipes when they were struck by a semi-truck that was backing up. The employee's left leg became crushed between the beveled end of a pipe and the semi-truck's rear bumper, resulting in a broken left leg.",Hospitalized=1.00; Amputation=0.00; Loss of Eye=0.00,"Pedestrian vehicular incident, unspecified",2026-09-06 14:15:33.163827+00
e351bd69-03fc-4ce4-bebd-c482d742afe8,OSHA-SIR-2015010569,7dfac61e-b374-4d21-a7a1-574864a7a436,Manasvi,NON_SIF_POTENTIAL,0.70,Fall from Height,Fall to Lower Level,Fall Protection Failure,Serious Injury,"The employee fell approximately 6 ft and required 2 days of hospitalization, but the fall height and reported outcome do not indicate a credible SIF-level consequence",Asia/Calcutta,OSHA_SIR,2015010569,"At the Hat Creek Production Pad, an employee slipped when climbing down a fixed ladder of a heater treater. The employee fell from an approximate height of 6' onto the ground. The employee was hospitalized for a period of 2 days at Southwest General Hospital.",Hospitalized=1.00; Amputation=0.00; Loss of Eye=0.00,Other fall to lower level 6 to 10 feet,2026-09-04 18:19:32.702672+00
e3c5a583-1f1a-4db3-97a7-20e0b373ae7f,OSHA-SIR-2015010364,7dfac61e-b374-4d21-a7a1-574864a7a436,Manasvi,SIF_POTENTIAL,0.70,Fall from Height,Fall to Lower Level,Man-Lift Safety Failure,Fatality,A fall of 20–40 ft from an elevated man-lift presents a credible potential for fatal or permanent/life-altering injury.,Asia/Calcutta,OSHA_SIR,2015010364,Employee was injured when he fell 20-40 feet from an elevated man-lift.,Hospitalized=1.00; Amputation=0.00; Loss of Eye=0.00,Other fall to lower level more than 30 feet,2026-09-06 13:22:42.141288+00
e45aa20e-3150-43c6-9706-6767c990ac17,OSHA-SIR-2015129881,fd7f23a1-5e0e-49bf-ae5a-55f7df99ba8a,Aarya Gupte,NON_SIF_POTENTIAL,0.70,Tensioned wire rope,Employee was struck by the snapped-back wire rope,Inadequate control of the line-of-fire,Serious injury,A tensioned wire rope and struck the employee,Asia/Calcutta,OSHA_SIR,2015129881,An employee was working on a derrick about 10 feet off the ground and was being lifted to disconnect the elevator. A wire rope under tension snapped back striking the employee and throwing him in the air and then back down. The employee was wearing a safety harness and he only fell the length of his lanyard or about 4 feet. The employee injured his back and was hospitalized.,Hospitalized=1.00; Amputation=0.00; Loss of Eye=0.00,"Fall or jump curtailed by personal fall arrest system ",2026-09-05 16:37:20.908487+00
e520220a-6371-4d94-a37b-746f085d5f47,OSHA-SIR-2016043296,36cd44a8-250b-4b5d-8b7e-90dd4331ac89,Shravan Patne,SIF_POTENTIAL,0.90,Vehicle weight,Employee's hand was exposed while working behind the tire during tire replacement,Jack collapsed while supporting the vehicle creating an uncontrolled crushing hazard,"Collapse of a supported vehicle could cause crushing, amputation, severe injury, or fatality",The employee was exposed to the vehicle's stored mechanical energy while working near a supported tire.,Asia/Calcutta,OSHA_SIR,2016043296,"An employee was replacing the spring and U-bolt behind a tire. He was replacing the tire when the jack collapsed, catching and amputating the distal phalanges on his right-hand middle and ring fingers.",Hospitalized=0.00; Amputation=1.00; Loss of Eye=0.00,"Struck by falling object or equipment, n.e.c.",2026-09-06 22:13:07.067448+00
e5230a2e-906c-47c2-887f-022a56d7835d,OSHA-SIR-2025099684,fa21da09-d2cf-45e7-874a-a1c4d3fdc84b,Punaji Zore,SIF_POTENTIAL,0.90,manually rotated drawworks engine and the Allen wrench,employee's left little finger was positioned between the Allen wrench and the engine,The employee's hand was exposed to the rotating while using the Allen wrench,Unexpected engine rotation can create a caught between capable of causing permanent serious injury.,Unexpected engine rotation caught the employee's finger against the Allen wrench,Asia/Calcutta,OSHA_SIR,2025099684,An employee was rigging up a location. He was using an Allen wrench to free up rotation and start the drawworks engine manually. The engine rotated and his left little finger became caught between the Allen wrench and the engine. The employee sustained an amputation to his little finger and fractures to his wrist.,Hospitalized=1.00; Amputation=1.00; Loss of Eye=0.00," Struck by running powered equipment  during maintenance, cleaning, testing",2026-09-05 11:00:21.94544+00
e5a10398-89fb-4852-9c80-aeae5d326b07,OSHA-SIR-2017054820,7dfac61e-b374-4d21-a7a1-574864a7a436,Manasvi,NON_SIF_POTENTIAL,0.70,Mechanical Energy,Struck-by,Communication Failure,Breaking his left middle finger,"The employee was accidentally struck by the sledgehammer, causing a finger fracture.",Asia/Calcutta,OSHA_SIR,2017054820,"An employee and a coworker were attempting to loosen rusted bolts using a wrench and a sledgehammer. The employee was holding the wrench while the coworker struck the bolts with the sledgehammer. As the employee began to stand up, his coworker struck him with the sledgehammer, breaking his left middle finger.",Hospitalized=1.00; Amputation=0.00; Loss of Eye=0.00,Injured by slipping or swinging object held by other person,2026-09-04 17:04:26.285953+00
e884f321-24c7-4ca1-abee-9a6b74b557a9,OSHA-SIR-20181010628,36cd44a8-250b-4b5d-8b7e-90dd4331ac89,Shravan Patne,SIF_POTENTIAL,0.90,300-lb pipe on a cart,Employee’s left ring finger was directly exposed between the rolling pipe and cart rail,"Pipe was not adequately secured on the cart, allowing it to roll unexpectedly",Fatal or life-altering crush injury from uncontrolled movement of heavy piping,"A 300-lb pipe rolled unexpectedly and trapped the employee’s finger against the cart rail, demonstrating an uncontrolled heavy-load and pinch-point hazard with credible potential for life-altering injury.",Asia/Calcutta,OSHA_SIR,20181010628,"Four Turner employees were working to remove discharge piping to make modifications. While removing the piping from pumps, the crew placed the pipe (approximately 300 lbs.) onto a cart. It rolled unexpectedly and pinched an employee's left ring finger between it and the cart rail, resulting in a fingertip amputation.",Hospitalized=1.00; Amputation=1.00; Loss of Eye=0.00,Struck by object or equipment rolling freely,2026-09-08 20:10:19.938652+00
e987e991-61e7-4048-bc39-6cdbe1326394,OSHA-SIR-2017109605,fd7f23a1-5e0e-49bf-ae5a-55f7df99ba8a,Aarya Gupte,NON_SIF_POTENTIAL,0.70,crush point between safety clamp,gravitational energy from the fall,Employee’s left pinky became caught,insufficient control of the pinch point,"The employee was caught in a pinch point, resulting in partial amputation",Asia/Calcutta,OSHA_SIR,2017109605,"An employee fell while installing safety clamps. During the fall, the employee's left pinky finger was caught and partially amputated between a safety clamp and a pipe.",Hospitalized=1.00; Amputation=1.00; Loss of Eye=0.00,"Fall, slip, trip, unspecified ",2026-09-05 18:49:22.918813+00
e9e09777-74cc-448d-b950-37b83cc19db2,OSHA-SIR-2021119925,36cd44a8-250b-4b5d-8b7e-90dd4331ac89,Shravan Patne,SIF_POTENTIAL,0.90,/unstable utility poles on a flatbed trailer,Truck driver was directly exposed to the pole load while removing the final strap,"stabilization failed when the final strap was removed, allowing the top pole to roll uncontrolled",Fatal or life-altering crush injury from a rolling/falling utility pole,Removing the final restraint exposed the employee to an uncontrolled rolling load,Asia/Calcutta,OSHA_SIR,2021119925,"On November 16, 2021, a truck driver was removing straps from a load of utility poles on a flatbed trailer. When he removed the last strap, the top pole on the load rolled off and struck the left side of his body, crushing his left wrist and the lower part of his left leg. He was hospitalized, and the leg was medically amputated below the knee. He also suffered a brain injury and two fingers were medically amputated.",Hospitalized=1.00; Amputation=1.00; Loss of Eye=0.00,Struck by object falling from vehicle or machinery-other than vehicle part,2026-09-06 22:52:38.207859+00
eb876987-6f65-4a64-8222-4647f7a39ec9,OSHA-SIR-2015010739,7dfac61e-b374-4d21-a7a1-574864a7a436,Manasvi,SIF_POTENTIAL,0.70,Fall from Height,Fall to Lower Level,Fall Protection Failure,Collapsed Lung,The employee fell approximately 16 feet and suffered multiple fractures and a collapsed lung.,Asia/Calcutta,OSHA_SIR,2015010739,An employee fell approximately 16 feet from the stairway of a drilling rig onto the ground below. The employee suffered multiple fractures and a collapsed lung.,Hospitalized=1.00; Amputation=0.00; Loss of Eye=0.00,Other fall to lower level 16 to 20 feet,2026-09-04 18:13:59.023184+00
ec4f393b-0ca2-4639-b0de-3d1e37b086da,OSHA-SIR-2024043748,fa21da09-d2cf-45e7-874a-a1c4d3fdc84b,Punaji Zore,SIF_POTENTIAL,0.90,rattlesnake bite,employee's left index finger,The snake was concealed under the tire,A rattlesnake bite can result in severe envenomation and under credible circumstances potentially fatal or permanent serious injury,A concealed rattlesnake exposed the employee to venom through a bite,Asia/Calcutta,OSHA_SIR,2024043748,An employee was loading spare tires into the doghouse. There was a rattlesnake under one of the tires and it bit his left index finger. The employee was hospitalized.,Hospitalized=1.00; Amputation=0.00; Loss of Eye=0.00," Venomous animal bite  except ""bugs""",2026-09-05 14:51:18.065198+00
ed9398e3-3fdb-42e7-948f-e9263cb3ff59,OSHA-SIR-2015074428,7dfac61e-b374-4d21-a7a1-574864a7a436,Manasvi,SIF_POTENTIAL,0.70,Mechanical Energy,Caught-between,Backing Vehicle Control,Severe Leg Crush Injury,"The employee was caught between a backing truck and trailer, resulting in a crushed leg and hospitalization.",Asia/Calcutta,OSHA_SIR,2015074428,"An employee got caught between a trailer and truck while directing the truck driver to back up. The employee's leg was crushed, and the employee was hospitalized.",Hospitalized=1.00; Amputation=0.00; Loss of Eye=0.00,Pedestrian struck by vehicle backing up in nonroadway area,2026-09-06 13:59:49.204023+00
efcf23e2-306e-4ca7-95c8-d2cb0c1b0556,OSHA-SIR-2015118993,7dfac61e-b374-4d21-a7a1-574864a7a436,Manasvi,NON_SIF_POTENTIAL,0.90,Stored Mechanical Energy,Overexertion,Loss of Control of Containment Pan,Hernia,The employee suffered a hernia while resisting a wind-driven containment pan.,Asia/Calcutta,OSHA_SIR,2015118993,The wind caught a containment pan the employee was handling and the employee suffered a hernia when he tried to hold onto it.,Hospitalized=1.00; Amputation=0.00; Loss of Eye=0.00,"Overexertion and bodily reaction and exertion, n.e.c.",2026-09-06 13:42:03.894123+00
f015b316-8c14-4865-9ae2-628839a8e762,OSHA-SIR-2015107866,fd7f23a1-5e0e-49bf-ae5a-55f7df99ba8a,Aarya Gupte,NON_SIF_POTENTIAL,0.90,Wooden pallet,Employee tripped over the pallet,The place was was not kept properly,Person broke his hip due to falling,After tripping the person broke his hip,Asia/Calcutta,OSHA_SIR,2015107866,"The employee was walking, tripped over a wooden pallet, and fell breaking his hip.",Hospitalized=1.00; Amputation=0.00; Loss of Eye=0.00,"Fall on same level due to tripping over an object ",2026-09-04 20:23:26.408337+00
f0c25daa-ff9a-4c66-a86e-7caa904905bb,OSHA-SIR-2017010028,36cd44a8-250b-4b5d-8b7e-90dd4331ac89,Shravan Patne,SIF_POTENTIAL,0.90,Falling forklift fork,Employee was standing near the forklift when the untied fork came down,"The fork was not adequately secured or controlled before being untied, and an employee remained within the drop zone","An uncontrolled falling fork could cause crushing, amputation, severe injury, or fatality","The employee was exposed to a heavy fork with stored gravitational energy. When it was untied, the fork fell and struck his leg.",Asia/Calcutta,OSHA_SIR,2017010028,Employees were using a rough terrain forklift truck to pivot a fork of another rough terrain forklift truck. The fork was tied to its carriage. When the fork was untied it came down and struck an employee standing near the truck and broke his leg near his ankle.,Hospitalized=1.00; Amputation=0.00; Loss of Eye=0.00,Struck by falling part of powered vehicle still attached,2026-09-06 22:36:06.315509+00
f0fe5705-7ff1-421f-b9b3-cb65992073a1,OSHA-SIR-2015053786,36cd44a8-250b-4b5d-8b7e-90dd4331ac89,Shravan Patne,SIF_POTENTIAL,0.90,"5,000-psi high-pressure water from the sprayer gun","Employee slipped while operating the sprayer, causing the high-pressure stream to contact his right foot",Loss of control of the high-pressure tool after the employee slipped,"A 5,000-psi water stream can cause severe penetrating or tissue-damaging injuries and could credibly result in life-altering harm","The employee was directly exposed to 5,000-psi stored hydraulic energy when the sprayer struck his foot. Loss of control of such a high-pressure tool could credibly cause catastrophic or life-altering injury.",Asia/Calcutta,OSHA_SIR,2015053786,"On May 29, 2015, an employee was working inside a sulpha treat reactor vessel using a high pressure (5000 PSI) water sprayer gun to cut off the congealed catalyst material inside. The employee slipped and fell; the high-pressure water sprayer hit the employee's right foot and punctured a hole through the rubber boot. The employee sustained a puncture open wound on the right foot, second toe. The employee was hospitalized and received treatment.",Hospitalized=1.00; Amputation=0.00; Loss of Eye=0.00,Struck by discharged object or substance,2026-09-04 09:32:00.144786+00
f26720c2-abf4-4594-8dcf-2b048519922b,OSHA-SIR-2024010267,fa21da09-d2cf-45e7-874a-a1c4d3fdc84b,Punaji Zore,SIF_POTENTIAL,0.90,CRT tube during rigging,Tube slipped and struck in employee's foot when employee was on the catwalk,The rigging system failed to prevent the slipping of tube that exposed the tube to fall on employees paath,A falling load has credible crushing pathway to cause serious fatal injury,CRT tube slipped during rigging and struck an employee in the load path struck by fatality or permanent serious injury pathway.,Asia/Calcutta,OSHA_SIR,2024010267,An employee took a CRT tube that was being rigged down. He got on the catwalk that takes him to the rig to put on the lift cap when the tube slipped and struck his foot. He was hospitalized and his right big toe was amputated.,Hospitalized=1.00; Amputation=1.00; Loss of Eye=0.00,Struck by falling object  unspecified,2026-09-04 08:57:37.76978+00
f2c034f9-1355-48f2-b1b6-cff5ff2d6b4a,OSHA-SIR-2015010024,36cd44a8-250b-4b5d-8b7e-90dd4331ac89,Shravan Patne,NON_SIF_POTENTIAL,0.70,Pressurized vehicle tire,Employee was directly exposed while inflating the tire,Inadequate control of the tire inflation failure to protect the employee from potential tire or component failure,Fatal or life-altering struck-by injury from sudden release of stored tire pressure,"A pressurized tire struck the employee during inflation, demonstrating exposure to significant stored pneumatic energy",Asia/Calcutta,OSHA_SIR,2015010024,One employee was hospitalized after being struck by a tire when he was airing the tire up during his pre-drive inspection.,Hospitalized=1.00; Amputation=0.00; Loss of Eye=0.00,"Struck by object or equipment, unspecified",2026-09-08 20:24:34.748535+00
f2d0789c-83bf-4e83-ba2f-f2399166e23b,OSHA-SIR-2020021385,36cd44a8-250b-4b5d-8b7e-90dd4331ac89,Shravan Patne,SIF_POTENTIAL,0.70,Suspended BOP,Employee’s left foot was exposed while disconnecting the tagline,"Preventer shifted when the tagline was removed, indicating inadequate load stabilization",Fatal or life-altering crush/struck-by injury from uncontrolled BOP movement,The preventer shifted unexpectedly when the tagline was disconnected and struck the employee’s foot,Asia/Calcutta,OSHA_SIR,2020021385,"Employees at an oil rig were breaking down its blowout preventers. After removing the preventers from the wellhead, they put a wooden board on the ground to set the preventer on and keep it from getting muddy. When one employee unhooked his tagline from a preventer, the preventer shifted and the locking stem on its top struck the top of the employee's left boot. He suffered a laceration to the foot and two broken toes.",Hospitalized=1.00; Amputation=0.00; Loss of Eye=0.00,"Struck by object or equipment, unspecified",2026-09-08 20:26:43.419248+00
f3ce310b-fcf9-4198-afb8-ccb6ae860b2c,OSHA-SIR-2024065056,fa21da09-d2cf-45e7-874a-a1c4d3fdc84b,Punaji Zore,SIF_POTENTIAL,0.70,gravitational energy from the suspended flowline box,The employee's left foot and ankle were in the path of the flowline box,The flowline box shifted while being lowered into the trough,The flowline box shifted while being lowered into the trough,"A suspended flowline box shifted into an exposed employee creating a credible crush pathway, the actual foot laceration does not determine the SIF label",Asia/Calcutta,OSHA_SIR,2024065056,"An employee was installing a safety cable on a flowline during a drilling operation. A forklift operator manipulated the boom to allow some slack in the strap to set the flowline box in the flowline trough. The employee had his hands on the strap to manipulate the box and set it down in the flowline trough. His left foot was forward while attempting to gain leverage when the flowline box shifted and struck his left foot and ankle area, resulting in a laceration to the top of his foot requiring hospitalization.",Hospitalized=1.00; Amputation=0.00; Loss of Eye=0.00,Struck by suspended or swinging objects  n.e.c.,2026-09-05 14:27:05.829105+00
f3f3c71f-8927-4538-965d-f177c54f9dc5,OSHA-SIR-2015010181,fd7f23a1-5e0e-49bf-ae5a-55f7df99ba8a,Aarya Gupte,NON_SIF_POTENTIAL,0.90,Step from which the employee fell down,The employee fell down the steps,Uncontrollable activities,Person injured both his knees,The person fell down the stairs and injured both his knees,Asia/Calcutta,OSHA_SIR,2015010181,An employee slipped on a step and fell forward injuring both knees.,Hospitalized=1.00; Amputation=0.00; Loss of Eye=0.00,"Fall on same level due to tripping, unspecified",2026-09-05 14:39:03.936636+00
f4a2b74d-be0a-4d56-b2d2-3dba49fcdac7,OSHA-SIR-2015060215,fd7f23a1-5e0e-49bf-ae5a-55f7df99ba8a,Aarya Gupte,SIF_POTENTIAL,0.90,tangled in the hoist drum,The employee was admitted with having stiches and a fractured vertebra,Uncontrolled movement,"Stiches, fractured vertebra and hospitalisation",A person could have died if not treated immediately,Asia/Calcutta,OSHA_SIR,2015060215,"An employee was pulled off of the drill floor by a tugger line. The employee was standing behind a safety gate holding the hoist line to put tension on it so it would not get tangled in the hoist drum. Something made the line jerk; the employee did not let go and was pulled over the safety gate, sliding down what the employer called a beaver slide. He was hospitalized to repair his badly damaged hand. He also had 23 stitches put in his head and three fractured vertebrae.",Hospitalized=1.00; Amputation=0.00; Loss of Eye=0.00,Entangled in other object or equipment,2026-09-04 07:34:56.795426+00
f5091eeb-3faf-4690-a34b-73030ea3767f,OSHA-SIR-2024064969,fa21da09-d2cf-45e7-874a-a1c4d3fdc84b,Punaji Zore,SIF_POTENTIAL,0.90,Over pressurized compressor and dislodged case component,The employee was working near the compressor and was exposed to the potential path of the dislodged component,Compressor over pressurization caused a case component to dislodge and become an uncontrolled projectile,A component ejected by compressor pressure can cause a high energy struck by injury capable of causing fatal or permanent serious injury,Compressor over pressurization dislodged a component creating a high energy struck by pathway capable of causing severe injury,Asia/Calcutta,OSHA_SIR,2024064969,An employee was working near the compressor when it over-pressurized and dislodged a case component that struck the employee's lower left leg. The employee sustained a laceration and fracture of the lower leg requiring hospitalization and surgery.,Hospitalized=1.00; Amputation=0.00; Loss of Eye=0.00,Struck by propelled object or substance  unspecified,2026-09-04 16:40:27.034961+00
f5368dff-4be5-4847-9cd1-289f4d07982c,OSHA-SIR-2015010068,7dfac61e-b374-4d21-a7a1-574864a7a436,Manasvi,NON_SIF_POTENTIAL,0.90,Fall from Height,Jump to Lower Level,Unsafe Dismount,Ankle Fracture,The employee jumped from a trailer at a height of less than 6 ft and fractured his ankle.,Asia/Calcutta,OSHA_SIR,2015010068,Employee was loading plastic pipes onto a utility trailer. He jumped off the trailer and broke his ankle.,Hospitalized=1.00; Amputation=0.00; Loss of Eye=0.00,Other jump to lower level less than 6 feet,2026-09-06 13:37:10.935339+00
f85cbaac-ebcf-4171-a8e7-5f4151c2df93,OSHA-SIR-2015010363,fd7f23a1-5e0e-49bf-ae5a-55f7df99ba8a,Aarya Gupte,UNCERTAIN,0.70,Ice surface,Employee slipped on ice,Inadequate control,Femur fracture,The employee sustained a serious femur fracture,Asia/Calcutta,OSHA_SIR,2015010363,"Employee slipped on ice and broke femur while working on well site in the vicinity of the Anderson 1-4-H location near Williston, North Dakota.",Hospitalized=1.00; Amputation=0.00; Loss of Eye=0.00,"Fall, slip, trip, unspecified ",2026-09-05 18:42:11.453398+00
fb352fe2-a625-4c59-92b8-a28e5acd755c,OSHA-SIR-2020032012,fd7f23a1-5e0e-49bf-ae5a-55f7df99ba8a,Aarya Gupte,UNCERTAIN,0.70,Moving drill pipe caught in between,Employee's hand was exposed,Employee crossed the line of hazard,Severe crush injury,Severe injury due to hand exposed in between the drill pipe,Asia/Calcutta,OSHA_SIR,2020032012,"An employee was pushing a stand of drill pipe to its stowed position. While pushing the drill pipe, he slipped and fell forward. He placed his right hand on the deck to catch his fall. The stand of drill pipe swung back towards the injured employee as the driller was lowering the top drive to catch the stand, before it swung across the mast. The stand of drill pipe was then set down on the injured employee's right hand, amputating his ring finger.",Hospitalized=0.00; Amputation=1.00; Loss of Eye=0.00,"Fall on same level due to slipping ",2026-09-04 20:02:22.624501+00
fbe1697c-b1cc-4c0a-92a2-38f813c31a6f,OSHA-SIR-2019065577,fa21da09-d2cf-45e7-874a-a1c4d3fdc84b,Punaji Zore,SIF_POTENTIAL,0.90,Moving derrick mast sections create significant crushing energy,Employee was beside the mast while rigging down,Safe exclusion from the moving mast was not maintained,A large moving mast section can generate severe crushing forces with a credible pathway to permanent disability or fatal injury,Inadequate separation allowed hand exposure and the mast movement had a credible pathway to permanent serious or fatal injury,Asia/Calcutta,OSHA_SIR,2019065577,"At about 10:30 a.m. on June 3, 2019, an employee was on an oil rig that was being rigged down. As the rig was reaching half mast, the employee was on the rear of the rig, placing the weight bucket onto the storage hook. As he dismounted the rig, he lost his footing and his right hand was caught in a pinch point between the top and bottom sections of the derrick mast as it came down. He suffered injuries, including an amputation injury, to the index, middle, and ring fingers.",Hospitalized=1.00; Amputation=1.00; Loss of Eye=0.00,Caught in running equipment or machinery during regular operation,2026-09-06 10:58:10.20688+00
fcccc6cf-a61b-4af7-9161-0bf18ebfbc4c,OSHA-SIR-2015020518,36cd44a8-250b-4b5d-8b7e-90dd4331ac89,Shravan Patne,SIF_POTENTIAL,0.90,Unsecured pipe movement and elevated work at height,Employee was standing on a pipe rack and using his feet to roll pipe toward the edge,Improper manual positioning of pipe and inadequate fall while working at the edge of the rack,A fall from the pipe rack or uncontrolled pipe movement could credibly cause fatal or life-altering injury,"The employee was exposed to moving pipe while working at an elevated location. The pipe caught his foot, causing him to fall, and the pipe also fell from the rack.",Asia/Calcutta,OSHA_SIR,2015020518,An employee was standing on a pipe rack using his feet to roll pipe to the edge when his foot was caught by a pipe causing him to fall off the rack. The employee's foot was broken by the pipe that also fell off the rack.,Hospitalized=1.00; Amputation=0.00; Loss of Eye=0.00,"Struck by falling object or equipment, n.e.c.",2026-09-06 22:17:27.852032+00
fd6a9cca-c4e6-420a-9c19-55de4be33a98,OSHA-SIR-2015021118,36cd44a8-250b-4b5d-8b7e-90dd4331ac89,Shravan Patne,SIF_POTENTIAL,0.70,Falling tubing,Employee was exposed to the tubing while making the connection and was struck in the lower face,Tubing was not adequately secured,"Falling tubing could cause severe head/face injuries, crushing injuries, or fatality",The employee was directly exposed to falling tubing during the connection activity.,Asia/Calcutta,OSHA_SIR,2015021118,Employees were making a connection when tubing fell striking the employee in the lower face.,Hospitalized=1.00; Amputation=0.00; Loss of Eye=0.00,"Struck by falling object or equipment, unspecified",2026-09-06 22:26:05.838342+00
fe690ddc-6b24-4a0b-bafa-c9fa8e1b88e3,OSHA-SIR-2015041925,fd7f23a1-5e0e-49bf-ae5a-55f7df99ba8a,Aarya Gupte,UNCERTAIN,0.70,Flammable gas accumulation,Employee was exposed to accumulated flammable,Inadequate detection,Flash fire with potential for severe,Flammable gas accumulated around a hot-work,Asia/Calcutta,OSHA_SIR,2015041925,"On or about 11 April 2015, at approximately 0830 hours, a Brazos Rock Energy employee received burns on his wrist and face when flammable gasses that accumulated during a pipeline hot tap ignited. The employee was helping a welder weld the pipe sections together when two pin-sized holes on a section of pipe 10 feet from the operation leaked flammable gasses into the pipe and surrounding area. The gasses accumulated to a level sufficient enough to cause a flash fire, which burned the employee.",Hospitalized=1.00; Amputation=0.00; Loss of Eye=0.00,"Ignition of vapors, gases, or liquids",2026-09-05 19:30:46.797784+00