checkpoint,model_family,c,class_weight,classes,positive_probability_column,threshold,true_positives,false_positives,true_negatives,false_negatives,precision,recall,specificity,balanced_accuracy,f1,f2,confusion_matrix,predicted_class_counts,lower,upper,review_count,review_rate,automatic_decision_coverage,auto_non_sif,auto_sif,human_positive_routed_auto_non_sif
existing_only,tfidf,0.5,none,"[np.int64(0), np.int64(1)]",1,0.2,175,57,0,0,0.7543103448275862,1.0,0.0,0.5,0.85995085995086,0.9388412017167381,"[[0, 57], [0, 175]]","{'NON_SIF_POTENTIAL': 0, 'SIF_POTENTIAL': 232}",0.15000000000000002,0.25,0,0.0,1.0,0,232,0
existing_only,tfidf,0.5,none,"[np.int64(0), np.int64(1)]",1,0.2,175,57,0,0,0.7543103448275862,1.0,0.0,0.5,0.85995085995086,0.9388412017167381,"[[0, 57], [0, 175]]","{'NON_SIF_POTENTIAL': 0, 'SIF_POTENTIAL': 232}",0.1,0.30000000000000004,0,0.0,1.0,0,232,0
existing_only,tfidf,0.5,none,"[np.int64(0), np.int64(1)]",1,0.25,175,57,0,0,0.7543103448275862,1.0,0.0,0.5,0.85995085995086,0.9388412017167381,"[[0, 57], [0, 175]]","{'NON_SIF_POTENTIAL': 0, 'SIF_POTENTIAL': 232}",0.2,0.3,0,0.0,1.0,0,232,0
existing_only,tfidf,0.5,none,"[np.int64(0), np.int64(1)]",1,0.25,175,57,0,0,0.7543103448275862,1.0,0.0,0.5,0.85995085995086,0.9388412017167381,"[[0, 57], [0, 175]]","{'NON_SIF_POTENTIAL': 0, 'SIF_POTENTIAL': 232}",0.15,0.35,0,0.0,1.0,0,232,0
existing_only,tfidf,0.5,none,"[np.int64(0), np.int64(1)]",1,0.3,175,57,0,0,0.7543103448275862,1.0,0.0,0.5,0.85995085995086,0.9388412017167381,"[[0, 57], [0, 175]]","{'NON_SIF_POTENTIAL': 0, 'SIF_POTENTIAL': 232}",0.25,0.35,0,0.0,1.0,0,232,0
existing_only,tfidf,0.5,none,"[np.int64(0), np.int64(1)]",1,0.3,175,57,0,0,0.7543103448275862,1.0,0.0,0.5,0.85995085995086,0.9388412017167381,"[[0, 57], [0, 175]]","{'NON_SIF_POTENTIAL': 0, 'SIF_POTENTIAL': 232}",0.19999999999999998,0.4,0,0.0,1.0,0,232,0
existing_only,tfidf,0.5,none,"[np.int64(0), np.int64(1)]",1,0.35,175,57,0,0,0.7543103448275862,1.0,0.0,0.5,0.85995085995086,0.9388412017167381,"[[0, 57], [0, 175]]","{'NON_SIF_POTENTIAL': 0, 'SIF_POTENTIAL': 232}",0.3,0.39999999999999997,0,0.0,1.0,0,232,0
existing_only,tfidf,0.5,none,"[np.int64(0), np.int64(1)]",1,0.35,175,57,0,0,0.7543103448275862,1.0,0.0,0.5,0.85995085995086,0.9388412017167381,"[[0, 57], [0, 175]]","{'NON_SIF_POTENTIAL': 0, 'SIF_POTENTIAL': 232}",0.24999999999999997,0.44999999999999996,0,0.0,1.0,0,232,0
existing_only,tfidf,0.5,none,"[np.int64(0), np.int64(1)]",1,0.39999999999999997,175,57,0,0,0.7543103448275862,1.0,0.0,0.5,0.85995085995086,0.9388412017167381,"[[0, 57], [0, 175]]","{'NON_SIF_POTENTIAL': 0, 'SIF_POTENTIAL': 232}",0.35,0.44999999999999996,0,0.0,1.0,0,232,0
existing_only,tfidf,0.5,none,"[np.int64(0), np.int64(1)]",1,0.39999999999999997,175,57,0,0,0.7543103448275862,1.0,0.0,0.5,0.85995085995086,0.9388412017167381,"[[0, 57], [0, 175]]","{'NON_SIF_POTENTIAL': 0, 'SIF_POTENTIAL': 232}",0.29999999999999993,0.5,0,0.0,1.0,0,232,0
existing_only,tfidf,0.5,none,"[np.int64(0), np.int64(1)]",1,0.44999999999999996,175,57,0,0,0.7543103448275862,1.0,0.0,0.5,0.85995085995086,0.9388412017167381,"[[0, 57], [0, 175]]","{'NON_SIF_POTENTIAL': 0, 'SIF_POTENTIAL': 232}",0.39999999999999997,0.49999999999999994,0,0.0,1.0,0,232,0
existing_only,tfidf,0.5,none,"[np.int64(0), np.int64(1)]",1,0.44999999999999996,175,57,0,0,0.7543103448275862,1.0,0.0,0.5,0.85995085995086,0.9388412017167381,"[[0, 57], [0, 175]]","{'NON_SIF_POTENTIAL': 0, 'SIF_POTENTIAL': 232}",0.35,0.5499999999999999,0,0.0,1.0,0,232,0
existing_only,tfidf,0.5,none,"[np.int64(0), np.int64(1)]",1,0.49999999999999994,175,57,0,0,0.7543103448275862,1.0,0.0,0.5,0.85995085995086,0.9388412017167381,"[[0, 57], [0, 175]]","{'NON_SIF_POTENTIAL': 0, 'SIF_POTENTIAL': 232}",0.44999999999999996,0.5499999999999999,0,0.0,1.0,0,232,0
existing_only,tfidf,0.5,none,"[np.int64(0), np.int64(1)]",1,0.49999999999999994,175,57,0,0,0.7543103448275862,1.0,0.0,0.5,0.85995085995086,0.9388412017167381,"[[0, 57], [0, 175]]","{'NON_SIF_POTENTIAL': 0, 'SIF_POTENTIAL': 232}",0.3999999999999999,0.6,1,0.004310344827586207,0.9956896551724138,0,231,0
existing_only,tfidf,0.5,none,"[np.int64(0), np.int64(1)]",1,0.5499999999999999,175,57,0,0,0.7543103448275862,1.0,0.0,0.5,0.85995085995086,0.9388412017167381,"[[0, 57], [0, 175]]","{'NON_SIF_POTENTIAL': 0, 'SIF_POTENTIAL': 232}",0.49999999999999994,0.6,1,0.004310344827586207,0.9956896551724138,0,231,0
existing_only,tfidf,0.5,none,"[np.int64(0), np.int64(1)]",1,0.5499999999999999,175,57,0,0,0.7543103448275862,1.0,0.0,0.5,0.85995085995086,0.9388412017167381,"[[0, 57], [0, 175]]","{'NON_SIF_POTENTIAL': 0, 'SIF_POTENTIAL': 232}",0.44999999999999996,0.6499999999999999,3,0.01293103448275862,0.9870689655172413,0,229,0
existing_only,tfidf,0.5,none,"[np.int64(0), np.int64(1)]",1,0.5999999999999999,175,56,1,0,0.7575757575757576,1.0,0.017543859649122806,0.5087719298245614,0.8620689655172413,0.9398496240601504,"[[1, 56], [0, 175]]","{'NON_SIF_POTENTIAL': 1, 'SIF_POTENTIAL': 231}",0.5499999999999998,0.6499999999999999,3,0.01293103448275862,0.9870689655172413,0,229,0
existing_only,tfidf,0.5,none,"[np.int64(0), np.int64(1)]",1,0.5999999999999999,175,56,1,0,0.7575757575757576,1.0,0.017543859649122806,0.5087719298245614,0.8620689655172413,0.9398496240601504,"[[1, 56], [0, 175]]","{'NON_SIF_POTENTIAL': 1, 'SIF_POTENTIAL': 231}",0.4999999999999999,0.6999999999999998,10,0.04310344827586207,0.9568965517241379,0,222,0
existing_only,tfidf,0.5,none,"[np.int64(0), np.int64(1)]",1,0.6499999999999999,173,56,1,2,0.7554585152838428,0.9885714285714285,0.017543859649122806,0.5030576441102756,0.8564356435643564,0.9311087190527447,"[[1, 56], [2, 173]]","{'NON_SIF_POTENTIAL': 3, 'SIF_POTENTIAL': 229}",0.5999999999999999,0.7,9,0.03879310344827586,0.9612068965517241,1,222,0
existing_only,tfidf,0.5,none,"[np.int64(0), np.int64(1)]",1,0.6499999999999999,173,56,1,2,0.7554585152838428,0.9885714285714285,0.017543859649122806,0.5030576441102756,0.8564356435643564,0.9311087190527447,"[[1, 56], [2, 173]]","{'NON_SIF_POTENTIAL': 3, 'SIF_POTENTIAL': 229}",0.5499999999999999,0.7499999999999999,26,0.11206896551724138,0.8879310344827587,0,206,0
existing_only,tfidf,0.5,none,"[np.int64(0), np.int64(1)]",1,0.7,173,49,8,2,0.7792792792792793,0.9885714285714285,0.14035087719298245,0.5644611528822054,0.871536523929471,0.9381778741865511,"[[8, 49], [2, 173]]","{'NON_SIF_POTENTIAL': 10, 'SIF_POTENTIAL': 222}",0.6499999999999999,0.75,23,0.09913793103448276,0.9008620689655172,3,206,2
existing_only,tfidf,0.5,none,"[np.int64(0), np.int64(1)]",1,0.7,173,49,8,2,0.7792792792792793,0.9885714285714285,0.14035087719298245,0.5644611528822054,0.871536523929471,0.9381778741865511,"[[8, 49], [2, 173]]","{'NON_SIF_POTENTIAL': 10, 'SIF_POTENTIAL': 222}",0.6,0.7999999999999999,88,0.3793103448275862,0.6206896551724138,1,143,0
existing_only,tfidf,0.5,none,"[np.int64(0), np.int64(1)]",1,0.7499999999999998,167,39,18,8,0.8106796116504854,0.9542857142857143,0.3157894736842105,0.6350375939849624,0.8766404199475065,0.9216335540838854,"[[18, 39], [8, 167]]","{'NON_SIF_POTENTIAL': 26, 'SIF_POTENTIAL': 206}",0.6999999999999997,0.7999999999999998,79,0.34051724137931033,0.6594827586206896,10,143,2
existing_only,tfidf,0.5,none,"[np.int64(0), np.int64(1)]",1,0.7499999999999998,167,39,18,8,0.8106796116504854,0.9542857142857143,0.3157894736842105,0.6350375939849624,0.8766404199475065,0.9216335540838854,"[[18, 39], [8, 167]]","{'NON_SIF_POTENTIAL': 26, 'SIF_POTENTIAL': 206}",0.6499999999999998,0.8499999999999998,172,0.7413793103448276,0.25862068965517243,3,57,2
existing_only,tfidf,0.5,none,"[np.int64(0), np.int64(1)]",1,0.7999999999999998,131,12,45,44,0.916083916083916,0.7485714285714286,0.7894736842105263,0.7690225563909774,0.8238993710691824,0.7769869513641756,"[[45, 12], [44, 131]]","{'NON_SIF_POTENTIAL': 89, 'SIF_POTENTIAL': 143}",0.7499999999999998,0.8499999999999999,149,0.6422413793103449,0.3577586206896552,26,57,8
existing_only,tfidf,0.5,none,"[np.int64(0), np.int64(1)]",1,0.7999999999999998,131,12,45,44,0.916083916083916,0.7485714285714286,0.7894736842105263,0.7690225563909774,0.8238993710691824,0.7769869513641756,"[[45, 12], [44, 131]]","{'NON_SIF_POTENTIAL': 89, 'SIF_POTENTIAL': 143}",0.6999999999999998,0.8999999999999998,221,0.9525862068965517,0.04741379310344827,10,1,2
existing_only,tfidf,0.5,balanced,"[np.int64(0), np.int64(1)]",1,0.2,175,57,0,0,0.7543103448275862,1.0,0.0,0.5,0.85995085995086,0.9388412017167381,"[[0, 57], [0, 175]]","{'NON_SIF_POTENTIAL': 0, 'SIF_POTENTIAL': 232}",0.15000000000000002,0.25,0,0.0,1.0,0,232,0
existing_only,tfidf,0.5,balanced,"[np.int64(0), np.int64(1)]",1,0.2,175,57,0,0,0.7543103448275862,1.0,0.0,0.5,0.85995085995086,0.9388412017167381,"[[0, 57], [0, 175]]","{'NON_SIF_POTENTIAL': 0, 'SIF_POTENTIAL': 232}",0.1,0.30000000000000004,1,0.004310344827586207,0.9956896551724138,0,231,0
existing_only,tfidf,0.5,balanced,"[np.int64(0), np.int64(1)]",1,0.25,175,57,0,0,0.7543103448275862,1.0,0.0,0.5,0.85995085995086,0.9388412017167381,"[[0, 57], [0, 175]]","{'NON_SIF_POTENTIAL': 0, 'SIF_POTENTIAL': 232}",0.2,0.3,1,0.004310344827586207,0.9956896551724138,0,231,0
existing_only,tfidf,0.5,balanced,"[np.int64(0), np.int64(1)]",1,0.25,175,57,0,0,0.7543103448275862,1.0,0.0,0.5,0.85995085995086,0.9388412017167381,"[[0, 57], [0, 175]]","{'NON_SIF_POTENTIAL': 0, 'SIF_POTENTIAL': 232}",0.15,0.35,3,0.01293103448275862,0.9870689655172413,0,229,0
existing_only,tfidf,0.5,balanced,"[np.int64(0), np.int64(1)]",1,0.3,175,56,1,0,0.7575757575757576,1.0,0.017543859649122806,0.5087719298245614,0.8620689655172413,0.9398496240601504,"[[1, 56], [0, 175]]","{'NON_SIF_POTENTIAL': 1, 'SIF_POTENTIAL': 231}",0.25,0.35,3,0.01293103448275862,0.9870689655172413,0,229,0
existing_only,tfidf,0.5,balanced,"[np.int64(0), np.int64(1)]",1,0.3,175,56,1,0,0.7575757575757576,1.0,0.017543859649122806,0.5087719298245614,0.8620689655172413,0.9398496240601504,"[[1, 56], [0, 175]]","{'NON_SIF_POTENTIAL': 1, 'SIF_POTENTIAL': 231}",0.19999999999999998,0.4,10,0.04310344827586207,0.9568965517241379,0,222,0
existing_only,tfidf,0.5,balanced,"[np.int64(0), np.int64(1)]",1,0.35,173,56,1,2,0.7554585152838428,0.9885714285714285,0.017543859649122806,0.5030576441102756,0.8564356435643564,0.9311087190527447,"[[1, 56], [2, 173]]","{'NON_SIF_POTENTIAL': 3, 'SIF_POTENTIAL': 229}",0.3,0.39999999999999997,9,0.03879310344827586,0.9612068965517241,1,222,0
existing_only,tfidf,0.5,balanced,"[np.int64(0), np.int64(1)]",1,0.35,173,56,1,2,0.7554585152838428,0.9885714285714285,0.017543859649122806,0.5030576441102756,0.8564356435643564,0.9311087190527447,"[[1, 56], [2, 173]]","{'NON_SIF_POTENTIAL': 3, 'SIF_POTENTIAL': 229}",0.24999999999999997,0.44999999999999996,16,0.06896551724137931,0.9310344827586207,0,216,0
existing_only,tfidf,0.5,balanced,"[np.int64(0), np.int64(1)]",1,0.39999999999999997,173,49,8,2,0.7792792792792793,0.9885714285714285,0.14035087719298245,0.5644611528822054,0.871536523929471,0.9381778741865511,"[[8, 49], [2, 173]]","{'NON_SIF_POTENTIAL': 10, 'SIF_POTENTIAL': 222}",0.35,0.44999999999999996,13,0.05603448275862069,0.9439655172413793,3,216,2
existing_only,tfidf,0.5,balanced,"[np.int64(0), np.int64(1)]",1,0.39999999999999997,173,49,8,2,0.7792792792792793,0.9885714285714285,0.14035087719298245,0.5644611528822054,0.871536523929471,0.9381778741865511,"[[8, 49], [2, 173]]","{'NON_SIF_POTENTIAL': 10, 'SIF_POTENTIAL': 222}",0.29999999999999993,0.5,34,0.14655172413793102,0.853448275862069,1,197,0
existing_only,tfidf,0.5,balanced,"[np.int64(0), np.int64(1)]",1,0.44999999999999996,170,46,11,5,0.7870370370370371,0.9714285714285714,0.19298245614035087,0.5822055137844612,0.8695652173913043,0.9279475982532752,"[[11, 46], [5, 170]]","{'NON_SIF_POTENTIAL': 16, 'SIF_POTENTIAL': 216}",0.39999999999999997,0.49999999999999994,25,0.10775862068965517,0.8922413793103449,10,197,2
existing_only,tfidf,0.5,balanced,"[np.int64(0), np.int64(1)]",1,0.44999999999999996,170,46,11,5,0.7870370370370371,0.9714285714285714,0.19298245614035087,0.5822055137844612,0.8695652173913043,0.9279475982532752,"[[11, 46], [5, 170]]","{'NON_SIF_POTENTIAL': 16, 'SIF_POTENTIAL': 216}",0.35,0.5499999999999999,69,0.2974137931034483,0.7025862068965517,3,160,2
existing_only,tfidf,0.5,balanced,"[np.int64(0), np.int64(1)]",1,0.49999999999999994,162,35,22,13,0.8223350253807107,0.9257142857142857,0.38596491228070173,0.6558395989974937,0.8709677419354839,0.9030100334448161,"[[22, 35], [13, 162]]","{'NON_SIF_POTENTIAL': 35, 'SIF_POTENTIAL': 197}",0.44999999999999996,0.5499999999999999,56,0.2413793103448276,0.7586206896551724,16,160,5
existing_only,tfidf,0.5,balanced,"[np.int64(0), np.int64(1)]",1,0.49999999999999994,162,35,22,13,0.8223350253807107,0.9257142857142857,0.38596491228070173,0.6558395989974937,0.8709677419354839,0.9030100334448161,"[[22, 35], [13, 162]]","{'NON_SIF_POTENTIAL': 35, 'SIF_POTENTIAL': 197}",0.3999999999999999,0.6,99,0.4267241379310345,0.5732758620689655,10,123,2
existing_only,tfidf,0.5,balanced,"[np.int64(0), np.int64(1)]",1,0.5499999999999999,142,18,39,33,0.8875,0.8114285714285714,0.6842105263157895,0.7478195488721804,0.8477611940298507,0.8255813953488372,"[[39, 18], [33, 142]]","{'NON_SIF_POTENTIAL': 72, 'SIF_POTENTIAL': 160}",0.49999999999999994,0.6,74,0.31896551724137934,0.6810344827586207,35,123,13
existing_only,tfidf,0.5,balanced,"[np.int64(0), np.int64(1)]",1,0.5499999999999999,142,18,39,33,0.8875,0.8114285714285714,0.6842105263157895,0.7478195488721804,0.8477611940298507,0.8255813953488372,"[[39, 18], [33, 142]]","{'NON_SIF_POTENTIAL': 72, 'SIF_POTENTIAL': 160}",0.44999999999999996,0.6499999999999999,142,0.6120689655172413,0.3879310344827586,16,74,5
existing_only,tfidf,0.5,balanced,"[np.int64(0), np.int64(1)]",1,0.5999999999999999,115,8,49,60,0.9349593495934959,0.6571428571428571,0.8596491228070176,0.7583959899749373,0.7718120805369127,0.6986634264884569,"[[49, 8], [60, 115]]","{'NON_SIF_POTENTIAL': 109, 'SIF_POTENTIAL': 123}",0.5499999999999998,0.6499999999999999,86,0.3706896551724138,0.6293103448275862,72,74,33
existing_only,tfidf,0.5,balanced,"[np.int64(0), np.int64(1)]",1,0.5999999999999999,115,8,49,60,0.9349593495934959,0.6571428571428571,0.8596491228070176,0.7583959899749373,0.7718120805369127,0.6986634264884569,"[[49, 8], [60, 115]]","{'NON_SIF_POTENTIAL': 109, 'SIF_POTENTIAL': 123}",0.4999999999999999,0.6999999999999998,161,0.6939655172413793,0.30603448275862066,35,36,13
existing_only,tfidf,0.5,balanced,"[np.int64(0), np.int64(1)]",1,0.6499999999999999,73,1,56,102,0.9864864864864865,0.41714285714285715,0.9824561403508771,0.6997994987468672,0.5863453815261044,0.4715762273901809,"[[56, 1], [102, 73]]","{'NON_SIF_POTENTIAL': 158, 'SIF_POTENTIAL': 74}",0.5999999999999999,0.7,87,0.375,0.625,109,36,60
existing_only,tfidf,0.5,balanced,"[np.int64(0), np.int64(1)]",1,0.6499999999999999,73,1,56,102,0.9864864864864865,0.41714285714285715,0.9824561403508771,0.6997994987468672,0.5863453815261044,0.4715762273901809,"[[56, 1], [102, 73]]","{'NON_SIF_POTENTIAL': 158, 'SIF_POTENTIAL': 74}",0.5499999999999999,0.7499999999999999,152,0.6551724137931034,0.3448275862068966,72,8,33
existing_only,tfidf,0.5,balanced,"[np.int64(0), np.int64(1)]",1,0.7,36,0,57,139,1.0,0.2057142857142857,1.0,0.6028571428571429,0.3412322274881517,0.24456521739130432,"[[57, 0], [139, 36]]","{'NON_SIF_POTENTIAL': 196, 'SIF_POTENTIAL': 36}",0.6499999999999999,0.75,66,0.28448275862068967,0.7155172413793104,158,8,102
existing_only,tfidf,0.5,balanced,"[np.int64(0), np.int64(1)]",1,0.7,36,0,57,139,1.0,0.2057142857142857,1.0,0.6028571428571429,0.3412322274881517,0.24456521739130432,"[[57, 0], [139, 36]]","{'NON_SIF_POTENTIAL': 196, 'SIF_POTENTIAL': 36}",0.6,0.7999999999999999,122,0.5258620689655172,0.47413793103448276,109,1,60
existing_only,tfidf,0.5,balanced,"[np.int64(0), np.int64(1)]",1,0.7499999999999998,8,0,57,167,1.0,0.045714285714285714,1.0,0.5228571428571429,0.08743169398907104,0.05649717514124294,"[[57, 0], [167, 8]]","{'NON_SIF_POTENTIAL': 224, 'SIF_POTENTIAL': 8}",0.6999999999999997,0.7999999999999998,35,0.15086206896551724,0.8491379310344828,196,1,139
existing_only,tfidf,0.5,balanced,"[np.int64(0), np.int64(1)]",1,0.7499999999999998,8,0,57,167,1.0,0.045714285714285714,1.0,0.5228571428571429,0.08743169398907104,0.05649717514124294,"[[57, 0], [167, 8]]","{'NON_SIF_POTENTIAL': 224, 'SIF_POTENTIAL': 8}",0.6499999999999998,0.8499999999999998,74,0.31896551724137934,0.6810344827586207,158,0,102
existing_only,tfidf,0.5,balanced,"[np.int64(0), np.int64(1)]",1,0.7999999999999998,1,0,57,174,1.0,0.005714285714285714,1.0,0.5028571428571429,0.011363636363636364,0.007132667617689016,"[[57, 0], [174, 1]]","{'NON_SIF_POTENTIAL': 231, 'SIF_POTENTIAL': 1}",0.7499999999999998,0.8499999999999999,8,0.034482758620689655,0.9655172413793104,224,0,167
existing_only,tfidf,0.5,balanced,"[np.int64(0), np.int64(1)]",1,0.7999999999999998,1,0,57,174,1.0,0.005714285714285714,1.0,0.5028571428571429,0.011363636363636364,0.007132667617689016,"[[57, 0], [174, 1]]","{'NON_SIF_POTENTIAL': 231, 'SIF_POTENTIAL': 1}",0.6999999999999998,0.8999999999999998,36,0.15517241379310345,0.8448275862068966,196,0,139
existing_only,tfidf,0.5,non_sif_1_5,"[np.int64(0), np.int64(1)]",1,0.2,175,57,0,0,0.7543103448275862,1.0,0.0,0.5,0.85995085995086,0.9388412017167381,"[[0, 57], [0, 175]]","{'NON_SIF_POTENTIAL': 0, 'SIF_POTENTIAL': 232}",0.15000000000000002,0.25,0,0.0,1.0,0,232,0
existing_only,tfidf,0.5,non_sif_1_5,"[np.int64(0), np.int64(1)]",1,0.2,175,57,0,0,0.7543103448275862,1.0,0.0,0.5,0.85995085995086,0.9388412017167381,"[[0, 57], [0, 175]]","{'NON_SIF_POTENTIAL': 0, 'SIF_POTENTIAL': 232}",0.1,0.30000000000000004,0,0.0,1.0,0,232,0
existing_only,tfidf,0.5,non_sif_1_5,"[np.int64(0), np.int64(1)]",1,0.25,175,57,0,0,0.7543103448275862,1.0,0.0,0.5,0.85995085995086,0.9388412017167381,"[[0, 57], [0, 175]]","{'NON_SIF_POTENTIAL': 0, 'SIF_POTENTIAL': 232}",0.2,0.3,0,0.0,1.0,0,232,0
existing_only,tfidf,0.5,non_sif_1_5,"[np.int64(0), np.int64(1)]",1,0.25,175,57,0,0,0.7543103448275862,1.0,0.0,0.5,0.85995085995086,0.9388412017167381,"[[0, 57], [0, 175]]","{'NON_SIF_POTENTIAL': 0, 'SIF_POTENTIAL': 232}",0.15,0.35,0,0.0,1.0,0,232,0
existing_only,tfidf,0.5,non_sif_1_5,"[np.int64(0), np.int64(1)]",1,0.3,175,57,0,0,0.7543103448275862,1.0,0.0,0.5,0.85995085995086,0.9388412017167381,"[[0, 57], [0, 175]]","{'NON_SIF_POTENTIAL': 0, 'SIF_POTENTIAL': 232}",0.25,0.35,0,0.0,1.0,0,232,0
existing_only,tfidf,0.5,non_sif_1_5,"[np.int64(0), np.int64(1)]",1,0.3,175,57,0,0,0.7543103448275862,1.0,0.0,0.5,0.85995085995086,0.9388412017167381,"[[0, 57], [0, 175]]","{'NON_SIF_POTENTIAL': 0, 'SIF_POTENTIAL': 232}",0.19999999999999998,0.4,0,0.0,1.0,0,232,0
existing_only,tfidf,0.5,non_sif_1_5,"[np.int64(0), np.int64(1)]",1,0.35,175,57,0,0,0.7543103448275862,1.0,0.0,0.5,0.85995085995086,0.9388412017167381,"[[0, 57], [0, 175]]","{'NON_SIF_POTENTIAL': 0, 'SIF_POTENTIAL': 232}",0.3,0.39999999999999997,0,0.0,1.0,0,232,0
existing_only,tfidf,0.5,non_sif_1_5,"[np.int64(0), np.int64(1)]",1,0.35,175,57,0,0,0.7543103448275862,1.0,0.0,0.5,0.85995085995086,0.9388412017167381,"[[0, 57], [0, 175]]","{'NON_SIF_POTENTIAL': 0, 'SIF_POTENTIAL': 232}",0.24999999999999997,0.44999999999999996,0,0.0,1.0,0,232,0
existing_only,tfidf,0.5,non_sif_1_5,"[np.int64(0), np.int64(1)]",1,0.39999999999999997,175,57,0,0,0.7543103448275862,1.0,0.0,0.5,0.85995085995086,0.9388412017167381,"[[0, 57], [0, 175]]","{'NON_SIF_POTENTIAL': 0, 'SIF_POTENTIAL': 232}",0.35,0.44999999999999996,0,0.0,1.0,0,232,0
existing_only,tfidf,0.5,non_sif_1_5,"[np.int64(0), np.int64(1)]",1,0.39999999999999997,175,57,0,0,0.7543103448275862,1.0,0.0,0.5,0.85995085995086,0.9388412017167381,"[[0, 57], [0, 175]]","{'NON_SIF_POTENTIAL': 0, 'SIF_POTENTIAL': 232}",0.29999999999999993,0.5,1,0.004310344827586207,0.9956896551724138,0,231,0
existing_only,tfidf,0.5,non_sif_1_5,"[np.int64(0), np.int64(1)]",1,0.44999999999999996,175,57,0,0,0.7543103448275862,1.0,0.0,0.5,0.85995085995086,0.9388412017167381,"[[0, 57], [0, 175]]","{'NON_SIF_POTENTIAL': 0, 'SIF_POTENTIAL': 232}",0.39999999999999997,0.49999999999999994,1,0.004310344827586207,0.9956896551724138,0,231,0
existing_only,tfidf,0.5,non_sif_1_5,"[np.int64(0), np.int64(1)]",1,0.44999999999999996,175,57,0,0,0.7543103448275862,1.0,0.0,0.5,0.85995085995086,0.9388412017167381,"[[0, 57], [0, 175]]","{'NON_SIF_POTENTIAL': 0, 'SIF_POTENTIAL': 232}",0.35,0.5499999999999999,3,0.01293103448275862,0.9870689655172413,0,229,0
existing_only,tfidf,0.5,non_sif_1_5,"[np.int64(0), np.int64(1)]",1,0.49999999999999994,175,56,1,0,0.7575757575757576,1.0,0.017543859649122806,0.5087719298245614,0.8620689655172413,0.9398496240601504,"[[1, 56], [0, 175]]","{'NON_SIF_POTENTIAL': 1, 'SIF_POTENTIAL': 231}",0.44999999999999996,0.5499999999999999,3,0.01293103448275862,0.9870689655172413,0,229,0
existing_only,tfidf,0.5,non_sif_1_5,"[np.int64(0), np.int64(1)]",1,0.49999999999999994,175,56,1,0,0.7575757575757576,1.0,0.017543859649122806,0.5087719298245614,0.8620689655172413,0.9398496240601504,"[[1, 56], [0, 175]]","{'NON_SIF_POTENTIAL': 1, 'SIF_POTENTIAL': 231}",0.3999999999999999,0.6,9,0.03879310344827586,0.9612068965517241,0,223,0
existing_only,tfidf,0.5,non_sif_1_5,"[np.int64(0), np.int64(1)]",1,0.5499999999999999,173,56,1,2,0.7554585152838428,0.9885714285714285,0.017543859649122806,0.5030576441102756,0.8564356435643564,0.9311087190527447,"[[1, 56], [2, 173]]","{'NON_SIF_POTENTIAL': 3, 'SIF_POTENTIAL': 229}",0.49999999999999994,0.6,8,0.034482758620689655,0.9655172413793104,1,223,0
existing_only,tfidf,0.5,non_sif_1_5,"[np.int64(0), np.int64(1)]",1,0.5499999999999999,173,56,1,2,0.7554585152838428,0.9885714285714285,0.017543859649122806,0.5030576441102756,0.8564356435643564,0.9311087190527447,"[[1, 56], [2, 173]]","{'NON_SIF_POTENTIAL': 3, 'SIF_POTENTIAL': 229}",0.44999999999999996,0.6499999999999999,16,0.06896551724137931,0.9310344827586207,0,216,0
existing_only,tfidf,0.5,non_sif_1_5,"[np.int64(0), np.int64(1)]",1,0.5999999999999999,173,50,7,2,0.7757847533632287,0.9885714285714285,0.12280701754385964,0.5556892230576441,0.8693467336683417,0.9371614301191766,"[[7, 50], [2, 173]]","{'NON_SIF_POTENTIAL': 9, 'SIF_POTENTIAL': 223}",0.5499999999999998,0.6499999999999999,13,0.05603448275862069,0.9439655172413793,3,216,2
existing_only,tfidf,0.5,non_sif_1_5,"[np.int64(0), np.int64(1)]",1,0.5999999999999999,173,50,7,2,0.7757847533632287,0.9885714285714285,0.12280701754385964,0.5556892230576441,0.8693467336683417,0.9371614301191766,"[[7, 50], [2, 173]]","{'NON_SIF_POTENTIAL': 9, 'SIF_POTENTIAL': 223}",0.4999999999999999,0.6999999999999998,44,0.1896551724137931,0.8103448275862069,1,187,0
existing_only,tfidf,0.5,non_sif_1_5,"[np.int64(0), np.int64(1)]",1,0.6499999999999999,170,46,11,5,0.7870370370370371,0.9714285714285714,0.19298245614035087,0.5822055137844612,0.8695652173913043,0.9279475982532752,"[[11, 46], [5, 170]]","{'NON_SIF_POTENTIAL': 16, 'SIF_POTENTIAL': 216}",0.5999999999999999,0.7,36,0.15517241379310345,0.8448275862068966,9,187,2
existing_only,tfidf,0.5,non_sif_1_5,"[np.int64(0), np.int64(1)]",1,0.6499999999999999,170,46,11,5,0.7870370370370371,0.9714285714285714,0.19298245614035087,0.5822055137844612,0.8695652173913043,0.9279475982532752,"[[11, 46], [5, 170]]","{'NON_SIF_POTENTIAL': 16, 'SIF_POTENTIAL': 216}",0.5499999999999999,0.7499999999999999,94,0.4051724137931034,0.5948275862068966,3,135,2
existing_only,tfidf,0.5,non_sif_1_5,"[np.int64(0), np.int64(1)]",1,0.7,155,32,25,20,0.8288770053475936,0.8857142857142857,0.43859649122807015,0.6621553884711779,0.856353591160221,0.8737316798196169,"[[25, 32], [20, 155]]","{'NON_SIF_POTENTIAL': 45, 'SIF_POTENTIAL': 187}",0.6499999999999999,0.75,81,0.34913793103448276,0.6508620689655172,16,135,5
existing_only,tfidf,0.5,non_sif_1_5,"[np.int64(0), np.int64(1)]",1,0.7,155,32,25,20,0.8288770053475936,0.8857142857142857,0.43859649122807015,0.6621553884711779,0.856353591160221,0.8737316798196169,"[[25, 32], [20, 155]]","{'NON_SIF_POTENTIAL': 45, 'SIF_POTENTIAL': 187}",0.6,0.7999999999999999,152,0.6551724137931034,0.3448275862068966,9,71,2
existing_only,tfidf,0.5,non_sif_1_5,"[np.int64(0), np.int64(1)]",1,0.7499999999999998,125,10,47,50,0.9259259259259259,0.7142857142857143,0.8245614035087719,0.7694235588972431,0.8064516129032258,0.7485029940119762,"[[47, 10], [50, 125]]","{'NON_SIF_POTENTIAL': 97, 'SIF_POTENTIAL': 135}",0.6999999999999997,0.7999999999999998,116,0.5,0.5,45,71,20
existing_only,tfidf,0.5,non_sif_1_5,"[np.int64(0), np.int64(1)]",1,0.7499999999999998,125,10,47,50,0.9259259259259259,0.7142857142857143,0.8245614035087719,0.7694235588972431,0.8064516129032258,0.7485029940119762,"[[47, 10], [50, 125]]","{'NON_SIF_POTENTIAL': 97, 'SIF_POTENTIAL': 135}",0.6499999999999998,0.8499999999999998,201,0.8663793103448276,0.1336206896551724,16,15,5
existing_only,tfidf,0.5,non_sif_1_5,"[np.int64(0), np.int64(1)]",1,0.7999999999999998,70,1,56,105,0.9859154929577465,0.4,0.9824561403508771,0.6912280701754385,0.5691056910569106,0.4539559014267185,"[[56, 1], [105, 70]]","{'NON_SIF_POTENTIAL': 161, 'SIF_POTENTIAL': 71}",0.7499999999999998,0.8499999999999999,120,0.5172413793103449,0.4827586206896552,97,15,50
existing_only,tfidf,0.5,non_sif_1_5,"[np.int64(0), np.int64(1)]",1,0.7999999999999998,70,1,56,105,0.9859154929577465,0.4,0.9824561403508771,0.6912280701754385,0.5691056910569106,0.4539559014267185,"[[56, 1], [105, 70]]","{'NON_SIF_POTENTIAL': 161, 'SIF_POTENTIAL': 71}",0.6999999999999998,0.8999999999999998,186,0.8017241379310345,0.19827586206896552,45,1,20
existing_only,tfidf,1.0,none,"[np.int64(0), np.int64(1)]",1,0.2,175,57,0,0,0.7543103448275862,1.0,0.0,0.5,0.85995085995086,0.9388412017167381,"[[0, 57], [0, 175]]","{'NON_SIF_POTENTIAL': 0, 'SIF_POTENTIAL': 232}",0.15000000000000002,0.25,0,0.0,1.0,0,232,0
existing_only,tfidf,1.0,none,"[np.int64(0), np.int64(1)]",1,0.2,175,57,0,0,0.7543103448275862,1.0,0.0,0.5,0.85995085995086,0.9388412017167381,"[[0, 57], [0, 175]]","{'NON_SIF_POTENTIAL': 0, 'SIF_POTENTIAL': 232}",0.1,0.30000000000000004,0,0.0,1.0,0,232,0
existing_only,tfidf,1.0,none,"[np.int64(0), np.int64(1)]",1,0.25,175,57,0,0,0.7543103448275862,1.0,0.0,0.5,0.85995085995086,0.9388412017167381,"[[0, 57], [0, 175]]","{'NON_SIF_POTENTIAL': 0, 'SIF_POTENTIAL': 232}",0.2,0.3,0,0.0,1.0,0,232,0
existing_only,tfidf,1.0,none,"[np.int64(0), np.int64(1)]",1,0.25,175,57,0,0,0.7543103448275862,1.0,0.0,0.5,0.85995085995086,0.9388412017167381,"[[0, 57], [0, 175]]","{'NON_SIF_POTENTIAL': 0, 'SIF_POTENTIAL': 232}",0.15,0.35,0,0.0,1.0,0,232,0
existing_only,tfidf,1.0,none,"[np.int64(0), np.int64(1)]",1,0.3,175,57,0,0,0.7543103448275862,1.0,0.0,0.5,0.85995085995086,0.9388412017167381,"[[0, 57], [0, 175]]","{'NON_SIF_POTENTIAL': 0, 'SIF_POTENTIAL': 232}",0.25,0.35,0,0.0,1.0,0,232,0
existing_only,tfidf,1.0,none,"[np.int64(0), np.int64(1)]",1,0.3,175,57,0,0,0.7543103448275862,1.0,0.0,0.5,0.85995085995086,0.9388412017167381,"[[0, 57], [0, 175]]","{'NON_SIF_POTENTIAL': 0, 'SIF_POTENTIAL': 232}",0.19999999999999998,0.4,0,0.0,1.0,0,232,0
existing_only,tfidf,1.0,none,"[np.int64(0), np.int64(1)]",1,0.35,175,57,0,0,0.7543103448275862,1.0,0.0,0.5,0.85995085995086,0.9388412017167381,"[[0, 57], [0, 175]]","{'NON_SIF_POTENTIAL': 0, 'SIF_POTENTIAL': 232}",0.3,0.39999999999999997,0,0.0,1.0,0,232,0
existing_only,tfidf,1.0,none,"[np.int64(0), np.int64(1)]",1,0.35,175,57,0,0,0.7543103448275862,1.0,0.0,0.5,0.85995085995086,0.9388412017167381,"[[0, 57], [0, 175]]","{'NON_SIF_POTENTIAL': 0, 'SIF_POTENTIAL': 232}",0.24999999999999997,0.44999999999999996,0,0.0,1.0,0,232,0
existing_only,tfidf,1.0,none,"[np.int64(0), np.int64(1)]",1,0.39999999999999997,175,57,0,0,0.7543103448275862,1.0,0.0,0.5,0.85995085995086,0.9388412017167381,"[[0, 57], [0, 175]]","{'NON_SIF_POTENTIAL': 0, 'SIF_POTENTIAL': 232}",0.35,0.44999999999999996,0,0.0,1.0,0,232,0
existing_only,tfidf,1.0,none,"[np.int64(0), np.int64(1)]",1,0.39999999999999997,175,57,0,0,0.7543103448275862,1.0,0.0,0.5,0.85995085995086,0.9388412017167381,"[[0, 57], [0, 175]]","{'NON_SIF_POTENTIAL': 0, 'SIF_POTENTIAL': 232}",0.29999999999999993,0.5,1,0.004310344827586207,0.9956896551724138,0,231,0
existing_only,tfidf,1.0,none,"[np.int64(0), np.int64(1)]",1,0.44999999999999996,175,57,0,0,0.7543103448275862,1.0,0.0,0.5,0.85995085995086,0.9388412017167381,"[[0, 57], [0, 175]]","{'NON_SIF_POTENTIAL': 0, 'SIF_POTENTIAL': 232}",0.39999999999999997,0.49999999999999994,1,0.004310344827586207,0.9956896551724138,0,231,0
existing_only,tfidf,1.0,none,"[np.int64(0), np.int64(1)]",1,0.44999999999999996,175,57,0,0,0.7543103448275862,1.0,0.0,0.5,0.85995085995086,0.9388412017167381,"[[0, 57], [0, 175]]","{'NON_SIF_POTENTIAL': 0, 'SIF_POTENTIAL': 232}",0.35,0.5499999999999999,2,0.008620689655172414,0.9913793103448276,0,230,0
existing_only,tfidf,1.0,none,"[np.int64(0), np.int64(1)]",1,0.49999999999999994,175,56,1,0,0.7575757575757576,1.0,0.017543859649122806,0.5087719298245614,0.8620689655172413,0.9398496240601504,"[[1, 56], [0, 175]]","{'NON_SIF_POTENTIAL': 1, 'SIF_POTENTIAL': 231}",0.44999999999999996,0.5499999999999999,2,0.008620689655172414,0.9913793103448276,0,230,0
existing_only,tfidf,1.0,none,"[np.int64(0), np.int64(1)]",1,0.49999999999999994,175,56,1,0,0.7575757575757576,1.0,0.017543859649122806,0.5087719298245614,0.8620689655172413,0.9398496240601504,"[[1, 56], [0, 175]]","{'NON_SIF_POTENTIAL': 1, 'SIF_POTENTIAL': 231}",0.3999999999999999,0.6,4,0.017241379310344827,0.9827586206896551,0,228,0
existing_only,tfidf,1.0,none,"[np.int64(0), np.int64(1)]",1,0.5499999999999999,174,56,1,1,0.7565217391304347,0.9942857142857143,0.017543859649122806,0.5059147869674185,0.8592592592592593,0.935483870967742,"[[1, 56], [1, 174]]","{'NON_SIF_POTENTIAL': 2, 'SIF_POTENTIAL': 230}",0.49999999999999994,0.6,3,0.01293103448275862,0.9870689655172413,1,228,0
existing_only,tfidf,1.0,none,"[np.int64(0), np.int64(1)]",1,0.5499999999999999,174,56,1,1,0.7565217391304347,0.9942857142857143,0.017543859649122806,0.5059147869674185,0.8592592592592593,0.935483870967742,"[[1, 56], [1, 174]]","{'NON_SIF_POTENTIAL': 2, 'SIF_POTENTIAL': 230}",0.44999999999999996,0.6499999999999999,10,0.04310344827586207,0.9568965517241379,0,222,0
existing_only,tfidf,1.0,none,"[np.int64(0), np.int64(1)]",1,0.5999999999999999,173,55,2,2,0.7587719298245614,0.9885714285714285,0.03508771929824561,0.5118295739348371,0.858560794044665,0.9321120689655173,"[[2, 55], [2, 173]]","{'NON_SIF_POTENTIAL': 4, 'SIF_POTENTIAL': 228}",0.5499999999999998,0.6499999999999999,8,0.034482758620689655,0.9655172413793104,2,222,1
existing_only,tfidf,1.0,none,"[np.int64(0), np.int64(1)]",1,0.5999999999999999,173,55,2,2,0.7587719298245614,0.9885714285714285,0.03508771929824561,0.5118295739348371,0.858560794044665,0.9321120689655173,"[[2, 55], [2, 173]]","{'NON_SIF_POTENTIAL': 4, 'SIF_POTENTIAL': 228}",0.4999999999999999,0.6999999999999998,16,0.06896551724137931,0.9310344827586207,1,215,0
existing_only,tfidf,1.0,none,"[np.int64(0), np.int64(1)]",1,0.6499999999999999,173,49,8,2,0.7792792792792793,0.9885714285714285,0.14035087719298245,0.5644611528822054,0.871536523929471,0.9381778741865511,"[[8, 49], [2, 173]]","{'NON_SIF_POTENTIAL': 10, 'SIF_POTENTIAL': 222}",0.5999999999999999,0.7,13,0.05603448275862069,0.9439655172413793,4,215,2
existing_only,tfidf,1.0,none,"[np.int64(0), np.int64(1)]",1,0.6499999999999999,173,49,8,2,0.7792792792792793,0.9885714285714285,0.14035087719298245,0.5644611528822054,0.871536523929471,0.9381778741865511,"[[8, 49], [2, 173]]","{'NON_SIF_POTENTIAL': 10, 'SIF_POTENTIAL': 222}",0.5499999999999999,0.7499999999999999,40,0.1724137931034483,0.8275862068965517,2,190,1
existing_only,tfidf,1.0,none,"[np.int64(0), np.int64(1)]",1,0.7,170,45,12,5,0.7906976744186046,0.9714285714285714,0.21052631578947367,0.5909774436090225,0.8717948717948718,0.9289617486338798,"[[12, 45], [5, 170]]","{'NON_SIF_POTENTIAL': 17, 'SIF_POTENTIAL': 215}",0.6499999999999999,0.75,32,0.13793103448275862,0.8620689655172413,10,190,2
existing_only,tfidf,1.0,none,"[np.int64(0), np.int64(1)]",1,0.7,170,45,12,5,0.7906976744186046,0.9714285714285714,0.21052631578947367,0.5909774436090225,0.8717948717948718,0.9289617486338798,"[[12, 45], [5, 170]]","{'NON_SIF_POTENTIAL': 17, 'SIF_POTENTIAL': 215}",0.6,0.7999999999999999,80,0.3448275862068966,0.6551724137931034,4,148,2
existing_only,tfidf,1.0,none,"[np.int64(0), np.int64(1)]",1,0.7499999999999998,156,34,23,19,0.8210526315789474,0.8914285714285715,0.40350877192982454,0.647468671679198,0.8547945205479452,0.8764044943820226,"[[23, 34], [19, 156]]","{'NON_SIF_POTENTIAL': 42, 'SIF_POTENTIAL': 190}",0.6999999999999997,0.7999999999999998,67,0.28879310344827586,0.7112068965517241,17,148,5
existing_only,tfidf,1.0,none,"[np.int64(0), np.int64(1)]",1,0.7499999999999998,156,34,23,19,0.8210526315789474,0.8914285714285715,0.40350877192982454,0.647468671679198,0.8547945205479452,0.8764044943820226,"[[23, 34], [19, 156]]","{'NON_SIF_POTENTIAL': 42, 'SIF_POTENTIAL': 190}",0.6499999999999998,0.8499999999999998,129,0.5560344827586207,0.44396551724137934,10,93,2
existing_only,tfidf,1.0,none,"[np.int64(0), np.int64(1)]",1,0.7999999999999998,134,14,43,41,0.9054054054054054,0.7657142857142857,0.7543859649122807,0.7600501253132832,0.8297213622291022,0.7900943396226415,"[[43, 14], [41, 134]]","{'NON_SIF_POTENTIAL': 84, 'SIF_POTENTIAL': 148}",0.7499999999999998,0.8499999999999999,97,0.41810344827586204,0.5818965517241379,42,93,19
existing_only,tfidf,1.0,none,"[np.int64(0), np.int64(1)]",1,0.7999999999999998,134,14,43,41,0.9054054054054054,0.7657142857142857,0.7543859649122807,0.7600501253132832,0.8297213622291022,0.7900943396226415,"[[43, 14], [41, 134]]","{'NON_SIF_POTENTIAL': 84, 'SIF_POTENTIAL': 148}",0.6999999999999998,0.8999999999999998,194,0.8362068965517241,0.16379310344827586,17,21,5
existing_only,tfidf,1.0,balanced,"[np.int64(0), np.int64(1)]",1,0.2,175,57,0,0,0.7543103448275862,1.0,0.0,0.5,0.85995085995086,0.9388412017167381,"[[0, 57], [0, 175]]","{'NON_SIF_POTENTIAL': 0, 'SIF_POTENTIAL': 232}",0.15000000000000002,0.25,1,0.004310344827586207,0.9956896551724138,0,231,0
existing_only,tfidf,1.0,balanced,"[np.int64(0), np.int64(1)]",1,0.2,175,57,0,0,0.7543103448275862,1.0,0.0,0.5,0.85995085995086,0.9388412017167381,"[[0, 57], [0, 175]]","{'NON_SIF_POTENTIAL': 0, 'SIF_POTENTIAL': 232}",0.1,0.30000000000000004,3,0.01293103448275862,0.9870689655172413,0,229,0
existing_only,tfidf,1.0,balanced,"[np.int64(0), np.int64(1)]",1,0.25,175,56,1,0,0.7575757575757576,1.0,0.017543859649122806,0.5087719298245614,0.8620689655172413,0.9398496240601504,"[[1, 56], [0, 175]]","{'NON_SIF_POTENTIAL': 1, 'SIF_POTENTIAL': 231}",0.2,0.3,3,0.01293103448275862,0.9870689655172413,0,229,0
existing_only,tfidf,1.0,balanced,"[np.int64(0), np.int64(1)]",1,0.25,175,56,1,0,0.7575757575757576,1.0,0.017543859649122806,0.5087719298245614,0.8620689655172413,0.9398496240601504,"[[1, 56], [0, 175]]","{'NON_SIF_POTENTIAL': 1, 'SIF_POTENTIAL': 231}",0.15,0.35,7,0.03017241379310345,0.9698275862068966,0,225,0
existing_only,tfidf,1.0,balanced,"[np.int64(0), np.int64(1)]",1,0.3,173,56,1,2,0.7554585152838428,0.9885714285714285,0.017543859649122806,0.5030576441102756,0.8564356435643564,0.9311087190527447,"[[1, 56], [2, 173]]","{'NON_SIF_POTENTIAL': 3, 'SIF_POTENTIAL': 229}",0.25,0.35,6,0.02586206896551724,0.9741379310344828,1,225,0
existing_only,tfidf,1.0,balanced,"[np.int64(0), np.int64(1)]",1,0.3,173,56,1,2,0.7554585152838428,0.9885714285714285,0.017543859649122806,0.5030576441102756,0.8564356435643564,0.9311087190527447,"[[1, 56], [2, 173]]","{'NON_SIF_POTENTIAL': 3, 'SIF_POTENTIAL': 229}",0.19999999999999998,0.4,11,0.04741379310344827,0.9525862068965517,0,221,0
existing_only,tfidf,1.0,balanced,"[np.int64(0), np.int64(1)]",1,0.35,173,52,5,2,0.7688888888888888,0.9885714285714285,0.08771929824561403,0.5381453634085213,0.865,0.935135135135135,"[[5, 52], [2, 173]]","{'NON_SIF_POTENTIAL': 7, 'SIF_POTENTIAL': 225}",0.3,0.39999999999999997,8,0.034482758620689655,0.9655172413793104,3,221,2
existing_only,tfidf,1.0,balanced,"[np.int64(0), np.int64(1)]",1,0.35,173,52,5,2,0.7688888888888888,0.9885714285714285,0.08771929824561403,0.5381453634085213,0.865,0.935135135135135,"[[5, 52], [2, 173]]","{'NON_SIF_POTENTIAL': 7, 'SIF_POTENTIAL': 225}",0.24999999999999997,0.44999999999999996,19,0.08189655172413793,0.9181034482758621,1,212,0
existing_only,tfidf,1.0,balanced,"[np.int64(0), np.int64(1)]",1,0.39999999999999997,173,48,9,2,0.7828054298642534,0.9885714285714285,0.15789473684210525,0.5732330827067669,0.8737373737373737,0.9391965255157436,"[[9, 48], [2, 173]]","{'NON_SIF_POTENTIAL': 11, 'SIF_POTENTIAL': 221}",0.35,0.44999999999999996,13,0.05603448275862069,0.9439655172413793,7,212,2
existing_only,tfidf,1.0,balanced,"[np.int64(0), np.int64(1)]",1,0.39999999999999997,173,48,9,2,0.7828054298642534,0.9885714285714285,0.15789473684210525,0.5732330827067669,0.8737373737373737,0.9391965255157436,"[[9, 48], [2, 173]]","{'NON_SIF_POTENTIAL': 11, 'SIF_POTENTIAL': 221}",0.29999999999999993,0.5,26,0.11206896551724138,0.8879310344827587,3,203,2
existing_only,tfidf,1.0,balanced,"[np.int64(0), np.int64(1)]",1,0.44999999999999996,170,42,15,5,0.8018867924528302,0.9714285714285714,0.2631578947368421,0.6172932330827068,0.8785529715762274,0.9320175438596493,"[[15, 42], [5, 170]]","{'NON_SIF_POTENTIAL': 20, 'SIF_POTENTIAL': 212}",0.39999999999999997,0.49999999999999994,18,0.07758620689655173,0.9224137931034483,11,203,2
existing_only,tfidf,1.0,balanced,"[np.int64(0), np.int64(1)]",1,0.44999999999999996,170,42,15,5,0.8018867924528302,0.9714285714285714,0.2631578947368421,0.6172932330827068,0.8785529715762274,0.9320175438596493,"[[15, 42], [5, 170]]","{'NON_SIF_POTENTIAL': 20, 'SIF_POTENTIAL': 212}",0.35,0.5499999999999999,51,0.21982758620689655,0.7801724137931034,7,174,2
existing_only,tfidf,1.0,balanced,"[np.int64(0), np.int64(1)]",1,0.49999999999999994,165,38,19,10,0.812807881773399,0.9428571428571428,0.3333333333333333,0.638095238095238,0.873015873015873,0.9136212624584716,"[[19, 38], [10, 165]]","{'NON_SIF_POTENTIAL': 29, 'SIF_POTENTIAL': 203}",0.44999999999999996,0.5499999999999999,38,0.16379310344827586,0.8362068965517241,20,174,5
existing_only,tfidf,1.0,balanced,"[np.int64(0), np.int64(1)]",1,0.49999999999999994,165,38,19,10,0.812807881773399,0.9428571428571428,0.3333333333333333,0.638095238095238,0.873015873015873,0.9136212624584716,"[[19, 38], [10, 165]]","{'NON_SIF_POTENTIAL': 29, 'SIF_POTENTIAL': 203}",0.3999999999999999,0.6,72,0.3103448275862069,0.6896551724137931,11,149,2
existing_only,tfidf,1.0,balanced,"[np.int64(0), np.int64(1)]",1,0.5499999999999999,150,24,33,25,0.8620689655172413,0.8571428571428571,0.5789473684210527,0.7180451127819549,0.8595988538681948,0.8581235697940502,"[[33, 24], [25, 150]]","{'NON_SIF_POTENTIAL': 58, 'SIF_POTENTIAL': 174}",0.49999999999999994,0.6,54,0.23275862068965517,0.7672413793103449,29,149,10
existing_only,tfidf,1.0,balanced,"[np.int64(0), np.int64(1)]",1,0.5499999999999999,150,24,33,25,0.8620689655172413,0.8571428571428571,0.5789473684210527,0.7180451127819549,0.8595988538681948,0.8581235697940502,"[[33, 24], [25, 150]]","{'NON_SIF_POTENTIAL': 58, 'SIF_POTENTIAL': 174}",0.44999999999999996,0.6499999999999999,89,0.38362068965517243,0.6163793103448276,20,123,5
existing_only,tfidf,1.0,balanced,"[np.int64(0), np.int64(1)]",1,0.5999999999999999,135,14,43,40,0.9060402684563759,0.7714285714285715,0.7543859649122807,0.7629072681704261,0.8333333333333334,0.7950530035335689,"[[43, 14], [40, 135]]","{'NON_SIF_POTENTIAL': 83, 'SIF_POTENTIAL': 149}",0.5499999999999998,0.6499999999999999,51,0.21982758620689655,0.7801724137931034,58,123,25
existing_only,tfidf,1.0,balanced,"[np.int64(0), np.int64(1)]",1,0.5999999999999999,135,14,43,40,0.9060402684563759,0.7714285714285715,0.7543859649122807,0.7629072681704261,0.8333333333333334,0.7950530035335689,"[[43, 14], [40, 135]]","{'NON_SIF_POTENTIAL': 83, 'SIF_POTENTIAL': 149}",0.4999999999999999,0.6999999999999998,112,0.4827586206896552,0.5172413793103449,29,91,10
existing_only,tfidf,1.0,balanced,"[np.int64(0), np.int64(1)]",1,0.6499999999999999,115,8,49,60,0.9349593495934959,0.6571428571428571,0.8596491228070176,0.7583959899749373,0.7718120805369127,0.6986634264884569,"[[49, 8], [60, 115]]","{'NON_SIF_POTENTIAL': 109, 'SIF_POTENTIAL': 123}",0.5999999999999999,0.7,58,0.25,0.75,83,91,40
existing_only,tfidf,1.0,balanced,"[np.int64(0), np.int64(1)]",1,0.6499999999999999,115,8,49,60,0.9349593495934959,0.6571428571428571,0.8596491228070176,0.7583959899749373,0.7718120805369127,0.6986634264884569,"[[49, 8], [60, 115]]","{'NON_SIF_POTENTIAL': 109, 'SIF_POTENTIAL': 123}",0.5499999999999999,0.7499999999999999,119,0.5129310344827587,0.4870689655172414,58,55,25
existing_only,tfidf,1.0,balanced,"[np.int64(0), np.int64(1)]",1,0.7,89,2,55,86,0.978021978021978,0.5085714285714286,0.9649122807017544,0.7367418546365915,0.6691729323308271,0.5625790139064475,"[[55, 2], [86, 89]]","{'NON_SIF_POTENTIAL': 141, 'SIF_POTENTIAL': 91}",0.6499999999999999,0.75,68,0.29310344827586204,0.7068965517241379,109,55,60
existing_only,tfidf,1.0,balanced,"[np.int64(0), np.int64(1)]",1,0.7,89,2,55,86,0.978021978021978,0.5085714285714286,0.9649122807017544,0.7367418546365915,0.6691729323308271,0.5625790139064475,"[[55, 2], [86, 89]]","{'NON_SIF_POTENTIAL': 141, 'SIF_POTENTIAL': 91}",0.6,0.7999999999999999,128,0.5517241379310345,0.4482758620689655,83,21,40
existing_only,tfidf,1.0,balanced,"[np.int64(0), np.int64(1)]",1,0.7499999999999998,54,1,56,121,0.9818181818181818,0.30857142857142855,0.9824561403508771,0.6455137844611528,0.46956521739130436,0.35761589403973515,"[[56, 1], [121, 54]]","{'NON_SIF_POTENTIAL': 177, 'SIF_POTENTIAL': 55}",0.6999999999999997,0.7999999999999998,70,0.3017241379310345,0.6982758620689655,141,21,86
existing_only,tfidf,1.0,balanced,"[np.int64(0), np.int64(1)]",1,0.7499999999999998,54,1,56,121,0.9818181818181818,0.30857142857142855,0.9824561403508771,0.6455137844611528,0.46956521739130436,0.35761589403973515,"[[56, 1], [121, 54]]","{'NON_SIF_POTENTIAL': 177, 'SIF_POTENTIAL': 55}",0.6499999999999998,0.8499999999999998,119,0.5129310344827587,0.4870689655172414,109,4,60
existing_only,tfidf,1.0,balanced,"[np.int64(0), np.int64(1)]",1,0.7999999999999998,21,0,57,154,1.0,0.12,1.0,0.56,0.21428571428571427,0.14563106796116504,"[[57, 0], [154, 21]]","{'NON_SIF_POTENTIAL': 211, 'SIF_POTENTIAL': 21}",0.7499999999999998,0.8499999999999999,51,0.21982758620689655,0.7801724137931034,177,4,121
existing_only,tfidf,1.0,balanced,"[np.int64(0), np.int64(1)]",1,0.7999999999999998,21,0,57,154,1.0,0.12,1.0,0.56,0.21428571428571427,0.14563106796116504,"[[57, 0], [154, 21]]","{'NON_SIF_POTENTIAL': 211, 'SIF_POTENTIAL': 21}",0.6999999999999998,0.8999999999999998,90,0.3879310344827586,0.6120689655172413,141,1,86
existing_only,tfidf,1.0,non_sif_1_5,"[np.int64(0), np.int64(1)]",1,0.2,175,57,0,0,0.7543103448275862,1.0,0.0,0.5,0.85995085995086,0.9388412017167381,"[[0, 57], [0, 175]]","{'NON_SIF_POTENTIAL': 0, 'SIF_POTENTIAL': 232}",0.15000000000000002,0.25,0,0.0,1.0,0,232,0
existing_only,tfidf,1.0,non_sif_1_5,"[np.int64(0), np.int64(1)]",1,0.2,175,57,0,0,0.7543103448275862,1.0,0.0,0.5,0.85995085995086,0.9388412017167381,"[[0, 57], [0, 175]]","{'NON_SIF_POTENTIAL': 0, 'SIF_POTENTIAL': 232}",0.1,0.30000000000000004,0,0.0,1.0,0,232,0
existing_only,tfidf,1.0,non_sif_1_5,"[np.int64(0), np.int64(1)]",1,0.25,175,57,0,0,0.7543103448275862,1.0,0.0,0.5,0.85995085995086,0.9388412017167381,"[[0, 57], [0, 175]]","{'NON_SIF_POTENTIAL': 0, 'SIF_POTENTIAL': 232}",0.2,0.3,0,0.0,1.0,0,232,0
existing_only,tfidf,1.0,non_sif_1_5,"[np.int64(0), np.int64(1)]",1,0.25,175,57,0,0,0.7543103448275862,1.0,0.0,0.5,0.85995085995086,0.9388412017167381,"[[0, 57], [0, 175]]","{'NON_SIF_POTENTIAL': 0, 'SIF_POTENTIAL': 232}",0.15,0.35,0,0.0,1.0,0,232,0
existing_only,tfidf,1.0,non_sif_1_5,"[np.int64(0), np.int64(1)]",1,0.3,175,57,0,0,0.7543103448275862,1.0,0.0,0.5,0.85995085995086,0.9388412017167381,"[[0, 57], [0, 175]]","{'NON_SIF_POTENTIAL': 0, 'SIF_POTENTIAL': 232}",0.25,0.35,0,0.0,1.0,0,232,0
existing_only,tfidf,1.0,non_sif_1_5,"[np.int64(0), np.int64(1)]",1,0.3,175,57,0,0,0.7543103448275862,1.0,0.0,0.5,0.85995085995086,0.9388412017167381,"[[0, 57], [0, 175]]","{'NON_SIF_POTENTIAL': 0, 'SIF_POTENTIAL': 232}",0.19999999999999998,0.4,1,0.004310344827586207,0.9956896551724138,0,231,0
existing_only,tfidf,1.0,non_sif_1_5,"[np.int64(0), np.int64(1)]",1,0.35,175,57,0,0,0.7543103448275862,1.0,0.0,0.5,0.85995085995086,0.9388412017167381,"[[0, 57], [0, 175]]","{'NON_SIF_POTENTIAL': 0, 'SIF_POTENTIAL': 232}",0.3,0.39999999999999997,1,0.004310344827586207,0.9956896551724138,0,231,0
existing_only,tfidf,1.0,non_sif_1_5,"[np.int64(0), np.int64(1)]",1,0.35,175,57,0,0,0.7543103448275862,1.0,0.0,0.5,0.85995085995086,0.9388412017167381,"[[0, 57], [0, 175]]","{'NON_SIF_POTENTIAL': 0, 'SIF_POTENTIAL': 232}",0.24999999999999997,0.44999999999999996,3,0.01293103448275862,0.9870689655172413,0,229,0
existing_only,tfidf,1.0,non_sif_1_5,"[np.int64(0), np.int64(1)]",1,0.39999999999999997,175,56,1,0,0.7575757575757576,1.0,0.017543859649122806,0.5087719298245614,0.8620689655172413,0.9398496240601504,"[[1, 56], [0, 175]]","{'NON_SIF_POTENTIAL': 1, 'SIF_POTENTIAL': 231}",0.35,0.44999999999999996,3,0.01293103448275862,0.9870689655172413,0,229,0
existing_only,tfidf,1.0,non_sif_1_5,"[np.int64(0), np.int64(1)]",1,0.39999999999999997,175,56,1,0,0.7575757575757576,1.0,0.017543859649122806,0.5087719298245614,0.8620689655172413,0.9398496240601504,"[[1, 56], [0, 175]]","{'NON_SIF_POTENTIAL': 1, 'SIF_POTENTIAL': 231}",0.29999999999999993,0.5,4,0.017241379310344827,0.9827586206896551,0,228,0
existing_only,tfidf,1.0,non_sif_1_5,"[np.int64(0), np.int64(1)]",1,0.44999999999999996,173,56,1,2,0.7554585152838428,0.9885714285714285,0.017543859649122806,0.5030576441102756,0.8564356435643564,0.9311087190527447,"[[1, 56], [2, 173]]","{'NON_SIF_POTENTIAL': 3, 'SIF_POTENTIAL': 229}",0.39999999999999997,0.49999999999999994,3,0.01293103448275862,0.9870689655172413,1,228,0
existing_only,tfidf,1.0,non_sif_1_5,"[np.int64(0), np.int64(1)]",1,0.44999999999999996,173,56,1,2,0.7554585152838428,0.9885714285714285,0.017543859649122806,0.5030576441102756,0.8564356435643564,0.9311087190527447,"[[1, 56], [2, 173]]","{'NON_SIF_POTENTIAL': 3, 'SIF_POTENTIAL': 229}",0.35,0.5499999999999999,10,0.04310344827586207,0.9568965517241379,0,222,0
existing_only,tfidf,1.0,non_sif_1_5,"[np.int64(0), np.int64(1)]",1,0.49999999999999994,173,55,2,2,0.7587719298245614,0.9885714285714285,0.03508771929824561,0.5118295739348371,0.858560794044665,0.9321120689655173,"[[2, 55], [2, 173]]","{'NON_SIF_POTENTIAL': 4, 'SIF_POTENTIAL': 228}",0.44999999999999996,0.5499999999999999,7,0.03017241379310345,0.9698275862068966,3,222,2
existing_only,tfidf,1.0,non_sif_1_5,"[np.int64(0), np.int64(1)]",1,0.49999999999999994,173,55,2,2,0.7587719298245614,0.9885714285714285,0.03508771929824561,0.5118295739348371,0.858560794044665,0.9321120689655173,"[[2, 55], [2, 173]]","{'NON_SIF_POTENTIAL': 4, 'SIF_POTENTIAL': 228}",0.3999999999999999,0.6,13,0.05603448275862069,0.9439655172413793,1,218,0
existing_only,tfidf,1.0,non_sif_1_5,"[np.int64(0), np.int64(1)]",1,0.5499999999999999,173,49,8,2,0.7792792792792793,0.9885714285714285,0.14035087719298245,0.5644611528822054,0.871536523929471,0.9381778741865511,"[[8, 49], [2, 173]]","{'NON_SIF_POTENTIAL': 10, 'SIF_POTENTIAL': 222}",0.49999999999999994,0.6,10,0.04310344827586207,0.9568965517241379,4,218,2
existing_only,tfidf,1.0,non_sif_1_5,"[np.int64(0), np.int64(1)]",1,0.5499999999999999,173,49,8,2,0.7792792792792793,0.9885714285714285,0.14035087719298245,0.5644611528822054,0.871536523929471,0.9381778741865511,"[[8, 49], [2, 173]]","{'NON_SIF_POTENTIAL': 10, 'SIF_POTENTIAL': 222}",0.44999999999999996,0.6499999999999999,23,0.09913793103448276,0.9008620689655172,3,206,2
existing_only,tfidf,1.0,non_sif_1_5,"[np.int64(0), np.int64(1)]",1,0.5999999999999999,172,46,11,3,0.7889908256880734,0.9828571428571429,0.19298245614035087,0.5879197994987468,0.8753180661577609,0.9368191721132898,"[[11, 46], [3, 172]]","{'NON_SIF_POTENTIAL': 14, 'SIF_POTENTIAL': 218}",0.5499999999999998,0.6499999999999999,16,0.06896551724137931,0.9310344827586207,10,206,2
existing_only,tfidf,1.0,non_sif_1_5,"[np.int64(0), np.int64(1)]",1,0.5999999999999999,172,46,11,3,0.7889908256880734,0.9828571428571429,0.19298245614035087,0.5879197994987468,0.8753180661577609,0.9368191721132898,"[[11, 46], [3, 172]]","{'NON_SIF_POTENTIAL': 14, 'SIF_POTENTIAL': 218}",0.4999999999999999,0.6999999999999998,46,0.19827586206896552,0.8017241379310345,4,182,2
existing_only,tfidf,1.0,non_sif_1_5,"[np.int64(0), np.int64(1)]",1,0.6499999999999999,167,39,18,8,0.8106796116504854,0.9542857142857143,0.3157894736842105,0.6350375939849624,0.8766404199475065,0.9216335540838854,"[[18, 39], [8, 167]]","{'NON_SIF_POTENTIAL': 26, 'SIF_POTENTIAL': 206}",0.5999999999999999,0.7,36,0.15517241379310345,0.8448275862068966,14,182,3
existing_only,tfidf,1.0,non_sif_1_5,"[np.int64(0), np.int64(1)]",1,0.6499999999999999,167,39,18,8,0.8106796116504854,0.9542857142857143,0.3157894736842105,0.6350375939849624,0.8766404199475065,0.9216335540838854,"[[18, 39], [8, 167]]","{'NON_SIF_POTENTIAL': 26, 'SIF_POTENTIAL': 206}",0.5499999999999999,0.7499999999999999,72,0.3103448275862069,0.6896551724137931,10,150,2
existing_only,tfidf,1.0,non_sif_1_5,"[np.int64(0), np.int64(1)]",1,0.7,155,27,30,20,0.8516483516483516,0.8857142857142857,0.5263157894736842,0.7060150375939849,0.8683473389355743,0.8786848072562358,"[[30, 27], [20, 155]]","{'NON_SIF_POTENTIAL': 50, 'SIF_POTENTIAL': 182}",0.6499999999999999,0.75,56,0.2413793103448276,0.7586206896551724,26,150,8
existing_only,tfidf,1.0,non_sif_1_5,"[np.int64(0), np.int64(1)]",1,0.7,155,27,30,20,0.8516483516483516,0.8857142857142857,0.5263157894736842,0.7060150375939849,0.8683473389355743,0.8786848072562358,"[[30, 27], [20, 155]]","{'NON_SIF_POTENTIAL': 50, 'SIF_POTENTIAL': 182}",0.6,0.7999999999999999,106,0.45689655172413796,0.5431034482758621,14,112,3
existing_only,tfidf,1.0,non_sif_1_5,"[np.int64(0), np.int64(1)]",1,0.7499999999999998,136,14,43,39,0.9066666666666666,0.7771428571428571,0.7543859649122807,0.765764411027569,0.8369230769230769,0.8,"[[43, 14], [39, 136]]","{'NON_SIF_POTENTIAL': 82, 'SIF_POTENTIAL': 150}",0.6999999999999997,0.7999999999999998,70,0.3017241379310345,0.6982758620689655,50,112,20
existing_only,tfidf,1.0,non_sif_1_5,"[np.int64(0), np.int64(1)]",1,0.7499999999999998,136,14,43,39,0.9066666666666666,0.7771428571428571,0.7543859649122807,0.765764411027569,0.8369230769230769,0.8,"[[43, 14], [39, 136]]","{'NON_SIF_POTENTIAL': 82, 'SIF_POTENTIAL': 150}",0.6499999999999998,0.8499999999999998,145,0.625,0.375,26,61,8
existing_only,tfidf,1.0,non_sif_1_5,"[np.int64(0), np.int64(1)]",1,0.7999999999999998,106,6,51,69,0.9464285714285714,0.6057142857142858,0.8947368421052632,0.7502255639097745,0.7386759581881533,0.6527093596059113,"[[51, 6], [69, 106]]","{'NON_SIF_POTENTIAL': 120, 'SIF_POTENTIAL': 112}",0.7499999999999998,0.8499999999999999,89,0.38362068965517243,0.6163793103448276,82,61,39
existing_only,tfidf,1.0,non_sif_1_5,"[np.int64(0), np.int64(1)]",1,0.7999999999999998,106,6,51,69,0.9464285714285714,0.6057142857142858,0.8947368421052632,0.7502255639097745,0.7386759581881533,0.6527093596059113,"[[51, 6], [69, 106]]","{'NON_SIF_POTENTIAL': 120, 'SIF_POTENTIAL': 112}",0.6999999999999998,0.8999999999999998,170,0.7327586206896551,0.2672413793103448,50,12,20
existing_only,tfidf,2.0,none,"[np.int64(0), np.int64(1)]",1,0.2,175,57,0,0,0.7543103448275862,1.0,0.0,0.5,0.85995085995086,0.9388412017167381,"[[0, 57], [0, 175]]","{'NON_SIF_POTENTIAL': 0, 'SIF_POTENTIAL': 232}",0.15000000000000002,0.25,0,0.0,1.0,0,232,0
existing_only,tfidf,2.0,none,"[np.int64(0), np.int64(1)]",1,0.2,175,57,0,0,0.7543103448275862,1.0,0.0,0.5,0.85995085995086,0.9388412017167381,"[[0, 57], [0, 175]]","{'NON_SIF_POTENTIAL': 0, 'SIF_POTENTIAL': 232}",0.1,0.30000000000000004,0,0.0,1.0,0,232,0
existing_only,tfidf,2.0,none,"[np.int64(0), np.int64(1)]",1,0.25,175,57,0,0,0.7543103448275862,1.0,0.0,0.5,0.85995085995086,0.9388412017167381,"[[0, 57], [0, 175]]","{'NON_SIF_POTENTIAL': 0, 'SIF_POTENTIAL': 232}",0.2,0.3,0,0.0,1.0,0,232,0
existing_only,tfidf,2.0,none,"[np.int64(0), np.int64(1)]",1,0.25,175,57,0,0,0.7543103448275862,1.0,0.0,0.5,0.85995085995086,0.9388412017167381,"[[0, 57], [0, 175]]","{'NON_SIF_POTENTIAL': 0, 'SIF_POTENTIAL': 232}",0.15,0.35,1,0.004310344827586207,0.9956896551724138,0,231,0
existing_only,tfidf,2.0,none,"[np.int64(0), np.int64(1)]",1,0.3,175,57,0,0,0.7543103448275862,1.0,0.0,0.5,0.85995085995086,0.9388412017167381,"[[0, 57], [0, 175]]","{'NON_SIF_POTENTIAL': 0, 'SIF_POTENTIAL': 232}",0.25,0.35,1,0.004310344827586207,0.9956896551724138,0,231,0
existing_only,tfidf,2.0,none,"[np.int64(0), np.int64(1)]",1,0.3,175,57,0,0,0.7543103448275862,1.0,0.0,0.5,0.85995085995086,0.9388412017167381,"[[0, 57], [0, 175]]","{'NON_SIF_POTENTIAL': 0, 'SIF_POTENTIAL': 232}",0.19999999999999998,0.4,1,0.004310344827586207,0.9956896551724138,0,231,0
existing_only,tfidf,2.0,none,"[np.int64(0), np.int64(1)]",1,0.35,175,56,1,0,0.7575757575757576,1.0,0.017543859649122806,0.5087719298245614,0.8620689655172413,0.9398496240601504,"[[1, 56], [0, 175]]","{'NON_SIF_POTENTIAL': 1, 'SIF_POTENTIAL': 231}",0.3,0.39999999999999997,1,0.004310344827586207,0.9956896551724138,0,231,0
existing_only,tfidf,2.0,none,"[np.int64(0), np.int64(1)]",1,0.35,175,56,1,0,0.7575757575757576,1.0,0.017543859649122806,0.5087719298245614,0.8620689655172413,0.9398496240601504,"[[1, 56], [0, 175]]","{'NON_SIF_POTENTIAL': 1, 'SIF_POTENTIAL': 231}",0.24999999999999997,0.44999999999999996,2,0.008620689655172414,0.9913793103448276,0,230,0
existing_only,tfidf,2.0,none,"[np.int64(0), np.int64(1)]",1,0.39999999999999997,175,56,1,0,0.7575757575757576,1.0,0.017543859649122806,0.5087719298245614,0.8620689655172413,0.9398496240601504,"[[1, 56], [0, 175]]","{'NON_SIF_POTENTIAL': 1, 'SIF_POTENTIAL': 231}",0.35,0.44999999999999996,1,0.004310344827586207,0.9956896551724138,1,230,0
existing_only,tfidf,2.0,none,"[np.int64(0), np.int64(1)]",1,0.39999999999999997,175,56,1,0,0.7575757575757576,1.0,0.017543859649122806,0.5087719298245614,0.8620689655172413,0.9398496240601504,"[[1, 56], [0, 175]]","{'NON_SIF_POTENTIAL': 1, 'SIF_POTENTIAL': 231}",0.29999999999999993,0.5,4,0.017241379310344827,0.9827586206896551,0,228,0
existing_only,tfidf,2.0,none,"[np.int64(0), np.int64(1)]",1,0.44999999999999996,174,56,1,1,0.7565217391304347,0.9942857142857143,0.017543859649122806,0.5059147869674185,0.8592592592592593,0.935483870967742,"[[1, 56], [1, 174]]","{'NON_SIF_POTENTIAL': 2, 'SIF_POTENTIAL': 230}",0.39999999999999997,0.49999999999999994,3,0.01293103448275862,0.9870689655172413,1,228,0
existing_only,tfidf,2.0,none,"[np.int64(0), np.int64(1)]",1,0.44999999999999996,174,56,1,1,0.7565217391304347,0.9942857142857143,0.017543859649122806,0.5059147869674185,0.8592592592592593,0.935483870967742,"[[1, 56], [1, 174]]","{'NON_SIF_POTENTIAL': 2, 'SIF_POTENTIAL': 230}",0.35,0.5499999999999999,4,0.017241379310344827,0.9827586206896551,1,227,0
existing_only,tfidf,2.0,none,"[np.int64(0), np.int64(1)]",1,0.49999999999999994,173,55,2,2,0.7587719298245614,0.9885714285714285,0.03508771929824561,0.5118295739348371,0.858560794044665,0.9321120689655173,"[[2, 55], [2, 173]]","{'NON_SIF_POTENTIAL': 4, 'SIF_POTENTIAL': 228}",0.44999999999999996,0.5499999999999999,3,0.01293103448275862,0.9870689655172413,2,227,1
existing_only,tfidf,2.0,none,"[np.int64(0), np.int64(1)]",1,0.49999999999999994,173,55,2,2,0.7587719298245614,0.9885714285714285,0.03508771929824561,0.5118295739348371,0.858560794044665,0.9321120689655173,"[[2, 55], [2, 173]]","{'NON_SIF_POTENTIAL': 4, 'SIF_POTENTIAL': 228}",0.3999999999999999,0.6,9,0.03879310344827586,0.9612068965517241,1,222,0
existing_only,tfidf,2.0,none,"[np.int64(0), np.int64(1)]",1,0.5499999999999999,173,54,3,2,0.762114537444934,0.9885714285714285,0.05263157894736842,0.5206015037593985,0.8606965174129353,0.9331175836030204,"[[3, 54], [2, 173]]","{'NON_SIF_POTENTIAL': 5, 'SIF_POTENTIAL': 227}",0.49999999999999994,0.6,6,0.02586206896551724,0.9741379310344828,4,222,2
existing_only,tfidf,2.0,none,"[np.int64(0), np.int64(1)]",1,0.5499999999999999,173,54,3,2,0.762114537444934,0.9885714285714285,0.05263157894736842,0.5206015037593985,0.8606965174129353,0.9331175836030204,"[[3, 54], [2, 173]]","{'NON_SIF_POTENTIAL': 5, 'SIF_POTENTIAL': 227}",0.44999999999999996,0.6499999999999999,12,0.05172413793103448,0.9482758620689655,2,218,1
existing_only,tfidf,2.0,none,"[np.int64(0), np.int64(1)]",1,0.5999999999999999,173,49,8,2,0.7792792792792793,0.9885714285714285,0.14035087719298245,0.5644611528822054,0.871536523929471,0.9381778741865511,"[[8, 49], [2, 173]]","{'NON_SIF_POTENTIAL': 10, 'SIF_POTENTIAL': 222}",0.5499999999999998,0.6499999999999999,9,0.03879310344827586,0.9612068965517241,5,218,2
existing_only,tfidf,2.0,none,"[np.int64(0), np.int64(1)]",1,0.5999999999999999,173,49,8,2,0.7792792792792793,0.9885714285714285,0.14035087719298245,0.5644611528822054,0.871536523929471,0.9381778741865511,"[[8, 49], [2, 173]]","{'NON_SIF_POTENTIAL': 10, 'SIF_POTENTIAL': 222}",0.4999999999999999,0.6999999999999998,24,0.10344827586206896,0.896551724137931,4,204,2
existing_only,tfidf,2.0,none,"[np.int64(0), np.int64(1)]",1,0.6499999999999999,172,46,11,3,0.7889908256880734,0.9828571428571429,0.19298245614035087,0.5879197994987468,0.8753180661577609,0.9368191721132898,"[[11, 46], [3, 172]]","{'NON_SIF_POTENTIAL': 14, 'SIF_POTENTIAL': 218}",0.5999999999999999,0.7,18,0.07758620689655173,0.9224137931034483,10,204,2
existing_only,tfidf,2.0,none,"[np.int64(0), np.int64(1)]",1,0.6499999999999999,172,46,11,3,0.7889908256880734,0.9828571428571429,0.19298245614035087,0.5879197994987468,0.8753180661577609,0.9368191721132898,"[[11, 46], [3, 172]]","{'NON_SIF_POTENTIAL': 14, 'SIF_POTENTIAL': 218}",0.5499999999999999,0.7499999999999999,40,0.1724137931034483,0.8275862068965517,5,187,2
existing_only,tfidf,2.0,none,"[np.int64(0), np.int64(1)]",1,0.7,166,38,19,9,0.8137254901960784,0.9485714285714286,0.3333333333333333,0.6409523809523809,0.8759894459102903,0.918141592920354,"[[19, 38], [9, 166]]","{'NON_SIF_POTENTIAL': 28, 'SIF_POTENTIAL': 204}",0.6499999999999999,0.75,31,0.1336206896551724,0.8663793103448276,14,187,3
existing_only,tfidf,2.0,none,"[np.int64(0), np.int64(1)]",1,0.7,166,38,19,9,0.8137254901960784,0.9485714285714286,0.3333333333333333,0.6409523809523809,0.8759894459102903,0.918141592920354,"[[19, 38], [9, 166]]","{'NON_SIF_POTENTIAL': 28, 'SIF_POTENTIAL': 204}",0.6,0.7999999999999999,68,0.29310344827586204,0.7068965517241379,10,154,2
existing_only,tfidf,2.0,none,"[np.int64(0), np.int64(1)]",1,0.7499999999999998,155,32,25,20,0.8288770053475936,0.8857142857142857,0.43859649122807015,0.6621553884711779,0.856353591160221,0.8737316798196169,"[[25, 32], [20, 155]]","{'NON_SIF_POTENTIAL': 45, 'SIF_POTENTIAL': 187}",0.6999999999999997,0.7999999999999998,50,0.21551724137931033,0.7844827586206896,28,154,9
existing_only,tfidf,2.0,none,"[np.int64(0), np.int64(1)]",1,0.7499999999999998,155,32,25,20,0.8288770053475936,0.8857142857142857,0.43859649122807015,0.6621553884711779,0.856353591160221,0.8737316798196169,"[[25, 32], [20, 155]]","{'NON_SIF_POTENTIAL': 45, 'SIF_POTENTIAL': 187}",0.6499999999999998,0.8499999999999998,98,0.4224137931034483,0.5775862068965517,14,120,3
existing_only,tfidf,2.0,none,"[np.int64(0), np.int64(1)]",1,0.7999999999999998,138,16,41,37,0.8961038961038961,0.7885714285714286,0.7192982456140351,0.7539348370927319,0.8389057750759878,0.8079625292740047,"[[41, 16], [37, 138]]","{'NON_SIF_POTENTIAL': 78, 'SIF_POTENTIAL': 154}",0.7499999999999998,0.8499999999999999,67,0.28879310344827586,0.7112068965517241,45,120,20
existing_only,tfidf,2.0,none,"[np.int64(0), np.int64(1)]",1,0.7999999999999998,138,16,41,37,0.8961038961038961,0.7885714285714286,0.7192982456140351,0.7539348370927319,0.8389057750759878,0.8079625292740047,"[[41, 16], [37, 138]]","{'NON_SIF_POTENTIAL': 78, 'SIF_POTENTIAL': 154}",0.6999999999999998,0.8999999999999998,140,0.603448275862069,0.39655172413793105,28,64,9
existing_only,tfidf,2.0,balanced,"[np.int64(0), np.int64(1)]",1,0.2,175,56,1,0,0.7575757575757576,1.0,0.017543859649122806,0.5087719298245614,0.8620689655172413,0.9398496240601504,"[[1, 56], [0, 175]]","{'NON_SIF_POTENTIAL': 1, 'SIF_POTENTIAL': 231}",0.15000000000000002,0.25,2,0.008620689655172414,0.9913793103448276,1,229,0
existing_only,tfidf,2.0,balanced,"[np.int64(0), np.int64(1)]",1,0.2,175,56,1,0,0.7575757575757576,1.0,0.017543859649122806,0.5087719298245614,0.8620689655172413,0.9398496240601504,"[[1, 56], [0, 175]]","{'NON_SIF_POTENTIAL': 1, 'SIF_POTENTIAL': 231}",0.1,0.30000000000000004,6,0.02586206896551724,0.9741379310344828,0,226,0
existing_only,tfidf,2.0,balanced,"[np.int64(0), np.int64(1)]",1,0.25,173,56,1,2,0.7554585152838428,0.9885714285714285,0.017543859649122806,0.5030576441102756,0.8564356435643564,0.9311087190527447,"[[1, 56], [2, 173]]","{'NON_SIF_POTENTIAL': 3, 'SIF_POTENTIAL': 229}",0.2,0.3,5,0.021551724137931036,0.978448275862069,1,226,0
existing_only,tfidf,2.0,balanced,"[np.int64(0), np.int64(1)]",1,0.25,173,56,1,2,0.7554585152838428,0.9885714285714285,0.017543859649122806,0.5030576441102756,0.8564356435643564,0.9311087190527447,"[[1, 56], [2, 173]]","{'NON_SIF_POTENTIAL': 3, 'SIF_POTENTIAL': 229}",0.15,0.35,9,0.03879310344827586,0.9612068965517241,1,222,0
existing_only,tfidf,2.0,balanced,"[np.int64(0), np.int64(1)]",1,0.3,173,53,4,2,0.7654867256637168,0.9885714285714285,0.07017543859649122,0.5293734335839599,0.8628428927680798,0.9341252699784017,"[[4, 53], [2, 173]]","{'NON_SIF_POTENTIAL': 6, 'SIF_POTENTIAL': 226}",0.25,0.35,7,0.03017241379310345,0.9698275862068966,3,222,2
existing_only,tfidf,2.0,balanced,"[np.int64(0), np.int64(1)]",1,0.3,173,53,4,2,0.7654867256637168,0.9885714285714285,0.07017543859649122,0.5293734335839599,0.8628428927680798,0.9341252699784017,"[[4, 53], [2, 173]]","{'NON_SIF_POTENTIAL': 6, 'SIF_POTENTIAL': 226}",0.19999999999999998,0.4,11,0.04741379310344827,0.9525862068965517,1,220,0
existing_only,tfidf,2.0,balanced,"[np.int64(0), np.int64(1)]",1,0.35,173,49,8,2,0.7792792792792793,0.9885714285714285,0.14035087719298245,0.5644611528822054,0.871536523929471,0.9381778741865511,"[[8, 49], [2, 173]]","{'NON_SIF_POTENTIAL': 10, 'SIF_POTENTIAL': 222}",0.3,0.39999999999999997,6,0.02586206896551724,0.9741379310344828,6,220,2
existing_only,tfidf,2.0,balanced,"[np.int64(0), np.int64(1)]",1,0.35,173,49,8,2,0.7792792792792793,0.9885714285714285,0.14035087719298245,0.5644611528822054,0.871536523929471,0.9381778741865511,"[[8, 49], [2, 173]]","{'NON_SIF_POTENTIAL': 10, 'SIF_POTENTIAL': 222}",0.24999999999999997,0.44999999999999996,17,0.07327586206896551,0.9267241379310345,3,212,2
existing_only,tfidf,2.0,balanced,"[np.int64(0), np.int64(1)]",1,0.39999999999999997,173,47,10,2,0.7863636363636364,0.9885714285714285,0.17543859649122806,0.5820050125313283,0.8759493670886076,0.9402173913043478,"[[10, 47], [2, 173]]","{'NON_SIF_POTENTIAL': 12, 'SIF_POTENTIAL': 220}",0.35,0.44999999999999996,10,0.04310344827586207,0.9568965517241379,10,212,2
existing_only,tfidf,2.0,balanced,"[np.int64(0), np.int64(1)]",1,0.39999999999999997,173,47,10,2,0.7863636363636364,0.9885714285714285,0.17543859649122806,0.5820050125313283,0.8759493670886076,0.9402173913043478,"[[10, 47], [2, 173]]","{'NON_SIF_POTENTIAL': 12, 'SIF_POTENTIAL': 220}",0.29999999999999993,0.5,23,0.09913793103448276,0.9008620689655172,6,203,2
existing_only,tfidf,2.0,balanced,"[np.int64(0), np.int64(1)]",1,0.44999999999999996,170,42,15,5,0.8018867924528302,0.9714285714285714,0.2631578947368421,0.6172932330827068,0.8785529715762274,0.9320175438596493,"[[15, 42], [5, 170]]","{'NON_SIF_POTENTIAL': 20, 'SIF_POTENTIAL': 212}",0.39999999999999997,0.49999999999999994,17,0.07327586206896551,0.9267241379310345,12,203,2
existing_only,tfidf,2.0,balanced,"[np.int64(0), np.int64(1)]",1,0.44999999999999996,170,42,15,5,0.8018867924528302,0.9714285714285714,0.2631578947368421,0.6172932330827068,0.8785529715762274,0.9320175438596493,"[[15, 42], [5, 170]]","{'NON_SIF_POTENTIAL': 20, 'SIF_POTENTIAL': 212}",0.35,0.5499999999999999,35,0.15086206896551724,0.8491379310344828,10,187,2
existing_only,tfidf,2.0,balanced,"[np.int64(0), np.int64(1)]",1,0.49999999999999994,165,38,19,10,0.812807881773399,0.9428571428571428,0.3333333333333333,0.638095238095238,0.873015873015873,0.9136212624584716,"[[19, 38], [10, 165]]","{'NON_SIF_POTENTIAL': 29, 'SIF_POTENTIAL': 203}",0.44999999999999996,0.5499999999999999,25,0.10775862068965517,0.8922413793103449,20,187,5
existing_only,tfidf,2.0,balanced,"[np.int64(0), np.int64(1)]",1,0.49999999999999994,165,38,19,10,0.812807881773399,0.9428571428571428,0.3333333333333333,0.638095238095238,0.873015873015873,0.9136212624584716,"[[19, 38], [10, 165]]","{'NON_SIF_POTENTIAL': 29, 'SIF_POTENTIAL': 203}",0.3999999999999999,0.6,52,0.22413793103448276,0.7758620689655172,12,168,2
existing_only,tfidf,2.0,balanced,"[np.int64(0), np.int64(1)]",1,0.5499999999999999,155,32,25,20,0.8288770053475936,0.8857142857142857,0.43859649122807015,0.6621553884711779,0.856353591160221,0.8737316798196169,"[[25, 32], [20, 155]]","{'NON_SIF_POTENTIAL': 45, 'SIF_POTENTIAL': 187}",0.49999999999999994,0.6,35,0.15086206896551724,0.8491379310344828,29,168,10
existing_only,tfidf,2.0,balanced,"[np.int64(0), np.int64(1)]",1,0.5499999999999999,155,32,25,20,0.8288770053475936,0.8857142857142857,0.43859649122807015,0.6621553884711779,0.856353591160221,0.8737316798196169,"[[25, 32], [20, 155]]","{'NON_SIF_POTENTIAL': 45, 'SIF_POTENTIAL': 187}",0.44999999999999996,0.6499999999999999,63,0.27155172413793105,0.728448275862069,20,149,5
existing_only,tfidf,2.0,balanced,"[np.int64(0), np.int64(1)]",1,0.5999999999999999,147,21,36,28,0.875,0.84,0.631578947368421,0.7357894736842105,0.8571428571428571,0.8467741935483871,"[[36, 21], [28, 147]]","{'NON_SIF_POTENTIAL': 64, 'SIF_POTENTIAL': 168}",0.5499999999999998,0.6499999999999999,38,0.16379310344827586,0.8362068965517241,45,149,20
existing_only,tfidf,2.0,balanced,"[np.int64(0), np.int64(1)]",1,0.5999999999999999,147,21,36,28,0.875,0.84,0.631578947368421,0.7357894736842105,0.8571428571428571,0.8467741935483871,"[[36, 21], [28, 147]]","{'NON_SIF_POTENTIAL': 64, 'SIF_POTENTIAL': 168}",0.4999999999999999,0.6999999999999998,74,0.31896551724137934,0.6810344827586207,29,129,10
existing_only,tfidf,2.0,balanced,"[np.int64(0), np.int64(1)]",1,0.6499999999999999,136,13,44,39,0.912751677852349,0.7771428571428571,0.7719298245614035,0.7745363408521303,0.8395061728395061,0.8009422850412248,"[[44, 13], [39, 136]]","{'NON_SIF_POTENTIAL': 83, 'SIF_POTENTIAL': 149}",0.5999999999999999,0.7,39,0.16810344827586207,0.8318965517241379,64,129,28
existing_only,tfidf,2.0,balanced,"[np.int64(0), np.int64(1)]",1,0.6499999999999999,136,13,44,39,0.912751677852349,0.7771428571428571,0.7719298245614035,0.7745363408521303,0.8395061728395061,0.8009422850412248,"[[44, 13], [39, 136]]","{'NON_SIF_POTENTIAL': 83, 'SIF_POTENTIAL': 149}",0.5499999999999999,0.7499999999999999,87,0.375,0.625,45,100,20
existing_only,tfidf,2.0,balanced,"[np.int64(0), np.int64(1)]",1,0.7,121,8,49,54,0.937984496124031,0.6914285714285714,0.8596491228070176,0.7755388471177944,0.7960526315789473,0.729794933655006,"[[49, 8], [54, 121]]","{'NON_SIF_POTENTIAL': 103, 'SIF_POTENTIAL': 129}",0.6499999999999999,0.75,49,0.21120689655172414,0.7887931034482759,83,100,39
existing_only,tfidf,2.0,balanced,"[np.int64(0), np.int64(1)]",1,0.7,121,8,49,54,0.937984496124031,0.6914285714285714,0.8596491228070176,0.7755388471177944,0.7960526315789473,0.729794933655006,"[[49, 8], [54, 121]]","{'NON_SIF_POTENTIAL': 103, 'SIF_POTENTIAL': 129}",0.6,0.7999999999999999,103,0.44396551724137934,0.5560344827586207,64,65,28
existing_only,tfidf,2.0,balanced,"[np.int64(0), np.int64(1)]",1,0.7499999999999998,97,3,54,78,0.97,0.5542857142857143,0.9473684210526315,0.7508270676691728,0.7054545454545454,0.60625,"[[54, 3], [78, 97]]","{'NON_SIF_POTENTIAL': 132, 'SIF_POTENTIAL': 100}",0.6999999999999997,0.7999999999999998,64,0.27586206896551724,0.7241379310344828,103,65,54
existing_only,tfidf,2.0,balanced,"[np.int64(0), np.int64(1)]",1,0.7499999999999998,97,3,54,78,0.97,0.5542857142857143,0.9473684210526315,0.7508270676691728,0.7054545454545454,0.60625,"[[54, 3], [78, 97]]","{'NON_SIF_POTENTIAL': 132, 'SIF_POTENTIAL': 100}",0.6499999999999998,0.8499999999999998,111,0.47844827586206895,0.521551724137931,83,38,39
existing_only,tfidf,2.0,balanced,"[np.int64(0), np.int64(1)]",1,0.7999999999999998,64,1,56,111,0.9846153846153847,0.3657142857142857,0.9824561403508771,0.6740852130325814,0.5333333333333333,0.4183006535947712,"[[56, 1], [111, 64]]","{'NON_SIF_POTENTIAL': 167, 'SIF_POTENTIAL': 65}",0.7499999999999998,0.8499999999999999,62,0.2672413793103448,0.7327586206896551,132,38,78
existing_only,tfidf,2.0,balanced,"[np.int64(0), np.int64(1)]",1,0.7999999999999998,64,1,56,111,0.9846153846153847,0.3657142857142857,0.9824561403508771,0.6740852130325814,0.5333333333333333,0.4183006535947712,"[[56, 1], [111, 64]]","{'NON_SIF_POTENTIAL': 167, 'SIF_POTENTIAL': 65}",0.6999999999999998,0.8999999999999998,120,0.5172413793103449,0.4827586206896552,103,9,54
existing_only,tfidf,2.0,non_sif_1_5,"[np.int64(0), np.int64(1)]",1,0.2,175,57,0,0,0.7543103448275862,1.0,0.0,0.5,0.85995085995086,0.9388412017167381,"[[0, 57], [0, 175]]","{'NON_SIF_POTENTIAL': 0, 'SIF_POTENTIAL': 232}",0.15000000000000002,0.25,1,0.004310344827586207,0.9956896551724138,0,231,0
existing_only,tfidf,2.0,non_sif_1_5,"[np.int64(0), np.int64(1)]",1,0.2,175,57,0,0,0.7543103448275862,1.0,0.0,0.5,0.85995085995086,0.9388412017167381,"[[0, 57], [0, 175]]","{'NON_SIF_POTENTIAL': 0, 'SIF_POTENTIAL': 232}",0.1,0.30000000000000004,1,0.004310344827586207,0.9956896551724138,0,231,0
existing_only,tfidf,2.0,non_sif_1_5,"[np.int64(0), np.int64(1)]",1,0.25,175,56,1,0,0.7575757575757576,1.0,0.017543859649122806,0.5087719298245614,0.8620689655172413,0.9398496240601504,"[[1, 56], [0, 175]]","{'NON_SIF_POTENTIAL': 1, 'SIF_POTENTIAL': 231}",0.2,0.3,1,0.004310344827586207,0.9956896551724138,0,231,0
existing_only,tfidf,2.0,non_sif_1_5,"[np.int64(0), np.int64(1)]",1,0.25,175,56,1,0,0.7575757575757576,1.0,0.017543859649122806,0.5087719298245614,0.8620689655172413,0.9398496240601504,"[[1, 56], [0, 175]]","{'NON_SIF_POTENTIAL': 1, 'SIF_POTENTIAL': 231}",0.15,0.35,1,0.004310344827586207,0.9956896551724138,0,231,0
existing_only,tfidf,2.0,non_sif_1_5,"[np.int64(0), np.int64(1)]",1,0.3,175,56,1,0,0.7575757575757576,1.0,0.017543859649122806,0.5087719298245614,0.8620689655172413,0.9398496240601504,"[[1, 56], [0, 175]]","{'NON_SIF_POTENTIAL': 1, 'SIF_POTENTIAL': 231}",0.25,0.35,0,0.0,1.0,1,231,0
existing_only,tfidf,2.0,non_sif_1_5,"[np.int64(0), np.int64(1)]",1,0.3,175,56,1,0,0.7575757575757576,1.0,0.017543859649122806,0.5087719298245614,0.8620689655172413,0.9398496240601504,"[[1, 56], [0, 175]]","{'NON_SIF_POTENTIAL': 1, 'SIF_POTENTIAL': 231}",0.19999999999999998,0.4,3,0.01293103448275862,0.9870689655172413,0,229,0
existing_only,tfidf,2.0,non_sif_1_5,"[np.int64(0), np.int64(1)]",1,0.35,175,56,1,0,0.7575757575757576,1.0,0.017543859649122806,0.5087719298245614,0.8620689655172413,0.9398496240601504,"[[1, 56], [0, 175]]","{'NON_SIF_POTENTIAL': 1, 'SIF_POTENTIAL': 231}",0.3,0.39999999999999997,2,0.008620689655172414,0.9913793103448276,1,229,0
existing_only,tfidf,2.0,non_sif_1_5,"[np.int64(0), np.int64(1)]",1,0.35,175,56,1,0,0.7575757575757576,1.0,0.017543859649122806,0.5087719298245614,0.8620689655172413,0.9398496240601504,"[[1, 56], [0, 175]]","{'NON_SIF_POTENTIAL': 1, 'SIF_POTENTIAL': 231}",0.24999999999999997,0.44999999999999996,4,0.017241379310344827,0.9827586206896551,1,227,0
existing_only,tfidf,2.0,non_sif_1_5,"[np.int64(0), np.int64(1)]",1,0.39999999999999997,173,56,1,2,0.7554585152838428,0.9885714285714285,0.017543859649122806,0.5030576441102756,0.8564356435643564,0.9311087190527447,"[[1, 56], [2, 173]]","{'NON_SIF_POTENTIAL': 3, 'SIF_POTENTIAL': 229}",0.35,0.44999999999999996,4,0.017241379310344827,0.9827586206896551,1,227,0
existing_only,tfidf,2.0,non_sif_1_5,"[np.int64(0), np.int64(1)]",1,0.39999999999999997,173,56,1,2,0.7554585152838428,0.9885714285714285,0.017543859649122806,0.5030576441102756,0.8564356435643564,0.9311087190527447,"[[1, 56], [2, 173]]","{'NON_SIF_POTENTIAL': 3, 'SIF_POTENTIAL': 229}",0.29999999999999993,0.5,9,0.03879310344827586,0.9612068965517241,1,222,0
existing_only,tfidf,2.0,non_sif_1_5,"[np.int64(0), np.int64(1)]",1,0.44999999999999996,173,54,3,2,0.762114537444934,0.9885714285714285,0.05263157894736842,0.5206015037593985,0.8606965174129353,0.9331175836030204,"[[3, 54], [2, 173]]","{'NON_SIF_POTENTIAL': 5, 'SIF_POTENTIAL': 227}",0.39999999999999997,0.49999999999999994,7,0.03017241379310345,0.9698275862068966,3,222,2
existing_only,tfidf,2.0,non_sif_1_5,"[np.int64(0), np.int64(1)]",1,0.44999999999999996,173,54,3,2,0.762114537444934,0.9885714285714285,0.05263157894736842,0.5206015037593985,0.8606965174129353,0.9331175836030204,"[[3, 54], [2, 173]]","{'NON_SIF_POTENTIAL': 5, 'SIF_POTENTIAL': 227}",0.35,0.5499999999999999,11,0.04741379310344827,0.9525862068965517,1,220,0
existing_only,tfidf,2.0,non_sif_1_5,"[np.int64(0), np.int64(1)]",1,0.49999999999999994,173,49,8,2,0.7792792792792793,0.9885714285714285,0.14035087719298245,0.5644611528822054,0.871536523929471,0.9381778741865511,"[[8, 49], [2, 173]]","{'NON_SIF_POTENTIAL': 10, 'SIF_POTENTIAL': 222}",0.44999999999999996,0.5499999999999999,7,0.03017241379310345,0.9698275862068966,5,220,2
existing_only,tfidf,2.0,non_sif_1_5,"[np.int64(0), np.int64(1)]",1,0.49999999999999994,173,49,8,2,0.7792792792792793,0.9885714285714285,0.14035087719298245,0.5644611528822054,0.871536523929471,0.9381778741865511,"[[8, 49], [2, 173]]","{'NON_SIF_POTENTIAL': 10, 'SIF_POTENTIAL': 222}",0.3999999999999999,0.6,14,0.0603448275862069,0.9396551724137931,3,215,2
existing_only,tfidf,2.0,non_sif_1_5,"[np.int64(0), np.int64(1)]",1,0.5499999999999999,173,47,10,2,0.7863636363636364,0.9885714285714285,0.17543859649122806,0.5820050125313283,0.8759493670886076,0.9402173913043478,"[[10, 47], [2, 173]]","{'NON_SIF_POTENTIAL': 12, 'SIF_POTENTIAL': 220}",0.49999999999999994,0.6,7,0.03017241379310345,0.9698275862068966,10,215,2
existing_only,tfidf,2.0,non_sif_1_5,"[np.int64(0), np.int64(1)]",1,0.5499999999999999,173,47,10,2,0.7863636363636364,0.9885714285714285,0.17543859649122806,0.5820050125313283,0.8759493670886076,0.9402173913043478,"[[10, 47], [2, 173]]","{'NON_SIF_POTENTIAL': 12, 'SIF_POTENTIAL': 220}",0.44999999999999996,0.6499999999999999,24,0.10344827586206896,0.896551724137931,5,203,2
existing_only,tfidf,2.0,non_sif_1_5,"[np.int64(0), np.int64(1)]",1,0.5999999999999999,170,45,12,5,0.7906976744186046,0.9714285714285714,0.21052631578947367,0.5909774436090225,0.8717948717948718,0.9289617486338798,"[[12, 45], [5, 170]]","{'NON_SIF_POTENTIAL': 17, 'SIF_POTENTIAL': 215}",0.5499999999999998,0.6499999999999999,17,0.07327586206896551,0.9267241379310345,12,203,2
existing_only,tfidf,2.0,non_sif_1_5,"[np.int64(0), np.int64(1)]",1,0.5999999999999999,170,45,12,5,0.7906976744186046,0.9714285714285714,0.21052631578947367,0.5909774436090225,0.8717948717948718,0.9289617486338798,"[[12, 45], [5, 170]]","{'NON_SIF_POTENTIAL': 17, 'SIF_POTENTIAL': 215}",0.4999999999999999,0.6999999999999998,38,0.16379310344827586,0.8362068965517241,10,184,2
existing_only,tfidf,2.0,non_sif_1_5,"[np.int64(0), np.int64(1)]",1,0.6499999999999999,165,38,19,10,0.812807881773399,0.9428571428571428,0.3333333333333333,0.638095238095238,0.873015873015873,0.9136212624584716,"[[19, 38], [10, 165]]","{'NON_SIF_POTENTIAL': 29, 'SIF_POTENTIAL': 203}",0.5999999999999999,0.7,31,0.1336206896551724,0.8663793103448276,17,184,5
existing_only,tfidf,2.0,non_sif_1_5,"[np.int64(0), np.int64(1)]",1,0.6499999999999999,165,38,19,10,0.812807881773399,0.9428571428571428,0.3333333333333333,0.638095238095238,0.873015873015873,0.9136212624584716,"[[19, 38], [10, 165]]","{'NON_SIF_POTENTIAL': 29, 'SIF_POTENTIAL': 203}",0.5499999999999999,0.7499999999999999,55,0.23706896551724138,0.7629310344827587,12,165,2
existing_only,tfidf,2.0,non_sif_1_5,"[np.int64(0), np.int64(1)]",1,0.7,154,30,27,21,0.8369565217391305,0.88,0.47368421052631576,0.6768421052631579,0.8579387186629527,0.8710407239819004,"[[27, 30], [21, 154]]","{'NON_SIF_POTENTIAL': 48, 'SIF_POTENTIAL': 184}",0.6499999999999999,0.75,38,0.16379310344827586,0.8362068965517241,29,165,10
existing_only,tfidf,2.0,non_sif_1_5,"[np.int64(0), np.int64(1)]",1,0.7,154,30,27,21,0.8369565217391305,0.88,0.47368421052631576,0.6768421052631579,0.8579387186629527,0.8710407239819004,"[[27, 30], [21, 154]]","{'NON_SIF_POTENTIAL': 48, 'SIF_POTENTIAL': 184}",0.6,0.7999999999999999,81,0.34913793103448276,0.6508620689655172,17,134,5
existing_only,tfidf,2.0,non_sif_1_5,"[np.int64(0), np.int64(1)]",1,0.7499999999999998,145,20,37,30,0.8787878787878788,0.8285714285714286,0.6491228070175439,0.7388471177944862,0.8529411764705882,0.838150289017341,"[[37, 20], [30, 145]]","{'NON_SIF_POTENTIAL': 67, 'SIF_POTENTIAL': 165}",0.6999999999999997,0.7999999999999998,50,0.21551724137931033,0.7844827586206896,48,134,21
existing_only,tfidf,2.0,non_sif_1_5,"[np.int64(0), np.int64(1)]",1,0.7499999999999998,145,20,37,30,0.8787878787878788,0.8285714285714286,0.6491228070175439,0.7388471177944862,0.8529411764705882,0.838150289017341,"[[37, 20], [30, 145]]","{'NON_SIF_POTENTIAL': 67, 'SIF_POTENTIAL': 165}",0.6499999999999998,0.8499999999999998,104,0.4482758620689655,0.5517241379310345,29,99,10
existing_only,tfidf,2.0,non_sif_1_5,"[np.int64(0), np.int64(1)]",1,0.7999999999999998,125,9,48,50,0.9328358208955224,0.7142857142857143,0.8421052631578947,0.7781954887218046,0.8090614886731392,0.7494004796163071,"[[48, 9], [50, 125]]","{'NON_SIF_POTENTIAL': 98, 'SIF_POTENTIAL': 134}",0.7499999999999998,0.8499999999999999,66,0.28448275862068967,0.7155172413793104,67,99,30
existing_only,tfidf,2.0,non_sif_1_5,"[np.int64(0), np.int64(1)]",1,0.7999999999999998,125,9,48,50,0.9328358208955224,0.7142857142857143,0.8421052631578947,0.7781954887218046,0.8090614886731392,0.7494004796163071,"[[48, 9], [50, 125]]","{'NON_SIF_POTENTIAL': 98, 'SIF_POTENTIAL': 134}",0.6999999999999998,0.8999999999999998,134,0.5775862068965517,0.4224137931034483,48,50,21
through_annotation_batch_02,tfidf,0.5,none,"[np.int64(0), np.int64(1)]",1,0.2,175,57,0,0,0.7543103448275862,1.0,0.0,0.5,0.85995085995086,0.9388412017167381,"[[0, 57], [0, 175]]","{'NON_SIF_POTENTIAL': 0, 'SIF_POTENTIAL': 232}",0.15000000000000002,0.25,0,0.0,1.0,0,232,0
through_annotation_batch_02,tfidf,0.5,none,"[np.int64(0), np.int64(1)]",1,0.2,175,57,0,0,0.7543103448275862,1.0,0.0,0.5,0.85995085995086,0.9388412017167381,"[[0, 57], [0, 175]]","{'NON_SIF_POTENTIAL': 0, 'SIF_POTENTIAL': 232}",0.1,0.30000000000000004,0,0.0,1.0,0,232,0
through_annotation_batch_02,tfidf,0.5,none,"[np.int64(0), np.int64(1)]",1,0.25,175,57,0,0,0.7543103448275862,1.0,0.0,0.5,0.85995085995086,0.9388412017167381,"[[0, 57], [0, 175]]","{'NON_SIF_POTENTIAL': 0, 'SIF_POTENTIAL': 232}",0.2,0.3,0,0.0,1.0,0,232,0
through_annotation_batch_02,tfidf,0.5,none,"[np.int64(0), np.int64(1)]",1,0.25,175,57,0,0,0.7543103448275862,1.0,0.0,0.5,0.85995085995086,0.9388412017167381,"[[0, 57], [0, 175]]","{'NON_SIF_POTENTIAL': 0, 'SIF_POTENTIAL': 232}",0.15,0.35,0,0.0,1.0,0,232,0
through_annotation_batch_02,tfidf,0.5,none,"[np.int64(0), np.int64(1)]",1,0.3,175,57,0,0,0.7543103448275862,1.0,0.0,0.5,0.85995085995086,0.9388412017167381,"[[0, 57], [0, 175]]","{'NON_SIF_POTENTIAL': 0, 'SIF_POTENTIAL': 232}",0.25,0.35,0,0.0,1.0,0,232,0
through_annotation_batch_02,tfidf,0.5,none,"[np.int64(0), np.int64(1)]",1,0.3,175,57,0,0,0.7543103448275862,1.0,0.0,0.5,0.85995085995086,0.9388412017167381,"[[0, 57], [0, 175]]","{'NON_SIF_POTENTIAL': 0, 'SIF_POTENTIAL': 232}",0.19999999999999998,0.4,0,0.0,1.0,0,232,0
through_annotation_batch_02,tfidf,0.5,none,"[np.int64(0), np.int64(1)]",1,0.35,175,57,0,0,0.7543103448275862,1.0,0.0,0.5,0.85995085995086,0.9388412017167381,"[[0, 57], [0, 175]]","{'NON_SIF_POTENTIAL': 0, 'SIF_POTENTIAL': 232}",0.3,0.39999999999999997,0,0.0,1.0,0,232,0
through_annotation_batch_02,tfidf,0.5,none,"[np.int64(0), np.int64(1)]",1,0.35,175,57,0,0,0.7543103448275862,1.0,0.0,0.5,0.85995085995086,0.9388412017167381,"[[0, 57], [0, 175]]","{'NON_SIF_POTENTIAL': 0, 'SIF_POTENTIAL': 232}",0.24999999999999997,0.44999999999999996,0,0.0,1.0,0,232,0
through_annotation_batch_02,tfidf,0.5,none,"[np.int64(0), np.int64(1)]",1,0.39999999999999997,175,57,0,0,0.7543103448275862,1.0,0.0,0.5,0.85995085995086,0.9388412017167381,"[[0, 57], [0, 175]]","{'NON_SIF_POTENTIAL': 0, 'SIF_POTENTIAL': 232}",0.35,0.44999999999999996,0,0.0,1.0,0,232,0
through_annotation_batch_02,tfidf,0.5,none,"[np.int64(0), np.int64(1)]",1,0.39999999999999997,175,57,0,0,0.7543103448275862,1.0,0.0,0.5,0.85995085995086,0.9388412017167381,"[[0, 57], [0, 175]]","{'NON_SIF_POTENTIAL': 0, 'SIF_POTENTIAL': 232}",0.29999999999999993,0.5,3,0.01293103448275862,0.9870689655172413,0,229,0
through_annotation_batch_02,tfidf,0.5,none,"[np.int64(0), np.int64(1)]",1,0.44999999999999996,175,57,0,0,0.7543103448275862,1.0,0.0,0.5,0.85995085995086,0.9388412017167381,"[[0, 57], [0, 175]]","{'NON_SIF_POTENTIAL': 0, 'SIF_POTENTIAL': 232}",0.39999999999999997,0.49999999999999994,3,0.01293103448275862,0.9870689655172413,0,229,0
through_annotation_batch_02,tfidf,0.5,none,"[np.int64(0), np.int64(1)]",1,0.44999999999999996,175,57,0,0,0.7543103448275862,1.0,0.0,0.5,0.85995085995086,0.9388412017167381,"[[0, 57], [0, 175]]","{'NON_SIF_POTENTIAL': 0, 'SIF_POTENTIAL': 232}",0.35,0.5499999999999999,4,0.017241379310344827,0.9827586206896551,0,228,0
through_annotation_batch_02,tfidf,0.5,none,"[np.int64(0), np.int64(1)]",1,0.49999999999999994,175,54,3,0,0.7641921397379913,1.0,0.05263157894736842,0.5263157894736842,0.8663366336633663,0.9418729817007534,"[[3, 54], [0, 175]]","{'NON_SIF_POTENTIAL': 3, 'SIF_POTENTIAL': 229}",0.44999999999999996,0.5499999999999999,4,0.017241379310344827,0.9827586206896551,0,228,0
through_annotation_batch_02,tfidf,0.5,none,"[np.int64(0), np.int64(1)]",1,0.49999999999999994,175,54,3,0,0.7641921397379913,1.0,0.05263157894736842,0.5263157894736842,0.8663366336633663,0.9418729817007534,"[[3, 54], [0, 175]]","{'NON_SIF_POTENTIAL': 3, 'SIF_POTENTIAL': 229}",0.3999999999999999,0.6,5,0.021551724137931036,0.978448275862069,0,227,0
through_annotation_batch_02,tfidf,0.5,none,"[np.int64(0), np.int64(1)]",1,0.5499999999999999,175,53,4,0,0.7675438596491229,1.0,0.07017543859649122,0.5350877192982456,0.8684863523573201,0.9428879310344828,"[[4, 53], [0, 175]]","{'NON_SIF_POTENTIAL': 4, 'SIF_POTENTIAL': 228}",0.49999999999999994,0.6,2,0.008620689655172414,0.9913793103448276,3,227,0
through_annotation_batch_02,tfidf,0.5,none,"[np.int64(0), np.int64(1)]",1,0.5499999999999999,175,53,4,0,0.7675438596491229,1.0,0.07017543859649122,0.5350877192982456,0.8684863523573201,0.9428879310344828,"[[4, 53], [0, 175]]","{'NON_SIF_POTENTIAL': 4, 'SIF_POTENTIAL': 228}",0.44999999999999996,0.6499999999999999,11,0.04741379310344827,0.9525862068965517,0,221,0
through_annotation_batch_02,tfidf,0.5,none,"[np.int64(0), np.int64(1)]",1,0.5999999999999999,175,52,5,0,0.7709251101321586,1.0,0.08771929824561403,0.543859649122807,0.8706467661691543,0.9439050701186623,"[[5, 52], [0, 175]]","{'NON_SIF_POTENTIAL': 5, 'SIF_POTENTIAL': 227}",0.5499999999999998,0.6499999999999999,7,0.03017241379310345,0.9698275862068966,4,221,0
through_annotation_batch_02,tfidf,0.5,none,"[np.int64(0), np.int64(1)]",1,0.5999999999999999,175,52,5,0,0.7709251101321586,1.0,0.08771929824561403,0.543859649122807,0.8706467661691543,0.9439050701186623,"[[5, 52], [0, 175]]","{'NON_SIF_POTENTIAL': 5, 'SIF_POTENTIAL': 227}",0.4999999999999999,0.6999999999999998,21,0.09051724137931035,0.9094827586206896,3,208,0
through_annotation_batch_02,tfidf,0.5,none,"[np.int64(0), np.int64(1)]",1,0.6499999999999999,175,46,11,0,0.7918552036199095,1.0,0.19298245614035087,0.5964912280701754,0.8838383838383839,0.9500542888165039,"[[11, 46], [0, 175]]","{'NON_SIF_POTENTIAL': 11, 'SIF_POTENTIAL': 221}",0.5999999999999999,0.7,19,0.08189655172413793,0.9181034482758621,5,208,0
through_annotation_batch_02,tfidf,0.5,none,"[np.int64(0), np.int64(1)]",1,0.6499999999999999,175,46,11,0,0.7918552036199095,1.0,0.19298245614035087,0.5964912280701754,0.8838383838383839,0.9500542888165039,"[[11, 46], [0, 175]]","{'NON_SIF_POTENTIAL': 11, 'SIF_POTENTIAL': 221}",0.5499999999999999,0.7499999999999999,43,0.1853448275862069,0.8146551724137931,4,185,0
through_annotation_batch_02,tfidf,0.5,none,"[np.int64(0), np.int64(1)]",1,0.7,169,39,18,6,0.8125,0.9657142857142857,0.3157894736842105,0.6407518796992482,0.8825065274151436,0.9306167400881057,"[[18, 39], [6, 169]]","{'NON_SIF_POTENTIAL': 24, 'SIF_POTENTIAL': 208}",0.6499999999999999,0.75,36,0.15517241379310345,0.8448275862068966,11,185,0
through_annotation_batch_02,tfidf,0.5,none,"[np.int64(0), np.int64(1)]",1,0.7,169,39,18,6,0.8125,0.9657142857142857,0.3157894736842105,0.6407518796992482,0.8825065274151436,0.9306167400881057,"[[18, 39], [6, 169]]","{'NON_SIF_POTENTIAL': 24, 'SIF_POTENTIAL': 208}",0.6,0.7999999999999999,97,0.41810344827586204,0.5818965517241379,5,130,0
through_annotation_batch_02,tfidf,0.5,none,"[np.int64(0), np.int64(1)]",1,0.7499999999999998,159,26,31,16,0.8594594594594595,0.9085714285714286,0.543859649122807,0.7262155388471179,0.8833333333333333,0.8983050847457628,"[[31, 26], [16, 159]]","{'NON_SIF_POTENTIAL': 47, 'SIF_POTENTIAL': 185}",0.6999999999999997,0.7999999999999998,78,0.33620689655172414,0.6637931034482759,24,130,6
through_annotation_batch_02,tfidf,0.5,none,"[np.int64(0), np.int64(1)]",1,0.7499999999999998,159,26,31,16,0.8594594594594595,0.9085714285714286,0.543859649122807,0.7262155388471179,0.8833333333333333,0.8983050847457628,"[[31, 26], [16, 159]]","{'NON_SIF_POTENTIAL': 47, 'SIF_POTENTIAL': 185}",0.6499999999999998,0.8499999999999998,159,0.6853448275862069,0.3146551724137931,11,62,0
through_annotation_batch_02,tfidf,0.5,none,"[np.int64(0), np.int64(1)]",1,0.7999999999999998,124,6,51,51,0.9538461538461539,0.7085714285714285,0.8947368421052632,0.8016541353383458,0.8131147540983606,0.7469879518072288,"[[51, 6], [51, 124]]","{'NON_SIF_POTENTIAL': 102, 'SIF_POTENTIAL': 130}",0.7499999999999998,0.8499999999999999,123,0.5301724137931034,0.4698275862068966,47,62,16
through_annotation_batch_02,tfidf,0.5,none,"[np.int64(0), np.int64(1)]",1,0.7999999999999998,124,6,51,51,0.9538461538461539,0.7085714285714285,0.8947368421052632,0.8016541353383458,0.8131147540983606,0.7469879518072288,"[[51, 6], [51, 124]]","{'NON_SIF_POTENTIAL': 102, 'SIF_POTENTIAL': 130}",0.6999999999999998,0.8999999999999998,206,0.8879310344827587,0.11206896551724138,24,2,6
through_annotation_batch_02,tfidf,0.5,balanced,"[np.int64(0), np.int64(1)]",1,0.2,175,57,0,0,0.7543103448275862,1.0,0.0,0.5,0.85995085995086,0.9388412017167381,"[[0, 57], [0, 175]]","{'NON_SIF_POTENTIAL': 0, 'SIF_POTENTIAL': 232}",0.15000000000000002,0.25,4,0.017241379310344827,0.9827586206896551,0,228,0
through_annotation_batch_02,tfidf,0.5,balanced,"[np.int64(0), np.int64(1)]",1,0.2,175,57,0,0,0.7543103448275862,1.0,0.0,0.5,0.85995085995086,0.9388412017167381,"[[0, 57], [0, 175]]","{'NON_SIF_POTENTIAL': 0, 'SIF_POTENTIAL': 232}",0.1,0.30000000000000004,5,0.021551724137931036,0.978448275862069,0,227,0
through_annotation_batch_02,tfidf,0.5,balanced,"[np.int64(0), np.int64(1)]",1,0.25,175,53,4,0,0.7675438596491229,1.0,0.07017543859649122,0.5350877192982456,0.8684863523573201,0.9428879310344828,"[[4, 53], [0, 175]]","{'NON_SIF_POTENTIAL': 4, 'SIF_POTENTIAL': 228}",0.2,0.3,5,0.021551724137931036,0.978448275862069,0,227,0
through_annotation_batch_02,tfidf,0.5,balanced,"[np.int64(0), np.int64(1)]",1,0.25,175,53,4,0,0.7675438596491229,1.0,0.07017543859649122,0.5350877192982456,0.8684863523573201,0.9428879310344828,"[[4, 53], [0, 175]]","{'NON_SIF_POTENTIAL': 4, 'SIF_POTENTIAL': 228}",0.15,0.35,9,0.03879310344827586,0.9612068965517241,0,223,0
through_annotation_batch_02,tfidf,0.5,balanced,"[np.int64(0), np.int64(1)]",1,0.3,175,52,5,0,0.7709251101321586,1.0,0.08771929824561403,0.543859649122807,0.8706467661691543,0.9439050701186623,"[[5, 52], [0, 175]]","{'NON_SIF_POTENTIAL': 5, 'SIF_POTENTIAL': 227}",0.25,0.35,5,0.021551724137931036,0.978448275862069,4,223,0
through_annotation_batch_02,tfidf,0.5,balanced,"[np.int64(0), np.int64(1)]",1,0.3,175,52,5,0,0.7709251101321586,1.0,0.08771929824561403,0.543859649122807,0.8706467661691543,0.9439050701186623,"[[5, 52], [0, 175]]","{'NON_SIF_POTENTIAL': 5, 'SIF_POTENTIAL': 227}",0.19999999999999998,0.4,17,0.07327586206896551,0.9267241379310345,0,215,0
through_annotation_batch_02,tfidf,0.5,balanced,"[np.int64(0), np.int64(1)]",1,0.35,175,48,9,0,0.7847533632286996,1.0,0.15789473684210525,0.5789473684210527,0.8793969849246231,0.9479956663055256,"[[9, 48], [0, 175]]","{'NON_SIF_POTENTIAL': 9, 'SIF_POTENTIAL': 223}",0.3,0.39999999999999997,12,0.05172413793103448,0.9482758620689655,5,215,0
through_annotation_batch_02,tfidf,0.5,balanced,"[np.int64(0), np.int64(1)]",1,0.35,175,48,9,0,0.7847533632286996,1.0,0.15789473684210525,0.5789473684210527,0.8793969849246231,0.9479956663055256,"[[9, 48], [0, 175]]","{'NON_SIF_POTENTIAL': 9, 'SIF_POTENTIAL': 223}",0.24999999999999997,0.44999999999999996,24,0.10344827586206896,0.896551724137931,4,204,0
through_annotation_batch_02,tfidf,0.5,balanced,"[np.int64(0), np.int64(1)]",1,0.39999999999999997,173,42,15,2,0.8046511627906977,0.9885714285714285,0.2631578947368421,0.6258646616541353,0.8871794871794871,0.9453551912568305,"[[15, 42], [2, 173]]","{'NON_SIF_POTENTIAL': 17, 'SIF_POTENTIAL': 215}",0.35,0.44999999999999996,19,0.08189655172413793,0.9181034482758621,9,204,0
through_annotation_batch_02,tfidf,0.5,balanced,"[np.int64(0), np.int64(1)]",1,0.39999999999999997,173,42,15,2,0.8046511627906977,0.9885714285714285,0.2631578947368421,0.6258646616541353,0.8871794871794871,0.9453551912568305,"[[15, 42], [2, 173]]","{'NON_SIF_POTENTIAL': 17, 'SIF_POTENTIAL': 215}",0.29999999999999993,0.5,34,0.14655172413793102,0.853448275862069,5,193,0
through_annotation_batch_02,tfidf,0.5,balanced,"[np.int64(0), np.int64(1)]",1,0.44999999999999996,168,36,21,7,0.8235294117647058,0.96,0.3684210526315789,0.6642105263157895,0.8865435356200527,0.9292035398230087,"[[21, 36], [7, 168]]","{'NON_SIF_POTENTIAL': 28, 'SIF_POTENTIAL': 204}",0.39999999999999997,0.49999999999999994,22,0.09482758620689655,0.9051724137931034,17,193,2
through_annotation_batch_02,tfidf,0.5,balanced,"[np.int64(0), np.int64(1)]",1,0.44999999999999996,168,36,21,7,0.8235294117647058,0.96,0.3684210526315789,0.6642105263157895,0.8865435356200527,0.9292035398230087,"[[21, 36], [7, 168]]","{'NON_SIF_POTENTIAL': 28, 'SIF_POTENTIAL': 204}",0.35,0.5499999999999999,59,0.2543103448275862,0.7456896551724138,9,164,0
through_annotation_batch_02,tfidf,0.5,balanced,"[np.int64(0), np.int64(1)]",1,0.49999999999999994,162,31,26,13,0.8393782383419689,0.9257142857142857,0.45614035087719296,0.6909273182957394,0.8804347826086957,0.9070548712206047,"[[26, 31], [13, 162]]","{'NON_SIF_POTENTIAL': 39, 'SIF_POTENTIAL': 193}",0.44999999999999996,0.5499999999999999,40,0.1724137931034483,0.8275862068965517,28,164,7
through_annotation_batch_02,tfidf,0.5,balanced,"[np.int64(0), np.int64(1)]",1,0.49999999999999994,162,31,26,13,0.8393782383419689,0.9257142857142857,0.45614035087719296,0.6909273182957394,0.8804347826086957,0.9070548712206047,"[[26, 31], [13, 162]]","{'NON_SIF_POTENTIAL': 39, 'SIF_POTENTIAL': 193}",0.3999999999999999,0.6,86,0.3706896551724138,0.6293103448275862,17,129,2
through_annotation_batch_02,tfidf,0.5,balanced,"[np.int64(0), np.int64(1)]",1,0.5499999999999999,145,19,38,30,0.8841463414634146,0.8285714285714286,0.6666666666666666,0.7476190476190476,0.855457227138643,0.8391203703703705,"[[38, 19], [30, 145]]","{'NON_SIF_POTENTIAL': 68, 'SIF_POTENTIAL': 164}",0.49999999999999994,0.6,64,0.27586206896551724,0.7241379310344828,39,129,13
through_annotation_batch_02,tfidf,0.5,balanced,"[np.int64(0), np.int64(1)]",1,0.5499999999999999,145,19,38,30,0.8841463414634146,0.8285714285714286,0.6666666666666666,0.7476190476190476,0.855457227138643,0.8391203703703705,"[[38, 19], [30, 145]]","{'NON_SIF_POTENTIAL': 68, 'SIF_POTENTIAL': 164}",0.44999999999999996,0.6499999999999999,115,0.4956896551724138,0.5043103448275862,28,89,7
through_annotation_batch_02,tfidf,0.5,balanced,"[np.int64(0), np.int64(1)]",1,0.5999999999999999,124,5,52,51,0.9612403100775194,0.7085714285714285,0.9122807017543859,0.8104260651629072,0.8157894736842105,0.7478890229191797,"[[52, 5], [51, 124]]","{'NON_SIF_POTENTIAL': 103, 'SIF_POTENTIAL': 129}",0.5499999999999998,0.6499999999999999,75,0.3232758620689655,0.6767241379310345,68,89,30
through_annotation_batch_02,tfidf,0.5,balanced,"[np.int64(0), np.int64(1)]",1,0.5999999999999999,124,5,52,51,0.9612403100775194,0.7085714285714285,0.9122807017543859,0.8104260651629072,0.8157894736842105,0.7478890229191797,"[[52, 5], [51, 124]]","{'NON_SIF_POTENTIAL': 103, 'SIF_POTENTIAL': 129}",0.4999999999999999,0.6999999999999998,140,0.603448275862069,0.39655172413793105,39,53,13
through_annotation_batch_02,tfidf,0.5,balanced,"[np.int64(0), np.int64(1)]",1,0.6499999999999999,88,1,56,87,0.9887640449438202,0.5028571428571429,0.9824561403508771,0.74265664160401,0.6666666666666666,0.5576679340937897,"[[56, 1], [87, 88]]","{'NON_SIF_POTENTIAL': 143, 'SIF_POTENTIAL': 89}",0.5999999999999999,0.7,76,0.3275862068965517,0.6724137931034483,103,53,51
through_annotation_batch_02,tfidf,0.5,balanced,"[np.int64(0), np.int64(1)]",1,0.6499999999999999,88,1,56,87,0.9887640449438202,0.5028571428571429,0.9824561403508771,0.74265664160401,0.6666666666666666,0.5576679340937897,"[[56, 1], [87, 88]]","{'NON_SIF_POTENTIAL': 143, 'SIF_POTENTIAL': 89}",0.5499999999999999,0.7499999999999999,141,0.6077586206896551,0.3922413793103448,68,23,30
through_annotation_batch_02,tfidf,0.5,balanced,"[np.int64(0), np.int64(1)]",1,0.7,53,0,57,122,1.0,0.3028571428571429,1.0,0.6514285714285715,0.4649122807017544,0.35192563081009304,"[[57, 0], [122, 53]]","{'NON_SIF_POTENTIAL': 179, 'SIF_POTENTIAL': 53}",0.6499999999999999,0.75,66,0.28448275862068967,0.7155172413793104,143,23,87
through_annotation_batch_02,tfidf,0.5,balanced,"[np.int64(0), np.int64(1)]",1,0.7,53,0,57,122,1.0,0.3028571428571429,1.0,0.6514285714285715,0.4649122807017544,0.35192563081009304,"[[57, 0], [122, 53]]","{'NON_SIF_POTENTIAL': 179, 'SIF_POTENTIAL': 53}",0.6,0.7999999999999999,127,0.5474137931034483,0.4525862068965517,103,2,51
through_annotation_batch_02,tfidf,0.5,balanced,"[np.int64(0), np.int64(1)]",1,0.7499999999999998,23,0,57,152,1.0,0.13142857142857142,1.0,0.5657142857142857,0.23232323232323232,0.1590594744121715,"[[57, 0], [152, 23]]","{'NON_SIF_POTENTIAL': 209, 'SIF_POTENTIAL': 23}",0.6999999999999997,0.7999999999999998,51,0.21982758620689655,0.7801724137931034,179,2,122
through_annotation_batch_02,tfidf,0.5,balanced,"[np.int64(0), np.int64(1)]",1,0.7499999999999998,23,0,57,152,1.0,0.13142857142857142,1.0,0.5657142857142857,0.23232323232323232,0.1590594744121715,"[[57, 0], [152, 23]]","{'NON_SIF_POTENTIAL': 209, 'SIF_POTENTIAL': 23}",0.6499999999999998,0.8499999999999998,88,0.3793103448275862,0.6206896551724138,143,1,87
through_annotation_batch_02,tfidf,0.5,balanced,"[np.int64(0), np.int64(1)]",1,0.7999999999999998,2,0,57,173,1.0,0.011428571428571429,1.0,0.5057142857142857,0.022598870056497175,0.014245014245014244,"[[57, 0], [173, 2]]","{'NON_SIF_POTENTIAL': 230, 'SIF_POTENTIAL': 2}",0.7499999999999998,0.8499999999999999,22,0.09482758620689655,0.9051724137931034,209,1,152
through_annotation_batch_02,tfidf,0.5,balanced,"[np.int64(0), np.int64(1)]",1,0.7999999999999998,2,0,57,173,1.0,0.011428571428571429,1.0,0.5057142857142857,0.022598870056497175,0.014245014245014244,"[[57, 0], [173, 2]]","{'NON_SIF_POTENTIAL': 230, 'SIF_POTENTIAL': 2}",0.6999999999999998,0.8999999999999998,53,0.22844827586206898,0.771551724137931,179,0,122
through_annotation_batch_02,tfidf,0.5,non_sif_1_5,"[np.int64(0), np.int64(1)]",1,0.2,175,57,0,0,0.7543103448275862,1.0,0.0,0.5,0.85995085995086,0.9388412017167381,"[[0, 57], [0, 175]]","{'NON_SIF_POTENTIAL': 0, 'SIF_POTENTIAL': 232}",0.15000000000000002,0.25,0,0.0,1.0,0,232,0
through_annotation_batch_02,tfidf,0.5,non_sif_1_5,"[np.int64(0), np.int64(1)]",1,0.2,175,57,0,0,0.7543103448275862,1.0,0.0,0.5,0.85995085995086,0.9388412017167381,"[[0, 57], [0, 175]]","{'NON_SIF_POTENTIAL': 0, 'SIF_POTENTIAL': 232}",0.1,0.30000000000000004,0,0.0,1.0,0,232,0
through_annotation_batch_02,tfidf,0.5,non_sif_1_5,"[np.int64(0), np.int64(1)]",1,0.25,175,57,0,0,0.7543103448275862,1.0,0.0,0.5,0.85995085995086,0.9388412017167381,"[[0, 57], [0, 175]]","{'NON_SIF_POTENTIAL': 0, 'SIF_POTENTIAL': 232}",0.2,0.3,0,0.0,1.0,0,232,0
through_annotation_batch_02,tfidf,0.5,non_sif_1_5,"[np.int64(0), np.int64(1)]",1,0.25,175,57,0,0,0.7543103448275862,1.0,0.0,0.5,0.85995085995086,0.9388412017167381,"[[0, 57], [0, 175]]","{'NON_SIF_POTENTIAL': 0, 'SIF_POTENTIAL': 232}",0.15,0.35,1,0.004310344827586207,0.9956896551724138,0,231,0
through_annotation_batch_02,tfidf,0.5,non_sif_1_5,"[np.int64(0), np.int64(1)]",1,0.3,175,57,0,0,0.7543103448275862,1.0,0.0,0.5,0.85995085995086,0.9388412017167381,"[[0, 57], [0, 175]]","{'NON_SIF_POTENTIAL': 0, 'SIF_POTENTIAL': 232}",0.25,0.35,1,0.004310344827586207,0.9956896551724138,0,231,0
through_annotation_batch_02,tfidf,0.5,non_sif_1_5,"[np.int64(0), np.int64(1)]",1,0.3,175,57,0,0,0.7543103448275862,1.0,0.0,0.5,0.85995085995086,0.9388412017167381,"[[0, 57], [0, 175]]","{'NON_SIF_POTENTIAL': 0, 'SIF_POTENTIAL': 232}",0.19999999999999998,0.4,4,0.017241379310344827,0.9827586206896551,0,228,0
through_annotation_batch_02,tfidf,0.5,non_sif_1_5,"[np.int64(0), np.int64(1)]",1,0.35,175,56,1,0,0.7575757575757576,1.0,0.017543859649122806,0.5087719298245614,0.8620689655172413,0.9398496240601504,"[[1, 56], [0, 175]]","{'NON_SIF_POTENTIAL': 1, 'SIF_POTENTIAL': 231}",0.3,0.39999999999999997,4,0.017241379310344827,0.9827586206896551,0,228,0
through_annotation_batch_02,tfidf,0.5,non_sif_1_5,"[np.int64(0), np.int64(1)]",1,0.35,175,56,1,0,0.7575757575757576,1.0,0.017543859649122806,0.5087719298245614,0.8620689655172413,0.9398496240601504,"[[1, 56], [0, 175]]","{'NON_SIF_POTENTIAL': 1, 'SIF_POTENTIAL': 231}",0.24999999999999997,0.44999999999999996,5,0.021551724137931036,0.978448275862069,0,227,0
through_annotation_batch_02,tfidf,0.5,non_sif_1_5,"[np.int64(0), np.int64(1)]",1,0.39999999999999997,175,53,4,0,0.7675438596491229,1.0,0.07017543859649122,0.5350877192982456,0.8684863523573201,0.9428879310344828,"[[4, 53], [0, 175]]","{'NON_SIF_POTENTIAL': 4, 'SIF_POTENTIAL': 228}",0.35,0.44999999999999996,4,0.017241379310344827,0.9827586206896551,1,227,0
through_annotation_batch_02,tfidf,0.5,non_sif_1_5,"[np.int64(0), np.int64(1)]",1,0.39999999999999997,175,53,4,0,0.7675438596491229,1.0,0.07017543859649122,0.5350877192982456,0.8684863523573201,0.9428879310344828,"[[4, 53], [0, 175]]","{'NON_SIF_POTENTIAL': 4, 'SIF_POTENTIAL': 228}",0.29999999999999993,0.5,6,0.02586206896551724,0.9741379310344828,0,226,0
through_annotation_batch_02,tfidf,0.5,non_sif_1_5,"[np.int64(0), np.int64(1)]",1,0.44999999999999996,175,52,5,0,0.7709251101321586,1.0,0.08771929824561403,0.543859649122807,0.8706467661691543,0.9439050701186623,"[[5, 52], [0, 175]]","{'NON_SIF_POTENTIAL': 5, 'SIF_POTENTIAL': 227}",0.39999999999999997,0.49999999999999994,2,0.008620689655172414,0.9913793103448276,4,226,0
through_annotation_batch_02,tfidf,0.5,non_sif_1_5,"[np.int64(0), np.int64(1)]",1,0.44999999999999996,175,52,5,0,0.7709251101321586,1.0,0.08771929824561403,0.543859649122807,0.8706467661691543,0.9439050701186623,"[[5, 52], [0, 175]]","{'NON_SIF_POTENTIAL': 5, 'SIF_POTENTIAL': 227}",0.35,0.5499999999999999,10,0.04310344827586207,0.9568965517241379,1,221,0
through_annotation_batch_02,tfidf,0.5,non_sif_1_5,"[np.int64(0), np.int64(1)]",1,0.49999999999999994,175,51,6,0,0.7743362831858407,1.0,0.10526315789473684,0.5526315789473684,0.8728179551122195,0.9449244060475163,"[[6, 51], [0, 175]]","{'NON_SIF_POTENTIAL': 6, 'SIF_POTENTIAL': 226}",0.44999999999999996,0.5499999999999999,6,0.02586206896551724,0.9741379310344828,5,221,0
through_annotation_batch_02,tfidf,0.5,non_sif_1_5,"[np.int64(0), np.int64(1)]",1,0.49999999999999994,175,51,6,0,0.7743362831858407,1.0,0.10526315789473684,0.5526315789473684,0.8728179551122195,0.9449244060475163,"[[6, 51], [0, 175]]","{'NON_SIF_POTENTIAL': 6, 'SIF_POTENTIAL': 226}",0.3999999999999999,0.6,19,0.08189655172413793,0.9181034482758621,4,209,0
through_annotation_batch_02,tfidf,0.5,non_sif_1_5,"[np.int64(0), np.int64(1)]",1,0.5499999999999999,175,46,11,0,0.7918552036199095,1.0,0.19298245614035087,0.5964912280701754,0.8838383838383839,0.9500542888165039,"[[11, 46], [0, 175]]","{'NON_SIF_POTENTIAL': 11, 'SIF_POTENTIAL': 221}",0.49999999999999994,0.6,17,0.07327586206896551,0.9267241379310345,6,209,0
through_annotation_batch_02,tfidf,0.5,non_sif_1_5,"[np.int64(0), np.int64(1)]",1,0.5499999999999999,175,46,11,0,0.7918552036199095,1.0,0.19298245614035087,0.5964912280701754,0.8838383838383839,0.9500542888165039,"[[11, 46], [0, 175]]","{'NON_SIF_POTENTIAL': 11, 'SIF_POTENTIAL': 221}",0.44999999999999996,0.6499999999999999,29,0.125,0.875,5,198,0
through_annotation_batch_02,tfidf,0.5,non_sif_1_5,"[np.int64(0), np.int64(1)]",1,0.5999999999999999,169,40,17,6,0.8086124401913876,0.9657142857142857,0.2982456140350877,0.6319799498746868,0.8802083333333334,0.9295929592959297,"[[17, 40], [6, 169]]","{'NON_SIF_POTENTIAL': 23, 'SIF_POTENTIAL': 209}",0.5499999999999998,0.6499999999999999,23,0.09913793103448276,0.9008620689655172,11,198,0
through_annotation_batch_02,tfidf,0.5,non_sif_1_5,"[np.int64(0), np.int64(1)]",1,0.5999999999999999,169,40,17,6,0.8086124401913876,0.9657142857142857,0.2982456140350877,0.6319799498746868,0.8802083333333334,0.9295929592959297,"[[17, 40], [6, 169]]","{'NON_SIF_POTENTIAL': 23, 'SIF_POTENTIAL': 209}",0.4999999999999999,0.6999999999999998,49,0.21120689655172414,0.7887931034482759,6,177,0
through_annotation_batch_02,tfidf,0.5,non_sif_1_5,"[np.int64(0), np.int64(1)]",1,0.6499999999999999,165,33,24,10,0.8333333333333334,0.9428571428571428,0.42105263157894735,0.6819548872180451,0.8847184986595175,0.9187082405345213,"[[24, 33], [10, 165]]","{'NON_SIF_POTENTIAL': 34, 'SIF_POTENTIAL': 198}",0.5999999999999999,0.7,32,0.13793103448275862,0.8620689655172413,23,177,6
through_annotation_batch_02,tfidf,0.5,non_sif_1_5,"[np.int64(0), np.int64(1)]",1,0.6499999999999999,165,33,24,10,0.8333333333333334,0.9428571428571428,0.42105263157894735,0.6819548872180451,0.8847184986595175,0.9187082405345213,"[[24, 33], [10, 165]]","{'NON_SIF_POTENTIAL': 34, 'SIF_POTENTIAL': 198}",0.5499999999999999,0.7499999999999999,92,0.39655172413793105,0.603448275862069,11,129,0
through_annotation_batch_02,tfidf,0.5,non_sif_1_5,"[np.int64(0), np.int64(1)]",1,0.7,155,22,35,20,0.8757062146892656,0.8857142857142857,0.6140350877192983,0.749874686716792,0.8806818181818182,0.8836944127708094,"[[35, 22], [20, 155]]","{'NON_SIF_POTENTIAL': 55, 'SIF_POTENTIAL': 177}",0.6499999999999999,0.75,69,0.2974137931034483,0.7025862068965517,34,129,10
through_annotation_batch_02,tfidf,0.5,non_sif_1_5,"[np.int64(0), np.int64(1)]",1,0.7,155,22,35,20,0.8757062146892656,0.8857142857142857,0.6140350877192983,0.749874686716792,0.8806818181818182,0.8836944127708094,"[[35, 22], [20, 155]]","{'NON_SIF_POTENTIAL': 55, 'SIF_POTENTIAL': 177}",0.6,0.7999999999999999,133,0.5732758620689655,0.4267241379310345,23,76,6
through_annotation_batch_02,tfidf,0.5,non_sif_1_5,"[np.int64(0), np.int64(1)]",1,0.7499999999999998,124,5,52,51,0.9612403100775194,0.7085714285714285,0.9122807017543859,0.8104260651629072,0.8157894736842105,0.7478890229191797,"[[52, 5], [51, 124]]","{'NON_SIF_POTENTIAL': 103, 'SIF_POTENTIAL': 129}",0.6999999999999997,0.7999999999999998,101,0.4353448275862069,0.5646551724137931,55,76,20
through_annotation_batch_02,tfidf,0.5,non_sif_1_5,"[np.int64(0), np.int64(1)]",1,0.7499999999999998,124,5,52,51,0.9612403100775194,0.7085714285714285,0.9122807017543859,0.8104260651629072,0.8157894736842105,0.7478890229191797,"[[52, 5], [51, 124]]","{'NON_SIF_POTENTIAL': 103, 'SIF_POTENTIAL': 129}",0.6499999999999998,0.8499999999999998,170,0.7327586206896551,0.2672413793103448,34,28,10
through_annotation_batch_02,tfidf,0.5,non_sif_1_5,"[np.int64(0), np.int64(1)]",1,0.7999999999999998,75,1,56,100,0.9868421052631579,0.42857142857142855,0.9824561403508771,0.7055137844611529,0.5976095617529881,0.4832474226804124,"[[56, 1], [100, 75]]","{'NON_SIF_POTENTIAL': 156, 'SIF_POTENTIAL': 76}",0.7499999999999998,0.8499999999999999,101,0.4353448275862069,0.5646551724137931,103,28,51
through_annotation_batch_02,tfidf,0.5,non_sif_1_5,"[np.int64(0), np.int64(1)]",1,0.7999999999999998,75,1,56,100,0.9868421052631579,0.42857142857142855,0.9824561403508771,0.7055137844611529,0.5976095617529881,0.4832474226804124,"[[56, 1], [100, 75]]","{'NON_SIF_POTENTIAL': 156, 'SIF_POTENTIAL': 76}",0.6999999999999998,0.8999999999999998,176,0.7586206896551724,0.2413793103448276,55,1,20
through_annotation_batch_02,tfidf,1.0,none,"[np.int64(0), np.int64(1)]",1,0.2,175,57,0,0,0.7543103448275862,1.0,0.0,0.5,0.85995085995086,0.9388412017167381,"[[0, 57], [0, 175]]","{'NON_SIF_POTENTIAL': 0, 'SIF_POTENTIAL': 232}",0.15000000000000002,0.25,0,0.0,1.0,0,232,0
through_annotation_batch_02,tfidf,1.0,none,"[np.int64(0), np.int64(1)]",1,0.2,175,57,0,0,0.7543103448275862,1.0,0.0,0.5,0.85995085995086,0.9388412017167381,"[[0, 57], [0, 175]]","{'NON_SIF_POTENTIAL': 0, 'SIF_POTENTIAL': 232}",0.1,0.30000000000000004,0,0.0,1.0,0,232,0
through_annotation_batch_02,tfidf,1.0,none,"[np.int64(0), np.int64(1)]",1,0.25,175,57,0,0,0.7543103448275862,1.0,0.0,0.5,0.85995085995086,0.9388412017167381,"[[0, 57], [0, 175]]","{'NON_SIF_POTENTIAL': 0, 'SIF_POTENTIAL': 232}",0.2,0.3,0,0.0,1.0,0,232,0
through_annotation_batch_02,tfidf,1.0,none,"[np.int64(0), np.int64(1)]",1,0.25,175,57,0,0,0.7543103448275862,1.0,0.0,0.5,0.85995085995086,0.9388412017167381,"[[0, 57], [0, 175]]","{'NON_SIF_POTENTIAL': 0, 'SIF_POTENTIAL': 232}",0.15,0.35,3,0.01293103448275862,0.9870689655172413,0,229,0
through_annotation_batch_02,tfidf,1.0,none,"[np.int64(0), np.int64(1)]",1,0.3,175,57,0,0,0.7543103448275862,1.0,0.0,0.5,0.85995085995086,0.9388412017167381,"[[0, 57], [0, 175]]","{'NON_SIF_POTENTIAL': 0, 'SIF_POTENTIAL': 232}",0.25,0.35,3,0.01293103448275862,0.9870689655172413,0,229,0
through_annotation_batch_02,tfidf,1.0,none,"[np.int64(0), np.int64(1)]",1,0.3,175,57,0,0,0.7543103448275862,1.0,0.0,0.5,0.85995085995086,0.9388412017167381,"[[0, 57], [0, 175]]","{'NON_SIF_POTENTIAL': 0, 'SIF_POTENTIAL': 232}",0.19999999999999998,0.4,4,0.017241379310344827,0.9827586206896551,0,228,0
through_annotation_batch_02,tfidf,1.0,none,"[np.int64(0), np.int64(1)]",1,0.35,175,54,3,0,0.7641921397379913,1.0,0.05263157894736842,0.5263157894736842,0.8663366336633663,0.9418729817007534,"[[3, 54], [0, 175]]","{'NON_SIF_POTENTIAL': 3, 'SIF_POTENTIAL': 229}",0.3,0.39999999999999997,4,0.017241379310344827,0.9827586206896551,0,228,0
through_annotation_batch_02,tfidf,1.0,none,"[np.int64(0), np.int64(1)]",1,0.35,175,54,3,0,0.7641921397379913,1.0,0.05263157894736842,0.5263157894736842,0.8663366336633663,0.9418729817007534,"[[3, 54], [0, 175]]","{'NON_SIF_POTENTIAL': 3, 'SIF_POTENTIAL': 229}",0.24999999999999997,0.44999999999999996,4,0.017241379310344827,0.9827586206896551,0,228,0
through_annotation_batch_02,tfidf,1.0,none,"[np.int64(0), np.int64(1)]",1,0.39999999999999997,175,53,4,0,0.7675438596491229,1.0,0.07017543859649122,0.5350877192982456,0.8684863523573201,0.9428879310344828,"[[4, 53], [0, 175]]","{'NON_SIF_POTENTIAL': 4, 'SIF_POTENTIAL': 228}",0.35,0.44999999999999996,1,0.004310344827586207,0.9956896551724138,3,228,0
through_annotation_batch_02,tfidf,1.0,none,"[np.int64(0), np.int64(1)]",1,0.39999999999999997,175,53,4,0,0.7675438596491229,1.0,0.07017543859649122,0.5350877192982456,0.8684863523573201,0.9428879310344828,"[[4, 53], [0, 175]]","{'NON_SIF_POTENTIAL': 4, 'SIF_POTENTIAL': 228}",0.29999999999999993,0.5,5,0.021551724137931036,0.978448275862069,0,227,0
through_annotation_batch_02,tfidf,1.0,none,"[np.int64(0), np.int64(1)]",1,0.44999999999999996,175,53,4,0,0.7675438596491229,1.0,0.07017543859649122,0.5350877192982456,0.8684863523573201,0.9428879310344828,"[[4, 53], [0, 175]]","{'NON_SIF_POTENTIAL': 4, 'SIF_POTENTIAL': 228}",0.39999999999999997,0.49999999999999994,1,0.004310344827586207,0.9956896551724138,4,227,0
through_annotation_batch_02,tfidf,1.0,none,"[np.int64(0), np.int64(1)]",1,0.44999999999999996,175,53,4,0,0.7675438596491229,1.0,0.07017543859649122,0.5350877192982456,0.8684863523573201,0.9428879310344828,"[[4, 53], [0, 175]]","{'NON_SIF_POTENTIAL': 4, 'SIF_POTENTIAL': 228}",0.35,0.5499999999999999,5,0.021551724137931036,0.978448275862069,3,224,0
through_annotation_batch_02,tfidf,1.0,none,"[np.int64(0), np.int64(1)]",1,0.49999999999999994,175,52,5,0,0.7709251101321586,1.0,0.08771929824561403,0.543859649122807,0.8706467661691543,0.9439050701186623,"[[5, 52], [0, 175]]","{'NON_SIF_POTENTIAL': 5, 'SIF_POTENTIAL': 227}",0.44999999999999996,0.5499999999999999,4,0.017241379310344827,0.9827586206896551,4,224,0
through_annotation_batch_02,tfidf,1.0,none,"[np.int64(0), np.int64(1)]",1,0.49999999999999994,175,52,5,0,0.7709251101321586,1.0,0.08771929824561403,0.543859649122807,0.8706467661691543,0.9439050701186623,"[[5, 52], [0, 175]]","{'NON_SIF_POTENTIAL': 5, 'SIF_POTENTIAL': 227}",0.3999999999999999,0.6,9,0.03879310344827586,0.9612068965517241,4,219,0
through_annotation_batch_02,tfidf,1.0,none,"[np.int64(0), np.int64(1)]",1,0.5499999999999999,175,49,8,0,0.78125,1.0,0.14035087719298245,0.5701754385964912,0.8771929824561403,0.946969696969697,"[[8, 49], [0, 175]]","{'NON_SIF_POTENTIAL': 8, 'SIF_POTENTIAL': 224}",0.49999999999999994,0.6,8,0.034482758620689655,0.9655172413793104,5,219,0
through_annotation_batch_02,tfidf,1.0,none,"[np.int64(0), np.int64(1)]",1,0.5499999999999999,175,49,8,0,0.78125,1.0,0.14035087719298245,0.5701754385964912,0.8771929824561403,0.946969696969697,"[[8, 49], [0, 175]]","{'NON_SIF_POTENTIAL': 8, 'SIF_POTENTIAL': 224}",0.44999999999999996,0.6499999999999999,20,0.08620689655172414,0.9137931034482759,4,208,0
through_annotation_batch_02,tfidf,1.0,none,"[np.int64(0), np.int64(1)]",1,0.5999999999999999,175,44,13,0,0.7990867579908676,1.0,0.22807017543859648,0.6140350877192983,0.8883248730964467,0.9521218715995647,"[[13, 44], [0, 175]]","{'NON_SIF_POTENTIAL': 13, 'SIF_POTENTIAL': 219}",0.5499999999999998,0.6499999999999999,16,0.06896551724137931,0.9310344827586207,8,208,0
through_annotation_batch_02,tfidf,1.0,none,"[np.int64(0), np.int64(1)]",1,0.5999999999999999,175,44,13,0,0.7990867579908676,1.0,0.22807017543859648,0.6140350877192983,0.8883248730964467,0.9521218715995647,"[[13, 44], [0, 175]]","{'NON_SIF_POTENTIAL': 13, 'SIF_POTENTIAL': 219}",0.4999999999999999,0.6999999999999998,28,0.1206896551724138,0.8793103448275862,5,199,0
through_annotation_batch_02,tfidf,1.0,none,"[np.int64(0), np.int64(1)]",1,0.6499999999999999,169,39,18,6,0.8125,0.9657142857142857,0.3157894736842105,0.6407518796992482,0.8825065274151436,0.9306167400881057,"[[18, 39], [6, 169]]","{'NON_SIF_POTENTIAL': 24, 'SIF_POTENTIAL': 208}",0.5999999999999999,0.7,20,0.08620689655172414,0.9137931034482759,13,199,0
through_annotation_batch_02,tfidf,1.0,none,"[np.int64(0), np.int64(1)]",1,0.6499999999999999,169,39,18,6,0.8125,0.9657142857142857,0.3157894736842105,0.6407518796992482,0.8825065274151436,0.9306167400881057,"[[18, 39], [6, 169]]","{'NON_SIF_POTENTIAL': 24, 'SIF_POTENTIAL': 208}",0.5499999999999999,0.7499999999999999,42,0.1810344827586207,0.8189655172413793,8,182,0
through_annotation_batch_02,tfidf,1.0,none,"[np.int64(0), np.int64(1)]",1,0.7,166,33,24,9,0.8341708542713567,0.9485714285714286,0.42105263157894735,0.684812030075188,0.8877005347593583,0.9232480533926585,"[[24, 33], [9, 166]]","{'NON_SIF_POTENTIAL': 33, 'SIF_POTENTIAL': 199}",0.6499999999999999,0.75,26,0.11206896551724138,0.8879310344827587,24,182,6
through_annotation_batch_02,tfidf,1.0,none,"[np.int64(0), np.int64(1)]",1,0.7,166,33,24,9,0.8341708542713567,0.9485714285714286,0.42105263157894735,0.684812030075188,0.8877005347593583,0.9232480533926585,"[[24, 33], [9, 166]]","{'NON_SIF_POTENTIAL': 33, 'SIF_POTENTIAL': 199}",0.6,0.7999999999999999,73,0.3146551724137931,0.6853448275862069,13,146,0
through_annotation_batch_02,tfidf,1.0,none,"[np.int64(0), np.int64(1)]",1,0.7499999999999998,158,24,33,17,0.8681318681318682,0.9028571428571428,0.5789473684210527,0.7409022556390977,0.8851540616246498,0.8956916099773242,"[[33, 24], [17, 158]]","{'NON_SIF_POTENTIAL': 50, 'SIF_POTENTIAL': 182}",0.6999999999999997,0.7999999999999998,53,0.22844827586206898,0.771551724137931,33,146,9
through_annotation_batch_02,tfidf,1.0,none,"[np.int64(0), np.int64(1)]",1,0.7499999999999998,158,24,33,17,0.8681318681318682,0.9028571428571428,0.5789473684210527,0.7409022556390977,0.8851540616246498,0.8956916099773242,"[[33, 24], [17, 158]]","{'NON_SIF_POTENTIAL': 50, 'SIF_POTENTIAL': 182}",0.6499999999999998,0.8499999999999998,116,0.5,0.5,24,92,6
through_annotation_batch_02,tfidf,1.0,none,"[np.int64(0), np.int64(1)]",1,0.7999999999999998,135,11,46,40,0.9246575342465754,0.7714285714285715,0.8070175438596491,0.7892230576441103,0.8411214953271028,0.7978723404255319,"[[46, 11], [40, 135]]","{'NON_SIF_POTENTIAL': 86, 'SIF_POTENTIAL': 146}",0.7499999999999998,0.8499999999999999,90,0.3879310344827586,0.6120689655172413,50,92,17
through_annotation_batch_02,tfidf,1.0,none,"[np.int64(0), np.int64(1)]",1,0.7999999999999998,135,11,46,40,0.9246575342465754,0.7714285714285715,0.8070175438596491,0.7892230576441103,0.8411214953271028,0.7978723404255319,"[[46, 11], [40, 135]]","{'NON_SIF_POTENTIAL': 86, 'SIF_POTENTIAL': 146}",0.6999999999999998,0.8999999999999998,163,0.7025862068965517,0.2974137931034483,33,36,9
through_annotation_batch_02,tfidf,1.0,balanced,"[np.int64(0), np.int64(1)]",1,0.2,175,53,4,0,0.7675438596491229,1.0,0.07017543859649122,0.5350877192982456,0.8684863523573201,0.9428879310344828,"[[4, 53], [0, 175]]","{'NON_SIF_POTENTIAL': 4, 'SIF_POTENTIAL': 228}",0.15000000000000002,0.25,3,0.01293103448275862,0.9870689655172413,2,227,0
through_annotation_batch_02,tfidf,1.0,balanced,"[np.int64(0), np.int64(1)]",1,0.2,175,53,4,0,0.7675438596491229,1.0,0.07017543859649122,0.5350877192982456,0.8684863523573201,0.9428879310344828,"[[4, 53], [0, 175]]","{'NON_SIF_POTENTIAL': 4, 'SIF_POTENTIAL': 228}",0.1,0.30000000000000004,10,0.04310344827586207,0.9568965517241379,0,222,0
through_annotation_batch_02,tfidf,1.0,balanced,"[np.int64(0), np.int64(1)]",1,0.25,175,52,5,0,0.7709251101321586,1.0,0.08771929824561403,0.543859649122807,0.8706467661691543,0.9439050701186623,"[[5, 52], [0, 175]]","{'NON_SIF_POTENTIAL': 5, 'SIF_POTENTIAL': 227}",0.2,0.3,6,0.02586206896551724,0.9741379310344828,4,222,0
through_annotation_batch_02,tfidf,1.0,balanced,"[np.int64(0), np.int64(1)]",1,0.25,175,52,5,0,0.7709251101321586,1.0,0.08771929824561403,0.543859649122807,0.8706467661691543,0.9439050701186623,"[[5, 52], [0, 175]]","{'NON_SIF_POTENTIAL': 5, 'SIF_POTENTIAL': 227}",0.15,0.35,12,0.05172413793103448,0.9482758620689655,2,218,0
through_annotation_batch_02,tfidf,1.0,balanced,"[np.int64(0), np.int64(1)]",1,0.3,175,47,10,0,0.7882882882882883,1.0,0.17543859649122806,0.5877192982456141,0.8816120906801007,0.9490238611713665,"[[10, 47], [0, 175]]","{'NON_SIF_POTENTIAL': 10, 'SIF_POTENTIAL': 222}",0.25,0.35,9,0.03879310344827586,0.9612068965517241,5,218,0
through_annotation_batch_02,tfidf,1.0,balanced,"[np.int64(0), np.int64(1)]",1,0.3,175,47,10,0,0.7882882882882883,1.0,0.17543859649122806,0.5877192982456141,0.8816120906801007,0.9490238611713665,"[[10, 47], [0, 175]]","{'NON_SIF_POTENTIAL': 10, 'SIF_POTENTIAL': 222}",0.19999999999999998,0.4,18,0.07758620689655173,0.9224137931034483,4,210,0
through_annotation_batch_02,tfidf,1.0,balanced,"[np.int64(0), np.int64(1)]",1,0.35,174,44,13,1,0.7981651376146789,0.9942857142857143,0.22807017543859648,0.6111779448621554,0.8854961832061069,0.9477124183006536,"[[13, 44], [1, 174]]","{'NON_SIF_POTENTIAL': 14, 'SIF_POTENTIAL': 218}",0.3,0.39999999999999997,12,0.05172413793103448,0.9482758620689655,10,210,0
through_annotation_batch_02,tfidf,1.0,balanced,"[np.int64(0), np.int64(1)]",1,0.35,174,44,13,1,0.7981651376146789,0.9942857142857143,0.22807017543859648,0.6111779448621554,0.8854961832061069,0.9477124183006536,"[[13, 44], [1, 174]]","{'NON_SIF_POTENTIAL': 14, 'SIF_POTENTIAL': 218}",0.24999999999999997,0.44999999999999996,25,0.10775862068965517,0.8922413793103449,5,202,0
through_annotation_batch_02,tfidf,1.0,balanced,"[np.int64(0), np.int64(1)]",1,0.39999999999999997,170,40,17,5,0.8095238095238095,0.9714285714285714,0.2982456140350877,0.6348370927318295,0.8831168831168831,0.934065934065934,"[[17, 40], [5, 170]]","{'NON_SIF_POTENTIAL': 22, 'SIF_POTENTIAL': 210}",0.35,0.44999999999999996,16,0.06896551724137931,0.9310344827586207,14,202,1
through_annotation_batch_02,tfidf,1.0,balanced,"[np.int64(0), np.int64(1)]",1,0.39999999999999997,170,40,17,5,0.8095238095238095,0.9714285714285714,0.2982456140350877,0.6348370927318295,0.8831168831168831,0.934065934065934,"[[17, 40], [5, 170]]","{'NON_SIF_POTENTIAL': 22, 'SIF_POTENTIAL': 210}",0.29999999999999993,0.5,27,0.11637931034482758,0.8836206896551724,10,195,0
through_annotation_batch_02,tfidf,1.0,balanced,"[np.int64(0), np.int64(1)]",1,0.44999999999999996,168,34,23,7,0.8316831683168316,0.96,0.40350877192982454,0.6817543859649122,0.8912466843501327,0.9312638580931263,"[[23, 34], [7, 168]]","{'NON_SIF_POTENTIAL': 30, 'SIF_POTENTIAL': 202}",0.39999999999999997,0.49999999999999994,15,0.06465517241379311,0.9353448275862069,22,195,5
through_annotation_batch_02,tfidf,1.0,balanced,"[np.int64(0), np.int64(1)]",1,0.44999999999999996,168,34,23,7,0.8316831683168316,0.96,0.40350877192982454,0.6817543859649122,0.8912466843501327,0.9312638580931263,"[[23, 34], [7, 168]]","{'NON_SIF_POTENTIAL': 30, 'SIF_POTENTIAL': 202}",0.35,0.5499999999999999,39,0.16810344827586207,0.8318965517241379,14,179,1
through_annotation_batch_02,tfidf,1.0,balanced,"[np.int64(0), np.int64(1)]",1,0.49999999999999994,164,31,26,11,0.841025641025641,0.9371428571428572,0.45614035087719296,0.6966416040100251,0.8864864864864865,0.9162011173184358,"[[26, 31], [11, 164]]","{'NON_SIF_POTENTIAL': 37, 'SIF_POTENTIAL': 195}",0.44999999999999996,0.5499999999999999,23,0.09913793103448276,0.9008620689655172,30,179,7
through_annotation_batch_02,tfidf,1.0,balanced,"[np.int64(0), np.int64(1)]",1,0.49999999999999994,164,31,26,11,0.841025641025641,0.9371428571428572,0.45614035087719296,0.6966416040100251,0.8864864864864865,0.9162011173184358,"[[26, 31], [11, 164]]","{'NON_SIF_POTENTIAL': 37, 'SIF_POTENTIAL': 195}",0.3999999999999999,0.6,59,0.2543103448275862,0.7456896551724138,22,151,5
through_annotation_batch_02,tfidf,1.0,balanced,"[np.int64(0), np.int64(1)]",1,0.5499999999999999,155,24,33,20,0.8659217877094972,0.8857142857142857,0.5789473684210527,0.7323308270676692,0.8757062146892656,0.881683731513083,"[[33, 24], [20, 155]]","{'NON_SIF_POTENTIAL': 53, 'SIF_POTENTIAL': 179}",0.49999999999999994,0.6,44,0.1896551724137931,0.8103448275862069,37,151,11
through_annotation_batch_02,tfidf,1.0,balanced,"[np.int64(0), np.int64(1)]",1,0.5499999999999999,155,24,33,20,0.8659217877094972,0.8857142857142857,0.5789473684210527,0.7323308270676692,0.8757062146892656,0.881683731513083,"[[33, 24], [20, 155]]","{'NON_SIF_POTENTIAL': 53, 'SIF_POTENTIAL': 179}",0.44999999999999996,0.6499999999999999,74,0.31896551724137934,0.6810344827586207,30,128,7
through_annotation_batch_02,tfidf,1.0,balanced,"[np.int64(0), np.int64(1)]",1,0.5999999999999999,137,14,43,38,0.9072847682119205,0.7828571428571428,0.7543859649122807,0.7686215538847118,0.8404907975460123,0.8049353701527614,"[[43, 14], [38, 137]]","{'NON_SIF_POTENTIAL': 81, 'SIF_POTENTIAL': 151}",0.5499999999999998,0.6499999999999999,51,0.21982758620689655,0.7801724137931034,53,128,20
through_annotation_batch_02,tfidf,1.0,balanced,"[np.int64(0), np.int64(1)]",1,0.5999999999999999,137,14,43,38,0.9072847682119205,0.7828571428571428,0.7543859649122807,0.7686215538847118,0.8404907975460123,0.8049353701527614,"[[43, 14], [38, 137]]","{'NON_SIF_POTENTIAL': 81, 'SIF_POTENTIAL': 151}",0.4999999999999999,0.6999999999999998,94,0.4051724137931034,0.5948275862068966,37,101,11
through_annotation_batch_02,tfidf,1.0,balanced,"[np.int64(0), np.int64(1)]",1,0.6499999999999999,123,5,52,52,0.9609375,0.7028571428571428,0.9122807017543859,0.8075689223057644,0.8118811881188119,0.7427536231884058,"[[52, 5], [52, 123]]","{'NON_SIF_POTENTIAL': 104, 'SIF_POTENTIAL': 128}",0.5999999999999999,0.7,50,0.21551724137931033,0.7844827586206896,81,101,38
through_annotation_batch_02,tfidf,1.0,balanced,"[np.int64(0), np.int64(1)]",1,0.6499999999999999,123,5,52,52,0.9609375,0.7028571428571428,0.9122807017543859,0.8075689223057644,0.8118811881188119,0.7427536231884058,"[[52, 5], [52, 123]]","{'NON_SIF_POTENTIAL': 104, 'SIF_POTENTIAL': 128}",0.5499999999999999,0.7499999999999999,110,0.47413793103448276,0.5258620689655172,53,69,20
through_annotation_batch_02,tfidf,1.0,balanced,"[np.int64(0), np.int64(1)]",1,0.7,98,3,54,77,0.9702970297029703,0.56,0.9473684210526315,0.7536842105263157,0.7101449275362319,0.6117353308364544,"[[54, 3], [77, 98]]","{'NON_SIF_POTENTIAL': 131, 'SIF_POTENTIAL': 101}",0.6499999999999999,0.75,59,0.2543103448275862,0.7456896551724138,104,69,52
through_annotation_batch_02,tfidf,1.0,balanced,"[np.int64(0), np.int64(1)]",1,0.7,98,3,54,77,0.9702970297029703,0.56,0.9473684210526315,0.7536842105263157,0.7101449275362319,0.6117353308364544,"[[54, 3], [77, 98]]","{'NON_SIF_POTENTIAL': 131, 'SIF_POTENTIAL': 101}",0.6,0.7999999999999999,109,0.4698275862068966,0.5301724137931034,81,42,38
through_annotation_batch_02,tfidf,1.0,balanced,"[np.int64(0), np.int64(1)]",1,0.7499999999999998,68,1,56,107,0.9855072463768116,0.38857142857142857,0.9824561403508771,0.6855137844611529,0.5573770491803278,0.4421326397919376,"[[56, 1], [107, 68]]","{'NON_SIF_POTENTIAL': 163, 'SIF_POTENTIAL': 69}",0.6999999999999997,0.7999999999999998,59,0.2543103448275862,0.7456896551724138,131,42,77
through_annotation_batch_02,tfidf,1.0,balanced,"[np.int64(0), np.int64(1)]",1,0.7499999999999998,68,1,56,107,0.9855072463768116,0.38857142857142857,0.9824561403508771,0.6855137844611529,0.5573770491803278,0.4421326397919376,"[[56, 1], [107, 68]]","{'NON_SIF_POTENTIAL': 163, 'SIF_POTENTIAL': 69}",0.6499999999999998,0.8499999999999998,115,0.4956896551724138,0.5043103448275862,104,13,52
through_annotation_batch_02,tfidf,1.0,balanced,"[np.int64(0), np.int64(1)]",1,0.7999999999999998,42,0,57,133,1.0,0.24,1.0,0.62,0.3870967741935484,0.2830188679245283,"[[57, 0], [133, 42]]","{'NON_SIF_POTENTIAL': 190, 'SIF_POTENTIAL': 42}",0.7499999999999998,0.8499999999999999,56,0.2413793103448276,0.7586206896551724,163,13,107
through_annotation_batch_02,tfidf,1.0,balanced,"[np.int64(0), np.int64(1)]",1,0.7999999999999998,42,0,57,133,1.0,0.24,1.0,0.62,0.3870967741935484,0.2830188679245283,"[[57, 0], [133, 42]]","{'NON_SIF_POTENTIAL': 190, 'SIF_POTENTIAL': 42}",0.6999999999999998,0.8999999999999998,100,0.43103448275862066,0.5689655172413793,131,1,77
through_annotation_batch_02,tfidf,1.0,non_sif_1_5,"[np.int64(0), np.int64(1)]",1,0.2,175,57,0,0,0.7543103448275862,1.0,0.0,0.5,0.85995085995086,0.9388412017167381,"[[0, 57], [0, 175]]","{'NON_SIF_POTENTIAL': 0, 'SIF_POTENTIAL': 232}",0.15000000000000002,0.25,2,0.008620689655172414,0.9913793103448276,0,230,0
through_annotation_batch_02,tfidf,1.0,non_sif_1_5,"[np.int64(0), np.int64(1)]",1,0.2,175,57,0,0,0.7543103448275862,1.0,0.0,0.5,0.85995085995086,0.9388412017167381,"[[0, 57], [0, 175]]","{'NON_SIF_POTENTIAL': 0, 'SIF_POTENTIAL': 232}",0.1,0.30000000000000004,4,0.017241379310344827,0.9827586206896551,0,228,0
through_annotation_batch_02,tfidf,1.0,non_sif_1_5,"[np.int64(0), np.int64(1)]",1,0.25,175,55,2,0,0.7608695652173914,1.0,0.03508771929824561,0.5175438596491229,0.8641975308641975,0.9408602150537635,"[[2, 55], [0, 175]]","{'NON_SIF_POTENTIAL': 2, 'SIF_POTENTIAL': 230}",0.2,0.3,4,0.017241379310344827,0.9827586206896551,0,228,0
through_annotation_batch_02,tfidf,1.0,non_sif_1_5,"[np.int64(0), np.int64(1)]",1,0.25,175,55,2,0,0.7608695652173914,1.0,0.03508771929824561,0.5175438596491229,0.8641975308641975,0.9408602150537635,"[[2, 55], [0, 175]]","{'NON_SIF_POTENTIAL': 2, 'SIF_POTENTIAL': 230}",0.15,0.35,4,0.017241379310344827,0.9827586206896551,0,228,0
through_annotation_batch_02,tfidf,1.0,non_sif_1_5,"[np.int64(0), np.int64(1)]",1,0.3,175,53,4,0,0.7675438596491229,1.0,0.07017543859649122,0.5350877192982456,0.8684863523573201,0.9428879310344828,"[[4, 53], [0, 175]]","{'NON_SIF_POTENTIAL': 4, 'SIF_POTENTIAL': 228}",0.25,0.35,2,0.008620689655172414,0.9913793103448276,2,228,0
through_annotation_batch_02,tfidf,1.0,non_sif_1_5,"[np.int64(0), np.int64(1)]",1,0.3,175,53,4,0,0.7675438596491229,1.0,0.07017543859649122,0.5350877192982456,0.8684863523573201,0.9428879310344828,"[[4, 53], [0, 175]]","{'NON_SIF_POTENTIAL': 4, 'SIF_POTENTIAL': 228}",0.19999999999999998,0.4,5,0.021551724137931036,0.978448275862069,0,227,0
through_annotation_batch_02,tfidf,1.0,non_sif_1_5,"[np.int64(0), np.int64(1)]",1,0.35,175,53,4,0,0.7675438596491229,1.0,0.07017543859649122,0.5350877192982456,0.8684863523573201,0.9428879310344828,"[[4, 53], [0, 175]]","{'NON_SIF_POTENTIAL': 4, 'SIF_POTENTIAL': 228}",0.3,0.39999999999999997,1,0.004310344827586207,0.9956896551724138,4,227,0
through_annotation_batch_02,tfidf,1.0,non_sif_1_5,"[np.int64(0), np.int64(1)]",1,0.35,175,53,4,0,0.7675438596491229,1.0,0.07017543859649122,0.5350877192982456,0.8684863523573201,0.9428879310344828,"[[4, 53], [0, 175]]","{'NON_SIF_POTENTIAL': 4, 'SIF_POTENTIAL': 228}",0.24999999999999997,0.44999999999999996,6,0.02586206896551724,0.9741379310344828,2,224,0
through_annotation_batch_02,tfidf,1.0,non_sif_1_5,"[np.int64(0), np.int64(1)]",1,0.39999999999999997,175,52,5,0,0.7709251101321586,1.0,0.08771929824561403,0.543859649122807,0.8706467661691543,0.9439050701186623,"[[5, 52], [0, 175]]","{'NON_SIF_POTENTIAL': 5, 'SIF_POTENTIAL': 227}",0.35,0.44999999999999996,4,0.017241379310344827,0.9827586206896551,4,224,0
through_annotation_batch_02,tfidf,1.0,non_sif_1_5,"[np.int64(0), np.int64(1)]",1,0.39999999999999997,175,52,5,0,0.7709251101321586,1.0,0.08771929824561403,0.543859649122807,0.8706467661691543,0.9439050701186623,"[[5, 52], [0, 175]]","{'NON_SIF_POTENTIAL': 5, 'SIF_POTENTIAL': 227}",0.29999999999999993,0.5,10,0.04310344827586207,0.9568965517241379,4,218,0
through_annotation_batch_02,tfidf,1.0,non_sif_1_5,"[np.int64(0), np.int64(1)]",1,0.44999999999999996,175,49,8,0,0.78125,1.0,0.14035087719298245,0.5701754385964912,0.8771929824561403,0.946969696969697,"[[8, 49], [0, 175]]","{'NON_SIF_POTENTIAL': 8, 'SIF_POTENTIAL': 224}",0.39999999999999997,0.49999999999999994,9,0.03879310344827586,0.9612068965517241,5,218,0
through_annotation_batch_02,tfidf,1.0,non_sif_1_5,"[np.int64(0), np.int64(1)]",1,0.44999999999999996,175,49,8,0,0.78125,1.0,0.14035087719298245,0.5701754385964912,0.8771929824561403,0.946969696969697,"[[8, 49], [0, 175]]","{'NON_SIF_POTENTIAL': 8, 'SIF_POTENTIAL': 224}",0.35,0.5499999999999999,16,0.06896551724137931,0.9310344827586207,4,212,0
through_annotation_batch_02,tfidf,1.0,non_sif_1_5,"[np.int64(0), np.int64(1)]",1,0.49999999999999994,174,44,13,1,0.7981651376146789,0.9942857142857143,0.22807017543859648,0.6111779448621554,0.8854961832061069,0.9477124183006536,"[[13, 44], [1, 174]]","{'NON_SIF_POTENTIAL': 14, 'SIF_POTENTIAL': 218}",0.44999999999999996,0.5499999999999999,12,0.05172413793103448,0.9482758620689655,8,212,0
through_annotation_batch_02,tfidf,1.0,non_sif_1_5,"[np.int64(0), np.int64(1)]",1,0.49999999999999994,174,44,13,1,0.7981651376146789,0.9942857142857143,0.22807017543859648,0.6111779448621554,0.8854961832061069,0.9477124183006536,"[[13, 44], [1, 174]]","{'NON_SIF_POTENTIAL': 14, 'SIF_POTENTIAL': 218}",0.3999999999999999,0.6,23,0.09913793103448276,0.9008620689655172,5,204,0
through_annotation_batch_02,tfidf,1.0,non_sif_1_5,"[np.int64(0), np.int64(1)]",1,0.5499999999999999,172,40,17,3,0.8113207547169812,0.9828571428571429,0.2982456140350877,0.6405513784461153,0.8888888888888888,0.9429824561403507,"[[17, 40], [3, 172]]","{'NON_SIF_POTENTIAL': 20, 'SIF_POTENTIAL': 212}",0.49999999999999994,0.6,14,0.0603448275862069,0.9396551724137931,14,204,1
through_annotation_batch_02,tfidf,1.0,non_sif_1_5,"[np.int64(0), np.int64(1)]",1,0.5499999999999999,172,40,17,3,0.8113207547169812,0.9828571428571429,0.2982456140350877,0.6405513784461153,0.8888888888888888,0.9429824561403507,"[[17, 40], [3, 172]]","{'NON_SIF_POTENTIAL': 20, 'SIF_POTENTIAL': 212}",0.44999999999999996,0.6499999999999999,29,0.125,0.875,8,195,0
through_annotation_batch_02,tfidf,1.0,non_sif_1_5,"[np.int64(0), np.int64(1)]",1,0.5999999999999999,168,36,21,7,0.8235294117647058,0.96,0.3684210526315789,0.6642105263157895,0.8865435356200527,0.9292035398230087,"[[21, 36], [7, 168]]","{'NON_SIF_POTENTIAL': 28, 'SIF_POTENTIAL': 204}",0.5499999999999998,0.6499999999999999,17,0.07327586206896551,0.9267241379310345,20,195,3
through_annotation_batch_02,tfidf,1.0,non_sif_1_5,"[np.int64(0), np.int64(1)]",1,0.5999999999999999,168,36,21,7,0.8235294117647058,0.96,0.3684210526315789,0.6642105263157895,0.8865435356200527,0.9292035398230087,"[[21, 36], [7, 168]]","{'NON_SIF_POTENTIAL': 28, 'SIF_POTENTIAL': 204}",0.4999999999999999,0.6999999999999998,41,0.17672413793103448,0.8232758620689655,14,177,1
through_annotation_batch_02,tfidf,1.0,non_sif_1_5,"[np.int64(0), np.int64(1)]",1,0.6499999999999999,164,31,26,11,0.841025641025641,0.9371428571428572,0.45614035087719296,0.6966416040100251,0.8864864864864865,0.9162011173184358,"[[26, 31], [11, 164]]","{'NON_SIF_POTENTIAL': 37, 'SIF_POTENTIAL': 195}",0.5999999999999999,0.7,27,0.11637931034482758,0.8836206896551724,28,177,7
through_annotation_batch_02,tfidf,1.0,non_sif_1_5,"[np.int64(0), np.int64(1)]",1,0.6499999999999999,164,31,26,11,0.841025641025641,0.9371428571428572,0.45614035087719296,0.6966416040100251,0.8864864864864865,0.9162011173184358,"[[26, 31], [11, 164]]","{'NON_SIF_POTENTIAL': 37, 'SIF_POTENTIAL': 195}",0.5499999999999999,0.7499999999999999,64,0.27586206896551724,0.7241379310344828,20,148,3
through_annotation_batch_02,tfidf,1.0,non_sif_1_5,"[np.int64(0), np.int64(1)]",1,0.7,154,23,34,21,0.8700564971751412,0.88,0.5964912280701754,0.7382456140350877,0.875,0.8779931584948689,"[[34, 23], [21, 154]]","{'NON_SIF_POTENTIAL': 55, 'SIF_POTENTIAL': 177}",0.6499999999999999,0.75,47,0.2025862068965517,0.7974137931034483,37,148,11
through_annotation_batch_02,tfidf,1.0,non_sif_1_5,"[np.int64(0), np.int64(1)]",1,0.7,154,23,34,21,0.8700564971751412,0.88,0.5964912280701754,0.7382456140350877,0.875,0.8779931584948689,"[[34, 23], [21, 154]]","{'NON_SIF_POTENTIAL': 55, 'SIF_POTENTIAL': 177}",0.6,0.7999999999999999,90,0.3879310344827586,0.6120689655172413,28,114,7
through_annotation_batch_02,tfidf,1.0,non_sif_1_5,"[np.int64(0), np.int64(1)]",1,0.7499999999999998,137,11,46,38,0.9256756756756757,0.7828571428571428,0.8070175438596491,0.7949373433583959,0.848297213622291,0.8077830188679244,"[[46, 11], [38, 137]]","{'NON_SIF_POTENTIAL': 84, 'SIF_POTENTIAL': 148}",0.6999999999999997,0.7999999999999998,63,0.27155172413793105,0.728448275862069,55,114,21
through_annotation_batch_02,tfidf,1.0,non_sif_1_5,"[np.int64(0), np.int64(1)]",1,0.7499999999999998,137,11,46,38,0.9256756756756757,0.7828571428571428,0.8070175438596491,0.7949373433583959,0.848297213622291,0.8077830188679244,"[[46, 11], [38, 137]]","{'NON_SIF_POTENTIAL': 84, 'SIF_POTENTIAL': 148}",0.6499999999999998,0.8499999999999998,127,0.5474137931034483,0.4525862068965517,37,68,11
through_annotation_batch_02,tfidf,1.0,non_sif_1_5,"[np.int64(0), np.int64(1)]",1,0.7999999999999998,109,5,52,66,0.956140350877193,0.6228571428571429,0.9122807017543859,0.7675689223057645,0.754325259515571,0.6695331695331694,"[[52, 5], [66, 109]]","{'NON_SIF_POTENTIAL': 118, 'SIF_POTENTIAL': 114}",0.7499999999999998,0.8499999999999999,80,0.3448275862068966,0.6551724137931034,84,68,38
through_annotation_batch_02,tfidf,1.0,non_sif_1_5,"[np.int64(0), np.int64(1)]",1,0.7999999999999998,109,5,52,66,0.956140350877193,0.6228571428571429,0.9122807017543859,0.7675689223057645,0.754325259515571,0.6695331695331694,"[[52, 5], [66, 109]]","{'NON_SIF_POTENTIAL': 118, 'SIF_POTENTIAL': 114}",0.6999999999999998,0.8999999999999998,151,0.6508620689655172,0.34913793103448276,55,26,21
through_annotation_batch_02,tfidf,2.0,none,"[np.int64(0), np.int64(1)]",1,0.2,175,56,1,0,0.7575757575757576,1.0,0.017543859649122806,0.5087719298245614,0.8620689655172413,0.9398496240601504,"[[1, 56], [0, 175]]","{'NON_SIF_POTENTIAL': 1, 'SIF_POTENTIAL': 231}",0.15000000000000002,0.25,3,0.01293103448275862,0.9870689655172413,0,229,0
through_annotation_batch_02,tfidf,2.0,none,"[np.int64(0), np.int64(1)]",1,0.2,175,56,1,0,0.7575757575757576,1.0,0.017543859649122806,0.5087719298245614,0.8620689655172413,0.9398496240601504,"[[1, 56], [0, 175]]","{'NON_SIF_POTENTIAL': 1, 'SIF_POTENTIAL': 231}",0.1,0.30000000000000004,4,0.017241379310344827,0.9827586206896551,0,228,0
through_annotation_batch_02,tfidf,2.0,none,"[np.int64(0), np.int64(1)]",1,0.25,175,54,3,0,0.7641921397379913,1.0,0.05263157894736842,0.5263157894736842,0.8663366336633663,0.9418729817007534,"[[3, 54], [0, 175]]","{'NON_SIF_POTENTIAL': 3, 'SIF_POTENTIAL': 229}",0.2,0.3,3,0.01293103448275862,0.9870689655172413,1,228,0
through_annotation_batch_02,tfidf,2.0,none,"[np.int64(0), np.int64(1)]",1,0.25,175,54,3,0,0.7641921397379913,1.0,0.05263157894736842,0.5263157894736842,0.8663366336633663,0.9418729817007534,"[[3, 54], [0, 175]]","{'NON_SIF_POTENTIAL': 3, 'SIF_POTENTIAL': 229}",0.15,0.35,4,0.017241379310344827,0.9827586206896551,0,228,0
through_annotation_batch_02,tfidf,2.0,none,"[np.int64(0), np.int64(1)]",1,0.3,175,53,4,0,0.7675438596491229,1.0,0.07017543859649122,0.5350877192982456,0.8684863523573201,0.9428879310344828,"[[4, 53], [0, 175]]","{'NON_SIF_POTENTIAL': 4, 'SIF_POTENTIAL': 228}",0.25,0.35,1,0.004310344827586207,0.9956896551724138,3,228,0
through_annotation_batch_02,tfidf,2.0,none,"[np.int64(0), np.int64(1)]",1,0.3,175,53,4,0,0.7675438596491229,1.0,0.07017543859649122,0.5350877192982456,0.8684863523573201,0.9428879310344828,"[[4, 53], [0, 175]]","{'NON_SIF_POTENTIAL': 4, 'SIF_POTENTIAL': 228}",0.19999999999999998,0.4,4,0.017241379310344827,0.9827586206896551,1,227,0
through_annotation_batch_02,tfidf,2.0,none,"[np.int64(0), np.int64(1)]",1,0.35,175,53,4,0,0.7675438596491229,1.0,0.07017543859649122,0.5350877192982456,0.8684863523573201,0.9428879310344828,"[[4, 53], [0, 175]]","{'NON_SIF_POTENTIAL': 4, 'SIF_POTENTIAL': 228}",0.3,0.39999999999999997,1,0.004310344827586207,0.9956896551724138,4,227,0
through_annotation_batch_02,tfidf,2.0,none,"[np.int64(0), np.int64(1)]",1,0.35,175,53,4,0,0.7675438596491229,1.0,0.07017543859649122,0.5350877192982456,0.8684863523573201,0.9428879310344828,"[[4, 53], [0, 175]]","{'NON_SIF_POTENTIAL': 4, 'SIF_POTENTIAL': 228}",0.24999999999999997,0.44999999999999996,3,0.01293103448275862,0.9870689655172413,3,226,0
through_annotation_batch_02,tfidf,2.0,none,"[np.int64(0), np.int64(1)]",1,0.39999999999999997,175,52,5,0,0.7709251101321586,1.0,0.08771929824561403,0.543859649122807,0.8706467661691543,0.9439050701186623,"[[5, 52], [0, 175]]","{'NON_SIF_POTENTIAL': 5, 'SIF_POTENTIAL': 227}",0.35,0.44999999999999996,2,0.008620689655172414,0.9913793103448276,4,226,0
through_annotation_batch_02,tfidf,2.0,none,"[np.int64(0), np.int64(1)]",1,0.39999999999999997,175,52,5,0,0.7709251101321586,1.0,0.08771929824561403,0.543859649122807,0.8706467661691543,0.9439050701186623,"[[5, 52], [0, 175]]","{'NON_SIF_POTENTIAL': 5, 'SIF_POTENTIAL': 227}",0.29999999999999993,0.5,7,0.03017241379310345,0.9698275862068966,4,221,0
through_annotation_batch_02,tfidf,2.0,none,"[np.int64(0), np.int64(1)]",1,0.44999999999999996,175,51,6,0,0.7743362831858407,1.0,0.10526315789473684,0.5526315789473684,0.8728179551122195,0.9449244060475163,"[[6, 51], [0, 175]]","{'NON_SIF_POTENTIAL': 6, 'SIF_POTENTIAL': 226}",0.39999999999999997,0.49999999999999994,6,0.02586206896551724,0.9741379310344828,5,221,0
through_annotation_batch_02,tfidf,2.0,none,"[np.int64(0), np.int64(1)]",1,0.44999999999999996,175,51,6,0,0.7743362831858407,1.0,0.10526315789473684,0.5526315789473684,0.8728179551122195,0.9449244060475163,"[[6, 51], [0, 175]]","{'NON_SIF_POTENTIAL': 6, 'SIF_POTENTIAL': 226}",0.35,0.5499999999999999,11,0.04741379310344827,0.9525862068965517,4,217,0
through_annotation_batch_02,tfidf,2.0,none,"[np.int64(0), np.int64(1)]",1,0.49999999999999994,175,46,11,0,0.7918552036199095,1.0,0.19298245614035087,0.5964912280701754,0.8838383838383839,0.9500542888165039,"[[11, 46], [0, 175]]","{'NON_SIF_POTENTIAL': 11, 'SIF_POTENTIAL': 221}",0.44999999999999996,0.5499999999999999,9,0.03879310344827586,0.9612068965517241,6,217,0
through_annotation_batch_02,tfidf,2.0,none,"[np.int64(0), np.int64(1)]",1,0.49999999999999994,175,46,11,0,0.7918552036199095,1.0,0.19298245614035087,0.5964912280701754,0.8838383838383839,0.9500542888165039,"[[11, 46], [0, 175]]","{'NON_SIF_POTENTIAL': 11, 'SIF_POTENTIAL': 221}",0.3999999999999999,0.6,18,0.07758620689655173,0.9224137931034483,5,209,0
through_annotation_batch_02,tfidf,2.0,none,"[np.int64(0), np.int64(1)]",1,0.5499999999999999,174,43,14,1,0.8018433179723502,0.9942857142857143,0.24561403508771928,0.6199498746867168,0.8877551020408163,0.9487459105779716,"[[14, 43], [1, 174]]","{'NON_SIF_POTENTIAL': 15, 'SIF_POTENTIAL': 217}",0.49999999999999994,0.6,12,0.05172413793103448,0.9482758620689655,11,209,0
through_annotation_batch_02,tfidf,2.0,none,"[np.int64(0), np.int64(1)]",1,0.5499999999999999,174,43,14,1,0.8018433179723502,0.9942857142857143,0.24561403508771928,0.6199498746867168,0.8877551020408163,0.9487459105779716,"[[14, 43], [1, 174]]","{'NON_SIF_POTENTIAL': 15, 'SIF_POTENTIAL': 217}",0.44999999999999996,0.6499999999999999,23,0.09913793103448276,0.9008620689655172,6,203,0
through_annotation_batch_02,tfidf,2.0,none,"[np.int64(0), np.int64(1)]",1,0.5999999999999999,171,38,19,4,0.8181818181818182,0.9771428571428571,0.3333333333333333,0.6552380952380952,0.890625,0.9405940594059404,"[[19, 38], [4, 171]]","{'NON_SIF_POTENTIAL': 23, 'SIF_POTENTIAL': 209}",0.5499999999999998,0.6499999999999999,14,0.0603448275862069,0.9396551724137931,15,203,1
through_annotation_batch_02,tfidf,2.0,none,"[np.int64(0), np.int64(1)]",1,0.5999999999999999,171,38,19,4,0.8181818181818182,0.9771428571428571,0.3333333333333333,0.6552380952380952,0.890625,0.9405940594059404,"[[19, 38], [4, 171]]","{'NON_SIF_POTENTIAL': 23, 'SIF_POTENTIAL': 209}",0.4999999999999999,0.6999999999999998,26,0.11206896551724138,0.8879310344827587,11,195,0
through_annotation_batch_02,tfidf,2.0,none,"[np.int64(0), np.int64(1)]",1,0.6499999999999999,168,35,22,7,0.8275862068965517,0.96,0.38596491228070173,0.6729824561403508,0.8888888888888888,0.9302325581395348,"[[22, 35], [7, 168]]","{'NON_SIF_POTENTIAL': 29, 'SIF_POTENTIAL': 203}",0.5999999999999999,0.7,14,0.0603448275862069,0.9396551724137931,23,195,4
through_annotation_batch_02,tfidf,2.0,none,"[np.int64(0), np.int64(1)]",1,0.6499999999999999,168,35,22,7,0.8275862068965517,0.96,0.38596491228070173,0.6729824561403508,0.8888888888888888,0.9302325581395348,"[[22, 35], [7, 168]]","{'NON_SIF_POTENTIAL': 29, 'SIF_POTENTIAL': 203}",0.5499999999999999,0.7499999999999999,34,0.14655172413793102,0.853448275862069,15,183,1
through_annotation_batch_02,tfidf,2.0,none,"[np.int64(0), np.int64(1)]",1,0.7,164,31,26,11,0.841025641025641,0.9371428571428572,0.45614035087719296,0.6966416040100251,0.8864864864864865,0.9162011173184358,"[[26, 31], [11, 164]]","{'NON_SIF_POTENTIAL': 37, 'SIF_POTENTIAL': 195}",0.6499999999999999,0.75,20,0.08620689655172414,0.9137931034482759,29,183,7
through_annotation_batch_02,tfidf,2.0,none,"[np.int64(0), np.int64(1)]",1,0.7,164,31,26,11,0.841025641025641,0.9371428571428572,0.45614035087719296,0.6966416040100251,0.8864864864864865,0.9162011173184358,"[[26, 31], [11, 164]]","{'NON_SIF_POTENTIAL': 37, 'SIF_POTENTIAL': 195}",0.6,0.7999999999999999,53,0.22844827586206898,0.771551724137931,23,156,4
through_annotation_batch_02,tfidf,2.0,none,"[np.int64(0), np.int64(1)]",1,0.7499999999999998,159,24,33,16,0.8688524590163934,0.9085714285714286,0.5789473684210527,0.7437593984962406,0.888268156424581,0.9003397508493772,"[[33, 24], [16, 159]]","{'NON_SIF_POTENTIAL': 49, 'SIF_POTENTIAL': 183}",0.6999999999999997,0.7999999999999998,39,0.16810344827586207,0.8318965517241379,37,156,11
through_annotation_batch_02,tfidf,2.0,none,"[np.int64(0), np.int64(1)]",1,0.7499999999999998,159,24,33,16,0.8688524590163934,0.9085714285714286,0.5789473684210527,0.7437593984962406,0.888268156424581,0.9003397508493772,"[[33, 24], [16, 159]]","{'NON_SIF_POTENTIAL': 49, 'SIF_POTENTIAL': 183}",0.6499999999999998,0.8499999999999998,80,0.3448275862068966,0.6551724137931034,29,123,7
through_annotation_batch_02,tfidf,2.0,none,"[np.int64(0), np.int64(1)]",1,0.7999999999999998,140,16,41,35,0.8974358974358975,0.8,0.7192982456140351,0.7596491228070176,0.8459214501510574,0.8177570093457943,"[[41, 16], [35, 140]]","{'NON_SIF_POTENTIAL': 76, 'SIF_POTENTIAL': 156}",0.7499999999999998,0.8499999999999999,60,0.25862068965517243,0.7413793103448276,49,123,16
through_annotation_batch_02,tfidf,2.0,none,"[np.int64(0), np.int64(1)]",1,0.7999999999999998,140,16,41,35,0.8974358974358975,0.8,0.7192982456140351,0.7596491228070176,0.8459214501510574,0.8177570093457943,"[[41, 16], [35, 140]]","{'NON_SIF_POTENTIAL': 76, 'SIF_POTENTIAL': 156}",0.6999999999999998,0.8999999999999998,124,0.5344827586206896,0.46551724137931033,37,71,11
through_annotation_batch_02,tfidf,2.0,balanced,"[np.int64(0), np.int64(1)]",1,0.2,175,52,5,0,0.7709251101321586,1.0,0.08771929824561403,0.543859649122807,0.8706467661691543,0.9439050701186623,"[[5, 52], [0, 175]]","{'NON_SIF_POTENTIAL': 5, 'SIF_POTENTIAL': 227}",0.15000000000000002,0.25,3,0.01293103448275862,0.9870689655172413,4,225,0
through_annotation_batch_02,tfidf,2.0,balanced,"[np.int64(0), np.int64(1)]",1,0.2,175,52,5,0,0.7709251101321586,1.0,0.08771929824561403,0.543859649122807,0.8706467661691543,0.9439050701186623,"[[5, 52], [0, 175]]","{'NON_SIF_POTENTIAL': 5, 'SIF_POTENTIAL': 227}",0.1,0.30000000000000004,11,0.04741379310344827,0.9525862068965517,3,218,0
through_annotation_batch_02,tfidf,2.0,balanced,"[np.int64(0), np.int64(1)]",1,0.25,175,50,7,0,0.7777777777777778,1.0,0.12280701754385964,0.5614035087719298,0.875,0.945945945945946,"[[7, 50], [0, 175]]","{'NON_SIF_POTENTIAL': 7, 'SIF_POTENTIAL': 225}",0.2,0.3,9,0.03879310344827586,0.9612068965517241,5,218,0
through_annotation_batch_02,tfidf,2.0,balanced,"[np.int64(0), np.int64(1)]",1,0.25,175,50,7,0,0.7777777777777778,1.0,0.12280701754385964,0.5614035087719298,0.875,0.945945945945946,"[[7, 50], [0, 175]]","{'NON_SIF_POTENTIAL': 7, 'SIF_POTENTIAL': 225}",0.15,0.35,14,0.0603448275862069,0.9396551724137931,4,214,0
through_annotation_batch_02,tfidf,2.0,balanced,"[np.int64(0), np.int64(1)]",1,0.3,174,44,13,1,0.7981651376146789,0.9942857142857143,0.22807017543859648,0.6111779448621554,0.8854961832061069,0.9477124183006536,"[[13, 44], [1, 174]]","{'NON_SIF_POTENTIAL': 14, 'SIF_POTENTIAL': 218}",0.25,0.35,11,0.04741379310344827,0.9525862068965517,7,214,0
through_annotation_batch_02,tfidf,2.0,balanced,"[np.int64(0), np.int64(1)]",1,0.3,174,44,13,1,0.7981651376146789,0.9942857142857143,0.22807017543859648,0.6111779448621554,0.8854961832061069,0.9477124183006536,"[[13, 44], [1, 174]]","{'NON_SIF_POTENTIAL': 14, 'SIF_POTENTIAL': 218}",0.19999999999999998,0.4,21,0.09051724137931035,0.9094827586206896,5,206,0
through_annotation_batch_02,tfidf,2.0,balanced,"[np.int64(0), np.int64(1)]",1,0.35,172,42,15,3,0.8037383177570093,0.9828571428571429,0.2631578947368421,0.6230075187969925,0.884318766066838,0.9409190371991248,"[[15, 42], [3, 172]]","{'NON_SIF_POTENTIAL': 18, 'SIF_POTENTIAL': 214}",0.3,0.39999999999999997,12,0.05172413793103448,0.9482758620689655,14,206,1
through_annotation_batch_02,tfidf,2.0,balanced,"[np.int64(0), np.int64(1)]",1,0.35,172,42,15,3,0.8037383177570093,0.9828571428571429,0.2631578947368421,0.6230075187969925,0.884318766066838,0.9409190371991248,"[[15, 42], [3, 172]]","{'NON_SIF_POTENTIAL': 18, 'SIF_POTENTIAL': 214}",0.24999999999999997,0.44999999999999996,23,0.09913793103448276,0.9008620689655172,7,202,0
through_annotation_batch_02,tfidf,2.0,balanced,"[np.int64(0), np.int64(1)]",1,0.39999999999999997,170,36,21,5,0.8252427184466019,0.9714285714285714,0.3684210526315789,0.6699248120300751,0.8923884514435696,0.9381898454746136,"[[21, 36], [5, 170]]","{'NON_SIF_POTENTIAL': 26, 'SIF_POTENTIAL': 206}",0.35,0.44999999999999996,12,0.05172413793103448,0.9482758620689655,18,202,3
through_annotation_batch_02,tfidf,2.0,balanced,"[np.int64(0), np.int64(1)]",1,0.39999999999999997,170,36,21,5,0.8252427184466019,0.9714285714285714,0.3684210526315789,0.6699248120300751,0.8923884514435696,0.9381898454746136,"[[21, 36], [5, 170]]","{'NON_SIF_POTENTIAL': 26, 'SIF_POTENTIAL': 206}",0.29999999999999993,0.5,23,0.09913793103448276,0.9008620689655172,14,195,1
through_annotation_batch_02,tfidf,2.0,balanced,"[np.int64(0), np.int64(1)]",1,0.44999999999999996,168,34,23,7,0.8316831683168316,0.96,0.40350877192982454,0.6817543859649122,0.8912466843501327,0.9312638580931263,"[[23, 34], [7, 168]]","{'NON_SIF_POTENTIAL': 30, 'SIF_POTENTIAL': 202}",0.39999999999999997,0.49999999999999994,11,0.04741379310344827,0.9525862068965517,26,195,5
through_annotation_batch_02,tfidf,2.0,balanced,"[np.int64(0), np.int64(1)]",1,0.44999999999999996,168,34,23,7,0.8316831683168316,0.96,0.40350877192982454,0.6817543859649122,0.8912466843501327,0.9312638580931263,"[[23, 34], [7, 168]]","{'NON_SIF_POTENTIAL': 30, 'SIF_POTENTIAL': 202}",0.35,0.5499999999999999,29,0.125,0.875,18,185,3
through_annotation_batch_02,tfidf,2.0,balanced,"[np.int64(0), np.int64(1)]",1,0.49999999999999994,164,31,26,11,0.841025641025641,0.9371428571428572,0.45614035087719296,0.6966416040100251,0.8864864864864865,0.9162011173184358,"[[26, 31], [11, 164]]","{'NON_SIF_POTENTIAL': 37, 'SIF_POTENTIAL': 195}",0.44999999999999996,0.5499999999999999,17,0.07327586206896551,0.9267241379310345,30,185,7
through_annotation_batch_02,tfidf,2.0,balanced,"[np.int64(0), np.int64(1)]",1,0.49999999999999994,164,31,26,11,0.841025641025641,0.9371428571428572,0.45614035087719296,0.6966416040100251,0.8864864864864865,0.9162011173184358,"[[26, 31], [11, 164]]","{'NON_SIF_POTENTIAL': 37, 'SIF_POTENTIAL': 195}",0.3999999999999999,0.6,36,0.15517241379310345,0.8448275862068966,26,170,5
through_annotation_batch_02,tfidf,2.0,balanced,"[np.int64(0), np.int64(1)]",1,0.5499999999999999,159,26,31,16,0.8594594594594595,0.9085714285714286,0.543859649122807,0.7262155388471179,0.8833333333333333,0.8983050847457628,"[[31, 26], [16, 159]]","{'NON_SIF_POTENTIAL': 47, 'SIF_POTENTIAL': 185}",0.49999999999999994,0.6,25,0.10775862068965517,0.8922413793103449,37,170,11
through_annotation_batch_02,tfidf,2.0,balanced,"[np.int64(0), np.int64(1)]",1,0.5499999999999999,159,26,31,16,0.8594594594594595,0.9085714285714286,0.543859649122807,0.7262155388471179,0.8833333333333333,0.8983050847457628,"[[31, 26], [16, 159]]","{'NON_SIF_POTENTIAL': 47, 'SIF_POTENTIAL': 185}",0.44999999999999996,0.6499999999999999,52,0.22413793103448276,0.7758620689655172,30,150,7
through_annotation_batch_02,tfidf,2.0,balanced,"[np.int64(0), np.int64(1)]",1,0.5999999999999999,149,21,36,26,0.8764705882352941,0.8514285714285714,0.631578947368421,0.7415037593984962,0.863768115942029,0.8563218390804599,"[[36, 21], [26, 149]]","{'NON_SIF_POTENTIAL': 62, 'SIF_POTENTIAL': 170}",0.5499999999999998,0.6499999999999999,35,0.15086206896551724,0.8491379310344828,47,150,16
through_annotation_batch_02,tfidf,2.0,balanced,"[np.int64(0), np.int64(1)]",1,0.5999999999999999,149,21,36,26,0.8764705882352941,0.8514285714285714,0.631578947368421,0.7415037593984962,0.863768115942029,0.8563218390804599,"[[36, 21], [26, 149]]","{'NON_SIF_POTENTIAL': 62, 'SIF_POTENTIAL': 170}",0.4999999999999999,0.6999999999999998,60,0.25862068965517243,0.7413793103448276,37,135,11
through_annotation_batch_02,tfidf,2.0,balanced,"[np.int64(0), np.int64(1)]",1,0.6499999999999999,137,13,44,38,0.9133333333333333,0.7828571428571428,0.7719298245614035,0.7773934837092731,0.8430769230769231,0.8058823529411764,"[[44, 13], [38, 137]]","{'NON_SIF_POTENTIAL': 82, 'SIF_POTENTIAL': 150}",0.5999999999999999,0.7,35,0.15086206896551724,0.8491379310344828,62,135,26
through_annotation_batch_02,tfidf,2.0,balanced,"[np.int64(0), np.int64(1)]",1,0.6499999999999999,137,13,44,38,0.9133333333333333,0.7828571428571428,0.7719298245614035,0.7773934837092731,0.8430769230769231,0.8058823529411764,"[[44, 13], [38, 137]]","{'NON_SIF_POTENTIAL': 82, 'SIF_POTENTIAL': 150}",0.5499999999999999,0.7499999999999999,73,0.3146551724137931,0.6853448275862069,47,112,16
through_annotation_batch_02,tfidf,2.0,balanced,"[np.int64(0), np.int64(1)]",1,0.7,129,6,51,46,0.9555555555555556,0.7371428571428571,0.8947368421052632,0.8159398496240602,0.832258064516129,0.7724550898203592,"[[51, 6], [46, 129]]","{'NON_SIF_POTENTIAL': 97, 'SIF_POTENTIAL': 135}",0.6499999999999999,0.75,38,0.16379310344827586,0.8362068965517241,82,112,38
through_annotation_batch_02,tfidf,2.0,balanced,"[np.int64(0), np.int64(1)]",1,0.7,129,6,51,46,0.9555555555555556,0.7371428571428571,0.8947368421052632,0.8159398496240602,0.832258064516129,0.7724550898203592,"[[51, 6], [46, 129]]","{'NON_SIF_POTENTIAL': 97, 'SIF_POTENTIAL': 135}",0.6,0.7999999999999999,90,0.3879310344827586,0.6120689655172413,62,80,26
through_annotation_batch_02,tfidf,2.0,balanced,"[np.int64(0), np.int64(1)]",1,0.7499999999999998,109,3,54,66,0.9732142857142857,0.6228571428571429,0.9473684210526315,0.7851127819548872,0.759581881533101,0.6711822660098522,"[[54, 3], [66, 109]]","{'NON_SIF_POTENTIAL': 120, 'SIF_POTENTIAL': 112}",0.6999999999999997,0.7999999999999998,55,0.23706896551724138,0.7629310344827587,97,80,46
through_annotation_batch_02,tfidf,2.0,balanced,"[np.int64(0), np.int64(1)]",1,0.7499999999999998,109,3,54,66,0.9732142857142857,0.6228571428571429,0.9473684210526315,0.7851127819548872,0.759581881533101,0.6711822660098522,"[[54, 3], [66, 109]]","{'NON_SIF_POTENTIAL': 120, 'SIF_POTENTIAL': 112}",0.6499999999999998,0.8499999999999998,98,0.4224137931034483,0.5775862068965517,82,52,38
through_annotation_batch_02,tfidf,2.0,balanced,"[np.int64(0), np.int64(1)]",1,0.7999999999999998,79,1,56,96,0.9875,0.4514285714285714,0.9824561403508771,0.7169423558897243,0.6196078431372549,0.5064102564102564,"[[56, 1], [96, 79]]","{'NON_SIF_POTENTIAL': 152, 'SIF_POTENTIAL': 80}",0.7499999999999998,0.8499999999999999,60,0.25862068965517243,0.7413793103448276,120,52,66
through_annotation_batch_02,tfidf,2.0,balanced,"[np.int64(0), np.int64(1)]",1,0.7999999999999998,79,1,56,96,0.9875,0.4514285714285714,0.9824561403508771,0.7169423558897243,0.6196078431372549,0.5064102564102564,"[[56, 1], [96, 79]]","{'NON_SIF_POTENTIAL': 152, 'SIF_POTENTIAL': 80}",0.6999999999999998,0.8999999999999998,110,0.47413793103448276,0.5258620689655172,97,25,46
through_annotation_batch_02,tfidf,2.0,non_sif_1_5,"[np.int64(0), np.int64(1)]",1,0.2,175,53,4,0,0.7675438596491229,1.0,0.07017543859649122,0.5350877192982456,0.8684863523573201,0.9428879310344828,"[[4, 53], [0, 175]]","{'NON_SIF_POTENTIAL': 4, 'SIF_POTENTIAL': 228}",0.15000000000000002,0.25,3,0.01293103448275862,0.9870689655172413,1,228,0
through_annotation_batch_02,tfidf,2.0,non_sif_1_5,"[np.int64(0), np.int64(1)]",1,0.2,175,53,4,0,0.7675438596491229,1.0,0.07017543859649122,0.5350877192982456,0.8684863523573201,0.9428879310344828,"[[4, 53], [0, 175]]","{'NON_SIF_POTENTIAL': 4, 'SIF_POTENTIAL': 228}",0.1,0.30000000000000004,5,0.021551724137931036,0.978448275862069,0,227,0
through_annotation_batch_02,tfidf,2.0,non_sif_1_5,"[np.int64(0), np.int64(1)]",1,0.25,175,53,4,0,0.7675438596491229,1.0,0.07017543859649122,0.5350877192982456,0.8684863523573201,0.9428879310344828,"[[4, 53], [0, 175]]","{'NON_SIF_POTENTIAL': 4, 'SIF_POTENTIAL': 228}",0.2,0.3,1,0.004310344827586207,0.9956896551724138,4,227,0
through_annotation_batch_02,tfidf,2.0,non_sif_1_5,"[np.int64(0), np.int64(1)]",1,0.25,175,53,4,0,0.7675438596491229,1.0,0.07017543859649122,0.5350877192982456,0.8684863523573201,0.9428879310344828,"[[4, 53], [0, 175]]","{'NON_SIF_POTENTIAL': 4, 'SIF_POTENTIAL': 228}",0.15,0.35,4,0.017241379310344827,0.9827586206896551,1,227,0
through_annotation_batch_02,tfidf,2.0,non_sif_1_5,"[np.int64(0), np.int64(1)]",1,0.3,175,52,5,0,0.7709251101321586,1.0,0.08771929824561403,0.543859649122807,0.8706467661691543,0.9439050701186623,"[[5, 52], [0, 175]]","{'NON_SIF_POTENTIAL': 5, 'SIF_POTENTIAL': 227}",0.25,0.35,1,0.004310344827586207,0.9956896551724138,4,227,0
through_annotation_batch_02,tfidf,2.0,non_sif_1_5,"[np.int64(0), np.int64(1)]",1,0.3,175,52,5,0,0.7709251101321586,1.0,0.08771929824561403,0.543859649122807,0.8706467661691543,0.9439050701186623,"[[5, 52], [0, 175]]","{'NON_SIF_POTENTIAL': 5, 'SIF_POTENTIAL': 227}",0.19999999999999998,0.4,7,0.03017241379310345,0.9698275862068966,4,221,0
through_annotation_batch_02,tfidf,2.0,non_sif_1_5,"[np.int64(0), np.int64(1)]",1,0.35,175,52,5,0,0.7709251101321586,1.0,0.08771929824561403,0.543859649122807,0.8706467661691543,0.9439050701186623,"[[5, 52], [0, 175]]","{'NON_SIF_POTENTIAL': 5, 'SIF_POTENTIAL': 227}",0.3,0.39999999999999997,6,0.02586206896551724,0.9741379310344828,5,221,0
through_annotation_batch_02,tfidf,2.0,non_sif_1_5,"[np.int64(0), np.int64(1)]",1,0.35,175,52,5,0,0.7709251101321586,1.0,0.08771929824561403,0.543859649122807,0.8706467661691543,0.9439050701186623,"[[5, 52], [0, 175]]","{'NON_SIF_POTENTIAL': 5, 'SIF_POTENTIAL': 227}",0.24999999999999997,0.44999999999999996,11,0.04741379310344827,0.9525862068965517,4,217,0
through_annotation_batch_02,tfidf,2.0,non_sif_1_5,"[np.int64(0), np.int64(1)]",1,0.39999999999999997,175,46,11,0,0.7918552036199095,1.0,0.19298245614035087,0.5964912280701754,0.8838383838383839,0.9500542888165039,"[[11, 46], [0, 175]]","{'NON_SIF_POTENTIAL': 11, 'SIF_POTENTIAL': 221}",0.35,0.44999999999999996,10,0.04310344827586207,0.9568965517241379,5,217,0
through_annotation_batch_02,tfidf,2.0,non_sif_1_5,"[np.int64(0), np.int64(1)]",1,0.39999999999999997,175,46,11,0,0.7918552036199095,1.0,0.19298245614035087,0.5964912280701754,0.8838383838383839,0.9500542888165039,"[[11, 46], [0, 175]]","{'NON_SIF_POTENTIAL': 11, 'SIF_POTENTIAL': 221}",0.29999999999999993,0.5,13,0.05603448275862069,0.9439655172413793,5,214,0
through_annotation_batch_02,tfidf,2.0,non_sif_1_5,"[np.int64(0), np.int64(1)]",1,0.44999999999999996,174,43,14,1,0.8018433179723502,0.9942857142857143,0.24561403508771928,0.6199498746867168,0.8877551020408163,0.9487459105779716,"[[14, 43], [1, 174]]","{'NON_SIF_POTENTIAL': 15, 'SIF_POTENTIAL': 217}",0.39999999999999997,0.49999999999999994,7,0.03017241379310345,0.9698275862068966,11,214,0
through_annotation_batch_02,tfidf,2.0,non_sif_1_5,"[np.int64(0), np.int64(1)]",1,0.44999999999999996,174,43,14,1,0.8018433179723502,0.9942857142857143,0.24561403508771928,0.6199498746867168,0.8877551020408163,0.9487459105779716,"[[14, 43], [1, 174]]","{'NON_SIF_POTENTIAL': 15, 'SIF_POTENTIAL': 217}",0.35,0.5499999999999999,21,0.09051724137931035,0.9094827586206896,5,206,0
through_annotation_batch_02,tfidf,2.0,non_sif_1_5,"[np.int64(0), np.int64(1)]",1,0.49999999999999994,172,42,15,3,0.8037383177570093,0.9828571428571429,0.2631578947368421,0.6230075187969925,0.884318766066838,0.9409190371991248,"[[15, 42], [3, 172]]","{'NON_SIF_POTENTIAL': 18, 'SIF_POTENTIAL': 214}",0.44999999999999996,0.5499999999999999,11,0.04741379310344827,0.9525862068965517,15,206,1
through_annotation_batch_02,tfidf,2.0,non_sif_1_5,"[np.int64(0), np.int64(1)]",1,0.49999999999999994,172,42,15,3,0.8037383177570093,0.9828571428571429,0.2631578947368421,0.6230075187969925,0.884318766066838,0.9409190371991248,"[[15, 42], [3, 172]]","{'NON_SIF_POTENTIAL': 18, 'SIF_POTENTIAL': 214}",0.3999999999999999,0.6,19,0.08189655172413793,0.9181034482758621,11,202,0
through_annotation_batch_02,tfidf,2.0,non_sif_1_5,"[np.int64(0), np.int64(1)]",1,0.5499999999999999,170,36,21,5,0.8252427184466019,0.9714285714285714,0.3684210526315789,0.6699248120300751,0.8923884514435696,0.9381898454746136,"[[21, 36], [5, 170]]","{'NON_SIF_POTENTIAL': 26, 'SIF_POTENTIAL': 206}",0.49999999999999994,0.6,12,0.05172413793103448,0.9482758620689655,18,202,3
through_annotation_batch_02,tfidf,2.0,non_sif_1_5,"[np.int64(0), np.int64(1)]",1,0.5499999999999999,170,36,21,5,0.8252427184466019,0.9714285714285714,0.3684210526315789,0.6699248120300751,0.8923884514435696,0.9381898454746136,"[[21, 36], [5, 170]]","{'NON_SIF_POTENTIAL': 26, 'SIF_POTENTIAL': 206}",0.44999999999999996,0.6499999999999999,22,0.09482758620689655,0.9051724137931034,15,195,1
through_annotation_batch_02,tfidf,2.0,non_sif_1_5,"[np.int64(0), np.int64(1)]",1,0.5999999999999999,168,34,23,7,0.8316831683168316,0.96,0.40350877192982454,0.6817543859649122,0.8912466843501327,0.9312638580931263,"[[23, 34], [7, 168]]","{'NON_SIF_POTENTIAL': 30, 'SIF_POTENTIAL': 202}",0.5499999999999998,0.6499999999999999,11,0.04741379310344827,0.9525862068965517,26,195,5
through_annotation_batch_02,tfidf,2.0,non_sif_1_5,"[np.int64(0), np.int64(1)]",1,0.5999999999999999,168,34,23,7,0.8316831683168316,0.96,0.40350877192982454,0.6817543859649122,0.8912466843501327,0.9312638580931263,"[[23, 34], [7, 168]]","{'NON_SIF_POTENTIAL': 30, 'SIF_POTENTIAL': 202}",0.4999999999999999,0.6999999999999998,30,0.12931034482758622,0.8706896551724138,18,184,3
through_annotation_batch_02,tfidf,2.0,non_sif_1_5,"[np.int64(0), np.int64(1)]",1,0.6499999999999999,164,31,26,11,0.841025641025641,0.9371428571428572,0.45614035087719296,0.6966416040100251,0.8864864864864865,0.9162011173184358,"[[26, 31], [11, 164]]","{'NON_SIF_POTENTIAL': 37, 'SIF_POTENTIAL': 195}",0.5999999999999999,0.7,18,0.07758620689655173,0.9224137931034483,30,184,7
through_annotation_batch_02,tfidf,2.0,non_sif_1_5,"[np.int64(0), np.int64(1)]",1,0.6499999999999999,164,31,26,11,0.841025641025641,0.9371428571428572,0.45614035087719296,0.6966416040100251,0.8864864864864865,0.9162011173184358,"[[26, 31], [11, 164]]","{'NON_SIF_POTENTIAL': 37, 'SIF_POTENTIAL': 195}",0.5499999999999999,0.7499999999999999,43,0.1853448275862069,0.8146551724137931,26,163,5
through_annotation_batch_02,tfidf,2.0,non_sif_1_5,"[np.int64(0), np.int64(1)]",1,0.7,159,25,32,16,0.8641304347826086,0.9085714285714286,0.5614035087719298,0.7349874686716792,0.8857938718662952,0.8993212669683258,"[[32, 25], [16, 159]]","{'NON_SIF_POTENTIAL': 48, 'SIF_POTENTIAL': 184}",0.6499999999999999,0.75,32,0.13793103448275862,0.8620689655172413,37,163,11
through_annotation_batch_02,tfidf,2.0,non_sif_1_5,"[np.int64(0), np.int64(1)]",1,0.7,159,25,32,16,0.8641304347826086,0.9085714285714286,0.5614035087719298,0.7349874686716792,0.8857938718662952,0.8993212669683258,"[[32, 25], [16, 159]]","{'NON_SIF_POTENTIAL': 48, 'SIF_POTENTIAL': 184}",0.6,0.7999999999999999,64,0.27586206896551724,0.7241379310344828,30,138,7
through_annotation_batch_02,tfidf,2.0,non_sif_1_5,"[np.int64(0), np.int64(1)]",1,0.7499999999999998,145,18,39,30,0.8895705521472392,0.8285714285714286,0.6842105263157895,0.7563909774436091,0.8579881656804734,0.8400926998841252,"[[39, 18], [30, 145]]","{'NON_SIF_POTENTIAL': 69, 'SIF_POTENTIAL': 163}",0.6999999999999997,0.7999999999999998,46,0.19827586206896552,0.8017241379310345,48,138,16
through_annotation_batch_02,tfidf,2.0,non_sif_1_5,"[np.int64(0), np.int64(1)]",1,0.7499999999999998,145,18,39,30,0.8895705521472392,0.8285714285714286,0.6842105263157895,0.7563909774436091,0.8579881656804734,0.8400926998841252,"[[39, 18], [30, 145]]","{'NON_SIF_POTENTIAL': 69, 'SIF_POTENTIAL': 163}",0.6499999999999998,0.8499999999999998,90,0.3879310344827586,0.6120689655172413,37,105,11
through_annotation_batch_02,tfidf,2.0,non_sif_1_5,"[np.int64(0), np.int64(1)]",1,0.7999999999999998,130,8,49,45,0.9420289855072463,0.7428571428571429,0.8596491228070176,0.8012531328320802,0.8306709265175719,0.7756563245823389,"[[49, 8], [45, 130]]","{'NON_SIF_POTENTIAL': 94, 'SIF_POTENTIAL': 138}",0.7499999999999998,0.8499999999999999,58,0.25,0.75,69,105,30
through_annotation_batch_02,tfidf,2.0,non_sif_1_5,"[np.int64(0), np.int64(1)]",1,0.7999999999999998,130,8,49,45,0.9420289855072463,0.7428571428571429,0.8596491228070176,0.8012531328320802,0.8306709265175719,0.7756563245823389,"[[49, 8], [45, 130]]","{'NON_SIF_POTENTIAL': 94, 'SIF_POTENTIAL': 138}",0.6999999999999998,0.8999999999999998,124,0.5344827586206896,0.46551724137931033,48,60,16
through_annotation_batch_03,tfidf,0.5,none,"[np.int64(0), np.int64(1)]",1,0.2,175,57,0,0,0.7543103448275862,1.0,0.0,0.5,0.85995085995086,0.9388412017167381,"[[0, 57], [0, 175]]","{'NON_SIF_POTENTIAL': 0, 'SIF_POTENTIAL': 232}",0.15000000000000002,0.25,0,0.0,1.0,0,232,0
through_annotation_batch_03,tfidf,0.5,none,"[np.int64(0), np.int64(1)]",1,0.2,175,57,0,0,0.7543103448275862,1.0,0.0,0.5,0.85995085995086,0.9388412017167381,"[[0, 57], [0, 175]]","{'NON_SIF_POTENTIAL': 0, 'SIF_POTENTIAL': 232}",0.1,0.30000000000000004,0,0.0,1.0,0,232,0
through_annotation_batch_03,tfidf,0.5,none,"[np.int64(0), np.int64(1)]",1,0.25,175,57,0,0,0.7543103448275862,1.0,0.0,0.5,0.85995085995086,0.9388412017167381,"[[0, 57], [0, 175]]","{'NON_SIF_POTENTIAL': 0, 'SIF_POTENTIAL': 232}",0.2,0.3,0,0.0,1.0,0,232,0
through_annotation_batch_03,tfidf,0.5,none,"[np.int64(0), np.int64(1)]",1,0.25,175,57,0,0,0.7543103448275862,1.0,0.0,0.5,0.85995085995086,0.9388412017167381,"[[0, 57], [0, 175]]","{'NON_SIF_POTENTIAL': 0, 'SIF_POTENTIAL': 232}",0.15,0.35,0,0.0,1.0,0,232,0
through_annotation_batch_03,tfidf,0.5,none,"[np.int64(0), np.int64(1)]",1,0.3,175,57,0,0,0.7543103448275862,1.0,0.0,0.5,0.85995085995086,0.9388412017167381,"[[0, 57], [0, 175]]","{'NON_SIF_POTENTIAL': 0, 'SIF_POTENTIAL': 232}",0.25,0.35,0,0.0,1.0,0,232,0
through_annotation_batch_03,tfidf,0.5,none,"[np.int64(0), np.int64(1)]",1,0.3,175,57,0,0,0.7543103448275862,1.0,0.0,0.5,0.85995085995086,0.9388412017167381,"[[0, 57], [0, 175]]","{'NON_SIF_POTENTIAL': 0, 'SIF_POTENTIAL': 232}",0.19999999999999998,0.4,2,0.008620689655172414,0.9913793103448276,0,230,0
through_annotation_batch_03,tfidf,0.5,none,"[np.int64(0), np.int64(1)]",1,0.35,175,57,0,0,0.7543103448275862,1.0,0.0,0.5,0.85995085995086,0.9388412017167381,"[[0, 57], [0, 175]]","{'NON_SIF_POTENTIAL': 0, 'SIF_POTENTIAL': 232}",0.3,0.39999999999999997,2,0.008620689655172414,0.9913793103448276,0,230,0
through_annotation_batch_03,tfidf,0.5,none,"[np.int64(0), np.int64(1)]",1,0.35,175,57,0,0,0.7543103448275862,1.0,0.0,0.5,0.85995085995086,0.9388412017167381,"[[0, 57], [0, 175]]","{'NON_SIF_POTENTIAL': 0, 'SIF_POTENTIAL': 232}",0.24999999999999997,0.44999999999999996,4,0.017241379310344827,0.9827586206896551,0,228,0
through_annotation_batch_03,tfidf,0.5,none,"[np.int64(0), np.int64(1)]",1,0.39999999999999997,175,55,2,0,0.7608695652173914,1.0,0.03508771929824561,0.5175438596491229,0.8641975308641975,0.9408602150537635,"[[2, 55], [0, 175]]","{'NON_SIF_POTENTIAL': 2, 'SIF_POTENTIAL': 230}",0.35,0.44999999999999996,4,0.017241379310344827,0.9827586206896551,0,228,0
through_annotation_batch_03,tfidf,0.5,none,"[np.int64(0), np.int64(1)]",1,0.39999999999999997,175,55,2,0,0.7608695652173914,1.0,0.03508771929824561,0.5175438596491229,0.8641975308641975,0.9408602150537635,"[[2, 55], [0, 175]]","{'NON_SIF_POTENTIAL': 2, 'SIF_POTENTIAL': 230}",0.29999999999999993,0.5,8,0.034482758620689655,0.9655172413793104,0,224,0
through_annotation_batch_03,tfidf,0.5,none,"[np.int64(0), np.int64(1)]",1,0.44999999999999996,175,53,4,0,0.7675438596491229,1.0,0.07017543859649122,0.5350877192982456,0.8684863523573201,0.9428879310344828,"[[4, 53], [0, 175]]","{'NON_SIF_POTENTIAL': 4, 'SIF_POTENTIAL': 228}",0.39999999999999997,0.49999999999999994,6,0.02586206896551724,0.9741379310344828,2,224,0
through_annotation_batch_03,tfidf,0.5,none,"[np.int64(0), np.int64(1)]",1,0.44999999999999996,175,53,4,0,0.7675438596491229,1.0,0.07017543859649122,0.5350877192982456,0.8684863523573201,0.9428879310344828,"[[4, 53], [0, 175]]","{'NON_SIF_POTENTIAL': 4, 'SIF_POTENTIAL': 228}",0.35,0.5499999999999999,10,0.04310344827586207,0.9568965517241379,0,222,0
through_annotation_batch_03,tfidf,0.5,none,"[np.int64(0), np.int64(1)]",1,0.49999999999999994,175,49,8,0,0.78125,1.0,0.14035087719298245,0.5701754385964912,0.8771929824561403,0.946969696969697,"[[8, 49], [0, 175]]","{'NON_SIF_POTENTIAL': 8, 'SIF_POTENTIAL': 224}",0.44999999999999996,0.5499999999999999,6,0.02586206896551724,0.9741379310344828,4,222,0
through_annotation_batch_03,tfidf,0.5,none,"[np.int64(0), np.int64(1)]",1,0.49999999999999994,175,49,8,0,0.78125,1.0,0.14035087719298245,0.5701754385964912,0.8771929824561403,0.946969696969697,"[[8, 49], [0, 175]]","{'NON_SIF_POTENTIAL': 8, 'SIF_POTENTIAL': 224}",0.3999999999999999,0.6,16,0.06896551724137931,0.9310344827586207,2,214,0
through_annotation_batch_03,tfidf,0.5,none,"[np.int64(0), np.int64(1)]",1,0.5499999999999999,174,48,9,1,0.7837837837837838,0.9942857142857143,0.15789473684210525,0.5760902255639098,0.8765743073047859,0.9436008676789588,"[[9, 48], [1, 174]]","{'NON_SIF_POTENTIAL': 10, 'SIF_POTENTIAL': 222}",0.49999999999999994,0.6,10,0.04310344827586207,0.9568965517241379,8,214,0
through_annotation_batch_03,tfidf,0.5,none,"[np.int64(0), np.int64(1)]",1,0.5499999999999999,174,48,9,1,0.7837837837837838,0.9942857142857143,0.15789473684210525,0.5760902255639098,0.8765743073047859,0.9436008676789588,"[[9, 48], [1, 174]]","{'NON_SIF_POTENTIAL': 10, 'SIF_POTENTIAL': 222}",0.44999999999999996,0.6499999999999999,29,0.125,0.875,4,199,0
through_annotation_batch_03,tfidf,0.5,none,"[np.int64(0), np.int64(1)]",1,0.5999999999999999,173,41,16,2,0.8084112149532711,0.9885714285714285,0.2807017543859649,0.6346365914786967,0.8894601542416453,0.9463894967177242,"[[16, 41], [2, 173]]","{'NON_SIF_POTENTIAL': 18, 'SIF_POTENTIAL': 214}",0.5499999999999998,0.6499999999999999,23,0.09913793103448276,0.9008620689655172,10,199,1
through_annotation_batch_03,tfidf,0.5,none,"[np.int64(0), np.int64(1)]",1,0.5999999999999999,173,41,16,2,0.8084112149532711,0.9885714285714285,0.2807017543859649,0.6346365914786967,0.8894601542416453,0.9463894967177242,"[[16, 41], [2, 173]]","{'NON_SIF_POTENTIAL': 18, 'SIF_POTENTIAL': 214}",0.4999999999999999,0.6999999999999998,45,0.1939655172413793,0.8060344827586207,8,179,0
through_annotation_batch_03,tfidf,0.5,none,"[np.int64(0), np.int64(1)]",1,0.6499999999999999,167,32,25,8,0.8391959798994975,0.9542857142857143,0.43859649122807015,0.6964411027568922,0.893048128342246,0.9288097886540599,"[[25, 32], [8, 167]]","{'NON_SIF_POTENTIAL': 33, 'SIF_POTENTIAL': 199}",0.5999999999999999,0.7,35,0.15086206896551724,0.8491379310344828,18,179,2
through_annotation_batch_03,tfidf,0.5,none,"[np.int64(0), np.int64(1)]",1,0.6499999999999999,167,32,25,8,0.8391959798994975,0.9542857142857143,0.43859649122807015,0.6964411027568922,0.893048128342246,0.9288097886540599,"[[25, 32], [8, 167]]","{'NON_SIF_POTENTIAL': 33, 'SIF_POTENTIAL': 199}",0.5499999999999999,0.7499999999999999,80,0.3448275862068966,0.6551724137931034,10,142,1
through_annotation_batch_03,tfidf,0.5,none,"[np.int64(0), np.int64(1)]",1,0.7,156,23,34,19,0.8715083798882681,0.8914285714285715,0.5964912280701754,0.7439598997493735,0.8813559322033898,0.8873720136518771,"[[34, 23], [19, 156]]","{'NON_SIF_POTENTIAL': 53, 'SIF_POTENTIAL': 179}",0.6499999999999999,0.75,57,0.24568965517241378,0.7543103448275862,33,142,8
through_annotation_batch_03,tfidf,0.5,none,"[np.int64(0), np.int64(1)]",1,0.7,156,23,34,19,0.8715083798882681,0.8914285714285715,0.5964912280701754,0.7439598997493735,0.8813559322033898,0.8873720136518771,"[[34, 23], [19, 156]]","{'NON_SIF_POTENTIAL': 53, 'SIF_POTENTIAL': 179}",0.6,0.7999999999999999,120,0.5172413793103449,0.4827586206896552,18,94,2
through_annotation_batch_03,tfidf,0.5,none,"[np.int64(0), np.int64(1)]",1,0.7499999999999998,135,7,50,40,0.9507042253521126,0.7714285714285715,0.8771929824561403,0.8243107769423559,0.8517350157728707,0.8016627078384798,"[[50, 7], [40, 135]]","{'NON_SIF_POTENTIAL': 90, 'SIF_POTENTIAL': 142}",0.6999999999999997,0.7999999999999998,85,0.36637931034482757,0.6336206896551724,53,94,19
through_annotation_batch_03,tfidf,0.5,none,"[np.int64(0), np.int64(1)]",1,0.7499999999999998,135,7,50,40,0.9507042253521126,0.7714285714285715,0.8771929824561403,0.8243107769423559,0.8517350157728707,0.8016627078384798,"[[50, 7], [40, 135]]","{'NON_SIF_POTENTIAL': 90, 'SIF_POTENTIAL': 142}",0.6499999999999998,0.8499999999999998,162,0.6982758620689655,0.3017241379310345,33,37,8
through_annotation_batch_03,tfidf,0.5,none,"[np.int64(0), np.int64(1)]",1,0.7999999999999998,93,1,56,82,0.9893617021276596,0.5314285714285715,0.9824561403508771,0.7569423558897244,0.6914498141263941,0.5856423173803526,"[[56, 1], [82, 93]]","{'NON_SIF_POTENTIAL': 138, 'SIF_POTENTIAL': 94}",0.7499999999999998,0.8499999999999999,105,0.4525862068965517,0.5474137931034483,90,37,40
through_annotation_batch_03,tfidf,0.5,none,"[np.int64(0), np.int64(1)]",1,0.7999999999999998,93,1,56,82,0.9893617021276596,0.5314285714285715,0.9824561403508771,0.7569423558897244,0.6914498141263941,0.5856423173803526,"[[56, 1], [82, 93]]","{'NON_SIF_POTENTIAL': 138, 'SIF_POTENTIAL': 94}",0.6999999999999998,0.8999999999999998,177,0.7629310344827587,0.23706896551724138,53,2,19
through_annotation_batch_03,tfidf,0.5,balanced,"[np.int64(0), np.int64(1)]",1,0.2,175,55,2,0,0.7608695652173914,1.0,0.03508771929824561,0.5175438596491229,0.8641975308641975,0.9408602150537635,"[[2, 55], [0, 175]]","{'NON_SIF_POTENTIAL': 2, 'SIF_POTENTIAL': 230}",0.15000000000000002,0.25,6,0.02586206896551724,0.9741379310344828,0,226,0
through_annotation_batch_03,tfidf,0.5,balanced,"[np.int64(0), np.int64(1)]",1,0.2,175,55,2,0,0.7608695652173914,1.0,0.03508771929824561,0.5175438596491229,0.8641975308641975,0.9408602150537635,"[[2, 55], [0, 175]]","{'NON_SIF_POTENTIAL': 2, 'SIF_POTENTIAL': 230}",0.1,0.30000000000000004,9,0.03879310344827586,0.9612068965517241,0,223,0
through_annotation_batch_03,tfidf,0.5,balanced,"[np.int64(0), np.int64(1)]",1,0.25,175,51,6,0,0.7743362831858407,1.0,0.10526315789473684,0.5526315789473684,0.8728179551122195,0.9449244060475163,"[[6, 51], [0, 175]]","{'NON_SIF_POTENTIAL': 6, 'SIF_POTENTIAL': 226}",0.2,0.3,7,0.03017241379310345,0.9698275862068966,2,223,0
through_annotation_batch_03,tfidf,0.5,balanced,"[np.int64(0), np.int64(1)]",1,0.25,175,51,6,0,0.7743362831858407,1.0,0.10526315789473684,0.5526315789473684,0.8728179551122195,0.9449244060475163,"[[6, 51], [0, 175]]","{'NON_SIF_POTENTIAL': 6, 'SIF_POTENTIAL': 226}",0.15,0.35,14,0.0603448275862069,0.9396551724137931,0,218,0
through_annotation_batch_03,tfidf,0.5,balanced,"[np.int64(0), np.int64(1)]",1,0.3,174,49,8,1,0.7802690582959642,0.9942857142857143,0.14035087719298245,0.5673182957393483,0.8743718592964824,0.942578548212351,"[[8, 49], [1, 174]]","{'NON_SIF_POTENTIAL': 9, 'SIF_POTENTIAL': 223}",0.25,0.35,8,0.034482758620689655,0.9655172413793104,6,218,0
through_annotation_batch_03,tfidf,0.5,balanced,"[np.int64(0), np.int64(1)]",1,0.3,174,49,8,1,0.7802690582959642,0.9942857142857143,0.14035087719298245,0.5673182957393483,0.8743718592964824,0.942578548212351,"[[8, 49], [1, 174]]","{'NON_SIF_POTENTIAL': 9, 'SIF_POTENTIAL': 223}",0.19999999999999998,0.4,20,0.08620689655172414,0.9137931034482759,2,210,0
through_annotation_batch_03,tfidf,0.5,balanced,"[np.int64(0), np.int64(1)]",1,0.35,173,45,12,2,0.7935779816513762,0.9885714285714285,0.21052631578947367,0.5995488721804512,0.8804071246819338,0.9422657952069717,"[[12, 45], [2, 173]]","{'NON_SIF_POTENTIAL': 14, 'SIF_POTENTIAL': 218}",0.3,0.39999999999999997,13,0.05603448275862069,0.9439655172413793,9,210,1
through_annotation_batch_03,tfidf,0.5,balanced,"[np.int64(0), np.int64(1)]",1,0.35,173,45,12,2,0.7935779816513762,0.9885714285714285,0.21052631578947367,0.5995488721804512,0.8804071246819338,0.9422657952069717,"[[12, 45], [2, 173]]","{'NON_SIF_POTENTIAL': 14, 'SIF_POTENTIAL': 218}",0.24999999999999997,0.44999999999999996,33,0.14224137931034483,0.8577586206896551,6,193,0
through_annotation_batch_03,tfidf,0.5,balanced,"[np.int64(0), np.int64(1)]",1,0.39999999999999997,170,40,17,5,0.8095238095238095,0.9714285714285714,0.2982456140350877,0.6348370927318295,0.8831168831168831,0.934065934065934,"[[17, 40], [5, 170]]","{'NON_SIF_POTENTIAL': 22, 'SIF_POTENTIAL': 210}",0.35,0.44999999999999996,25,0.10775862068965517,0.8922413793103449,14,193,2
through_annotation_batch_03,tfidf,0.5,balanced,"[np.int64(0), np.int64(1)]",1,0.39999999999999997,170,40,17,5,0.8095238095238095,0.9714285714285714,0.2982456140350877,0.6348370927318295,0.8831168831168831,0.934065934065934,"[[17, 40], [5, 170]]","{'NON_SIF_POTENTIAL': 22, 'SIF_POTENTIAL': 210}",0.29999999999999993,0.5,47,0.2025862068965517,0.7974137931034483,9,176,1
through_annotation_batch_03,tfidf,0.5,balanced,"[np.int64(0), np.int64(1)]",1,0.44999999999999996,166,27,30,9,0.8601036269430051,0.9485714285714286,0.5263157894736842,0.7374436090225565,0.9021739130434783,0.9294512877939529,"[[30, 27], [9, 166]]","{'NON_SIF_POTENTIAL': 39, 'SIF_POTENTIAL': 193}",0.39999999999999997,0.49999999999999994,34,0.14655172413793102,0.853448275862069,22,176,5
through_annotation_batch_03,tfidf,0.5,balanced,"[np.int64(0), np.int64(1)]",1,0.44999999999999996,166,27,30,9,0.8601036269430051,0.9485714285714286,0.5263157894736842,0.7374436090225565,0.9021739130434783,0.9294512877939529,"[[30, 27], [9, 166]]","{'NON_SIF_POTENTIAL': 39, 'SIF_POTENTIAL': 193}",0.35,0.5499999999999999,71,0.30603448275862066,0.6939655172413793,14,147,2
through_annotation_batch_03,tfidf,0.5,balanced,"[np.int64(0), np.int64(1)]",1,0.49999999999999994,154,22,35,21,0.875,0.88,0.6140350877192983,0.7470175438596491,0.8774928774928775,0.8789954337899544,"[[35, 22], [21, 154]]","{'NON_SIF_POTENTIAL': 56, 'SIF_POTENTIAL': 176}",0.44999999999999996,0.5499999999999999,46,0.19827586206896552,0.8017241379310345,39,147,9
through_annotation_batch_03,tfidf,0.5,balanced,"[np.int64(0), np.int64(1)]",1,0.49999999999999994,154,22,35,21,0.875,0.88,0.6140350877192983,0.7470175438596491,0.8774928774928775,0.8789954337899544,"[[35, 22], [21, 154]]","{'NON_SIF_POTENTIAL': 56, 'SIF_POTENTIAL': 176}",0.3999999999999999,0.6,85,0.36637931034482757,0.6336206896551724,22,125,5
through_annotation_batch_03,tfidf,0.5,balanced,"[np.int64(0), np.int64(1)]",1,0.5499999999999999,137,10,47,38,0.9319727891156463,0.7828571428571428,0.8245614035087719,0.8037092731829574,0.8509316770186336,0.8087367178276269,"[[47, 10], [38, 137]]","{'NON_SIF_POTENTIAL': 85, 'SIF_POTENTIAL': 147}",0.49999999999999994,0.6,51,0.21982758620689655,0.7801724137931034,56,125,21
through_annotation_batch_03,tfidf,0.5,balanced,"[np.int64(0), np.int64(1)]",1,0.5499999999999999,137,10,47,38,0.9319727891156463,0.7828571428571428,0.8245614035087719,0.8037092731829574,0.8509316770186336,0.8087367178276269,"[[47, 10], [38, 137]]","{'NON_SIF_POTENTIAL': 85, 'SIF_POTENTIAL': 147}",0.44999999999999996,0.6499999999999999,104,0.4482758620689655,0.5517241379310345,39,89,9
through_annotation_batch_03,tfidf,0.5,balanced,"[np.int64(0), np.int64(1)]",1,0.5999999999999999,120,5,52,55,0.96,0.6857142857142857,0.9122807017543859,0.7989974937343358,0.8,0.7272727272727273,"[[52, 5], [55, 120]]","{'NON_SIF_POTENTIAL': 107, 'SIF_POTENTIAL': 125}",0.5499999999999998,0.6499999999999999,58,0.25,0.75,85,89,38
through_annotation_batch_03,tfidf,0.5,balanced,"[np.int64(0), np.int64(1)]",1,0.5999999999999999,120,5,52,55,0.96,0.6857142857142857,0.9122807017543859,0.7989974937343358,0.8,0.7272727272727273,"[[52, 5], [55, 120]]","{'NON_SIF_POTENTIAL': 107, 'SIF_POTENTIAL': 125}",0.4999999999999999,0.6999999999999998,118,0.5086206896551724,0.49137931034482757,56,58,21
through_annotation_batch_03,tfidf,0.5,balanced,"[np.int64(0), np.int64(1)]",1,0.6499999999999999,89,0,57,86,1.0,0.5085714285714286,1.0,0.7542857142857142,0.6742424242424242,0.5640050697084917,"[[57, 0], [86, 89]]","{'NON_SIF_POTENTIAL': 143, 'SIF_POTENTIAL': 89}",0.5999999999999999,0.7,67,0.28879310344827586,0.7112068965517241,107,58,55
through_annotation_batch_03,tfidf,0.5,balanced,"[np.int64(0), np.int64(1)]",1,0.6499999999999999,89,0,57,86,1.0,0.5085714285714286,1.0,0.7542857142857142,0.6742424242424242,0.5640050697084917,"[[57, 0], [86, 89]]","{'NON_SIF_POTENTIAL': 143, 'SIF_POTENTIAL': 89}",0.5499999999999999,0.7499999999999999,117,0.5043103448275862,0.4956896551724138,85,30,38
through_annotation_batch_03,tfidf,0.5,balanced,"[np.int64(0), np.int64(1)]",1,0.7,58,0,57,117,1.0,0.3314285714285714,1.0,0.6657142857142857,0.4978540772532189,0.38258575197889183,"[[57, 0], [117, 58]]","{'NON_SIF_POTENTIAL': 174, 'SIF_POTENTIAL': 58}",0.6499999999999999,0.75,59,0.2543103448275862,0.7456896551724138,143,30,86
through_annotation_batch_03,tfidf,0.5,balanced,"[np.int64(0), np.int64(1)]",1,0.7,58,0,57,117,1.0,0.3314285714285714,1.0,0.6657142857142857,0.4978540772532189,0.38258575197889183,"[[57, 0], [117, 58]]","{'NON_SIF_POTENTIAL': 174, 'SIF_POTENTIAL': 58}",0.6,0.7999999999999999,119,0.5129310344827587,0.4870689655172414,107,6,55
through_annotation_batch_03,tfidf,0.5,balanced,"[np.int64(0), np.int64(1)]",1,0.7499999999999998,30,0,57,145,1.0,0.17142857142857143,1.0,0.5857142857142857,0.2926829268292683,0.2054794520547945,"[[57, 0], [145, 30]]","{'NON_SIF_POTENTIAL': 202, 'SIF_POTENTIAL': 30}",0.6999999999999997,0.7999999999999998,52,0.22413793103448276,0.7758620689655172,174,6,117
through_annotation_batch_03,tfidf,0.5,balanced,"[np.int64(0), np.int64(1)]",1,0.7499999999999998,30,0,57,145,1.0,0.17142857142857143,1.0,0.5857142857142857,0.2926829268292683,0.2054794520547945,"[[57, 0], [145, 30]]","{'NON_SIF_POTENTIAL': 202, 'SIF_POTENTIAL': 30}",0.6499999999999998,0.8499999999999998,87,0.375,0.625,143,2,86
through_annotation_batch_03,tfidf,0.5,balanced,"[np.int64(0), np.int64(1)]",1,0.7999999999999998,6,0,57,169,1.0,0.03428571428571429,1.0,0.5171428571428571,0.06629834254143646,0.04249291784702549,"[[57, 0], [169, 6]]","{'NON_SIF_POTENTIAL': 226, 'SIF_POTENTIAL': 6}",0.7499999999999998,0.8499999999999999,28,0.1206896551724138,0.8793103448275862,202,2,145
through_annotation_batch_03,tfidf,0.5,balanced,"[np.int64(0), np.int64(1)]",1,0.7999999999999998,6,0,57,169,1.0,0.03428571428571429,1.0,0.5171428571428571,0.06629834254143646,0.04249291784702549,"[[57, 0], [169, 6]]","{'NON_SIF_POTENTIAL': 226, 'SIF_POTENTIAL': 6}",0.6999999999999998,0.8999999999999998,58,0.25,0.75,174,0,117
through_annotation_batch_03,tfidf,0.5,non_sif_1_5,"[np.int64(0), np.int64(1)]",1,0.2,175,57,0,0,0.7543103448275862,1.0,0.0,0.5,0.85995085995086,0.9388412017167381,"[[0, 57], [0, 175]]","{'NON_SIF_POTENTIAL': 0, 'SIF_POTENTIAL': 232}",0.15000000000000002,0.25,0,0.0,1.0,0,232,0
through_annotation_batch_03,tfidf,0.5,non_sif_1_5,"[np.int64(0), np.int64(1)]",1,0.2,175,57,0,0,0.7543103448275862,1.0,0.0,0.5,0.85995085995086,0.9388412017167381,"[[0, 57], [0, 175]]","{'NON_SIF_POTENTIAL': 0, 'SIF_POTENTIAL': 232}",0.1,0.30000000000000004,2,0.008620689655172414,0.9913793103448276,0,230,0
through_annotation_batch_03,tfidf,0.5,non_sif_1_5,"[np.int64(0), np.int64(1)]",1,0.25,175,57,0,0,0.7543103448275862,1.0,0.0,0.5,0.85995085995086,0.9388412017167381,"[[0, 57], [0, 175]]","{'NON_SIF_POTENTIAL': 0, 'SIF_POTENTIAL': 232}",0.2,0.3,2,0.008620689655172414,0.9913793103448276,0,230,0
through_annotation_batch_03,tfidf,0.5,non_sif_1_5,"[np.int64(0), np.int64(1)]",1,0.25,175,57,0,0,0.7543103448275862,1.0,0.0,0.5,0.85995085995086,0.9388412017167381,"[[0, 57], [0, 175]]","{'NON_SIF_POTENTIAL': 0, 'SIF_POTENTIAL': 232}",0.15,0.35,5,0.021551724137931036,0.978448275862069,0,227,0
through_annotation_batch_03,tfidf,0.5,non_sif_1_5,"[np.int64(0), np.int64(1)]",1,0.3,175,55,2,0,0.7608695652173914,1.0,0.03508771929824561,0.5175438596491229,0.8641975308641975,0.9408602150537635,"[[2, 55], [0, 175]]","{'NON_SIF_POTENTIAL': 2, 'SIF_POTENTIAL': 230}",0.25,0.35,5,0.021551724137931036,0.978448275862069,0,227,0
through_annotation_batch_03,tfidf,0.5,non_sif_1_5,"[np.int64(0), np.int64(1)]",1,0.3,175,55,2,0,0.7608695652173914,1.0,0.03508771929824561,0.5175438596491229,0.8641975308641975,0.9408602150537635,"[[2, 55], [0, 175]]","{'NON_SIF_POTENTIAL': 2, 'SIF_POTENTIAL': 230}",0.19999999999999998,0.4,9,0.03879310344827586,0.9612068965517241,0,223,0
through_annotation_batch_03,tfidf,0.5,non_sif_1_5,"[np.int64(0), np.int64(1)]",1,0.35,175,52,5,0,0.7709251101321586,1.0,0.08771929824561403,0.543859649122807,0.8706467661691543,0.9439050701186623,"[[5, 52], [0, 175]]","{'NON_SIF_POTENTIAL': 5, 'SIF_POTENTIAL': 227}",0.3,0.39999999999999997,7,0.03017241379310345,0.9698275862068966,2,223,0
through_annotation_batch_03,tfidf,0.5,non_sif_1_5,"[np.int64(0), np.int64(1)]",1,0.35,175,52,5,0,0.7709251101321586,1.0,0.08771929824561403,0.543859649122807,0.8706467661691543,0.9439050701186623,"[[5, 52], [0, 175]]","{'NON_SIF_POTENTIAL': 5, 'SIF_POTENTIAL': 227}",0.24999999999999997,0.44999999999999996,10,0.04310344827586207,0.9568965517241379,0,222,0
through_annotation_batch_03,tfidf,0.5,non_sif_1_5,"[np.int64(0), np.int64(1)]",1,0.39999999999999997,174,49,8,1,0.7802690582959642,0.9942857142857143,0.14035087719298245,0.5673182957393483,0.8743718592964824,0.942578548212351,"[[8, 49], [1, 174]]","{'NON_SIF_POTENTIAL': 9, 'SIF_POTENTIAL': 223}",0.35,0.44999999999999996,5,0.021551724137931036,0.978448275862069,5,222,0
through_annotation_batch_03,tfidf,0.5,non_sif_1_5,"[np.int64(0), np.int64(1)]",1,0.39999999999999997,174,49,8,1,0.7802690582959642,0.9942857142857143,0.14035087719298245,0.5673182957393483,0.8743718592964824,0.942578548212351,"[[8, 49], [1, 174]]","{'NON_SIF_POTENTIAL': 9, 'SIF_POTENTIAL': 223}",0.29999999999999993,0.5,16,0.06896551724137931,0.9310344827586207,2,214,0
through_annotation_batch_03,tfidf,0.5,non_sif_1_5,"[np.int64(0), np.int64(1)]",1,0.44999999999999996,174,48,9,1,0.7837837837837838,0.9942857142857143,0.15789473684210525,0.5760902255639098,0.8765743073047859,0.9436008676789588,"[[9, 48], [1, 174]]","{'NON_SIF_POTENTIAL': 10, 'SIF_POTENTIAL': 222}",0.39999999999999997,0.49999999999999994,9,0.03879310344827586,0.9612068965517241,9,214,1
through_annotation_batch_03,tfidf,0.5,non_sif_1_5,"[np.int64(0), np.int64(1)]",1,0.44999999999999996,174,48,9,1,0.7837837837837838,0.9942857142857143,0.15789473684210525,0.5760902255639098,0.8765743073047859,0.9436008676789588,"[[9, 48], [1, 174]]","{'NON_SIF_POTENTIAL': 10, 'SIF_POTENTIAL': 222}",0.35,0.5499999999999999,24,0.10344827586206896,0.896551724137931,5,203,0
through_annotation_batch_03,tfidf,0.5,non_sif_1_5,"[np.int64(0), np.int64(1)]",1,0.49999999999999994,173,41,16,2,0.8084112149532711,0.9885714285714285,0.2807017543859649,0.6346365914786967,0.8894601542416453,0.9463894967177242,"[[16, 41], [2, 173]]","{'NON_SIF_POTENTIAL': 18, 'SIF_POTENTIAL': 214}",0.44999999999999996,0.5499999999999999,19,0.08189655172413793,0.9181034482758621,10,203,1
through_annotation_batch_03,tfidf,0.5,non_sif_1_5,"[np.int64(0), np.int64(1)]",1,0.49999999999999994,173,41,16,2,0.8084112149532711,0.9885714285714285,0.2807017543859649,0.6346365914786967,0.8894601542416453,0.9463894967177242,"[[16, 41], [2, 173]]","{'NON_SIF_POTENTIAL': 18, 'SIF_POTENTIAL': 214}",0.3999999999999999,0.6,38,0.16379310344827586,0.8362068965517241,9,185,1
through_annotation_batch_03,tfidf,0.5,non_sif_1_5,"[np.int64(0), np.int64(1)]",1,0.5499999999999999,167,36,21,8,0.8226600985221675,0.9542857142857143,0.3684210526315789,0.6613533834586466,0.8835978835978836,0.9246954595791804,"[[21, 36], [8, 167]]","{'NON_SIF_POTENTIAL': 29, 'SIF_POTENTIAL': 203}",0.49999999999999994,0.6,29,0.125,0.875,18,185,2
through_annotation_batch_03,tfidf,0.5,non_sif_1_5,"[np.int64(0), np.int64(1)]",1,0.5499999999999999,167,36,21,8,0.8226600985221675,0.9542857142857143,0.3684210526315789,0.6613533834586466,0.8835978835978836,0.9246954595791804,"[[21, 36], [8, 167]]","{'NON_SIF_POTENTIAL': 29, 'SIF_POTENTIAL': 203}",0.44999999999999996,0.6499999999999999,58,0.25,0.75,10,164,1
through_annotation_batch_03,tfidf,0.5,non_sif_1_5,"[np.int64(0), np.int64(1)]",1,0.5999999999999999,159,26,31,16,0.8594594594594595,0.9085714285714286,0.543859649122807,0.7262155388471179,0.8833333333333333,0.8983050847457628,"[[31, 26], [16, 159]]","{'NON_SIF_POTENTIAL': 47, 'SIF_POTENTIAL': 185}",0.5499999999999998,0.6499999999999999,39,0.16810344827586207,0.8318965517241379,29,164,8
through_annotation_batch_03,tfidf,0.5,non_sif_1_5,"[np.int64(0), np.int64(1)]",1,0.5999999999999999,159,26,31,16,0.8594594594594595,0.9085714285714286,0.543859649122807,0.7262155388471179,0.8833333333333333,0.8983050847457628,"[[31, 26], [16, 159]]","{'NON_SIF_POTENTIAL': 47, 'SIF_POTENTIAL': 185}",0.4999999999999999,0.6999999999999998,79,0.34051724137931033,0.6594827586206896,18,135,2
through_annotation_batch_03,tfidf,0.5,non_sif_1_5,"[np.int64(0), np.int64(1)]",1,0.6499999999999999,147,17,40,28,0.8963414634146342,0.84,0.7017543859649122,0.770877192982456,0.8672566371681416,0.8506944444444443,"[[40, 17], [28, 147]]","{'NON_SIF_POTENTIAL': 68, 'SIF_POTENTIAL': 164}",0.5999999999999999,0.7,50,0.21551724137931033,0.7844827586206896,47,135,16
through_annotation_batch_03,tfidf,0.5,non_sif_1_5,"[np.int64(0), np.int64(1)]",1,0.6499999999999999,147,17,40,28,0.8963414634146342,0.84,0.7017543859649122,0.770877192982456,0.8672566371681416,0.8506944444444443,"[[40, 17], [28, 147]]","{'NON_SIF_POTENTIAL': 68, 'SIF_POTENTIAL': 164}",0.5499999999999999,0.7499999999999999,103,0.44396551724137934,0.5560344827586207,29,100,8
through_annotation_batch_03,tfidf,0.5,non_sif_1_5,"[np.int64(0), np.int64(1)]",1,0.7,129,6,51,46,0.9555555555555556,0.7371428571428571,0.8947368421052632,0.8159398496240602,0.832258064516129,0.7724550898203592,"[[51, 6], [46, 129]]","{'NON_SIF_POTENTIAL': 97, 'SIF_POTENTIAL': 135}",0.6499999999999999,0.75,64,0.27586206896551724,0.7241379310344828,68,100,28
through_annotation_batch_03,tfidf,0.5,non_sif_1_5,"[np.int64(0), np.int64(1)]",1,0.7,129,6,51,46,0.9555555555555556,0.7371428571428571,0.8947368421052632,0.8159398496240602,0.832258064516129,0.7724550898203592,"[[51, 6], [46, 129]]","{'NON_SIF_POTENTIAL': 97, 'SIF_POTENTIAL': 135}",0.6,0.7999999999999999,128,0.5517241379310345,0.4482758620689655,47,57,16
through_annotation_batch_03,tfidf,0.5,non_sif_1_5,"[np.int64(0), np.int64(1)]",1,0.7499999999999998,99,1,56,76,0.99,0.5657142857142857,0.9824561403508771,0.7740852130325815,0.72,0.61875,"[[56, 1], [76, 99]]","{'NON_SIF_POTENTIAL': 132, 'SIF_POTENTIAL': 100}",0.6999999999999997,0.7999999999999998,78,0.33620689655172414,0.6637931034482759,97,57,46
through_annotation_batch_03,tfidf,0.5,non_sif_1_5,"[np.int64(0), np.int64(1)]",1,0.7499999999999998,99,1,56,76,0.99,0.5657142857142857,0.9824561403508771,0.7740852130325815,0.72,0.61875,"[[56, 1], [76, 99]]","{'NON_SIF_POTENTIAL': 132, 'SIF_POTENTIAL': 100}",0.6499999999999998,0.8499999999999998,145,0.625,0.375,68,19,28
through_annotation_batch_03,tfidf,0.5,non_sif_1_5,"[np.int64(0), np.int64(1)]",1,0.7999999999999998,57,0,57,118,1.0,0.32571428571428573,1.0,0.6628571428571428,0.49137931034482757,0.3764861294583884,"[[57, 0], [118, 57]]","{'NON_SIF_POTENTIAL': 175, 'SIF_POTENTIAL': 57}",0.7499999999999998,0.8499999999999999,81,0.34913793103448276,0.6508620689655172,132,19,76
through_annotation_batch_03,tfidf,0.5,non_sif_1_5,"[np.int64(0), np.int64(1)]",1,0.7999999999999998,57,0,57,118,1.0,0.32571428571428573,1.0,0.6628571428571428,0.49137931034482757,0.3764861294583884,"[[57, 0], [118, 57]]","{'NON_SIF_POTENTIAL': 175, 'SIF_POTENTIAL': 57}",0.6999999999999998,0.8999999999999998,133,0.5732758620689655,0.4267241379310345,97,2,46
through_annotation_batch_03,tfidf,1.0,none,"[np.int64(0), np.int64(1)]",1,0.2,175,57,0,0,0.7543103448275862,1.0,0.0,0.5,0.85995085995086,0.9388412017167381,"[[0, 57], [0, 175]]","{'NON_SIF_POTENTIAL': 0, 'SIF_POTENTIAL': 232}",0.15000000000000002,0.25,1,0.004310344827586207,0.9956896551724138,0,231,0
through_annotation_batch_03,tfidf,1.0,none,"[np.int64(0), np.int64(1)]",1,0.2,175,57,0,0,0.7543103448275862,1.0,0.0,0.5,0.85995085995086,0.9388412017167381,"[[0, 57], [0, 175]]","{'NON_SIF_POTENTIAL': 0, 'SIF_POTENTIAL': 232}",0.1,0.30000000000000004,2,0.008620689655172414,0.9913793103448276,0,230,0
through_annotation_batch_03,tfidf,1.0,none,"[np.int64(0), np.int64(1)]",1,0.25,175,56,1,0,0.7575757575757576,1.0,0.017543859649122806,0.5087719298245614,0.8620689655172413,0.9398496240601504,"[[1, 56], [0, 175]]","{'NON_SIF_POTENTIAL': 1, 'SIF_POTENTIAL': 231}",0.2,0.3,2,0.008620689655172414,0.9913793103448276,0,230,0
through_annotation_batch_03,tfidf,1.0,none,"[np.int64(0), np.int64(1)]",1,0.25,175,56,1,0,0.7575757575757576,1.0,0.017543859649122806,0.5087719298245614,0.8620689655172413,0.9398496240601504,"[[1, 56], [0, 175]]","{'NON_SIF_POTENTIAL': 1, 'SIF_POTENTIAL': 231}",0.15,0.35,6,0.02586206896551724,0.9741379310344828,0,226,0
through_annotation_batch_03,tfidf,1.0,none,"[np.int64(0), np.int64(1)]",1,0.3,175,55,2,0,0.7608695652173914,1.0,0.03508771929824561,0.5175438596491229,0.8641975308641975,0.9408602150537635,"[[2, 55], [0, 175]]","{'NON_SIF_POTENTIAL': 2, 'SIF_POTENTIAL': 230}",0.25,0.35,5,0.021551724137931036,0.978448275862069,1,226,0
through_annotation_batch_03,tfidf,1.0,none,"[np.int64(0), np.int64(1)]",1,0.3,175,55,2,0,0.7608695652173914,1.0,0.03508771929824561,0.5175438596491229,0.8641975308641975,0.9408602150537635,"[[2, 55], [0, 175]]","{'NON_SIF_POTENTIAL': 2, 'SIF_POTENTIAL': 230}",0.19999999999999998,0.4,8,0.034482758620689655,0.9655172413793104,0,224,0
through_annotation_batch_03,tfidf,1.0,none,"[np.int64(0), np.int64(1)]",1,0.35,175,51,6,0,0.7743362831858407,1.0,0.10526315789473684,0.5526315789473684,0.8728179551122195,0.9449244060475163,"[[6, 51], [0, 175]]","{'NON_SIF_POTENTIAL': 6, 'SIF_POTENTIAL': 226}",0.3,0.39999999999999997,6,0.02586206896551724,0.9741379310344828,2,224,0
through_annotation_batch_03,tfidf,1.0,none,"[np.int64(0), np.int64(1)]",1,0.35,175,51,6,0,0.7743362831858407,1.0,0.10526315789473684,0.5526315789473684,0.8728179551122195,0.9449244060475163,"[[6, 51], [0, 175]]","{'NON_SIF_POTENTIAL': 6, 'SIF_POTENTIAL': 226}",0.24999999999999997,0.44999999999999996,9,0.03879310344827586,0.9612068965517241,1,222,0
through_annotation_batch_03,tfidf,1.0,none,"[np.int64(0), np.int64(1)]",1,0.39999999999999997,175,49,8,0,0.78125,1.0,0.14035087719298245,0.5701754385964912,0.8771929824561403,0.946969696969697,"[[8, 49], [0, 175]]","{'NON_SIF_POTENTIAL': 8, 'SIF_POTENTIAL': 224}",0.35,0.44999999999999996,4,0.017241379310344827,0.9827586206896551,6,222,0
through_annotation_batch_03,tfidf,1.0,none,"[np.int64(0), np.int64(1)]",1,0.39999999999999997,175,49,8,0,0.78125,1.0,0.14035087719298245,0.5701754385964912,0.8771929824561403,0.946969696969697,"[[8, 49], [0, 175]]","{'NON_SIF_POTENTIAL': 8, 'SIF_POTENTIAL': 224}",0.29999999999999993,0.5,11,0.04741379310344827,0.9525862068965517,2,219,0
through_annotation_batch_03,tfidf,1.0,none,"[np.int64(0), np.int64(1)]",1,0.44999999999999996,174,48,9,1,0.7837837837837838,0.9942857142857143,0.15789473684210525,0.5760902255639098,0.8765743073047859,0.9436008676789588,"[[9, 48], [1, 174]]","{'NON_SIF_POTENTIAL': 10, 'SIF_POTENTIAL': 222}",0.39999999999999997,0.49999999999999994,5,0.021551724137931036,0.978448275862069,8,219,0
through_annotation_batch_03,tfidf,1.0,none,"[np.int64(0), np.int64(1)]",1,0.44999999999999996,174,48,9,1,0.7837837837837838,0.9942857142857143,0.15789473684210525,0.5760902255639098,0.8765743073047859,0.9436008676789588,"[[9, 48], [1, 174]]","{'NON_SIF_POTENTIAL': 10, 'SIF_POTENTIAL': 222}",0.35,0.5499999999999999,12,0.05172413793103448,0.9482758620689655,6,214,0
through_annotation_batch_03,tfidf,1.0,none,"[np.int64(0), np.int64(1)]",1,0.49999999999999994,174,45,12,1,0.7945205479452054,0.9942857142857143,0.21052631578947367,0.6024060150375941,0.883248730964467,0.9466811751904245,"[[12, 45], [1, 174]]","{'NON_SIF_POTENTIAL': 13, 'SIF_POTENTIAL': 219}",0.44999999999999996,0.5499999999999999,8,0.034482758620689655,0.9655172413793104,10,214,1
through_annotation_batch_03,tfidf,1.0,none,"[np.int64(0), np.int64(1)]",1,0.49999999999999994,174,45,12,1,0.7945205479452054,0.9942857142857143,0.21052631578947367,0.6024060150375941,0.883248730964467,0.9466811751904245,"[[12, 45], [1, 174]]","{'NON_SIF_POTENTIAL': 13, 'SIF_POTENTIAL': 219}",0.3999999999999999,0.6,19,0.08189655172413793,0.9181034482758621,8,205,0
through_annotation_batch_03,tfidf,1.0,none,"[np.int64(0), np.int64(1)]",1,0.5499999999999999,173,41,16,2,0.8084112149532711,0.9885714285714285,0.2807017543859649,0.6346365914786967,0.8894601542416453,0.9463894967177242,"[[16, 41], [2, 173]]","{'NON_SIF_POTENTIAL': 18, 'SIF_POTENTIAL': 214}",0.49999999999999994,0.6,14,0.0603448275862069,0.9396551724137931,13,205,1
through_annotation_batch_03,tfidf,1.0,none,"[np.int64(0), np.int64(1)]",1,0.5499999999999999,173,41,16,2,0.8084112149532711,0.9885714285714285,0.2807017543859649,0.6346365914786967,0.8894601542416453,0.9463894967177242,"[[16, 41], [2, 173]]","{'NON_SIF_POTENTIAL': 18, 'SIF_POTENTIAL': 214}",0.44999999999999996,0.6499999999999999,32,0.13793103448275862,0.8620689655172413,10,190,1
through_annotation_batch_03,tfidf,1.0,none,"[np.int64(0), np.int64(1)]",1,0.5999999999999999,169,36,21,6,0.824390243902439,0.9657142857142857,0.3684210526315789,0.6670676691729324,0.8894736842105263,0.9337016574585637,"[[21, 36], [6, 169]]","{'NON_SIF_POTENTIAL': 27, 'SIF_POTENTIAL': 205}",0.5499999999999998,0.6499999999999999,24,0.10344827586206896,0.896551724137931,18,190,2
through_annotation_batch_03,tfidf,1.0,none,"[np.int64(0), np.int64(1)]",1,0.5999999999999999,169,36,21,6,0.824390243902439,0.9657142857142857,0.3684210526315789,0.6670676691729324,0.8894736842105263,0.9337016574585637,"[[21, 36], [6, 169]]","{'NON_SIF_POTENTIAL': 27, 'SIF_POTENTIAL': 205}",0.4999999999999999,0.6999999999999998,45,0.1939655172413793,0.8060344827586207,13,174,1
through_annotation_batch_03,tfidf,1.0,none,"[np.int64(0), np.int64(1)]",1,0.6499999999999999,164,26,31,11,0.8631578947368421,0.9371428571428572,0.543859649122807,0.7405012531328321,0.8986301369863013,0.9213483146067416,"[[31, 26], [11, 164]]","{'NON_SIF_POTENTIAL': 42, 'SIF_POTENTIAL': 190}",0.5999999999999999,0.7,31,0.1336206896551724,0.8663793103448276,27,174,6
through_annotation_batch_03,tfidf,1.0,none,"[np.int64(0), np.int64(1)]",1,0.6499999999999999,164,26,31,11,0.8631578947368421,0.9371428571428572,0.543859649122807,0.7405012531328321,0.8986301369863013,0.9213483146067416,"[[31, 26], [11, 164]]","{'NON_SIF_POTENTIAL': 42, 'SIF_POTENTIAL': 190}",0.5499999999999999,0.7499999999999999,69,0.2974137931034483,0.7025862068965517,18,145,2
through_annotation_batch_03,tfidf,1.0,none,"[np.int64(0), np.int64(1)]",1,0.7,153,21,36,22,0.8793103448275862,0.8742857142857143,0.631578947368421,0.7529323308270677,0.8767908309455588,0.8752860411899314,"[[36, 21], [22, 153]]","{'NON_SIF_POTENTIAL': 58, 'SIF_POTENTIAL': 174}",0.6499999999999999,0.75,45,0.1939655172413793,0.8060344827586207,42,145,11
through_annotation_batch_03,tfidf,1.0,none,"[np.int64(0), np.int64(1)]",1,0.7,153,21,36,22,0.8793103448275862,0.8742857142857143,0.631578947368421,0.7529323308270677,0.8767908309455588,0.8752860411899314,"[[36, 21], [22, 153]]","{'NON_SIF_POTENTIAL': 58, 'SIF_POTENTIAL': 174}",0.6,0.7999999999999999,84,0.3620689655172414,0.6379310344827587,27,121,6
through_annotation_batch_03,tfidf,1.0,none,"[np.int64(0), np.int64(1)]",1,0.7499999999999998,136,9,48,39,0.9379310344827586,0.7771428571428571,0.8421052631578947,0.8096240601503759,0.85,0.8047337278106508,"[[48, 9], [39, 136]]","{'NON_SIF_POTENTIAL': 87, 'SIF_POTENTIAL': 145}",0.6999999999999997,0.7999999999999998,53,0.22844827586206898,0.771551724137931,58,121,22
through_annotation_batch_03,tfidf,1.0,none,"[np.int64(0), np.int64(1)]",1,0.7499999999999998,136,9,48,39,0.9379310344827586,0.7771428571428571,0.8421052631578947,0.8096240601503759,0.85,0.8047337278106508,"[[48, 9], [39, 136]]","{'NON_SIF_POTENTIAL': 87, 'SIF_POTENTIAL': 145}",0.6499999999999998,0.8499999999999998,114,0.49137931034482757,0.5086206896551724,42,76,11
through_annotation_batch_03,tfidf,1.0,none,"[np.int64(0), np.int64(1)]",1,0.7999999999999998,115,6,51,60,0.9504132231404959,0.6571428571428571,0.8947368421052632,0.7759398496240602,0.777027027027027,0.7003654080389768,"[[51, 6], [60, 115]]","{'NON_SIF_POTENTIAL': 111, 'SIF_POTENTIAL': 121}",0.7499999999999998,0.8499999999999999,69,0.2974137931034483,0.7025862068965517,87,76,39
through_annotation_batch_03,tfidf,1.0,none,"[np.int64(0), np.int64(1)]",1,0.7999999999999998,115,6,51,60,0.9504132231404959,0.6571428571428571,0.8947368421052632,0.7759398496240602,0.777027027027027,0.7003654080389768,"[[51, 6], [60, 115]]","{'NON_SIF_POTENTIAL': 111, 'SIF_POTENTIAL': 121}",0.6999999999999998,0.8999999999999998,145,0.625,0.375,58,29,22
through_annotation_batch_03,tfidf,1.0,balanced,"[np.int64(0), np.int64(1)]",1,0.2,175,49,8,0,0.78125,1.0,0.14035087719298245,0.5701754385964912,0.8771929824561403,0.946969696969697,"[[8, 49], [0, 175]]","{'NON_SIF_POTENTIAL': 8, 'SIF_POTENTIAL': 224}",0.15000000000000002,0.25,7,0.03017241379310345,0.9698275862068966,2,223,0
through_annotation_batch_03,tfidf,1.0,balanced,"[np.int64(0), np.int64(1)]",1,0.2,175,49,8,0,0.78125,1.0,0.14035087719298245,0.5701754385964912,0.8771929824561403,0.946969696969697,"[[8, 49], [0, 175]]","{'NON_SIF_POTENTIAL': 8, 'SIF_POTENTIAL': 224}",0.1,0.30000000000000004,13,0.05603448275862069,0.9439655172413793,0,219,0
through_annotation_batch_03,tfidf,1.0,balanced,"[np.int64(0), np.int64(1)]",1,0.25,174,49,8,1,0.7802690582959642,0.9942857142857143,0.14035087719298245,0.5673182957393483,0.8743718592964824,0.942578548212351,"[[8, 49], [1, 174]]","{'NON_SIF_POTENTIAL': 9, 'SIF_POTENTIAL': 223}",0.2,0.3,5,0.021551724137931036,0.978448275862069,8,219,0
through_annotation_batch_03,tfidf,1.0,balanced,"[np.int64(0), np.int64(1)]",1,0.25,174,49,8,1,0.7802690582959642,0.9942857142857143,0.14035087719298245,0.5673182957393483,0.8743718592964824,0.942578548212351,"[[8, 49], [1, 174]]","{'NON_SIF_POTENTIAL': 9, 'SIF_POTENTIAL': 223}",0.15,0.35,18,0.07758620689655173,0.9224137931034483,2,212,0
through_annotation_batch_03,tfidf,1.0,balanced,"[np.int64(0), np.int64(1)]",1,0.3,174,45,12,1,0.7945205479452054,0.9942857142857143,0.21052631578947367,0.6024060150375941,0.883248730964467,0.9466811751904245,"[[12, 45], [1, 174]]","{'NON_SIF_POTENTIAL': 13, 'SIF_POTENTIAL': 219}",0.25,0.35,11,0.04741379310344827,0.9525862068965517,9,212,1
through_annotation_batch_03,tfidf,1.0,balanced,"[np.int64(0), np.int64(1)]",1,0.3,174,45,12,1,0.7945205479452054,0.9942857142857143,0.21052631578947367,0.6024060150375941,0.883248730964467,0.9466811751904245,"[[12, 45], [1, 174]]","{'NON_SIF_POTENTIAL': 13, 'SIF_POTENTIAL': 219}",0.19999999999999998,0.4,22,0.09482758620689655,0.9051724137931034,8,202,0
through_annotation_batch_03,tfidf,1.0,balanced,"[np.int64(0), np.int64(1)]",1,0.35,171,41,16,4,0.8066037735849056,0.9771428571428571,0.2807017543859649,0.628922305764411,0.8837209302325582,0.9375,"[[16, 41], [4, 171]]","{'NON_SIF_POTENTIAL': 20, 'SIF_POTENTIAL': 212}",0.3,0.39999999999999997,17,0.07327586206896551,0.9267241379310345,13,202,1
through_annotation_batch_03,tfidf,1.0,balanced,"[np.int64(0), np.int64(1)]",1,0.35,171,41,16,4,0.8066037735849056,0.9771428571428571,0.2807017543859649,0.628922305764411,0.8837209302325582,0.9375,"[[16, 41], [4, 171]]","{'NON_SIF_POTENTIAL': 20, 'SIF_POTENTIAL': 212}",0.24999999999999997,0.44999999999999996,33,0.14224137931034483,0.8577586206896551,9,190,1
through_annotation_batch_03,tfidf,1.0,balanced,"[np.int64(0), np.int64(1)]",1,0.39999999999999997,169,33,24,6,0.8366336633663366,0.9657142857142857,0.42105263157894735,0.6933834586466165,0.896551724137931,0.9368070953436807,"[[24, 33], [6, 169]]","{'NON_SIF_POTENTIAL': 30, 'SIF_POTENTIAL': 202}",0.35,0.44999999999999996,22,0.09482758620689655,0.9051724137931034,20,190,4
through_annotation_batch_03,tfidf,1.0,balanced,"[np.int64(0), np.int64(1)]",1,0.39999999999999997,169,33,24,6,0.8366336633663366,0.9657142857142857,0.42105263157894735,0.6933834586466165,0.896551724137931,0.9368070953436807,"[[24, 33], [6, 169]]","{'NON_SIF_POTENTIAL': 30, 'SIF_POTENTIAL': 202}",0.29999999999999993,0.5,40,0.1724137931034483,0.8275862068965517,13,179,1
through_annotation_batch_03,tfidf,1.0,balanced,"[np.int64(0), np.int64(1)]",1,0.44999999999999996,164,26,31,11,0.8631578947368421,0.9371428571428572,0.543859649122807,0.7405012531328321,0.8986301369863013,0.9213483146067416,"[[31, 26], [11, 164]]","{'NON_SIF_POTENTIAL': 42, 'SIF_POTENTIAL': 190}",0.39999999999999997,0.49999999999999994,23,0.09913793103448276,0.9008620689655172,30,179,6
through_annotation_batch_03,tfidf,1.0,balanced,"[np.int64(0), np.int64(1)]",1,0.44999999999999996,164,26,31,11,0.8631578947368421,0.9371428571428572,0.543859649122807,0.7405012531328321,0.8986301369863013,0.9213483146067416,"[[31, 26], [11, 164]]","{'NON_SIF_POTENTIAL': 42, 'SIF_POTENTIAL': 190}",0.35,0.5499999999999999,51,0.21982758620689655,0.7801724137931034,20,161,4
through_annotation_batch_03,tfidf,1.0,balanced,"[np.int64(0), np.int64(1)]",1,0.49999999999999994,156,23,34,19,0.8715083798882681,0.8914285714285715,0.5964912280701754,0.7439598997493735,0.8813559322033898,0.8873720136518771,"[[34, 23], [19, 156]]","{'NON_SIF_POTENTIAL': 53, 'SIF_POTENTIAL': 179}",0.44999999999999996,0.5499999999999999,29,0.125,0.875,42,161,11
through_annotation_batch_03,tfidf,1.0,balanced,"[np.int64(0), np.int64(1)]",1,0.49999999999999994,156,23,34,19,0.8715083798882681,0.8914285714285715,0.5964912280701754,0.7439598997493735,0.8813559322033898,0.8873720136518771,"[[34, 23], [19, 156]]","{'NON_SIF_POTENTIAL': 53, 'SIF_POTENTIAL': 179}",0.3999999999999999,0.6,61,0.2629310344827586,0.7370689655172413,30,141,6
through_annotation_batch_03,tfidf,1.0,balanced,"[np.int64(0), np.int64(1)]",1,0.5499999999999999,147,14,43,28,0.9130434782608695,0.84,0.7543859649122807,0.7971929824561403,0.875,0.8536585365853657,"[[43, 14], [28, 147]]","{'NON_SIF_POTENTIAL': 71, 'SIF_POTENTIAL': 161}",0.49999999999999994,0.6,38,0.16379310344827586,0.8362068965517241,53,141,19
through_annotation_batch_03,tfidf,1.0,balanced,"[np.int64(0), np.int64(1)]",1,0.5499999999999999,147,14,43,28,0.9130434782608695,0.84,0.7543859649122807,0.7971929824561403,0.875,0.8536585365853657,"[[43, 14], [28, 147]]","{'NON_SIF_POTENTIAL': 71, 'SIF_POTENTIAL': 161}",0.44999999999999996,0.6499999999999999,64,0.27586206896551724,0.7241379310344828,42,126,11
through_annotation_batch_03,tfidf,1.0,balanced,"[np.int64(0), np.int64(1)]",1,0.5999999999999999,133,8,49,42,0.9432624113475178,0.76,0.8596491228070176,0.8098245614035088,0.8417721518987342,0.7907253269916766,"[[49, 8], [42, 133]]","{'NON_SIF_POTENTIAL': 91, 'SIF_POTENTIAL': 141}",0.5499999999999998,0.6499999999999999,35,0.15086206896551724,0.8491379310344828,71,126,28
through_annotation_batch_03,tfidf,1.0,balanced,"[np.int64(0), np.int64(1)]",1,0.5999999999999999,133,8,49,42,0.9432624113475178,0.76,0.8596491228070176,0.8098245614035088,0.8417721518987342,0.7907253269916766,"[[49, 8], [42, 133]]","{'NON_SIF_POTENTIAL': 91, 'SIF_POTENTIAL': 141}",0.4999999999999999,0.6999999999999998,79,0.34051724137931033,0.6594827586206896,53,100,19
through_annotation_batch_03,tfidf,1.0,balanced,"[np.int64(0), np.int64(1)]",1,0.6499999999999999,120,6,51,55,0.9523809523809523,0.6857142857142857,0.8947368421052632,0.7902255639097744,0.7973421926910299,0.7263922518159807,"[[51, 6], [55, 120]]","{'NON_SIF_POTENTIAL': 106, 'SIF_POTENTIAL': 126}",0.5999999999999999,0.7,41,0.17672413793103448,0.8232758620689655,91,100,42
through_annotation_batch_03,tfidf,1.0,balanced,"[np.int64(0), np.int64(1)]",1,0.6499999999999999,120,6,51,55,0.9523809523809523,0.6857142857142857,0.8947368421052632,0.7902255639097744,0.7973421926910299,0.7263922518159807,"[[51, 6], [55, 120]]","{'NON_SIF_POTENTIAL': 106, 'SIF_POTENTIAL': 126}",0.5499999999999999,0.7499999999999999,88,0.3793103448275862,0.6206896551724138,71,73,28
through_annotation_batch_03,tfidf,1.0,balanced,"[np.int64(0), np.int64(1)]",1,0.7,99,1,56,76,0.99,0.5657142857142857,0.9824561403508771,0.7740852130325815,0.72,0.61875,"[[56, 1], [76, 99]]","{'NON_SIF_POTENTIAL': 132, 'SIF_POTENTIAL': 100}",0.6499999999999999,0.75,53,0.22844827586206898,0.771551724137931,106,73,55
through_annotation_batch_03,tfidf,1.0,balanced,"[np.int64(0), np.int64(1)]",1,0.7,99,1,56,76,0.99,0.5657142857142857,0.9824561403508771,0.7740852130325815,0.72,0.61875,"[[56, 1], [76, 99]]","{'NON_SIF_POTENTIAL': 132, 'SIF_POTENTIAL': 100}",0.6,0.7999999999999999,101,0.4353448275862069,0.5646551724137931,91,40,42
through_annotation_batch_03,tfidf,1.0,balanced,"[np.int64(0), np.int64(1)]",1,0.7499999999999998,73,0,57,102,1.0,0.41714285714285715,1.0,0.7085714285714286,0.5887096774193549,0.4721862871927555,"[[57, 0], [102, 73]]","{'NON_SIF_POTENTIAL': 159, 'SIF_POTENTIAL': 73}",0.6999999999999997,0.7999999999999998,60,0.25862068965517243,0.7413793103448276,132,40,76
through_annotation_batch_03,tfidf,1.0,balanced,"[np.int64(0), np.int64(1)]",1,0.7499999999999998,73,0,57,102,1.0,0.41714285714285715,1.0,0.7085714285714286,0.5887096774193549,0.4721862871927555,"[[57, 0], [102, 73]]","{'NON_SIF_POTENTIAL': 159, 'SIF_POTENTIAL': 73}",0.6499999999999998,0.8499999999999998,112,0.4827586206896552,0.5172413793103449,106,14,55
through_annotation_batch_03,tfidf,1.0,balanced,"[np.int64(0), np.int64(1)]",1,0.7999999999999998,40,0,57,135,1.0,0.22857142857142856,1.0,0.6142857142857143,0.37209302325581395,0.27027027027027023,"[[57, 0], [135, 40]]","{'NON_SIF_POTENTIAL': 192, 'SIF_POTENTIAL': 40}",0.7499999999999998,0.8499999999999999,59,0.2543103448275862,0.7456896551724138,159,14,102
through_annotation_batch_03,tfidf,1.0,balanced,"[np.int64(0), np.int64(1)]",1,0.7999999999999998,40,0,57,135,1.0,0.22857142857142856,1.0,0.6142857142857143,0.37209302325581395,0.27027027027027023,"[[57, 0], [135, 40]]","{'NON_SIF_POTENTIAL': 192, 'SIF_POTENTIAL': 40}",0.6999999999999998,0.8999999999999998,98,0.4224137931034483,0.5775862068965517,132,2,76
through_annotation_batch_03,tfidf,1.0,non_sif_1_5,"[np.int64(0), np.int64(1)]",1,0.2,175,55,2,0,0.7608695652173914,1.0,0.03508771929824561,0.5175438596491229,0.8641975308641975,0.9408602150537635,"[[2, 55], [0, 175]]","{'NON_SIF_POTENTIAL': 2, 'SIF_POTENTIAL': 230}",0.15000000000000002,0.25,5,0.021551724137931036,0.978448275862069,0,227,0
through_annotation_batch_03,tfidf,1.0,non_sif_1_5,"[np.int64(0), np.int64(1)]",1,0.2,175,55,2,0,0.7608695652173914,1.0,0.03508771929824561,0.5175438596491229,0.8641975308641975,0.9408602150537635,"[[2, 55], [0, 175]]","{'NON_SIF_POTENTIAL': 2, 'SIF_POTENTIAL': 230}",0.1,0.30000000000000004,8,0.034482758620689655,0.9655172413793104,0,224,0
through_annotation_batch_03,tfidf,1.0,non_sif_1_5,"[np.int64(0), np.int64(1)]",1,0.25,175,52,5,0,0.7709251101321586,1.0,0.08771929824561403,0.543859649122807,0.8706467661691543,0.9439050701186623,"[[5, 52], [0, 175]]","{'NON_SIF_POTENTIAL': 5, 'SIF_POTENTIAL': 227}",0.2,0.3,6,0.02586206896551724,0.9741379310344828,2,224,0
through_annotation_batch_03,tfidf,1.0,non_sif_1_5,"[np.int64(0), np.int64(1)]",1,0.25,175,52,5,0,0.7709251101321586,1.0,0.08771929824561403,0.543859649122807,0.8706467661691543,0.9439050701186623,"[[5, 52], [0, 175]]","{'NON_SIF_POTENTIAL': 5, 'SIF_POTENTIAL': 227}",0.15,0.35,10,0.04310344827586207,0.9568965517241379,0,222,0
through_annotation_batch_03,tfidf,1.0,non_sif_1_5,"[np.int64(0), np.int64(1)]",1,0.3,175,49,8,0,0.78125,1.0,0.14035087719298245,0.5701754385964912,0.8771929824561403,0.946969696969697,"[[8, 49], [0, 175]]","{'NON_SIF_POTENTIAL': 8, 'SIF_POTENTIAL': 224}",0.25,0.35,5,0.021551724137931036,0.978448275862069,5,222,0
through_annotation_batch_03,tfidf,1.0,non_sif_1_5,"[np.int64(0), np.int64(1)]",1,0.3,175,49,8,0,0.78125,1.0,0.14035087719298245,0.5701754385964912,0.8771929824561403,0.946969696969697,"[[8, 49], [0, 175]]","{'NON_SIF_POTENTIAL': 8, 'SIF_POTENTIAL': 224}",0.19999999999999998,0.4,10,0.04310344827586207,0.9568965517241379,2,220,0
through_annotation_batch_03,tfidf,1.0,non_sif_1_5,"[np.int64(0), np.int64(1)]",1,0.35,174,48,9,1,0.7837837837837838,0.9942857142857143,0.15789473684210525,0.5760902255639098,0.8765743073047859,0.9436008676789588,"[[9, 48], [1, 174]]","{'NON_SIF_POTENTIAL': 10, 'SIF_POTENTIAL': 222}",0.3,0.39999999999999997,4,0.017241379310344827,0.9827586206896551,8,220,0
through_annotation_batch_03,tfidf,1.0,non_sif_1_5,"[np.int64(0), np.int64(1)]",1,0.35,174,48,9,1,0.7837837837837838,0.9942857142857143,0.15789473684210525,0.5760902255639098,0.8765743073047859,0.9436008676789588,"[[9, 48], [1, 174]]","{'NON_SIF_POTENTIAL': 10, 'SIF_POTENTIAL': 222}",0.24999999999999997,0.44999999999999996,13,0.05603448275862069,0.9439655172413793,5,214,0
through_annotation_batch_03,tfidf,1.0,non_sif_1_5,"[np.int64(0), np.int64(1)]",1,0.39999999999999997,174,46,11,1,0.7909090909090909,0.9942857142857143,0.19298245614035087,0.5936340852130326,0.8810126582278481,0.9456521739130436,"[[11, 46], [1, 174]]","{'NON_SIF_POTENTIAL': 12, 'SIF_POTENTIAL': 220}",0.35,0.44999999999999996,8,0.034482758620689655,0.9655172413793104,10,214,1
through_annotation_batch_03,tfidf,1.0,non_sif_1_5,"[np.int64(0), np.int64(1)]",1,0.39999999999999997,174,46,11,1,0.7909090909090909,0.9942857142857143,0.19298245614035087,0.5936340852130326,0.8810126582278481,0.9456521739130436,"[[11, 46], [1, 174]]","{'NON_SIF_POTENTIAL': 12, 'SIF_POTENTIAL': 220}",0.29999999999999993,0.5,17,0.07327586206896551,0.9267241379310345,8,207,0
through_annotation_batch_03,tfidf,1.0,non_sif_1_5,"[np.int64(0), np.int64(1)]",1,0.44999999999999996,173,41,16,2,0.8084112149532711,0.9885714285714285,0.2807017543859649,0.6346365914786967,0.8894601542416453,0.9463894967177242,"[[16, 41], [2, 173]]","{'NON_SIF_POTENTIAL': 18, 'SIF_POTENTIAL': 214}",0.39999999999999997,0.49999999999999994,13,0.05603448275862069,0.9439655172413793,12,207,1
through_annotation_batch_03,tfidf,1.0,non_sif_1_5,"[np.int64(0), np.int64(1)]",1,0.44999999999999996,173,41,16,2,0.8084112149532711,0.9885714285714285,0.2807017543859649,0.6346365914786967,0.8894601542416453,0.9463894967177242,"[[16, 41], [2, 173]]","{'NON_SIF_POTENTIAL': 18, 'SIF_POTENTIAL': 214}",0.35,0.5499999999999999,28,0.1206896551724138,0.8793103448275862,10,194,1
through_annotation_batch_03,tfidf,1.0,non_sif_1_5,"[np.int64(0), np.int64(1)]",1,0.49999999999999994,171,36,21,4,0.8260869565217391,0.9771428571428571,0.3684210526315789,0.672781954887218,0.8952879581151832,0.942668136714443,"[[21, 36], [4, 171]]","{'NON_SIF_POTENTIAL': 25, 'SIF_POTENTIAL': 207}",0.44999999999999996,0.5499999999999999,20,0.08620689655172414,0.9137931034482759,18,194,2
through_annotation_batch_03,tfidf,1.0,non_sif_1_5,"[np.int64(0), np.int64(1)]",1,0.49999999999999994,171,36,21,4,0.8260869565217391,0.9771428571428571,0.3684210526315789,0.672781954887218,0.8952879581151832,0.942668136714443,"[[21, 36], [4, 171]]","{'NON_SIF_POTENTIAL': 25, 'SIF_POTENTIAL': 207}",0.3999999999999999,0.6,36,0.15517241379310345,0.8448275862068966,12,184,1
through_annotation_batch_03,tfidf,1.0,non_sif_1_5,"[np.int64(0), np.int64(1)]",1,0.5499999999999999,166,28,29,9,0.8556701030927835,0.9485714285714286,0.5087719298245614,0.728671679197995,0.8997289972899729,0.9284116331096196,"[[29, 28], [9, 166]]","{'NON_SIF_POTENTIAL': 38, 'SIF_POTENTIAL': 194}",0.49999999999999994,0.6,23,0.09913793103448276,0.9008620689655172,25,184,4
through_annotation_batch_03,tfidf,1.0,non_sif_1_5,"[np.int64(0), np.int64(1)]",1,0.5499999999999999,166,28,29,9,0.8556701030927835,0.9485714285714286,0.5087719298245614,0.728671679197995,0.8997289972899729,0.9284116331096196,"[[29, 28], [9, 166]]","{'NON_SIF_POTENTIAL': 38, 'SIF_POTENTIAL': 194}",0.44999999999999996,0.6499999999999999,43,0.1853448275862069,0.8146551724137931,18,171,2
through_annotation_batch_03,tfidf,1.0,non_sif_1_5,"[np.int64(0), np.int64(1)]",1,0.5999999999999999,159,25,32,16,0.8641304347826086,0.9085714285714286,0.5614035087719298,0.7349874686716792,0.8857938718662952,0.8993212669683258,"[[32, 25], [16, 159]]","{'NON_SIF_POTENTIAL': 48, 'SIF_POTENTIAL': 184}",0.5499999999999998,0.6499999999999999,23,0.09913793103448276,0.9008620689655172,38,171,9
through_annotation_batch_03,tfidf,1.0,non_sif_1_5,"[np.int64(0), np.int64(1)]",1,0.5999999999999999,159,25,32,16,0.8641304347826086,0.9085714285714286,0.5614035087719298,0.7349874686716792,0.8857938718662952,0.8993212669683258,"[[32, 25], [16, 159]]","{'NON_SIF_POTENTIAL': 48, 'SIF_POTENTIAL': 184}",0.4999999999999999,0.6999999999999998,64,0.27586206896551724,0.7241379310344828,25,143,4
through_annotation_batch_03,tfidf,1.0,non_sif_1_5,"[np.int64(0), np.int64(1)]",1,0.6499999999999999,152,19,38,23,0.8888888888888888,0.8685714285714285,0.6666666666666666,0.7676190476190476,0.8786127167630058,0.8725602755453503,"[[38, 19], [23, 152]]","{'NON_SIF_POTENTIAL': 61, 'SIF_POTENTIAL': 171}",0.5999999999999999,0.7,41,0.17672413793103448,0.8232758620689655,48,143,16
through_annotation_batch_03,tfidf,1.0,non_sif_1_5,"[np.int64(0), np.int64(1)]",1,0.6499999999999999,152,19,38,23,0.8888888888888888,0.8685714285714285,0.6666666666666666,0.7676190476190476,0.8786127167630058,0.8725602755453503,"[[38, 19], [23, 152]]","{'NON_SIF_POTENTIAL': 61, 'SIF_POTENTIAL': 171}",0.5499999999999999,0.7499999999999999,67,0.28879310344827586,0.7112068965517241,38,127,9
through_annotation_batch_03,tfidf,1.0,non_sif_1_5,"[np.int64(0), np.int64(1)]",1,0.7,135,8,49,40,0.9440559440559441,0.7714285714285715,0.8596491228070176,0.8155388471177945,0.8490566037735849,0.8007117437722419,"[[49, 8], [40, 135]]","{'NON_SIF_POTENTIAL': 89, 'SIF_POTENTIAL': 143}",0.6499999999999999,0.75,44,0.1896551724137931,0.8103448275862069,61,127,23
through_annotation_batch_03,tfidf,1.0,non_sif_1_5,"[np.int64(0), np.int64(1)]",1,0.7,135,8,49,40,0.9440559440559441,0.7714285714285715,0.8596491228070176,0.8155388471177945,0.8490566037735849,0.8007117437722419,"[[49, 8], [40, 135]]","{'NON_SIF_POTENTIAL': 89, 'SIF_POTENTIAL': 143}",0.6,0.7999999999999999,90,0.3879310344827586,0.6120689655172413,48,94,16
through_annotation_batch_03,tfidf,1.0,non_sif_1_5,"[np.int64(0), np.int64(1)]",1,0.7499999999999998,121,6,51,54,0.952755905511811,0.6914285714285714,0.8947368421052632,0.7930827067669173,0.8013245033112583,0.7315598548972188,"[[51, 6], [54, 121]]","{'NON_SIF_POTENTIAL': 105, 'SIF_POTENTIAL': 127}",0.6999999999999997,0.7999999999999998,49,0.21120689655172414,0.7887931034482759,89,94,40
through_annotation_batch_03,tfidf,1.0,non_sif_1_5,"[np.int64(0), np.int64(1)]",1,0.7499999999999998,121,6,51,54,0.952755905511811,0.6914285714285714,0.8947368421052632,0.7930827067669173,0.8013245033112583,0.7315598548972188,"[[51, 6], [54, 121]]","{'NON_SIF_POTENTIAL': 105, 'SIF_POTENTIAL': 127}",0.6499999999999998,0.8499999999999998,117,0.5043103448275862,0.4956896551724138,61,54,23
through_annotation_batch_03,tfidf,1.0,non_sif_1_5,"[np.int64(0), np.int64(1)]",1,0.7999999999999998,93,1,56,82,0.9893617021276596,0.5314285714285715,0.9824561403508771,0.7569423558897244,0.6914498141263941,0.5856423173803526,"[[56, 1], [82, 93]]","{'NON_SIF_POTENTIAL': 138, 'SIF_POTENTIAL': 94}",0.7499999999999998,0.8499999999999999,73,0.3146551724137931,0.6853448275862069,105,54,54
through_annotation_batch_03,tfidf,1.0,non_sif_1_5,"[np.int64(0), np.int64(1)]",1,0.7999999999999998,93,1,56,82,0.9893617021276596,0.5314285714285715,0.9824561403508771,0.7569423558897244,0.6914498141263941,0.5856423173803526,"[[56, 1], [82, 93]]","{'NON_SIF_POTENTIAL': 138, 'SIF_POTENTIAL': 94}",0.6999999999999998,0.8999999999999998,126,0.5431034482758621,0.45689655172413796,89,17,40
through_annotation_batch_03,tfidf,2.0,none,"[np.int64(0), np.int64(1)]",1,0.2,175,55,2,0,0.7608695652173914,1.0,0.03508771929824561,0.5175438596491229,0.8641975308641975,0.9408602150537635,"[[2, 55], [0, 175]]","{'NON_SIF_POTENTIAL': 2, 'SIF_POTENTIAL': 230}",0.15000000000000002,0.25,4,0.017241379310344827,0.9827586206896551,1,227,0
through_annotation_batch_03,tfidf,2.0,none,"[np.int64(0), np.int64(1)]",1,0.2,175,55,2,0,0.7608695652173914,1.0,0.03508771929824561,0.5175438596491229,0.8641975308641975,0.9408602150537635,"[[2, 55], [0, 175]]","{'NON_SIF_POTENTIAL': 2, 'SIF_POTENTIAL': 230}",0.1,0.30000000000000004,8,0.034482758620689655,0.9655172413793104,0,224,0
through_annotation_batch_03,tfidf,2.0,none,"[np.int64(0), np.int64(1)]",1,0.25,175,52,5,0,0.7709251101321586,1.0,0.08771929824561403,0.543859649122807,0.8706467661691543,0.9439050701186623,"[[5, 52], [0, 175]]","{'NON_SIF_POTENTIAL': 5, 'SIF_POTENTIAL': 227}",0.2,0.3,6,0.02586206896551724,0.9741379310344828,2,224,0
through_annotation_batch_03,tfidf,2.0,none,"[np.int64(0), np.int64(1)]",1,0.25,175,52,5,0,0.7709251101321586,1.0,0.08771929824561403,0.543859649122807,0.8706467661691543,0.9439050701186623,"[[5, 52], [0, 175]]","{'NON_SIF_POTENTIAL': 5, 'SIF_POTENTIAL': 227}",0.15,0.35,8,0.034482758620689655,0.9655172413793104,1,223,0
through_annotation_batch_03,tfidf,2.0,none,"[np.int64(0), np.int64(1)]",1,0.3,175,49,8,0,0.78125,1.0,0.14035087719298245,0.5701754385964912,0.8771929824561403,0.946969696969697,"[[8, 49], [0, 175]]","{'NON_SIF_POTENTIAL': 8, 'SIF_POTENTIAL': 224}",0.25,0.35,4,0.017241379310344827,0.9827586206896551,5,223,0
through_annotation_batch_03,tfidf,2.0,none,"[np.int64(0), np.int64(1)]",1,0.3,175,49,8,0,0.78125,1.0,0.14035087719298245,0.5701754385964912,0.8771929824561403,0.946969696969697,"[[8, 49], [0, 175]]","{'NON_SIF_POTENTIAL': 8, 'SIF_POTENTIAL': 224}",0.19999999999999998,0.4,9,0.03879310344827586,0.9612068965517241,2,221,0
through_annotation_batch_03,tfidf,2.0,none,"[np.int64(0), np.int64(1)]",1,0.35,174,49,8,1,0.7802690582959642,0.9942857142857143,0.14035087719298245,0.5673182957393483,0.8743718592964824,0.942578548212351,"[[8, 49], [1, 174]]","{'NON_SIF_POTENTIAL': 9, 'SIF_POTENTIAL': 223}",0.3,0.39999999999999997,3,0.01293103448275862,0.9870689655172413,8,221,0
through_annotation_batch_03,tfidf,2.0,none,"[np.int64(0), np.int64(1)]",1,0.35,174,49,8,1,0.7802690582959642,0.9942857142857143,0.14035087719298245,0.5673182957393483,0.8743718592964824,0.942578548212351,"[[8, 49], [1, 174]]","{'NON_SIF_POTENTIAL': 9, 'SIF_POTENTIAL': 223}",0.24999999999999997,0.44999999999999996,8,0.034482758620689655,0.9655172413793104,5,219,0
through_annotation_batch_03,tfidf,2.0,none,"[np.int64(0), np.int64(1)]",1,0.39999999999999997,174,47,10,1,0.7873303167420814,0.9942857142857143,0.17543859649122806,0.5848621553884712,0.8787878787878788,0.9446254071661238,"[[10, 47], [1, 174]]","{'NON_SIF_POTENTIAL': 11, 'SIF_POTENTIAL': 221}",0.35,0.44999999999999996,4,0.017241379310344827,0.9827586206896551,9,219,1
through_annotation_batch_03,tfidf,2.0,none,"[np.int64(0), np.int64(1)]",1,0.39999999999999997,174,47,10,1,0.7873303167420814,0.9942857142857143,0.17543859649122806,0.5848621553884712,0.8787878787878788,0.9446254071661238,"[[10, 47], [1, 174]]","{'NON_SIF_POTENTIAL': 11, 'SIF_POTENTIAL': 221}",0.29999999999999993,0.5,13,0.05603448275862069,0.9439655172413793,8,211,0
through_annotation_batch_03,tfidf,2.0,none,"[np.int64(0), np.int64(1)]",1,0.44999999999999996,173,46,11,2,0.7899543378995434,0.9885714285714285,0.19298245614035087,0.5907769423558897,0.8781725888324873,0.9412404787812839,"[[11, 46], [2, 173]]","{'NON_SIF_POTENTIAL': 13, 'SIF_POTENTIAL': 219}",0.39999999999999997,0.49999999999999994,10,0.04310344827586207,0.9568965517241379,11,211,1
through_annotation_batch_03,tfidf,2.0,none,"[np.int64(0), np.int64(1)]",1,0.44999999999999996,173,46,11,2,0.7899543378995434,0.9885714285714285,0.19298245614035087,0.5907769423558897,0.8781725888324873,0.9412404787812839,"[[11, 46], [2, 173]]","{'NON_SIF_POTENTIAL': 13, 'SIF_POTENTIAL': 219}",0.35,0.5499999999999999,18,0.07758620689655173,0.9224137931034483,9,205,1
through_annotation_batch_03,tfidf,2.0,none,"[np.int64(0), np.int64(1)]",1,0.49999999999999994,172,39,18,3,0.8151658767772512,0.9828571428571429,0.3157894736842105,0.6493233082706766,0.8911917098445595,0.9440175631174534,"[[18, 39], [3, 172]]","{'NON_SIF_POTENTIAL': 21, 'SIF_POTENTIAL': 211}",0.44999999999999996,0.5499999999999999,14,0.0603448275862069,0.9396551724137931,13,205,2
through_annotation_batch_03,tfidf,2.0,none,"[np.int64(0), np.int64(1)]",1,0.49999999999999994,172,39,18,3,0.8151658767772512,0.9828571428571429,0.3157894736842105,0.6493233082706766,0.8911917098445595,0.9440175631174534,"[[18, 39], [3, 172]]","{'NON_SIF_POTENTIAL': 21, 'SIF_POTENTIAL': 211}",0.3999999999999999,0.6,27,0.11637931034482758,0.8836206896551724,11,194,1
through_annotation_batch_03,tfidf,2.0,none,"[np.int64(0), np.int64(1)]",1,0.5499999999999999,171,34,23,4,0.8341463414634146,0.9771428571428571,0.40350877192982454,0.6903258145363408,0.9,0.9447513812154696,"[[23, 34], [4, 171]]","{'NON_SIF_POTENTIAL': 27, 'SIF_POTENTIAL': 205}",0.49999999999999994,0.6,17,0.07327586206896551,0.9267241379310345,21,194,3
through_annotation_batch_03,tfidf,2.0,none,"[np.int64(0), np.int64(1)]",1,0.5499999999999999,171,34,23,4,0.8341463414634146,0.9771428571428571,0.40350877192982454,0.6903258145363408,0.9,0.9447513812154696,"[[23, 34], [4, 171]]","{'NON_SIF_POTENTIAL': 27, 'SIF_POTENTIAL': 205}",0.44999999999999996,0.6499999999999999,34,0.14655172413793102,0.853448275862069,13,185,2
through_annotation_batch_03,tfidf,2.0,none,"[np.int64(0), np.int64(1)]",1,0.5999999999999999,166,28,29,9,0.8556701030927835,0.9485714285714286,0.5087719298245614,0.728671679197995,0.8997289972899729,0.9284116331096196,"[[29, 28], [9, 166]]","{'NON_SIF_POTENTIAL': 38, 'SIF_POTENTIAL': 194}",0.5499999999999998,0.6499999999999999,20,0.08620689655172414,0.9137931034482759,27,185,4
through_annotation_batch_03,tfidf,2.0,none,"[np.int64(0), np.int64(1)]",1,0.5999999999999999,166,28,29,9,0.8556701030927835,0.9485714285714286,0.5087719298245614,0.728671679197995,0.8997289972899729,0.9284116331096196,"[[29, 28], [9, 166]]","{'NON_SIF_POTENTIAL': 38, 'SIF_POTENTIAL': 194}",0.4999999999999999,0.6999999999999998,38,0.16379310344827586,0.8362068965517241,21,173,3
through_annotation_batch_03,tfidf,2.0,none,"[np.int64(0), np.int64(1)]",1,0.6499999999999999,160,25,32,15,0.8648648648648649,0.9142857142857143,0.5614035087719298,0.737844611528822,0.8888888888888888,0.9039548022598869,"[[32, 25], [15, 160]]","{'NON_SIF_POTENTIAL': 47, 'SIF_POTENTIAL': 185}",0.5999999999999999,0.7,21,0.09051724137931035,0.9094827586206896,38,173,9
through_annotation_batch_03,tfidf,2.0,none,"[np.int64(0), np.int64(1)]",1,0.6499999999999999,160,25,32,15,0.8648648648648649,0.9142857142857143,0.5614035087719298,0.737844611528822,0.8888888888888888,0.9039548022598869,"[[32, 25], [15, 160]]","{'NON_SIF_POTENTIAL': 47, 'SIF_POTENTIAL': 185}",0.5499999999999999,0.7499999999999999,54,0.23275862068965517,0.7672413793103449,27,151,4
through_annotation_batch_03,tfidf,2.0,none,"[np.int64(0), np.int64(1)]",1,0.7,152,21,36,23,0.8786127167630058,0.8685714285714285,0.631578947368421,0.7500751879699248,0.8735632183908046,0.870561282932417,"[[36, 21], [23, 152]]","{'NON_SIF_POTENTIAL': 59, 'SIF_POTENTIAL': 173}",0.6499999999999999,0.75,34,0.14655172413793102,0.853448275862069,47,151,15
through_annotation_batch_03,tfidf,2.0,none,"[np.int64(0), np.int64(1)]",1,0.7,152,21,36,23,0.8786127167630058,0.8685714285714285,0.631578947368421,0.7500751879699248,0.8735632183908046,0.870561282932417,"[[36, 21], [23, 152]]","{'NON_SIF_POTENTIAL': 59, 'SIF_POTENTIAL': 173}",0.6,0.7999999999999999,61,0.2629310344827586,0.7370689655172413,38,133,9
through_annotation_batch_03,tfidf,2.0,none,"[np.int64(0), np.int64(1)]",1,0.7499999999999998,140,11,46,35,0.9271523178807947,0.8,0.8070175438596491,0.8035087719298246,0.8588957055214724,0.8225616921269094,"[[46, 11], [35, 140]]","{'NON_SIF_POTENTIAL': 81, 'SIF_POTENTIAL': 151}",0.6999999999999997,0.7999999999999998,40,0.1724137931034483,0.8275862068965517,59,133,23
through_annotation_batch_03,tfidf,2.0,none,"[np.int64(0), np.int64(1)]",1,0.7499999999999998,140,11,46,35,0.9271523178807947,0.8,0.8070175438596491,0.8035087719298246,0.8588957055214724,0.8225616921269094,"[[46, 11], [35, 140]]","{'NON_SIF_POTENTIAL': 81, 'SIF_POTENTIAL': 151}",0.6499999999999998,0.8499999999999998,78,0.33620689655172414,0.6637931034482759,47,107,15
through_annotation_batch_03,tfidf,2.0,none,"[np.int64(0), np.int64(1)]",1,0.7999999999999998,127,6,51,48,0.9548872180451128,0.7257142857142858,0.8947368421052632,0.8102255639097744,0.8246753246753247,0.7623049219687875,"[[51, 6], [48, 127]]","{'NON_SIF_POTENTIAL': 99, 'SIF_POTENTIAL': 133}",0.7499999999999998,0.8499999999999999,44,0.1896551724137931,0.8103448275862069,81,107,35
through_annotation_batch_03,tfidf,2.0,none,"[np.int64(0), np.int64(1)]",1,0.7999999999999998,127,6,51,48,0.9548872180451128,0.7257142857142858,0.8947368421052632,0.8102255639097744,0.8246753246753247,0.7623049219687875,"[[51, 6], [48, 127]]","{'NON_SIF_POTENTIAL': 99, 'SIF_POTENTIAL': 133}",0.6999999999999998,0.8999999999999998,109,0.4698275862068966,0.5301724137931034,59,64,23
through_annotation_batch_03,tfidf,2.0,balanced,"[np.int64(0), np.int64(1)]",1,0.2,174,49,8,1,0.7802690582959642,0.9942857142857143,0.14035087719298245,0.5673182957393483,0.8743718592964824,0.942578548212351,"[[8, 49], [1, 174]]","{'NON_SIF_POTENTIAL': 9, 'SIF_POTENTIAL': 223}",0.15000000000000002,0.25,5,0.021551724137931036,0.978448275862069,7,220,0
through_annotation_batch_03,tfidf,2.0,balanced,"[np.int64(0), np.int64(1)]",1,0.2,174,49,8,1,0.7802690582959642,0.9942857142857143,0.14035087719298245,0.5673182957393483,0.8743718592964824,0.942578548212351,"[[8, 49], [1, 174]]","{'NON_SIF_POTENTIAL': 9, 'SIF_POTENTIAL': 223}",0.1,0.30000000000000004,15,0.06465517241379311,0.9353448275862069,2,215,0
through_annotation_batch_03,tfidf,2.0,balanced,"[np.int64(0), np.int64(1)]",1,0.25,174,46,11,1,0.7909090909090909,0.9942857142857143,0.19298245614035087,0.5936340852130326,0.8810126582278481,0.9456521739130436,"[[11, 46], [1, 174]]","{'NON_SIF_POTENTIAL': 12, 'SIF_POTENTIAL': 220}",0.2,0.3,8,0.034482758620689655,0.9655172413793104,9,215,1
through_annotation_batch_03,tfidf,2.0,balanced,"[np.int64(0), np.int64(1)]",1,0.25,174,46,11,1,0.7909090909090909,0.9942857142857143,0.19298245614035087,0.5936340852130326,0.8810126582278481,0.9456521739130436,"[[11, 46], [1, 174]]","{'NON_SIF_POTENTIAL': 12, 'SIF_POTENTIAL': 220}",0.15,0.35,19,0.08189655172413793,0.9181034482758621,7,206,0
through_annotation_batch_03,tfidf,2.0,balanced,"[np.int64(0), np.int64(1)]",1,0.3,172,43,14,3,0.8,0.9828571428571429,0.24561403508771928,0.6142355889724311,0.882051282051282,0.9398907103825136,"[[14, 43], [3, 172]]","{'NON_SIF_POTENTIAL': 17, 'SIF_POTENTIAL': 215}",0.25,0.35,14,0.0603448275862069,0.9396551724137931,12,206,1
through_annotation_batch_03,tfidf,2.0,balanced,"[np.int64(0), np.int64(1)]",1,0.3,172,43,14,3,0.8,0.9828571428571429,0.24561403508771928,0.6142355889724311,0.882051282051282,0.9398907103825136,"[[14, 43], [3, 172]]","{'NON_SIF_POTENTIAL': 17, 'SIF_POTENTIAL': 215}",0.19999999999999998,0.4,25,0.10775862068965517,0.8922413793103449,9,198,1
through_annotation_batch_03,tfidf,2.0,balanced,"[np.int64(0), np.int64(1)]",1,0.35,171,35,22,4,0.8300970873786407,0.9771428571428571,0.38596491228070173,0.6815538847117795,0.8976377952755905,0.9437086092715231,"[[22, 35], [4, 171]]","{'NON_SIF_POTENTIAL': 26, 'SIF_POTENTIAL': 206}",0.3,0.39999999999999997,17,0.07327586206896551,0.9267241379310345,17,198,3
through_annotation_batch_03,tfidf,2.0,balanced,"[np.int64(0), np.int64(1)]",1,0.35,171,35,22,4,0.8300970873786407,0.9771428571428571,0.38596491228070173,0.6815538847117795,0.8976377952755905,0.9437086092715231,"[[22, 35], [4, 171]]","{'NON_SIF_POTENTIAL': 26, 'SIF_POTENTIAL': 206}",0.24999999999999997,0.44999999999999996,31,0.1336206896551724,0.8663793103448276,12,189,1
through_annotation_batch_03,tfidf,2.0,balanced,"[np.int64(0), np.int64(1)]",1,0.39999999999999997,168,30,27,7,0.8484848484848485,0.96,0.47368421052631576,0.7168421052631578,0.900804289544236,0.9354120267260579,"[[27, 30], [7, 168]]","{'NON_SIF_POTENTIAL': 34, 'SIF_POTENTIAL': 198}",0.35,0.44999999999999996,17,0.07327586206896551,0.9267241379310345,26,189,4
through_annotation_batch_03,tfidf,2.0,balanced,"[np.int64(0), np.int64(1)]",1,0.39999999999999997,168,30,27,7,0.8484848484848485,0.96,0.47368421052631576,0.7168421052631578,0.900804289544236,0.9354120267260579,"[[27, 30], [7, 168]]","{'NON_SIF_POTENTIAL': 34, 'SIF_POTENTIAL': 198}",0.29999999999999993,0.5,34,0.14655172413793102,0.853448275862069,17,181,3
through_annotation_batch_03,tfidf,2.0,balanced,"[np.int64(0), np.int64(1)]",1,0.44999999999999996,163,26,31,12,0.8624338624338624,0.9314285714285714,0.543859649122807,0.7376441102756892,0.8956043956043956,0.9167604049493815,"[[31, 26], [12, 163]]","{'NON_SIF_POTENTIAL': 43, 'SIF_POTENTIAL': 189}",0.39999999999999997,0.49999999999999994,17,0.07327586206896551,0.9267241379310345,34,181,7
through_annotation_batch_03,tfidf,2.0,balanced,"[np.int64(0), np.int64(1)]",1,0.44999999999999996,163,26,31,12,0.8624338624338624,0.9314285714285714,0.543859649122807,0.7376441102756892,0.8956043956043956,0.9167604049493815,"[[31, 26], [12, 163]]","{'NON_SIF_POTENTIAL': 43, 'SIF_POTENTIAL': 189}",0.35,0.5499999999999999,34,0.14655172413793102,0.853448275862069,26,172,4
through_annotation_batch_03,tfidf,2.0,balanced,"[np.int64(0), np.int64(1)]",1,0.49999999999999994,157,24,33,18,0.8674033149171271,0.8971428571428571,0.5789473684210527,0.738045112781955,0.8820224719101124,0.8910329171396141,"[[33, 24], [18, 157]]","{'NON_SIF_POTENTIAL': 51, 'SIF_POTENTIAL': 181}",0.44999999999999996,0.5499999999999999,17,0.07327586206896551,0.9267241379310345,43,172,12
through_annotation_batch_03,tfidf,2.0,balanced,"[np.int64(0), np.int64(1)]",1,0.49999999999999994,157,24,33,18,0.8674033149171271,0.8971428571428571,0.5789473684210527,0.738045112781955,0.8820224719101124,0.8910329171396141,"[[33, 24], [18, 157]]","{'NON_SIF_POTENTIAL': 51, 'SIF_POTENTIAL': 181}",0.3999999999999999,0.6,44,0.1896551724137931,0.8103448275862069,34,154,7
through_annotation_batch_03,tfidf,2.0,balanced,"[np.int64(0), np.int64(1)]",1,0.5499999999999999,152,20,37,23,0.8837209302325582,0.8685714285714285,0.6491228070175439,0.7588471177944862,0.8760806916426513,0.8715596330275229,"[[37, 20], [23, 152]]","{'NON_SIF_POTENTIAL': 60, 'SIF_POTENTIAL': 172}",0.49999999999999994,0.6,27,0.11637931034482758,0.8836206896551724,51,154,18
through_annotation_batch_03,tfidf,2.0,balanced,"[np.int64(0), np.int64(1)]",1,0.5499999999999999,152,20,37,23,0.8837209302325582,0.8685714285714285,0.6491228070175439,0.7588471177944862,0.8760806916426513,0.8715596330275229,"[[37, 20], [23, 152]]","{'NON_SIF_POTENTIAL': 60, 'SIF_POTENTIAL': 172}",0.44999999999999996,0.6499999999999999,51,0.21982758620689655,0.7801724137931034,43,138,12
through_annotation_batch_03,tfidf,2.0,balanced,"[np.int64(0), np.int64(1)]",1,0.5999999999999999,142,12,45,33,0.922077922077922,0.8114285714285714,0.7894736842105263,0.8004511278195489,0.8632218844984803,0.8313817330210773,"[[45, 12], [33, 142]]","{'NON_SIF_POTENTIAL': 78, 'SIF_POTENTIAL': 154}",0.5499999999999998,0.6499999999999999,34,0.14655172413793102,0.853448275862069,60,138,23
through_annotation_batch_03,tfidf,2.0,balanced,"[np.int64(0), np.int64(1)]",1,0.5999999999999999,142,12,45,33,0.922077922077922,0.8114285714285714,0.7894736842105263,0.8004511278195489,0.8632218844984803,0.8313817330210773,"[[45, 12], [33, 142]]","{'NON_SIF_POTENTIAL': 78, 'SIF_POTENTIAL': 154}",0.4999999999999999,0.6999999999999998,53,0.22844827586206898,0.771551724137931,51,128,18
through_annotation_batch_03,tfidf,2.0,balanced,"[np.int64(0), np.int64(1)]",1,0.6499999999999999,130,8,49,45,0.9420289855072463,0.7428571428571429,0.8596491228070176,0.8012531328320802,0.8306709265175719,0.7756563245823389,"[[49, 8], [45, 130]]","{'NON_SIF_POTENTIAL': 94, 'SIF_POTENTIAL': 138}",0.5999999999999999,0.7,26,0.11206896551724138,0.8879310344827587,78,128,33
through_annotation_batch_03,tfidf,2.0,balanced,"[np.int64(0), np.int64(1)]",1,0.6499999999999999,130,8,49,45,0.9420289855072463,0.7428571428571429,0.8596491228070176,0.8012531328320802,0.8306709265175719,0.7756563245823389,"[[49, 8], [45, 130]]","{'NON_SIF_POTENTIAL': 94, 'SIF_POTENTIAL': 138}",0.5499999999999999,0.7499999999999999,62,0.2672413793103448,0.7327586206896551,60,110,23
through_annotation_batch_03,tfidf,2.0,balanced,"[np.int64(0), np.int64(1)]",1,0.7,122,6,51,53,0.953125,0.6971428571428572,0.8947368421052632,0.7959398496240602,0.8052805280528053,0.7367149758454106,"[[51, 6], [53, 122]]","{'NON_SIF_POTENTIAL': 104, 'SIF_POTENTIAL': 128}",0.6499999999999999,0.75,28,0.1206896551724138,0.8793103448275862,94,110,45
through_annotation_batch_03,tfidf,2.0,balanced,"[np.int64(0), np.int64(1)]",1,0.7,122,6,51,53,0.953125,0.6971428571428572,0.8947368421052632,0.7959398496240602,0.8052805280528053,0.7367149758454106,"[[51, 6], [53, 122]]","{'NON_SIF_POTENTIAL': 104, 'SIF_POTENTIAL': 128}",0.6,0.7999999999999999,74,0.31896551724137934,0.6810344827586207,78,80,33
through_annotation_batch_03,tfidf,2.0,balanced,"[np.int64(0), np.int64(1)]",1,0.7499999999999998,107,3,54,68,0.9727272727272728,0.6114285714285714,0.9473684210526315,0.7793984962406015,0.7508771929824561,0.6604938271604939,"[[54, 3], [68, 107]]","{'NON_SIF_POTENTIAL': 122, 'SIF_POTENTIAL': 110}",0.6999999999999997,0.7999999999999998,48,0.20689655172413793,0.7931034482758621,104,80,53
through_annotation_batch_03,tfidf,2.0,balanced,"[np.int64(0), np.int64(1)]",1,0.7499999999999998,107,3,54,68,0.9727272727272728,0.6114285714285714,0.9473684210526315,0.7793984962406015,0.7508771929824561,0.6604938271604939,"[[54, 3], [68, 107]]","{'NON_SIF_POTENTIAL': 122, 'SIF_POTENTIAL': 110}",0.6499999999999998,0.8499999999999998,85,0.36637931034482757,0.6336206896551724,94,53,45
through_annotation_batch_03,tfidf,2.0,balanced,"[np.int64(0), np.int64(1)]",1,0.7999999999999998,80,0,57,95,1.0,0.45714285714285713,1.0,0.7285714285714285,0.6274509803921569,0.5128205128205128,"[[57, 0], [95, 80]]","{'NON_SIF_POTENTIAL': 152, 'SIF_POTENTIAL': 80}",0.7499999999999998,0.8499999999999999,57,0.24568965517241378,0.7543103448275862,122,53,68
through_annotation_batch_03,tfidf,2.0,balanced,"[np.int64(0), np.int64(1)]",1,0.7999999999999998,80,0,57,95,1.0,0.45714285714285713,1.0,0.7285714285714285,0.6274509803921569,0.5128205128205128,"[[57, 0], [95, 80]]","{'NON_SIF_POTENTIAL': 152, 'SIF_POTENTIAL': 80}",0.6999999999999998,0.8999999999999998,106,0.45689655172413796,0.5431034482758621,104,22,53
through_annotation_batch_03,tfidf,2.0,non_sif_1_5,"[np.int64(0), np.int64(1)]",1,0.2,175,50,7,0,0.7777777777777778,1.0,0.12280701754385964,0.5614035087719298,0.875,0.945945945945946,"[[7, 50], [0, 175]]","{'NON_SIF_POTENTIAL': 7, 'SIF_POTENTIAL': 225}",0.15000000000000002,0.25,5,0.021551724137931036,0.978448275862069,4,223,0
through_annotation_batch_03,tfidf,2.0,non_sif_1_5,"[np.int64(0), np.int64(1)]",1,0.2,175,50,7,0,0.7777777777777778,1.0,0.12280701754385964,0.5614035087719298,0.875,0.945945945945946,"[[7, 50], [0, 175]]","{'NON_SIF_POTENTIAL': 7, 'SIF_POTENTIAL': 225}",0.1,0.30000000000000004,10,0.04310344827586207,0.9568965517241379,1,221,0
through_annotation_batch_03,tfidf,2.0,non_sif_1_5,"[np.int64(0), np.int64(1)]",1,0.25,174,49,8,1,0.7802690582959642,0.9942857142857143,0.14035087719298245,0.5673182957393483,0.8743718592964824,0.942578548212351,"[[8, 49], [1, 174]]","{'NON_SIF_POTENTIAL': 9, 'SIF_POTENTIAL': 223}",0.2,0.3,4,0.017241379310344827,0.9827586206896551,7,221,0
through_annotation_batch_03,tfidf,2.0,non_sif_1_5,"[np.int64(0), np.int64(1)]",1,0.25,174,49,8,1,0.7802690582959642,0.9942857142857143,0.14035087719298245,0.5673182957393483,0.8743718592964824,0.942578548212351,"[[8, 49], [1, 174]]","{'NON_SIF_POTENTIAL': 9, 'SIF_POTENTIAL': 223}",0.15,0.35,8,0.034482758620689655,0.9655172413793104,4,220,0
through_annotation_batch_03,tfidf,2.0,non_sif_1_5,"[np.int64(0), np.int64(1)]",1,0.3,174,47,10,1,0.7873303167420814,0.9942857142857143,0.17543859649122806,0.5848621553884712,0.8787878787878788,0.9446254071661238,"[[10, 47], [1, 174]]","{'NON_SIF_POTENTIAL': 11, 'SIF_POTENTIAL': 221}",0.25,0.35,3,0.01293103448275862,0.9870689655172413,9,220,1
through_annotation_batch_03,tfidf,2.0,non_sif_1_5,"[np.int64(0), np.int64(1)]",1,0.3,174,47,10,1,0.7873303167420814,0.9942857142857143,0.17543859649122806,0.5848621553884712,0.8787878787878788,0.9446254071661238,"[[10, 47], [1, 174]]","{'NON_SIF_POTENTIAL': 11, 'SIF_POTENTIAL': 221}",0.19999999999999998,0.4,10,0.04310344827586207,0.9568965517241379,7,215,0
through_annotation_batch_03,tfidf,2.0,non_sif_1_5,"[np.int64(0), np.int64(1)]",1,0.35,174,46,11,1,0.7909090909090909,0.9942857142857143,0.19298245614035087,0.5936340852130326,0.8810126582278481,0.9456521739130436,"[[11, 46], [1, 174]]","{'NON_SIF_POTENTIAL': 12, 'SIF_POTENTIAL': 220}",0.3,0.39999999999999997,6,0.02586206896551724,0.9741379310344828,11,215,1
through_annotation_batch_03,tfidf,2.0,non_sif_1_5,"[np.int64(0), np.int64(1)]",1,0.35,174,46,11,1,0.7909090909090909,0.9942857142857143,0.19298245614035087,0.5936340852130326,0.8810126582278481,0.9456521739130436,"[[11, 46], [1, 174]]","{'NON_SIF_POTENTIAL': 12, 'SIF_POTENTIAL': 220}",0.24999999999999997,0.44999999999999996,18,0.07758620689655173,0.9224137931034483,9,205,1
through_annotation_batch_03,tfidf,2.0,non_sif_1_5,"[np.int64(0), np.int64(1)]",1,0.39999999999999997,172,43,14,3,0.8,0.9828571428571429,0.24561403508771928,0.6142355889724311,0.882051282051282,0.9398907103825136,"[[14, 43], [3, 172]]","{'NON_SIF_POTENTIAL': 17, 'SIF_POTENTIAL': 215}",0.35,0.44999999999999996,15,0.06465517241379311,0.9353448275862069,12,205,1
through_annotation_batch_03,tfidf,2.0,non_sif_1_5,"[np.int64(0), np.int64(1)]",1,0.39999999999999997,172,43,14,3,0.8,0.9828571428571429,0.24561403508771928,0.6142355889724311,0.882051282051282,0.9398907103825136,"[[14, 43], [3, 172]]","{'NON_SIF_POTENTIAL': 17, 'SIF_POTENTIAL': 215}",0.29999999999999993,0.5,20,0.08620689655172414,0.9137931034482759,11,201,1
through_annotation_batch_03,tfidf,2.0,non_sif_1_5,"[np.int64(0), np.int64(1)]",1,0.44999999999999996,171,34,23,4,0.8341463414634146,0.9771428571428571,0.40350877192982454,0.6903258145363408,0.9,0.9447513812154696,"[[23, 34], [4, 171]]","{'NON_SIF_POTENTIAL': 27, 'SIF_POTENTIAL': 205}",0.39999999999999997,0.49999999999999994,14,0.0603448275862069,0.9396551724137931,17,201,3
through_annotation_batch_03,tfidf,2.0,non_sif_1_5,"[np.int64(0), np.int64(1)]",1,0.44999999999999996,171,34,23,4,0.8341463414634146,0.9771428571428571,0.40350877192982454,0.6903258145363408,0.9,0.9447513812154696,"[[23, 34], [4, 171]]","{'NON_SIF_POTENTIAL': 27, 'SIF_POTENTIAL': 205}",0.35,0.5499999999999999,29,0.125,0.875,12,191,1
through_annotation_batch_03,tfidf,2.0,non_sif_1_5,"[np.int64(0), np.int64(1)]",1,0.49999999999999994,169,32,25,6,0.8407960199004975,0.9657142857142857,0.43859649122807015,0.702155388471178,0.898936170212766,0.9378468368479468,"[[25, 32], [6, 169]]","{'NON_SIF_POTENTIAL': 31, 'SIF_POTENTIAL': 201}",0.44999999999999996,0.5499999999999999,14,0.0603448275862069,0.9396551724137931,27,191,4
through_annotation_batch_03,tfidf,2.0,non_sif_1_5,"[np.int64(0), np.int64(1)]",1,0.49999999999999994,169,32,25,6,0.8407960199004975,0.9657142857142857,0.43859649122807015,0.702155388471178,0.898936170212766,0.9378468368479468,"[[25, 32], [6, 169]]","{'NON_SIF_POTENTIAL': 31, 'SIF_POTENTIAL': 201}",0.3999999999999999,0.6,33,0.14224137931034483,0.8577586206896551,17,182,3
through_annotation_batch_03,tfidf,2.0,non_sif_1_5,"[np.int64(0), np.int64(1)]",1,0.5499999999999999,165,26,31,10,0.8638743455497382,0.9428571428571428,0.543859649122807,0.743358395989975,0.9016393442622951,0.9259259259259259,"[[31, 26], [10, 165]]","{'NON_SIF_POTENTIAL': 41, 'SIF_POTENTIAL': 191}",0.49999999999999994,0.6,19,0.08189655172413793,0.9181034482758621,31,182,6
through_annotation_batch_03,tfidf,2.0,non_sif_1_5,"[np.int64(0), np.int64(1)]",1,0.5499999999999999,165,26,31,10,0.8638743455497382,0.9428571428571428,0.543859649122807,0.743358395989975,0.9016393442622951,0.9259259259259259,"[[31, 26], [10, 165]]","{'NON_SIF_POTENTIAL': 41, 'SIF_POTENTIAL': 191}",0.44999999999999996,0.6499999999999999,32,0.13793103448275862,0.8620689655172413,27,173,4
through_annotation_batch_03,tfidf,2.0,non_sif_1_5,"[np.int64(0), np.int64(1)]",1,0.5999999999999999,158,24,33,17,0.8681318681318682,0.9028571428571428,0.5789473684210527,0.7409022556390977,0.8851540616246498,0.8956916099773242,"[[33, 24], [17, 158]]","{'NON_SIF_POTENTIAL': 50, 'SIF_POTENTIAL': 182}",0.5499999999999998,0.6499999999999999,18,0.07758620689655173,0.9224137931034483,41,173,10
through_annotation_batch_03,tfidf,2.0,non_sif_1_5,"[np.int64(0), np.int64(1)]",1,0.5999999999999999,158,24,33,17,0.8681318681318682,0.9028571428571428,0.5789473684210527,0.7409022556390977,0.8851540616246498,0.8956916099773242,"[[33, 24], [17, 158]]","{'NON_SIF_POTENTIAL': 50, 'SIF_POTENTIAL': 182}",0.4999999999999999,0.6999999999999998,46,0.19827586206896552,0.8017241379310345,31,155,6
through_annotation_batch_03,tfidf,2.0,non_sif_1_5,"[np.int64(0), np.int64(1)]",1,0.6499999999999999,152,21,36,23,0.8786127167630058,0.8685714285714285,0.631578947368421,0.7500751879699248,0.8735632183908046,0.870561282932417,"[[36, 21], [23, 152]]","{'NON_SIF_POTENTIAL': 59, 'SIF_POTENTIAL': 173}",0.5999999999999999,0.7,27,0.11637931034482758,0.8836206896551724,50,155,17
through_annotation_batch_03,tfidf,2.0,non_sif_1_5,"[np.int64(0), np.int64(1)]",1,0.6499999999999999,152,21,36,23,0.8786127167630058,0.8685714285714285,0.631578947368421,0.7500751879699248,0.8735632183908046,0.870561282932417,"[[36, 21], [23, 152]]","{'NON_SIF_POTENTIAL': 59, 'SIF_POTENTIAL': 173}",0.5499999999999999,0.7499999999999999,54,0.23275862068965517,0.7672413793103449,41,137,10
through_annotation_batch_03,tfidf,2.0,non_sif_1_5,"[np.int64(0), np.int64(1)]",1,0.7,143,12,45,32,0.9225806451612903,0.8171428571428572,0.7894736842105263,0.8033082706766917,0.8666666666666667,0.8362573099415205,"[[45, 12], [32, 143]]","{'NON_SIF_POTENTIAL': 77, 'SIF_POTENTIAL': 155}",0.6499999999999999,0.75,36,0.15517241379310345,0.8448275862068966,59,137,23
through_annotation_batch_03,tfidf,2.0,non_sif_1_5,"[np.int64(0), np.int64(1)]",1,0.7,143,12,45,32,0.9225806451612903,0.8171428571428572,0.7894736842105263,0.8033082706766917,0.8666666666666667,0.8362573099415205,"[[45, 12], [32, 143]]","{'NON_SIF_POTENTIAL': 77, 'SIF_POTENTIAL': 155}",0.6,0.7999999999999999,59,0.2543103448275862,0.7456896551724138,50,123,17
through_annotation_batch_03,tfidf,2.0,non_sif_1_5,"[np.int64(0), np.int64(1)]",1,0.7499999999999998,129,8,49,46,0.9416058394160584,0.7371428571428571,0.8596491228070176,0.7983959899749373,0.8269230769230769,0.7706093189964156,"[[49, 8], [46, 129]]","{'NON_SIF_POTENTIAL': 95, 'SIF_POTENTIAL': 137}",0.6999999999999997,0.7999999999999998,32,0.13793103448275862,0.8620689655172413,77,123,32
through_annotation_batch_03,tfidf,2.0,non_sif_1_5,"[np.int64(0), np.int64(1)]",1,0.7499999999999998,129,8,49,46,0.9416058394160584,0.7371428571428571,0.8596491228070176,0.7983959899749373,0.8269230769230769,0.7706093189964156,"[[49, 8], [46, 129]]","{'NON_SIF_POTENTIAL': 95, 'SIF_POTENTIAL': 137}",0.6499999999999998,0.8499999999999998,78,0.33620689655172414,0.6637931034482759,59,95,23
through_annotation_batch_03,tfidf,2.0,non_sif_1_5,"[np.int64(0), np.int64(1)]",1,0.7999999999999998,117,6,51,58,0.9512195121951219,0.6685714285714286,0.8947368421052632,0.7816541353383459,0.785234899328859,0.7108140947752126,"[[51, 6], [58, 117]]","{'NON_SIF_POTENTIAL': 109, 'SIF_POTENTIAL': 123}",0.7499999999999998,0.8499999999999999,42,0.1810344827586207,0.8189655172413793,95,95,46
through_annotation_batch_03,tfidf,2.0,non_sif_1_5,"[np.int64(0), np.int64(1)]",1,0.7999999999999998,117,6,51,58,0.9512195121951219,0.6685714285714286,0.8947368421052632,0.7816541353383459,0.785234899328859,0.7108140947752126,"[[51, 6], [58, 117]]","{'NON_SIF_POTENTIAL': 109, 'SIF_POTENTIAL': 123}",0.6999999999999998,0.8999999999999998,102,0.4396551724137931,0.5603448275862069,77,53,32
