expansion_id,candidate_id,source,source_record_id,source_year,report_type_if_known,activity_if_known,location_if_known,narrative,source_native_outcome,source_native_classification,duplicate_group,normalized_narrative_sha256,retrieval_strata,primary_stratum,length_band,partition,selection_basis
EXP-V0.4-0501,OSHA-SIR-2017032818,OSHA_SIR,2017032818,2017,Incident,"Pedestrian struck by vehicle in roadway, unspecified","PARIS, TEXAS","An employee was struck by a vehicle while grouting a manhole, suffering multiple fractures and lacerations to the face and left knee.",Hospitalized=1.00; Amputation=0.00; Loss of Eye=0.00,OSHA severe injury report,osha-text-f48010b0aa12,048ca75a4f9c79d226d07d2f9f90eb2ea670b5c24bcc3349e49668302442fd12,LSR02;LSR03;LSR06,LSR02,short,train_addition,deterministic_diversity_and_keyword_retrieval_before_annotation_no_model_predictions
EXP-V0.4-0502,OSHA-SIR-20201010310,OSHA_SIR,20201010310,2020,Incident,Demolition or blasting explosion ,"REDFIELD, ARKANSAS","An employee was holding a pole with an explosive charge on the end of it, which was being used to de-slag a boiler. The explosive charge ignited and caused lacerations to the employee's left hand which resulted in amputation of the hand.",Hospitalized=0.00; Amputation=1.00; Loss of Eye=0.00,OSHA severe injury report,osha-text-9a08ccd8b8fb,f4812846a2b10c149ac55b20eedacc3bd2096005083d128ca7055a0153eb4bd9,GENERAL,GENERAL,medium,train_addition,deterministic_diversity_and_keyword_retrieval_before_annotation_no_model_predictions
EXP-V0.4-0503,OSHA-SIR-2019010923,OSHA_SIR,2019010923,2019,Incident,Other fall to lower level 16 to 20 feet,"PANAMA CITY BEACH, FLORIDA","An employee was climbing up a ladder to replace a metal roof. As he was getting ready to connect to a life line, he slipped and fell approximately 20 feet onto metal roof panels. The employee sustained a broken arm, pelvic fracture and facial bruises.",Hospitalized=1.00; Amputation=0.00; Loss of Eye=0.00,OSHA severe injury report,osha-text-b31ffda6275a,68162f0d1034d54db5246795e4db83c844fa05487b43c7695f14666a0b300a1b,LSR09,LSR09,medium,train_addition,deterministic_diversity_and_keyword_retrieval_before_annotation_no_model_predictions
EXP-V0.4-0504,OSHA-SIR-2020066016,OSHA_SIR,2020066016,2020,Incident,"Struck, caught, or crushed in other collapsing structure or equipment","BRADENTON, FLORIDA","Two employees were standing next to a wall when a strong breeze caused the wall to crack. It fell onto one of the workers, covering his body in blocks. He suffered broken teeth and bones.",Hospitalized=1.00; Amputation=0.00; Loss of Eye=0.00,OSHA severe injury report,osha-text-bfe2f612bdf6,6d8b233c3d179811580a7367573bb238b45fcb5ed9347cf3b08069f8d24c18d1,GENERAL,GENERAL,medium,train_addition,deterministic_diversity_and_keyword_retrieval_before_annotation_no_model_predictions
EXP-V0.4-0505,OSHA-SIR-2021087125,OSHA_SIR,2021087125,2021,Incident,Fall from pedal cycle,"FREEPORT, MAINE","Employees were mountain biking at a team event. An employee fell on their head, sustaining a fractured C6 vertebra, and a misaligned C7 vertebra, and a separated knee ligament.",Hospitalized=1.00; Amputation=0.00; Loss of Eye=0.00,OSHA severe injury report,osha-text-9a51465508ea,4cd4f64d8cbc191da6a8046e9a8a13231b5c38af147952ee245fcac831243e15,GENERAL,GENERAL,short,train_addition,deterministic_diversity_and_keyword_retrieval_before_annotation_no_model_predictions
EXP-V0.4-0506,OSHA-SIR-2024087372,OSHA_SIR,2024087372,2024,Incident," Struck by rolling, sliding, or shifting objects non-running","PHILADELPHIA, PENNSYLVANIA","An employee was driving steel H-beams for structural support for the dock. They rigged up a beam and moved it over 5 feet, setting it down on a sheet pile and dunnage. When unhooked the rigging, the beam rolled onto the employee's left leg, fracturing it.",Hospitalized=1.00; Amputation=0.00; Loss of Eye=0.00,OSHA severe injury report,osha-text-64cd7bb94f51,ffb286d2eeaefc624586dd8f0bbd7cd464c209e708b359c46d540bf727389ad6,LSR03;LSR07,LSR03,medium,train_addition,deterministic_diversity_and_keyword_retrieval_before_annotation_no_model_predictions
EXP-V0.4-0507,OSHA-SIR-2023021580,OSHA_SIR,2023021580,2023,Incident,Fall on same level due to tripping over self,"LINCOLN, NEBRASKA","An employee was standing from a seated position when they tripped and fell, sustaining a left ankle fracture.",Hospitalized=1.00; Amputation=0.00; Loss of Eye=0.00,OSHA severe injury report,osha-text-e847e02b0fc3,4233113d5430b4c64581bc475e34057b93f8180787a30bf99fba07d740dfa0e0,GENERAL,GENERAL,short,train_addition,deterministic_diversity_and_keyword_retrieval_before_annotation_no_model_predictions
EXP-V0.4-0508,OSHA-SIR-20181111867,OSHA_SIR,20181111867,2018,Incident,Fall from collapsing structure or equipment 6 to 10 feet,"CORPUS CHRISTI, TEXAS","An employee was moving from one platform to another. The platform gave way and the employee fell 10 feet to the ground, suffering a broken left foot.",Hospitalized=1.00; Amputation=0.00; Loss of Eye=0.00,OSHA severe injury report,osha-text-8f44ce5edc38,5b841447afbb660ad4a9c449068d7e4f989bad33f34507643d8e3cfae5bc98ff,HIGH_RISK,HIGH_RISK,short,train_addition,deterministic_diversity_and_keyword_retrieval_before_annotation_no_model_predictions
EXP-V0.4-0509,OSHA-SIR-2019099476,OSHA_SIR,2019099476,2019,Incident,"Indirect exposure to electricity, greater than 220 volts","POINT COMFORT, TEXAS",An employee was descending from a crane boom due to incoming rain when lightning struck the crane boom. The employee sustained burns to the feet.,Hospitalized=1.00; Amputation=0.00; Loss of Eye=0.00,OSHA severe injury report,osha-text-14f5f46e4688,f2e3669b9e5e708264d2fbba4369bf5f466bbdafb0fc55e57cd625c5ed83f672,LSR07,LSR07,short,train_addition,deterministic_diversity_and_keyword_retrieval_before_annotation_no_model_predictions
EXP-V0.4-0510,OSHA-SIR-2019010173,OSHA_SIR,2019010173,2019,Incident,Fall through surface or existing opening 6 to 10 feet,"LINCOLN, NEBRASKA","An employee was working on an elevated surface when he walked across a board to grab a piece of equipment. Upon returning to his work area, the board he was walking on gave way and he fell 10 feet to the concrete below, breaking his elbow. A harness was not worn at the time of the incident.",Hospitalized=1.00; Amputation=0.00; Loss of Eye=0.00,OSHA severe injury report,osha-text-433704191429,d796b2edc558215d107b7feea99fca9478f39673e140987869b4918168eb6656,LSR09;HIGH_RISK,LSR09,medium,train_addition,deterministic_diversity_and_keyword_retrieval_before_annotation_no_model_predictions
EXP-V0.4-0511,OSHA-SIR-2015085558,OSHA_SIR,2015085558,2015,Incident,"Indirect exposure to electricity, greater than 220 volts","ATLANTA, GEORGIA",An employee received burns to the hands and right foot while working near overhead power lines approximately 17 ft. from side structures. The employee was carrying a 24 ft. aluminum bull float that contacted the overhead power lines.,Hospitalized=1.00; Amputation=0.00; Loss of Eye=0.00,OSHA severe injury report,osha-text-2b989eac6927,2efbb0dbea9410a7005db3cd2be73a125c9fc9434c7edb6dc36ac9ec99529524,GENERAL,GENERAL,medium,train_addition,deterministic_diversity_and_keyword_retrieval_before_annotation_no_model_predictions
EXP-V0.4-0512,OSHA-SIR-2019066306,OSHA_SIR,2019066306,2019,Incident,"Exposure to other harmful substances, unspecified","WEST CHESTER, PENNSYLVANIA",Employees were providing customer care in an assisted living facility when a gastrointestinal virus broke out among customers and employees. Multiple employees experienced stomach and other health effects. Two employees were hospitalized.,Hospitalized=2.00; Amputation=0.00; Loss of Eye=0.00,OSHA severe injury report,osha-text-28054f4e76e8,73c76479a52566f0d10ee10eeb8445ae388cc910a42b739159ee902ca2540489,GENERAL,GENERAL,medium,train_addition,deterministic_diversity_and_keyword_retrieval_before_annotation_no_model_predictions
EXP-V0.4-0513,OSHA-SIR-2015021176,OSHA_SIR,2015021176,2015,Incident,Other fall to lower level 11 to 15 feet ,"COLUMBUS, OHIO","On or about February 5, 2015, an employee fell approximately 12 feet from an elevator pit ladder. The employee fractured his left leg and injured his back and right ankle.",Hospitalized=1.00; Amputation=0.00; Loss of Eye=0.00,OSHA severe injury report,osha-text-86a2616675de,997d597c302f6ff9a87d7ab0b06190e2faa234ca27d823d19a37dddc843a41ab,LSR02;LSR09;HAZARD_TERM_POSSIBLE_NON_SIF,LSR02,short,train_addition,deterministic_diversity_and_keyword_retrieval_before_annotation_no_model_predictions
EXP-V0.4-0514,OSHA-SIR-2025043454,OSHA_SIR,2025043454,2025,Incident, Fall to lower level resulting from exposure or contact  unspecified,"HOLLYWOOD, FLORIDA","An employee was climbing a hook ladder. A piece of advertising material fell onto the employee, causing them to slip and fall from the fourth or fifth rung. The employee landed on their left arm, breaking the arm and also suffering a broken rib.",Hospitalized=1.00; Amputation=0.00; Loss of Eye=0.00,OSHA severe injury report,osha-text-fe82fd91732a,6406cfe5cc2abbaa56a712c49510eb5f6c4657ea46cea30895e0029755a1232b,LSR09;HAZARD_TERM_POSSIBLE_NON_SIF,LSR09,medium,train_addition,deterministic_diversity_and_keyword_retrieval_before_annotation_no_model_predictions
EXP-V0.4-0515,OSHA-SIR-2018043259,OSHA_SIR,2018043259,2018,Incident,"Injured by handheld object or equipment, unspecified","DEWEY, ILLINOIS","An employee was helping a coworker drill out bad grain with an electric drill when the employee's loose-fitting glove became entangled in the drill's chuck. The employee suffered fractures to the left index, middle, and ring fingers; a laceration to the left index finger; and a subsequent amputation of the left middle finger.",Hospitalized=0.00; Amputation=1.00; Loss of Eye=0.00,OSHA severe injury report,osha-text-0ec90da84c42,278a0cab418035f267f647d79b242c5178429543dce6771cc69f1d95fd36344f,HAZARD_TERM_POSSIBLE_NON_SIF,HAZARD_TERM_POSSIBLE_NON_SIF,medium,train_addition,deterministic_diversity_and_keyword_retrieval_before_annotation_no_model_predictions
EXP-V0.4-0516,OSHA-SIR-2016076860,OSHA_SIR,2016076860,2016,Incident,Injured by object breaking in hand ,"DAYTONA BEACH, FLORIDA","An employee and his maintenance team were preparing an apartment for a new tenant, which required removing a toilet. As the employee and a coworker lifted the ceramic toilet onto a dumpster, it hit the edge of the dumpster and broke, lacerating his right forearm. He was hospitalized for surgery.",Hospitalized=1.00; Amputation=0.00; Loss of Eye=0.00,OSHA severe injury report,osha-text-b49b31c9a1f8,ae01af655f204f0729a514f21ba70ea027aed084b4cbc13296e43f2220ccfbe3,GENERAL,GENERAL,medium,train_addition,deterministic_diversity_and_keyword_retrieval_before_annotation_no_model_predictions
EXP-V0.4-0517,OSHA-SIR-2023031982,OSHA_SIR,2023031982,2023,Incident,Stings and venomous bites,"TAMPA, FLORIDA",An employee was servicing an HVAC system when they were bit on the right shin by a water moccasin.,Hospitalized=1.00; Amputation=0.00; Loss of Eye=0.00,OSHA severe injury report,osha-text-ee2209045a95,39329e6fdb52784ba30b371ef03b0846fb08ac162df7f516fb6d36e5701f6d31,GENERAL,GENERAL,short,train_addition,deterministic_diversity_and_keyword_retrieval_before_annotation_no_model_predictions
EXP-V0.4-0518,OSHA-SIR-2016053844,OSHA_SIR,2016053844,2016,Incident,"Fall from collapsing structure or equipment, unspecified","LUBBOCK, TEXAS","Two employees were working on a scaffolding system that toppled over injuring both employees on May 5, 2016, at approximately 0930 hours. One employee fell directly onto a small structure near the scaffold and suffered a broken pelvis, shoulder, ribs, and wrist on his right side. The employee was hospitalized for treatment of his injuries. The second employee fell directly on the bare ground and suffered a small laceration on his leg. The second employee was treated and released.",Hospitalized=1.00; Amputation=0.00; Loss of Eye=0.00,OSHA severe injury report,osha-text-55f6e2ba8b82,4e4126baac421a6a0d434e90505dbd478f76edec48c7596ed35beaaaa3969487,LSR09,LSR09,long,train_addition,deterministic_diversity_and_keyword_retrieval_before_annotation_no_model_predictions
EXP-V0.4-0519,OSHA-SIR-2019076777,OSHA_SIR,2019076777,2019,Incident,"Other jump to lower level, unspecified","ALLEN, TEXAS",An employee was climbing a ladder when it moved. She jumped off to avoid a fall and suffered a broken ankle and minor cuts to the face and arms.,Hospitalized=1.00; Amputation=0.00; Loss of Eye=0.00,OSHA severe injury report,osha-text-9519abfcaf23,f6ef1c0375556f5a6828f01986887d7c23a5f16e0d9c62a81b0051e46d677e4d,LSR09;HAZARD_TERM_POSSIBLE_NON_SIF,LSR09,short,train_addition,deterministic_diversity_and_keyword_retrieval_before_annotation_no_model_predictions
EXP-V0.4-0520,OSHA-SIR-2016043441,OSHA_SIR,2016043441,2016,Incident,Overexertion in lifting-single episode,"WEST ISLIP, NEW YORK","While lifting a patient in the bathroom, an employee fractured her back.",Hospitalized=1.00; Amputation=0.00; Loss of Eye=0.00,OSHA severe injury report,osha-text-5ddf719a3122,402e6f3cf9b27336637241a8fbf0974e62428b15fdca5d58f6a1e782a773236d,GENERAL,GENERAL,short,train_addition,deterministic_diversity_and_keyword_retrieval_before_annotation_no_model_predictions
EXP-V0.4-0521,OSHA-SIR-2021021214,OSHA_SIR,2021021214,2021,Incident,"Struck by swinging or slipping object, other than handheld, n.e.c.","LAGRANGE, GEORGIA","An employee was using a wireless remote to operate an overhead gantry crane with a load. The load moved toward him and pinned him against a die, breaking his pelvis.",Hospitalized=1.00; Amputation=0.00; Loss of Eye=0.00,OSHA severe injury report,osha-text-eac77301cebe,7c996ba78f086296c29881350a59e3487fc07f6c8f740d704152816d13af99e3,LSR06;LSR07,LSR06,short,train_addition,deterministic_diversity_and_keyword_retrieval_before_annotation_no_model_predictions
EXP-V0.4-0522,OSHA-SIR-2017043535,OSHA_SIR,2017043535,2017,Incident,"Jack-knifed or overturned, roadway","BLYTHEVILLE, ARKANSAS","An employee was driving a haul truck when the vehicle drove off the road and overturned. The employee struck his head on the cab of the truck, suffering a forehead laceration and compression fracture to his cervical vertebrae.",Hospitalized=1.00; Amputation=0.00; Loss of Eye=0.00,OSHA severe injury report,osha-text-c7341b15df16,b6c53d413f9eafd79f1095c9ffb30ff9d8974211ab6837ccfc949a50a18b169b,LSR03;HAZARD_TERM_POSSIBLE_NON_SIF,LSR03,medium,train_addition,deterministic_diversity_and_keyword_retrieval_before_annotation_no_model_predictions
EXP-V0.4-0523,OSHA-SIR-2017054029,OSHA_SIR,2017054029,2017,Incident,"Struck by dislodged flying object, particle","YOAKUM, TEXAS","An employee was unloading salt water from the truck-mounted storage tank. As the employee removed the pressurized tank cap, it struck him on the right side of his torso resulting in injuries to his ribs and liver (right side).",Hospitalized=1.00; Amputation=0.00; Loss of Eye=0.00,OSHA severe injury report,osha-text-b1c380fa6e89,cd3942e14d942c3b185d2a70f5369d1dc229eb5b86b745018482f6097f965b50,LSR02;LSR03,LSR02,medium,train_addition,deterministic_diversity_and_keyword_retrieval_before_annotation_no_model_predictions
EXP-V0.4-0524,OSHA-SIR-2019021267,OSHA_SIR,2019021267,2019,Incident,"Fall or jump from vehicle in normal operation, nonroadway","FORT WORTH, TEXAS",An employee was inside a crane positioned on top of a sink hole when the crane tipped over. The employee jumped out of the cab and suffered a hairline fracture to his right leg.,Hospitalized=1.00; Amputation=0.00; Loss of Eye=0.00,OSHA severe injury report,osha-text-c74a07c777e2,078eab76279c5c537289d2c2d7873c7b8030955366488260846ec83a96ba18e0,LSR07,LSR07,short,train_addition,deterministic_diversity_and_keyword_retrieval_before_annotation_no_model_predictions
EXP-V0.4-0525,OSHA-SIR-2020054690,OSHA_SIR,2020054690,2020,Incident,"Pedestrian struck by vehicle in work zone, unspecified","BUFFALO, NEW YORK","An employee was hanging a piece of rubber matting on the right rear corner of a milling machine. The track on the machine ran over her right foot, fracturing it and smashing the toes.",Hospitalized=0.00; Amputation=1.00; Loss of Eye=0.00,OSHA severe injury report,osha-text-c838c36b7efa,f89f4010f05b5be3e83650b8194e7069bb5cc7ad4ab6cc9520b26d566783a3a4,GENERAL,GENERAL,medium,train_addition,deterministic_diversity_and_keyword_retrieval_before_annotation_no_model_predictions
EXP-V0.4-0526,OSHA-SIR-2020109551,OSHA_SIR,2020109551,2020,Incident,Compressed or pinched by shifting objects or equipment,"SEA ISLAND, GEORGIA",An employee was unloading a spring-loaded fork on a powered industrial truck (PIT). A dislodged spring partially amputated his right ring fingertip. The employee was hospitalized and required surgery.,Hospitalized=1.00; Amputation=1.00; Loss of Eye=0.00,OSHA severe injury report,osha-text-f61ea6e6e7a3,6d57dd6541c3b1cf4f2c162209ba696f0ac00bd6eb5917491218c8de71172471,LSR02;LSR03,LSR02,medium,train_addition,deterministic_diversity_and_keyword_retrieval_before_annotation_no_model_predictions
EXP-V0.4-0527,OSHA-SIR-2016098312,OSHA_SIR,2016098312,2016,Incident,Other fall to lower level 26 to 30 feet,"LEWISBURG, PENNSYLVANIA","An temporary employee was working on a roofing job, slipped on the wet metal roof, and fell 26 feet to the ground. The employee suffered a broken hip and fractured vertebrae (L1 and L2) and was hospitalized.",Hospitalized=1.00; Amputation=0.00; Loss of Eye=0.00,OSHA severe injury report,osha-text-7e049070258a,a775e19454de7b62ce53b0ed8a28ebcf783bcb6be5e0a74090f1348e1cfa6c66,LSR09;HIGH_RISK,LSR09,medium,train_addition,deterministic_diversity_and_keyword_retrieval_before_annotation_no_model_predictions
EXP-V0.4-0528,OSHA-SIR-2021075666,OSHA_SIR,2021075666,2021,Incident,"Jack-knifed or overturned, nonroadway","ELLICOTTVILLE, NEW YORK",An employee was driving an all terrain vehicle (ATV) to the driving range when he hit a patch of gravel that caused the ATV to overturn on top of him. The employee was hospitalized for a fractured left ankle as well as lacerations and abrasions to his leg and forearm.,Hospitalized=1.00; Amputation=0.00; Loss of Eye=0.00,OSHA severe injury report,osha-text-a69558ae2775,1388e90550b71ced3395f4b7c011df412392941abb5c06b9914a4fb108af0e3f,LSR03;HAZARD_TERM_POSSIBLE_NON_SIF,LSR03,medium,train_addition,deterministic_diversity_and_keyword_retrieval_before_annotation_no_model_predictions
EXP-V0.4-0529,OSHA-SIR-20201110556,OSHA_SIR,20201110556,2020,Incident,"Struck by powered vehicle-nontransport, unspecified","HOMESTEAD, FLORIDA","An employee was working near a backhoe. The boom came down and struck the employee's right foot, breaking it.",Hospitalized=1.00; Amputation=0.00; Loss of Eye=0.00,OSHA severe injury report,osha-text-b47de71a7800,26f5aec21b510a4f10ec2161656fabfa717450fccef0bd00f068977401cfb6d9,GENERAL,GENERAL,short,train_addition,deterministic_diversity_and_keyword_retrieval_before_annotation_no_model_predictions
EXP-V0.4-0530,OSHA-SIR-2020065582,OSHA_SIR,2020065582,2020,Incident,Struck by object or equipment dropped by other person,"TEXAS CITY, TEXAS","Two employees were removing a door from a control room to take out a refrigerator while another employee was lying on the ground removing screws to disassemble a countertop. The door was let go and it fell over, striking the employee that was lying on the ground. The injured employee was hospitalized with a broken lower left leg and a dislocated ankle.",Hospitalized=1.00; Amputation=0.00; Loss of Eye=0.00,OSHA severe injury report,osha-text-01e7bf3c684d,6a9b33d9e9da0e0d4724a384960c68665a7d78e5d30433328e12925d4a338d8c,GENERAL,GENERAL,medium,train_addition,deterministic_diversity_and_keyword_retrieval_before_annotation_no_model_predictions
EXP-V0.4-0531,OSHA-SIR-2022065209,OSHA_SIR,2022065209,2022,Incident,"Ignition of vapors, gases, or liquids","COYANOSA, TEXAS",An employee lit a cigarette lighter to check the volume of chemical in an ISO tank. The flame ignited the remaining vapors in the ISO tank causing a flash fire. The employee suffered second degree burns on the face and arms.,Hospitalized=1.00; Amputation=0.00; Loss of Eye=0.00,OSHA severe injury report,osha-text-fb8a301cf3ed,f0f73252b84956e9db3e028c8babcd7a7c0d4c2ec9577252d474a8b82e9a3281,LSR02,LSR02,medium,train_addition,deterministic_diversity_and_keyword_retrieval_before_annotation_no_model_predictions
EXP-V0.4-0532,OSHA-SIR-2022109233,OSHA_SIR,2022109233,2022,Incident,"Fall on same level due to tripping, unspecified","BATON ROUGE, LOUISIANA","An employee was trying to clear a spent sulfuric acid line. As he tried to remove a flange on the line, there was a sudden pressure release and acid sprayed onto his face and neck; he then tripped and fell. He suffered chemical burns to the face and neck and a broken ankle/lower leg.",Hospitalized=1.00; Amputation=0.00; Loss of Eye=0.00,OSHA severe injury report,osha-text-5398ad47b221,9fd2be094a3fd3abb85f16c0c64cef24cb26cdf6bd25a131c115907ce8789998,LSR06;HIGH_RISK;HAZARD_TERM_POSSIBLE_NON_SIF,LSR06,medium,train_addition,deterministic_diversity_and_keyword_retrieval_before_annotation_no_model_predictions
EXP-V0.4-0533,OSHA-SIR-2023109373,OSHA_SIR,2023109373,2023,Incident,"Contact with objects and equipment, unspecified","GRAFTON, NORTH DAKOTA",A temporary employee was putting a choker tube on a piler. A C-door was lowered onto their right foot. The employee's foot was crushed.,Hospitalized=1.00; Amputation=0.00; Loss of Eye=0.00,OSHA severe injury report,osha-text-1f2f3b64b40e,071f56f00817c0d78ca1dfd28c73ad9d4929e56193ab19f972c30c3e56681e11,LSR06;HIGH_RISK,LSR06,short,train_addition,deterministic_diversity_and_keyword_retrieval_before_annotation_no_model_predictions
EXP-V0.4-0534,OSHA-SIR-2024010835,OSHA_SIR,2024010835,2024,Incident, Struck by falling object  unspecified,"NORTH MIAMI BEACH, FLORIDA",Concrete tables were being moved from one floor to another. A table had been secured with a table jack so that a screw jack could be removed. The table fell and crushed an employee's right hand.,Hospitalized=1.00; Amputation=0.00; Loss of Eye=0.00,OSHA severe injury report,osha-text-e289fe36ae6d,7d9ef26993598290df6aef01d398e525e2fff780b28be64af94ba454023574e8,LSR06;HIGH_RISK,LSR06,medium,train_addition,deterministic_diversity_and_keyword_retrieval_before_annotation_no_model_predictions
EXP-V0.4-0535,OSHA-SIR-2022054223,OSHA_SIR,2022054223,2022,Incident,"Fire, unspecified","BROOKLYN, NEW YORK","An employee was cutting a fitting on a gas tank using a handheld grinder. A spark from the grinder caused a fire, and the employee suffered burns to the legs and elbow.",Hospitalized=1.00; Amputation=0.00; Loss of Eye=0.00,OSHA severe injury report,osha-text-4cd8ea1cb6f4,435f3cdf250135b59875cd8f7a4e7965ea917318d68c0551c7d882217a5d6833,LSR02;LSR05,LSR02,short,train_addition,deterministic_diversity_and_keyword_retrieval_before_annotation_no_model_predictions
EXP-V0.4-0536,OSHA-SIR-2021054326,OSHA_SIR,2021054326,2021,Incident,"Fall on same level, unspecified","LUBBOCK, TEXAS","While leaving work and heading to a vehicle, an employee fell forward in the parking lot hitting her face and head on the concrete. The employee was hospitalized with a laceration to the left brow, a broken nose, and a spinal fracture.",Hospitalized=1.00; Amputation=0.00; Loss of Eye=0.00,OSHA severe injury report,osha-text-48d840f6a248,fdfe839cbf1bb9cf94549c8e985f39fb848100def3213f1f86f50158cf77c1dd,LSR03;HAZARD_TERM_POSSIBLE_NON_SIF,LSR03,medium,train_addition,deterministic_diversity_and_keyword_retrieval_before_annotation_no_model_predictions
EXP-V0.4-0537,OSHA-SIR-20181212628,OSHA_SIR,20181212628,2018,Incident,"Collision between a moving and standing vehicle, nonroadway","SPRINGFIELD, MISSOURI","On December 9, 2018, an employee operating a stand-up pallet jack in the stand-up pallet jack parking area backed up his machine and struck another parked stand-up pallet jack. His foot was pinched between the two pallet jacks. The employee was hospitalized with a lacerated and broken left big toe.",Hospitalized=1.00; Amputation=0.00; Loss of Eye=0.00,OSHA severe injury report,osha-text-dba74e807d24,9b383519d826dc6c12ff4232c9636c98c8d41f511cb61ba0b6e6dd80e00b1b77,HAZARD_TERM_POSSIBLE_NON_SIF,HAZARD_TERM_POSSIBLE_NON_SIF,medium,train_addition,deterministic_diversity_and_keyword_retrieval_before_annotation_no_model_predictions
EXP-V0.4-0538,OSHA-SIR-2022075834,OSHA_SIR,2022075834,2022,Incident,"Overexertion and bodily reaction, unspecified","ALLENTOWN, PENNSYLVANIA","An employee was kneeling to turn off a valve at a gas meter. When he stood up, he felt pain in his neck, back, and legs. The employee then fell to the ground.",Hospitalized=1.00; Amputation=0.00; Loss of Eye=0.00,OSHA severe injury report,osha-text-cab4cd10816c,2a945d6b216ed111fa9ab9cefa9707ec976800064fb32fd86b3dac81486566e4,GENERAL,GENERAL,short,train_addition,deterministic_diversity_and_keyword_retrieval_before_annotation_no_model_predictions
EXP-V0.4-0539,OSHA-SIR-2020088163,OSHA_SIR,2020088163,2020,Incident,Fall on same level due to tripping over self,"TOMS RIVER, NEW JERSEY",An employee tripped and fell while carrying a medication tray. She landed on the ground and suffered a broken left patella.,Hospitalized=1.00; Amputation=0.00; Loss of Eye=0.00,OSHA severe injury report,osha-text-916670c11ac4,7390edbc268d8c6ea88f65794363b2f131dad3f2b9828230584664187ead53d8,GENERAL,GENERAL,short,train_addition,deterministic_diversity_and_keyword_retrieval_before_annotation_no_model_predictions
EXP-V0.4-0540,OSHA-SIR-2023010305,OSHA_SIR,2023010305,2023,Incident,"Struck, caught, or crushed in other collapsing structure or equipment","RIVER FALLS, WISCONSIN","On January 11, 2023, at approximately 1:30 p.m., an employee and a non-employee were visually inspecting 70-foot-long wooden roof trusses from ground-level when the trusses collapsed and landed on both individuals. The employee sustained a fractured pelvis and broken ribs.",Hospitalized=1.00; Amputation=0.00; Loss of Eye=0.00,OSHA severe injury report,osha-text-81ec7157ea08,398ab88b32d7d7ebcaec01367e6826bfeec7cc66b97040d78c6e7059b7737777,LSR09,LSR09,medium,train_addition,deterministic_diversity_and_keyword_retrieval_before_annotation_no_model_predictions
EXP-V0.4-0541,OSHA-SIR-2025043125,OSHA_SIR,2025043125,2025,Incident, Fall on same level resulting in exposure or contact ,"SAINT LOUIS, MISSOURI","An employee was unloading a client vehicle when the vehicle started rolling. The employee ran to the front of the vehicle trying to stop it but he fell down and the vehicle then rolled over his foot. The employee sustained a fractured toe, a left tibia fracture and puncture of the skin. The employee was hospitalized.",Hospitalized=1.00; Amputation=0.00; Loss of Eye=0.00,OSHA severe injury report,osha-text-7d03135a9803,29da7d5b9fbfd9e0f21dabdea0947956f5cd76b8c373757aa7e0531b14eb6673,LSR03;HAZARD_TERM_POSSIBLE_NON_SIF,LSR03,medium,train_addition,deterministic_diversity_and_keyword_retrieval_before_annotation_no_model_predictions
EXP-V0.4-0542,OSHA-SIR-2020065646,OSHA_SIR,2020065646,2020,Incident,Struck against moving part of machinery or equipment,"COVINGTON, GEORGIA",An employee was changing the trash bag on a shim vacuum when he attempted to check the vacuum impeller for a clog. The moving impeller blades then amputated his right ring fingertip and 1 inch from his right index fingertip. The vacuum was energized at the time of the incident.,Hospitalized=0.00; Amputation=1.00; Loss of Eye=0.00,OSHA severe injury report,osha-text-703909698d1f,16f792997c66e1d8695f14d6a03131c4a09c2a31c9b8ef09bb558db30372356a,LSR04,LSR04,medium,train_addition,deterministic_diversity_and_keyword_retrieval_before_annotation_no_model_predictions
EXP-V0.4-0543,OSHA-SIR-2023065648,OSHA_SIR,2023065648,2023,Incident,"Jack-knifed or overturned, nonroadway","MIAMI, FLORIDA","An employee was driving a utility vehicle tractor on the right side of the road to return to the farm after pulling plants. The vehicle drove onto a pile of asphalt with a white plastic covering, causing the vehicle to tip over. The handrail the employee was holding onto crushed her fingers. The employee suffered an open fracture to her left middle and ring fingers, that required partial amputation.",Hospitalized=1.00; Amputation=1.00; Loss of Eye=0.00,OSHA severe injury report,osha-text-ff8546ca5dde,0f6da0089a5b551f1a5ffd622423c113ab7ad52a30ca98918f0de7e1753be302,LSR03;LSR06;HIGH_RISK,LSR03,long,train_addition,deterministic_diversity_and_keyword_retrieval_before_annotation_no_model_predictions
EXP-V0.4-0544,OSHA-SIR-2024032269,OSHA_SIR,2024032269,2024,Incident," Struck by rolling, sliding, or shifting objects non-running","SCHENECTADY, NEW YORK","An employee was using a crane to move a large steel plate in a choke with two chains. When the plate was set down, he unhooked the chains while between the plate and a steel beam (weighing 16,000 pounds). When he engaged the hoist to lift the chains away from the plate, one of the hooks caught the steel beam and caused it to roll into him, catching him between the beam and the frame of the crane with the beam trapping his left leg. This resulted in a leg fracture requiring surgery and hospitalization.",Hospitalized=1.00; Amputation=0.00; Loss of Eye=0.00,OSHA severe injury report,osha-text-829573bdc2e9,aca24468d9ab4ea3e931463227c8f4a14201d396c95719a4dd971101adbd7f9a,LSR07,LSR07,long,train_addition,deterministic_diversity_and_keyword_retrieval_before_annotation_no_model_predictions
EXP-V0.4-0545,OSHA-SIR-20191213288,OSHA_SIR,20191213288,2019,Incident,Fall while sitting,"PETERSBURG, WEST VIRGINIA","A boiler operator was sitting on a bucket, watching the boiler feed system. He fell while standing up, landing on the floor and breaking his left hip.",Hospitalized=1.00; Amputation=0.00; Loss of Eye=0.00,OSHA severe injury report,osha-text-3c9be345dc85,99f292fa004204213f3e435b39c00fdddbad995093267ecc8c0d5763618a83e7,GENERAL,GENERAL,short,train_addition,deterministic_diversity_and_keyword_retrieval_before_annotation_no_model_predictions
EXP-V0.4-0546,OSHA-SIR-2017067183,OSHA_SIR,2017067183,2017,Incident,Fall through surface or existing opening more than 30 feet,"BRYN MAWR, PENNSYLVANIA",An employee fell three stories down an unguarded elevator shaft and sustained a broken right ankle and various back injuries.,Hospitalized=1.00; Amputation=0.00; Loss of Eye=0.00,OSHA severe injury report,osha-text-d4d1f7ed61b8,0c6644fc8f249cf17db63c438f1b2d2b7c905cec56568c1f662aa055e3f3c76b,GENERAL,GENERAL,short,train_addition,deterministic_diversity_and_keyword_retrieval_before_annotation_no_model_predictions
EXP-V0.4-0547,OSHA-SIR-2025087879,OSHA_SIR,2025087879,2025,Incident, Exposure to electric arc,"BROOKLYN, NEW YORK","An employee was chipping paint from the structure of a train track. An electric arc flash, caused by a passing train, burned the employee.",Hospitalized=1.00; Amputation=0.00; Loss of Eye=0.00,OSHA severe injury report,osha-text-424badcbf08e,cf6f02e8e48713f48fb3eea80bed3ddea03b8b6c768888cb62bd6cffa6b8edb9,HIGH_RISK,HIGH_RISK,short,train_addition,deterministic_diversity_and_keyword_retrieval_before_annotation_no_model_predictions
EXP-V0.4-0548,OSHA-SIR-2017077045,OSHA_SIR,2017077045,2017,Incident,"Fall onto or against object on same level, n.e.c.","NAPLES, FLORIDA",An employee was stepping onto the top rung of a steel 3-rung fixed ladder when he slipped and hit his shin resulting in a fractured tibia.,Hospitalized=1.00; Amputation=0.00; Loss of Eye=0.00,OSHA severe injury report,osha-text-b4e7f822bf75,342c6350d0bc7d1212bd075394b17aea48c534621cfdc74433e5dbcb606a8218,LSR09,LSR09,short,train_addition,deterministic_diversity_and_keyword_retrieval_before_annotation_no_model_predictions
EXP-V0.4-0549,OSHA-SIR-2025065351,OSHA_SIR,2025065351,2025,Incident, Compressed between running equipment and other object(s),"RIO HONDO, TEXAS",An employee was ascending the wind tower when their right arm was caught between the lift and the ladder. The employee sustained a right elbow injury and was hospitalized.,Hospitalized=1.00; Amputation=0.00; Loss of Eye=0.00,OSHA severe injury report,osha-text-5fe04f5bc849,ae513410f43d6c780e5cd4013c2b954aa8130683d2aeb7d83b407e9d5000a81d,LSR06;LSR09,LSR06,short,train_addition,deterministic_diversity_and_keyword_retrieval_before_annotation_no_model_predictions
EXP-V0.4-0550,OSHA-SIR-20241110225,OSHA_SIR,20241110225,2024,Incident, Exposure to electric arc,"CULLMAN, ALABAMA",An employee was troubleshooting an outage and removed a fuse from a 600-volt cabinet when an arc flash occurred that also started a fire. The employee sustained burns to their arm and hand.,Hospitalized=1.00; Amputation=0.00; Loss of Eye=0.00,OSHA severe injury report,osha-text-10360adf3aaf,6f8476ac0dd15f9b4b44ca1ef9b3c992db6142c122327ad702a8c9fadc7574b1,HIGH_RISK;HAZARD_TERM_POSSIBLE_NON_SIF,HIGH_RISK,medium,train_addition,deterministic_diversity_and_keyword_retrieval_before_annotation_no_model_predictions
EXP-V0.4-0551,OSHA-SIR-2017043554,OSHA_SIR,2017043554,2017,Incident,"Struck against object or equipment, unspecified","CARRABELLE, FLORIDA",An employee was servicing a bulldozer and attempting to grease a fitting located between the blade and the bulldozer. He slipped and his right ring finger was caught and amputated in a pinch point between the bulldozer and the blade.,Hospitalized=1.00; Amputation=1.00; Loss of Eye=0.00,OSHA severe injury report,osha-text-20f82991cbf3,29f43331f7b71fff30e4bc815f3336ae1a25be10d55fb9b771d2a6a9054b32e7,GENERAL,GENERAL,medium,train_addition,deterministic_diversity_and_keyword_retrieval_before_annotation_no_model_predictions
EXP-V0.4-0552,OSHA-SIR-2024075891,OSHA_SIR,2024075891,2024,Incident," Caught, entangled in running powered equipment  normal operation","RAPID CITY, SOUTH DAKOTA",An employee was observing a forklift under operation when the boards shifted and his right hand became pinched between the supports of the forklift attachment and the forklift tine. The employee sustained a fingertip amputation.,Hospitalized=0.00; Amputation=1.00; Loss of Eye=0.00,OSHA severe injury report,osha-text-907a597c2ba0,bb424d27c68e705acc761d67c548c767683d53e821f2adfcbda4f8e08e5dc91f,LSR03;LSR07;HAZARD_TERM_POSSIBLE_NON_SIF,LSR03,medium,train_addition,deterministic_diversity_and_keyword_retrieval_before_annotation_no_model_predictions
EXP-V0.4-0553,OSHA-SIR-2016021002,OSHA_SIR,2016021002,2016,Incident,Injured by physical contact during horseplay ,"WASHINGTON COURT HOUSE, OHIO",An employee and client were horse playing by doing flips when the employee fell to the ground and broke her left arm.,Hospitalized=1.00; Amputation=0.00; Loss of Eye=0.00,OSHA severe injury report,osha-text-f0401ee6f36b,faa0236f81e9fdf75bd11e7ab0d882965606480c0d48ef3622377f52c285cf5e,GENERAL,GENERAL,short,train_addition,deterministic_diversity_and_keyword_retrieval_before_annotation_no_model_predictions
EXP-V0.4-0554,OSHA-SIR-2020088268,OSHA_SIR,2020088268,2020,Incident,Injured by slipping or swinging object held by injured worker,"PLAINVIEW, TEXAS","An employee was using a handheld grinder to cut an angle iron when the cutting blade became trapped between two pieces of metal and jumped back, cutting his right index finger to the bone. He was hospitalized and had surgery.",Hospitalized=1.00; Amputation=0.00; Loss of Eye=0.00,OSHA severe injury report,osha-text-04e3369cef4b,93c08f5d88f788ceb78a4c74fe9eccbe20c118833c95577dd21ae82435af0b02,LSR05,LSR05,medium,train_addition,deterministic_diversity_and_keyword_retrieval_before_annotation_no_model_predictions
EXP-V0.4-0555,OSHA-SIR-2019044340,OSHA_SIR,2019044340,2019,Incident,Fall on same level due to tripping over self,"KINGWOOD, TEXAS",An employee tripped and fell while walking on a tile floor. The employee sustained a left hip fracture that required hospitalization and surgery.,Hospitalized=1.00; Amputation=0.00; Loss of Eye=0.00,OSHA severe injury report,osha-text-10a1ec6b546c,40ca8a45c331029c425e06c9757baf05ea8e1058ad9456089c6ba21d61da4295,GENERAL,GENERAL,short,train_addition,deterministic_diversity_and_keyword_retrieval_before_annotation_no_model_predictions
EXP-V0.4-0556,OSHA-SIR-2015107840,OSHA_SIR,2015107840,2015,Incident,"Fall on same level, n.e.c. ","LIMA, OHIO","On October 20, 2015, an employee was attempting to remove an air tank valve with a wrench when he lost his footing, fell, and broke his right femur. He was hospitalized.",Hospitalized=1.00; Amputation=0.00; Loss of Eye=0.00,OSHA severe injury report,osha-text-12eae729e296,7e99c33c9d5bdfc779732c2f17e7bca66c162908fd0ad3299f944edd7f20d341,LSR02,LSR02,short,train_addition,deterministic_diversity_and_keyword_retrieval_before_annotation_no_model_predictions
EXP-V0.4-0557,OSHA-SIR-2018055164,OSHA_SIR,2018055164,2018,Incident,"Water vehicle incident, n.e.c.","BALTIMORE, MARYLAND","An employee was standing on a ship, waiting to perform a lashing operation. A steel locking shoe fell from above, striking and breaking the employee's forearm.",Hospitalized=1.00; Amputation=0.00; Loss of Eye=0.00,OSHA severe injury report,osha-text-d967b8ef6293,f58b18723689479785089f3e6dd8f9134999e404cf5126374080c438791cb323,GENERAL,GENERAL,short,train_addition,deterministic_diversity_and_keyword_retrieval_before_annotation_no_model_predictions
EXP-V0.4-0558,OSHA-SIR-2019043824,OSHA_SIR,2019043824,2019,Incident,Fall on same level due to slipping ,"SCOTTSVILLE, TEXAS",An employee slipped and fell while walking near a water cooling tank that had just overflowed. The employee suffered a broken left femur.,Hospitalized=1.00; Amputation=0.00; Loss of Eye=0.00,OSHA severe injury report,osha-text-111895b3765b,6336ccab51188b17b1508b0c2da656e8d83a82cac5060ddde2eb99fdaf8cdcd2,LSR02,LSR02,short,train_addition,deterministic_diversity_and_keyword_retrieval_before_annotation_no_model_predictions
EXP-V0.4-0559,OSHA-SIR-2018066263,OSHA_SIR,2018066263,2018,Incident,Climbing or stepping up or down-single episode,"LA HABRA, CALIFORNIA","On June 25, 2018, an employee's right femur was fractured as the employee stepped up onto a curb.",Hospitalized=1.00; Amputation=0.00; Loss of Eye=0.00,OSHA severe injury report,osha-text-2db5cabfd5fe,731bae9f78d164ecd1aa5eaa2e5fb6d19ace355f2e1e18a5fa4a6bed43dbad61,GENERAL,GENERAL,short,train_addition,deterministic_diversity_and_keyword_retrieval_before_annotation_no_model_predictions
EXP-V0.4-0560,OSHA-SIR-2017021336,OSHA_SIR,2017021336,2017,Incident,"Jack-knifed or overturned, nonroadway","URBANA, OHIO","An employee was attempting to close a dock door while sitting on a forklift. He had backed his forklift so that the rear right wheel was on a loading dock leveler that was still attached to a trailer approved for release. When the trailer was moved, the forklift fell over and the employee's hand was pinned between the ground and upper overhead carriage. He suffered broken bones in the thumb and palm area.",Hospitalized=1.00; Amputation=0.00; Loss of Eye=0.00,OSHA severe injury report,osha-text-c9d476e4d94c,054b6d1c3fd8bae5b68d99b73f45d6e4d6cbceb750f9efced109d35f51c690a0,LSR03;LSR06;LSR07;HAZARD_TERM_POSSIBLE_NON_SIF,LSR03,long,train_addition,deterministic_diversity_and_keyword_retrieval_before_annotation_no_model_predictions
EXP-V0.4-0561,OSHA-SIR-2017031928,OSHA_SIR,2017031928,2017,Incident,Struck by object or equipment dropped by injured worker,"WEWOKA, OKLAHOMA","An employee was performing maintenance on a leveler machine. He was aligning the machine lid to put it back on, holding the lid with his right hand and his left hand was on the machine in a pinch point. As he was aligning the lid, it fell onto his left hand. The employee sustained broken bones and damage to blood vessels and nerves to his left ring and pinky fingers. The employee was admitted to the hospital and had surgery to pin the bones in his fingers.",Hospitalized=1.00; Amputation=0.00; Loss of Eye=0.00,OSHA severe injury report,osha-text-2ff92626c77e,70791ae449cc6771035e0be467d9acb0ffecbc2d0a05933687feff0abd2c04d2,HAZARD_TERM_POSSIBLE_NON_SIF,HAZARD_TERM_POSSIBLE_NON_SIF,long,train_addition,deterministic_diversity_and_keyword_retrieval_before_annotation_no_model_predictions
EXP-V0.4-0562,OSHA-SIR-2022021187,OSHA_SIR,2022021187,2022,Incident,"Ignition of vapors, gases, or liquids","YANKTON, SOUTH DAKOTA",An employee was preparing 1000-pound tank for painting. When a valve was removed it released propane into the shop environment where ignition sources started a fire that burned down the shop. The employee sustained burns to their hands and face.,Hospitalized=1.00; Amputation=0.00; Loss of Eye=0.00,OSHA severe injury report,osha-text-9696047e19c7,6d5283efd6393c4f2566147d5256f16cacc59a95f7c1f19fca7fbd52955a50a3,LSR02,LSR02,medium,train_addition,deterministic_diversity_and_keyword_retrieval_before_annotation_no_model_predictions
EXP-V0.4-0563,OSHA-SIR-2023043106,OSHA_SIR,2023043106,2023,Incident,"Pedal cycle incident, n.e.c","SUNRISE, FLORIDA","An employee was making a pizza delivery on an E-bike when the front tire fell off the bike, causing the employee to fall to the concrete ground and sustain a facial fracture.",Hospitalized=1.00; Amputation=0.00; Loss of Eye=0.00,OSHA severe injury report,osha-text-c1773e92b4f5,755c9b5be17a53d7dcbb10ee0d477eda59aac339545971caa74ebb0755177457,GENERAL,GENERAL,short,train_addition,deterministic_diversity_and_keyword_retrieval_before_annotation_no_model_predictions
EXP-V0.4-0564,OSHA-SIR-2018054654,OSHA_SIR,2018054654,2018,Incident,Pedestrian struck by forward-moving vehicle in work zone ,"POCATELLO, IDAHO","An employee was walking with a mini-excavator that was carrying a sewer vault in a marked construction zone on a public roadway. A privately owned vehicle sped through the zone, causing the employee to step sideways into the path of the mini-excavator. The mini-excavator then struck and broke his leg.",Hospitalized=1.00; Amputation=0.00; Loss of Eye=0.00,OSHA severe injury report,osha-text-6b224d076230,ecdc1c8aadf6b25a7d37301107cf852b71cce50a9cdd48da4f3a7ac864ef7d23,LSR02;LSR03,LSR02,medium,train_addition,deterministic_diversity_and_keyword_retrieval_before_annotation_no_model_predictions
EXP-V0.4-0565,OSHA-SIR-2021097797,OSHA_SIR,2021097797,2021,Incident,"Fall or jump from and struck by same vehicle in normal operation, nonroadway","KATHLEEN, GEORGIA",An employee was operating a stand-up forklift picking material for shipping. The employee lost balance and fell from the cab of the forklift. The forklift's rear tire rolled onto the employee's left foot and fractured it.,Hospitalized=1.00; Amputation=0.00; Loss of Eye=0.00,OSHA severe injury report,osha-text-e8156ac56705,d4e1310abacba52006592ad50230baf3fd9e29e37b55a360738c0ef93a9011a2,LSR03;LSR07,LSR03,medium,train_addition,deterministic_diversity_and_keyword_retrieval_before_annotation_no_model_predictions
EXP-V0.4-0566,OSHA-SIR-2015075279,OSHA_SIR,2015075279,2015,Incident,"Direct exposure to electricity, greater than 220 volts","WADSWORTH, OHIO",An employee made contact with an energized conductor on a transformer while performing a test. The employee received electrical contact burns to the right hand.,Hospitalized=1.00; Amputation=0.00; Loss of Eye=0.00,OSHA severe injury report,osha-text-99604b222200,fb587da344f280c3c837d352002046bac93cf4f62db96ff20f27bf2736cbe580,LSR04,LSR04,short,train_addition,deterministic_diversity_and_keyword_retrieval_before_annotation_no_model_predictions
EXP-V0.4-0567,OSHA-SIR-2020054425,OSHA_SIR,2020054425,2020,Incident,"Struck by animal, unspecified","BURLEY, IDAHO","An employee was moving a mule from one pasture to another when the animal spooked and ran her over, breaking her left femur.",Hospitalized=1.00; Amputation=0.00; Loss of Eye=0.00,OSHA severe injury report,osha-text-35f90a9b145c,3f5e629d0d39c5938730d7cac65f384cb03c76d077750223cddd227e30fe7c84,GENERAL,GENERAL,short,train_addition,deterministic_diversity_and_keyword_retrieval_before_annotation_no_model_predictions
EXP-V0.4-0568,OSHA-SIR-2022086748,OSHA_SIR,2022086748,2022,Incident,"Pedestrian vehicular incident, n.e.c.","MANDAN, NORTH DAKOTA","Employees were using a mini-loader to move a vehicle hoist into a storage unit. When the loader was put into gear, the hoist rolled off and landed on the injured employee's leg, breaking his femur.",Hospitalized=1.00; Amputation=0.00; Loss of Eye=0.00,OSHA severe injury report,osha-text-14b449ce0816,0dc8b618bce81a964c243ca42da10bcc84856fc9435e5c1f9a6d95d20e93a6c9,LSR03;LSR07,LSR03,medium,train_addition,deterministic_diversity_and_keyword_retrieval_before_annotation_no_model_predictions
EXP-V0.4-0569,OSHA-SIR-2015085509,OSHA_SIR,2015085509,2015,Incident,Entangled in other object or equipment,"GRAND JUNCTION, COLORADO","An employee, working as a winder, was threading a spool of high grade fishing line and got the right index finger caught up in the line amputating the tip.",Hospitalized=0.00; Amputation=1.00; Loss of Eye=0.00,OSHA severe injury report,osha-text-0d57ee33f285,87d96f029579b5de942375c8927b5a79768c97fed17d3add112781a9388e2308,GENERAL,GENERAL,short,train_addition,deterministic_diversity_and_keyword_retrieval_before_annotation_no_model_predictions
EXP-V0.4-0570,OSHA-SIR-2020087419,OSHA_SIR,2020087419,2020,Incident,"Jack-knifed or overturned, nonroadway","VALLEY CITY, OHIO","An employee was driving a utility vehicle when it tipped over, leading to hospitalization and fractures in his wrist and ankle.",Hospitalized=1.00; Amputation=0.00; Loss of Eye=0.00,OSHA severe injury report,osha-text-430d2c25c4a6,1c28462477e8d76e42a7269cd2f8c824498370707af838ce796257ef5986aed3,LSR03;HAZARD_TERM_POSSIBLE_NON_SIF,LSR03,short,train_addition,deterministic_diversity_and_keyword_retrieval_before_annotation_no_model_predictions
EXP-V0.4-0571,OSHA-SIR-2021098130,OSHA_SIR,2021098130,2021,Incident,"Overexertion in pushing, pulling, or turning-single episode","STENNIS SPACE CENTER, MISSISSIPPI","An employee was performing preventive maintenance on a forklift and opened the door to access the battery bank. As the employee started sliding the battery bank out, his right ring finger was caught between the forklift and a structural beam resulting in a fracture and a fingertip amputation.",Hospitalized=1.00; Amputation=1.00; Loss of Eye=0.00,OSHA severe injury report,osha-text-ff64f9325fb0,2b79035148e814086df6bb5f64bcfd18363357c1854e1c11f130358945dc7ab5,LSR03;LSR06;HAZARD_TERM_POSSIBLE_NON_SIF,LSR03,medium,train_addition,deterministic_diversity_and_keyword_retrieval_before_annotation_no_model_predictions
EXP-V0.4-0572,OSHA-SIR-2020076376,OSHA_SIR,2020076376,2020,Incident,Struck against stationary object or equipment while rising,"MILFORD, DELAWARE","An employee was staging sheet metal for manufacturing. The employee bent down to pick up a sheet of paper from the floor. When he stood up, his head struck a piece of sheet metal in a storage rack, and the metal lacerated his scalp.",Hospitalized=1.00; Amputation=0.00; Loss of Eye=0.00,OSHA severe injury report,osha-text-b905239d0fd3,b747513f613beca3d7e233b5fb5755b10c0e3211f611a2b0079d465ab4bb757c,GENERAL,GENERAL,medium,train_addition,deterministic_diversity_and_keyword_retrieval_before_annotation_no_model_predictions
EXP-V0.4-0573,OSHA-SIR-2018065411,OSHA_SIR,2018065411,2018,Incident,Fall on same level due to tripping over an object ,"RACINE, WISCONSIN","An employee was walking on the jobsite, tripped over an elevated manhole and fell to the ground. The employee sustained a broken femur.",Hospitalized=1.00; Amputation=0.00; Loss of Eye=0.00,OSHA severe injury report,osha-text-89fe13ecd856,bca6b0e9dd4cd13de12d5f64ff50ce7e9c76fc3034a4c39878720a1dc6de479c,LSR02,LSR02,short,train_addition,deterministic_diversity_and_keyword_retrieval_before_annotation_no_model_predictions
EXP-V0.4-0574,OSHA-SIR-2023032708,OSHA_SIR,2023032708,2023,Incident,Fall through surface or existing opening 11 to 15 feet ,"RUDYARD, MONTANA",An employee was loading train cars from a landing when they fell 15 feet through the ladder hatch to the ground. The employee was hospitalized for a knee cap fracture and dislocated wrist.,Hospitalized=1.00; Amputation=0.00; Loss of Eye=0.00,OSHA severe injury report,osha-text-3225e682ba4e,aa37f105753ff3a7c4293a1766a18c42363cb432a54b25c97b3d8b6e07a744e4,LSR09;HIGH_RISK;HAZARD_TERM_POSSIBLE_NON_SIF,LSR09,medium,train_addition,deterministic_diversity_and_keyword_retrieval_before_annotation_no_model_predictions
EXP-V0.4-0575,OSHA-SIR-2025065729,OSHA_SIR,2025065729,2025,Incident, Fall on same level due to slip or trip,"GERMANTOWN, WISCONSIN",An employee was walking to their vehicle in the parking lot. They were near the driver's side door when they tripped and fell to the ground. The employee suffered a broken right ankle that required hospitalization and surgery.,Hospitalized=1.00; Amputation=0.00; Loss of Eye=0.00,OSHA severe injury report,osha-text-f155beff4101,a77dcf8c6685942b3e08f94d6d4465f68f9789d258e6fdb906cf5ff15e7b54bf,LSR03;HAZARD_TERM_POSSIBLE_NON_SIF,LSR03,medium,train_addition,deterministic_diversity_and_keyword_retrieval_before_annotation_no_model_predictions
EXP-V0.4-0576,OSHA-SIR-2024098548,OSHA_SIR,2024098548,2024,Incident," Fall, contact incident onboard water vehicle","SAN DIEGO, CALIFORNIA","An employee was descending a vertical ladder on a vessel with a grinder and combination level in his left hand. The employee's gloved hand lost grip and he fell to the deck, striking a ready service locker mounting bracket. He fell approximately 6-8 feet and sustained a fractured sacrum.",Hospitalized=1.00; Amputation=0.00; Loss of Eye=0.00,OSHA severe injury report,osha-text-4b10260dbbd8,fc3fa67a72544b117a8f4228af4c29458684d5418f2b88ec4c9eac338e450d6a,LSR02;LSR05;LSR09;HAZARD_TERM_POSSIBLE_NON_SIF,LSR02,medium,train_addition,deterministic_diversity_and_keyword_retrieval_before_annotation_no_model_predictions
EXP-V0.4-0577,OSHA-SIR-2019033306,OSHA_SIR,2019033306,2019,Incident,"Ran off driving surface, nonroadway","SAN ANTONIO, TEXAS","An employee was loading a docked trailer with an electric pallet jack. The trailer moved, creating a gap that the employee fell through to the ground. The employee suffered a dislocated right ankle and broken right foot.",Hospitalized=1.00; Amputation=0.00; Loss of Eye=0.00,OSHA severe injury report,osha-text-0dc26c45c2f8,6e0d9fb5fcf8363f905fa1af314364ed7b0b89531a058ebe2767b58155e4d017,HAZARD_TERM_POSSIBLE_NON_SIF,HAZARD_TERM_POSSIBLE_NON_SIF,medium,train_addition,deterministic_diversity_and_keyword_retrieval_before_annotation_no_model_predictions
EXP-V0.4-0578,OSHA-SIR-2022043537,OSHA_SIR,2022043537,2022,Incident,"Struck by discharged or flying object, n.e.c.","NEW IBERIA, LOUISIANA","A carbon steel plug for a water separator was released during a pressure test. The pressure inside the separator forced an impact tool into an employee's upper torso, causing four broken ribs, a liver laceration, and a bruised lung.",Hospitalized=1.00; Amputation=0.00; Loss of Eye=0.00,OSHA severe injury report,osha-text-e93cbab3d11a,e6f50d3c5ff02ad4270b70108edaea6014e391bceb0e8167eab295cfd9dbdfa4,HAZARD_TERM_POSSIBLE_NON_SIF,HAZARD_TERM_POSSIBLE_NON_SIF,medium,train_addition,deterministic_diversity_and_keyword_retrieval_before_annotation_no_model_predictions
EXP-V0.4-0579,OSHA-SIR-2022064823,OSHA_SIR,2022064823,2022,Incident,"Injury by other person-unintentional or intent unknown, unspecified","TOMS RIVER, NEW JERSEY",A security officer was helping to restrain a patient and suffered a laceration to the right hand and a bloody nose. The right hand became infected and required surgical debridement.,Hospitalized=1.00; Amputation=0.00; Loss of Eye=0.00,OSHA severe injury report,osha-text-c34cd906d737,8bc156db8b93e39ea73773a45a79a697a681b9bfc89a6284b0602db646f620f3,GENERAL,GENERAL,medium,train_addition,deterministic_diversity_and_keyword_retrieval_before_annotation_no_model_predictions
EXP-V0.4-0580,OSHA-SIR-2018066313,OSHA_SIR,2018066313,2018,Incident,"Struck by discharged or flying object, n.e.c.","CLEARWATER, FLORIDA","A baseball pitcher was struck in the right lower jaw by a line drive baseball, suffering a fractured mandible.",Hospitalized=1.00; Amputation=0.00; Loss of Eye=0.00,OSHA severe injury report,osha-text-cb18e1b695df,7737a364cab0192ddc27cbf7e68763c386e7dcd4e337c14e46d76c94d06aad1a,GENERAL,GENERAL,short,train_addition,deterministic_diversity_and_keyword_retrieval_before_annotation_no_model_predictions
EXP-V0.4-0581,OSHA-SIR-2025021525,OSHA_SIR,2025021525,2025,Incident, Struck by falling object  unspecified,"GAIL, TEXAS","An employee was on the floor of a workover rig to install an electric submersible pump when rig blocks fell and struck them, resulting in seven broken ribs and a lacerated finger.",Hospitalized=1.00; Amputation=0.00; Loss of Eye=0.00,OSHA severe injury report,osha-text-bd3cb67efca4,3dd84d30196e6e7d198c32c017e1224929fbe0374c75bf4f2a890383e53fe5fc,HAZARD_TERM_POSSIBLE_NON_SIF,HAZARD_TERM_POSSIBLE_NON_SIF,short,train_addition,deterministic_diversity_and_keyword_retrieval_before_annotation_no_model_predictions
EXP-V0.4-0582,OSHA-SIR-2016010626,OSHA_SIR,2016010626,2016,Incident,Entangled in other object or equipment,"POPLAR BLUFF, MISSOURI","While sweeping the floor near a wire un-coiler, an employee became caught in the rotating wire, breaking a leg and requiring hospitalization.",Hospitalized=1.00; Amputation=0.00; Loss of Eye=0.00,OSHA severe injury report,osha-text-5f5bcaa5e48f,bc30d33b3209754f761a65910ef9c55be02cb71f18349705fdd80342235dfbe6,GENERAL,GENERAL,short,train_addition,deterministic_diversity_and_keyword_retrieval_before_annotation_no_model_predictions
EXP-V0.4-0583,OSHA-SIR-2023098848,OSHA_SIR,2023098848,2023,Incident,"Caught in or compressed by equipment or objects, unspecified","SPRINGFIELD, OHIO",An employee was climbing into the pit when their foot was caught between the wall and the rung of the ladder. The employee sustained tibia and fibula fractures.,Hospitalized=1.00; Amputation=0.00; Loss of Eye=0.00,OSHA severe injury report,osha-text-74cfb9bea663,2337c6cad0e5097a0c3e9deb43cbe8480a226e9f0b062c6db061a5a27afe67fc,LSR02;LSR06;LSR09,LSR02,short,train_addition,deterministic_diversity_and_keyword_retrieval_before_annotation_no_model_predictions
EXP-V0.4-0584,OSHA-SIR-2019088839,OSHA_SIR,2019088839,2019,Incident,"Nonroadway noncollision incident, n.e.c.","OAK CREEK, WISCONSIN","An employee was operating a pallet jack to unload pallets from a semi trailer. The stack of pallets would not clear the door of the trailer, and the top pallet became stuck on the trailer door, pulling it closed on the employee's arm. The employee suffered a broken left forearm and required surgery.",Hospitalized=1.00; Amputation=0.00; Loss of Eye=0.00,OSHA severe injury report,osha-text-b44f35c7ad25,c255ba06f55849b84da5fa498cfd90a5ee9ecc988f22f57a1966b213f97cebbf,GENERAL,GENERAL,medium,train_addition,deterministic_diversity_and_keyword_retrieval_before_annotation_no_model_predictions
EXP-V0.4-0585,OSHA-SIR-2022054301,OSHA_SIR,2022054301,2022,Incident,"Ran off driving surface, nonroadway","AKRON, OHIO","On May 17, 2022, an employee was operating a riding pallet jack when it drove off a loading dock. The employee suffered broken ribs and facial injuries.",Hospitalized=1.00; Amputation=0.00; Loss of Eye=0.00,OSHA severe injury report,osha-text-7cedae53f60e,f58c503b251b0c76d7727a0995f2bf4354d2fcb751d0ab9bb5c9908688542c54,GENERAL,GENERAL,short,train_addition,deterministic_diversity_and_keyword_retrieval_before_annotation_no_model_predictions
EXP-V0.4-0586,OSHA-SIR-2017109782,OSHA_SIR,2017109782,2017,Incident,"Contact with objects and equipment, unspecified","CLINTON, OKLAHOMA",An employee was helping a second employee unload pipe when a piece of pipe became stuck. The employee was pushing on the pipe when it gave way and crushed his left index fingertip.,Hospitalized=1.00; Amputation=0.00; Loss of Eye=0.00,OSHA severe injury report,osha-text-fbb3bf18ce8a,2f01c05d0ed7f4a6d39c83cbc606ae5e613a7378acf953e61d2493001a7570c3,LSR06;HIGH_RISK,LSR06,short,train_addition,deterministic_diversity_and_keyword_retrieval_before_annotation_no_model_predictions
EXP-V0.4-0587,OSHA-SIR-2022021515,OSHA_SIR,2022021515,2022,Incident,"Injury by other person-unintentional or intent unknown, n.e.c.","MIAMI, FLORIDA","An employee was removing a large tree limb that had fallen from another property and was blocking a drive-thru. In the process, the employee fell onto another employee who suffered a fractured tibia.",Hospitalized=1.00; Amputation=0.00; Loss of Eye=0.00,OSHA severe injury report,osha-text-fe3705f1b17f,3b1890a7129d000b5f126930847c8a68d29525983e9b751c0cc0ba3e4aff4c0b,GENERAL,GENERAL,medium,train_addition,deterministic_diversity_and_keyword_retrieval_before_annotation_no_model_predictions
EXP-V0.4-0588,OSHA-SIR-20181111502,OSHA_SIR,20181111502,2018,Incident,"Other exertions or bodily reactions, n.e.c.","SALINA, KANSAS","An employee released the top clamps holding the central arm of a weld fixture in place. The arm was under pressure, and it swung down quickly. The employee jumped out of the way and twisted his right knee, causing a fracture just below the knee.",Hospitalized=1.00; Amputation=0.00; Loss of Eye=0.00,OSHA severe injury report,osha-text-c994ded4a034,f76a16a8e720b6d45d7f3fb4b58943ccfc4b86240d17178e1013791fe3080c92,LSR05,LSR05,medium,train_addition,deterministic_diversity_and_keyword_retrieval_before_annotation_no_model_predictions
EXP-V0.4-0589,OSHA-SIR-2024032726,OSHA_SIR,2024032726,2024,Incident, Pedestrian struck by vehicle or object propelled by another vehicle in nonroadway area,"BLOOMINGDALE, GEORGIA","An employee was near a forklift that was moving a section of a conveyor frame when the strap holding the frame slipped on the fork causing the frame to fall about six inches and roll onto the injured employee's right ankle, fracturing it.",Hospitalized=1.00; Amputation=0.00; Loss of Eye=0.00,OSHA severe injury report,osha-text-ea109c3a3099,97b823633970477f3438938b8c5f371acebf0853176be3bb2750420cad1d3f89,LSR03;HAZARD_TERM_POSSIBLE_NON_SIF,LSR03,medium,train_addition,deterministic_diversity_and_keyword_retrieval_before_annotation_no_model_predictions
EXP-V0.4-0590,OSHA-SIR-2015096632,OSHA_SIR,2015096632,2015,Incident,Other fall to lower level 6 to 10 feet,"JAY, FLORIDA","While climbing a fixed steel ladder from a 16-feet-deep dump pit, an employee fell 6 feet from the ladder to the steel floor of the dump pit, breaking two vertebrae and both ankles and requiring hospitalization.",Hospitalized=1.00; Amputation=0.00; Loss of Eye=0.00,OSHA severe injury report,osha-text-a81a539b8400,6fda4111fb8aab40f7034d7114ebb43dac646241400988d02c4ef41d407158aa,LSR02;LSR09,LSR02,medium,train_addition,deterministic_diversity_and_keyword_retrieval_before_annotation_no_model_predictions
EXP-V0.4-0591,OSHA-SIR-2020065230,OSHA_SIR,2020065230,2020,Incident,"Struck by falling object or equipment, n.e.c.","SCHUYLER, NEBRASKA","An employee used a hook to pry up a cast iron manhole cover to check if water was flowing through the drain system. The cover slipped from the hook and fell on his right middle fingertip, causing an amputation that included bone.",Hospitalized=0.00; Amputation=1.00; Loss of Eye=0.00,OSHA severe injury report,osha-text-79c324de28e7,f69c4aba64eec6d52bed5d1853c086b9c7faba536a5f919b32e7e8e8faac8fc9,LSR02,LSR02,medium,train_addition,deterministic_diversity_and_keyword_retrieval_before_annotation_no_model_predictions
EXP-V0.4-0592,OSHA-SIR-2023098459,OSHA_SIR,2023098459,2023,Incident,Other fall to lower level 11 to 15 feet ,"BUDA, TEXAS","An employee was working at a construction site and was exiting a concrete sub-grade tank via an extension ladder. Their foot became caught on the ladder, causing the employee to fall approximately 12 feet back into the tank, landing feet-first. The employee sustained fractures to the left ankle, right ankle, and the L2 vertebra.",Hospitalized=1.00; Amputation=0.00; Loss of Eye=0.00,OSHA severe injury report,osha-text-c294890f094d,81237d56e5584d812be5dc6fd09f573f33c2e17c19da12d5a5e08383c443902c,LSR02;LSR09;HAZARD_TERM_POSSIBLE_NON_SIF,LSR02,medium,train_addition,deterministic_diversity_and_keyword_retrieval_before_annotation_no_model_predictions
EXP-V0.4-0593,OSHA-SIR-2025010225,OSHA_SIR,2025010225,2025,Incident, Exposure to electric arc,"TAMPA, FLORIDA",An employee was installing a temporary electrical line from one building to another. The employee was pulling a cable on a ladder to tie it into a panel when an arc flash occurred. The employee suffered hand and face burns.,Hospitalized=1.00; Amputation=0.00; Loss of Eye=0.00,OSHA severe injury report,osha-text-74b2285801b7,65d7c5e852bf95b4b827d12e8e41a89f4d3c6152259f055fa2f9d5772f3506e3,LSR09;HIGH_RISK;HAZARD_TERM_POSSIBLE_NON_SIF,LSR09,medium,train_addition,deterministic_diversity_and_keyword_retrieval_before_annotation_no_model_predictions
EXP-V0.4-0594,OSHA-SIR-2019043829,OSHA_SIR,2019043829,2019,Incident,"Fall on same level while climbing stairs, steps, or curbs","ARNOLD, MISSOURI","An employee was stepping up onto a platform. The employee's foot caught on a step and their right shin contacted the step as they fell, causing a broken tibia and fibula.",Hospitalized=1.00; Amputation=0.00; Loss of Eye=0.00,OSHA severe injury report,osha-text-ba82c1345ea0,1d03860d6473553c7e201d9c12d7aae55281a0d5831c2bbd8f6de841ba5a1e69,GENERAL,GENERAL,short,train_addition,deterministic_diversity_and_keyword_retrieval_before_annotation_no_model_predictions
EXP-V0.4-0595,OSHA-SIR-20211210982,OSHA_SIR,20211210982,2021,Incident,Struck by object or equipment dropped by other person,"SARASOTA, FLORIDA","Employees were dry-fitting drainage grates and frames to verify measurements were accurate. A piece of lumber under the edge of one of the grate frames was interfering with measurements. Two employees lifted the frame so another employee could remove the lumber. The frame then dropped on the third employee's right hand, breaking and lacerating the ring finger. The employee was hospitalized, requiring surgery.",Hospitalized=1.00; Amputation=0.00; Loss of Eye=0.00,OSHA severe injury report,osha-text-1430bb84e5d2,ec0510a61aafaedc0157fa6479df2661d293c2d2ac07880b525c468d2fa4d152,GENERAL,GENERAL,long,train_addition,deterministic_diversity_and_keyword_retrieval_before_annotation_no_model_predictions
EXP-V0.4-0596,OSHA-SIR-2017109653,OSHA_SIR,2017109653,2017,Incident,Other fall to lower level 21 to 25 feet ,"RAPID CITY, SOUTH DAKOTA","An employee was stepping onto a fork truck platform to retrieve equipment when he fell 22 feet to the ground, fracturing his orbital bone an suffering a concussion.",Hospitalized=1.00; Amputation=0.00; Loss of Eye=0.00,OSHA severe injury report,osha-text-c99c5f2e4424,55aa0800e553b3c2de6eaba027e72cae80b47176e7bd348118ebb32d2689e2c0,LSR03;HIGH_RISK,LSR03,short,train_addition,deterministic_diversity_and_keyword_retrieval_before_annotation_no_model_predictions
EXP-V0.4-0597,OSHA-SIR-2021010600,OSHA_SIR,2021010600,2021,Incident,"Injury by other person-unintentional or intent unknown, n.e.c.","MERCERSBURG, PENNSYLVANIA",An employee collided with another skier and sustained four broken ribs.,Hospitalized=1.00; Amputation=0.00; Loss of Eye=0.00,OSHA severe injury report,osha-text-24100cde7e55,9826ab65de721acbd5db941e9a37faf678b8e3ee8be2b5844930f7d8080e026f,GENERAL,GENERAL,short,train_addition,deterministic_diversity_and_keyword_retrieval_before_annotation_no_model_predictions
EXP-V0.4-0598,OSHA-SIR-2017098901,OSHA_SIR,2017098901,2017,Incident,"Injury by other person-unintentional or intent unknown, unspecified","ARLINGTON, TEXAS","An employee was bumped into by a customer and fell. She broke her left wrist, requiring hospitalization.",Hospitalized=1.00; Amputation=0.00; Loss of Eye=0.00,OSHA severe injury report,osha-text-74da05c0c50a,d135cf50181285857cb06e6d1d32d236e4a8447e852072959c6d35a6bd732811,GENERAL,GENERAL,short,train_addition,deterministic_diversity_and_keyword_retrieval_before_annotation_no_model_predictions
EXP-V0.4-0599,OSHA-SIR-2021032204,OSHA_SIR,2021032204,2021,Incident,Climbing or stepping up or down-single episode,"BROOMFIELD, COLORADO","An employee developed severe right thigh pain after stepping off a stand-on snow removal machine. He was hospitalized, having suffered a possible tendon injury on the thigh.",Hospitalized=1.00; Amputation=0.00; Loss of Eye=0.00,OSHA severe injury report,osha-text-f69ace812995,abc21017faae93ba6d91a52856730ca30557f3b0ff90fbbb6b02b2a9b15a2727,GENERAL,GENERAL,short,train_addition,deterministic_diversity_and_keyword_retrieval_before_annotation_no_model_predictions
EXP-V0.4-0600,OSHA-SIR-20231211573,OSHA_SIR,20231211573,2023,Incident,Trip over self without fall,"REEDS, MISSOURI","An employee was walking when they tripped. They extended their right hand to catch themselves and came in contact with a fan blade, resulting in an amputation to their right middle fingertip.",Hospitalized=0.00; Amputation=1.00; Loss of Eye=0.00,OSHA severe injury report,osha-text-13d625e49c28,b9bea4818c8a11c4fb64b629ad37188d7f89f2a136e48cd867847149ff7bf990,GENERAL,GENERAL,medium,train_addition,deterministic_diversity_and_keyword_retrieval_before_annotation_no_model_predictions
EXP-V0.4-0601,OSHA-SIR-2024076032,OSHA_SIR,2024076032,2024,Incident, Flash fire,"ELLINGER, TEXAS","An employee was completing a well intervention. The system encountered a gas pocket while circulating the well. The gas pocket was pumped from the well bore to the open top tank that was being used to circulate the well. An ignition occurred, resulting in a flash fire that caused first-degree burns to the employee's arms.",Hospitalized=1.00; Amputation=0.00; Loss of Eye=0.00,OSHA severe injury report,osha-text-5192cc7ccb84,f8e5a6256c8dae5e736841d452142bf516b5ba7fc8883b1c466f15dce64d61b4,LSR02,LSR02,medium,train_addition,deterministic_diversity_and_keyword_retrieval_before_annotation_no_model_predictions
EXP-V0.4-0602,OSHA-SIR-2023032175,OSHA_SIR,2023032175,2023,Incident,Other fall to lower level 6 to 10 feet,"ATLANTA, GEORGIA","A crew was using a crane to assemble another crane when an employee tripped over an incline and lost his balance. The employee fell 6-7 feet from the decking to the asphalt surface below, resulting in fractures of the right arm above the elbow and left wrist. The employee also experienced swelling to the top of the left foot.",Hospitalized=1.00; Amputation=0.00; Loss of Eye=0.00,OSHA severe injury report,osha-text-355e9734e065,15bf55fbf2f980b33b0092c7d695b3984e77ef931dc0a29f28a8137e2900310d,LSR07;LSR09;HAZARD_TERM_POSSIBLE_NON_SIF,LSR07,medium,train_addition,deterministic_diversity_and_keyword_retrieval_before_annotation_no_model_predictions
EXP-V0.4-0603,OSHA-SIR-2022031917,OSHA_SIR,2022031917,2022,Incident,Struck by object falling from vehicle or machinery-other than vehicle part,"BETHALTO, ILLINOIS","On March 2, 2022, at approximately 1:43 p.m., three employees were attempting to lower a 42 inch (in diameter) concrete pipe into an approximately 4 foot deep trench located along a city street. The crew had lifted the concrete sewer pipe by placing an eye of a 1/2 inch diameter rope sling through an approximately 2 inch lifting hole located in the center of the 42"" concrete pipe, and placing a 1 1/2 inch bar through the eye of the sling (inside the pipe). The 1/2 wire rope sling was approximately 5 feet in length. The wire rope sling broke below the eye that was placed through the pipe, causing the pipe to fall on the injured employee and fracture both legs.",Hospitalized=1.00; Amputation=0.00; Loss of Eye=0.00,OSHA severe injury report,osha-text-d1d14b99ed52,d3301123a0e293d465a513b45aded166c9d96cda3902500df454926a9269a2c6,LSR02;LSR07,LSR02,long,train_addition,deterministic_diversity_and_keyword_retrieval_before_annotation_no_model_predictions
EXP-V0.4-0604,OSHA-SIR-2015096424,OSHA_SIR,2015096424,2015,Incident,"Hitting, kicking, beating, shoving","OREFIELD, PENNSYLVANIA","An employee was conducting an intervention with a client (patient). The client pushed her, causing her to fall and dislocate/fracture her right wrist.",Hospitalized=1.00; Amputation=0.00; Loss of Eye=0.00,OSHA severe injury report,osha-text-6a7238fa0b8d,b5e7507a9657f14381a90c6a84797b0856dde4ec9deec491d81ab6ac14f08da2,HAZARD_TERM_POSSIBLE_NON_SIF,HAZARD_TERM_POSSIBLE_NON_SIF,short,train_addition,deterministic_diversity_and_keyword_retrieval_before_annotation_no_model_predictions
EXP-V0.4-0605,OSHA-SIR-2024087948,OSHA_SIR,2024087948,2024,Incident, Fall to lower level from collapsing structure or equipment  6 to 30 feet,"GRAND FORKS, NORTH DAKOTA","An employee was installing lighting. The employee broke through a drop ceiling and fell 26 feet, suffering fractures to the ribs, pelvis, and left wrist as well as a head laceration.",Hospitalized=1.00; Amputation=0.00; Loss of Eye=0.00,OSHA severe injury report,osha-text-a65927402105,056a45229db18a0ee7d521635d590f3a41abcae79e32092913b4f1f4dfeb19ce,HIGH_RISK,HIGH_RISK,medium,train_addition,deterministic_diversity_and_keyword_retrieval_before_annotation_no_model_predictions
EXP-V0.4-0606,OSHA-SIR-2025099701,OSHA_SIR,2025099701,2025,Incident, Struck by falling object  unspecified,"FORT MYERS, FLORIDA","Employees were setting up walls and handling materials. While holding a wall brace, an employee slipped on water on the slab, causing the wall brace to fall and impact the employee. The employee's wrist was fractured.",Hospitalized=1.00; Amputation=0.00; Loss of Eye=0.00,OSHA severe injury report,osha-text-dd0e114ecd3e,70c6c7dd797a3310b7bc687343b607815bb77d213993dd032f5ab55eaf75744e,HAZARD_TERM_POSSIBLE_NON_SIF,HAZARD_TERM_POSSIBLE_NON_SIF,medium,train_addition,deterministic_diversity_and_keyword_retrieval_before_annotation_no_model_predictions
EXP-V0.4-0607,OSHA-SIR-2025076653,OSHA_SIR,2025076653,2025,Incident, Struck by dislodged or detached object(s),"ODESSA, TEXAS","During maintenance of an annular blowout preventer, air pressure was applied to dislodge a stuck internal piston. The piston ejected and struck an employee's left bicep, causing a laceration and a fracture.",Hospitalized=1.00; Amputation=0.00; Loss of Eye=0.00,OSHA severe injury report,osha-text-d89972e84296,3e9acd0743e5b434b1873d9b2e9da2d0623724b8e934ca584a8e95bf696851c0,HAZARD_TERM_POSSIBLE_NON_SIF,HAZARD_TERM_POSSIBLE_NON_SIF,medium,train_addition,deterministic_diversity_and_keyword_retrieval_before_annotation_no_model_predictions
EXP-V0.4-0608,OSHA-SIR-2016032139,OSHA_SIR,2016032139,2016,Incident,Trampled by or stepped on by animal,"HASTINGS, NEBRASKA","An employee was herding cattle from the pens to the kill floor. On the way to the kill floor, the employee tripped and struck his head on the concrete of the pens. As the cattle passed him, one of their hoofs struck him in the ribs. He was hospitalized with broken ribs, a concussion, a broken nose, and a head laceration.",Hospitalized=1.00; Amputation=0.00; Loss of Eye=0.00,OSHA severe injury report,osha-text-f567cc076c34,2ce73e202ebcf9b8f27df17b3c5c531908283f0d4fb145ef95222ff5aa3875c6,GENERAL,GENERAL,medium,train_addition,deterministic_diversity_and_keyword_retrieval_before_annotation_no_model_predictions
EXP-V0.4-0609,OSHA-SIR-20251010580,OSHA_SIR,20251010580,2025,Incident, Vehicle or machinery fire ,"PALM CITY, FLORIDA",Employees were securing the fuel line of an outboard motor in preparation for removing the motor from a small vessel located in the equipment yard. A gasoline-related fire occurred and one employee sustained burns to both hands and forearms.,Hospitalized=1.00; Amputation=0.00; Loss of Eye=0.00,OSHA severe injury report,osha-text-897fe585f046,f73ed2840faaf0c35944a8b8e70f99ecf131ddf90863454346bd867b3b1caeda,LSR02,LSR02,medium,train_addition,deterministic_diversity_and_keyword_retrieval_before_annotation_no_model_predictions
EXP-V0.4-0610,OSHA-SIR-2023021622,OSHA_SIR,2023021622,2023,Incident,"Overexertion in pushing, pulling, or turning-single episode","ORLANDO, FLORIDA",An employee was repositioning a patient when they began experiencing sharp pain in their right shoulder and neck.,Hospitalized=1.00; Amputation=0.00; Loss of Eye=0.00,OSHA severe injury report,osha-text-e0fe6bedbf7f,e2da8771c02fd7a4a3107256ab8d64945daed693dcb120f5dceeb5c11cd94a2c,GENERAL,GENERAL,short,train_addition,deterministic_diversity_and_keyword_retrieval_before_annotation_no_model_predictions
EXP-V0.4-0611,OSHA-SIR-2023098112,OSHA_SIR,2023098112,2023,Incident,"Struck by animal, unspecified","LEAVENWORTH, WASHINGTON","Employees were at a barn checking on mules and feeding them. While the employees were in the corral, the mules became spooked. The injured employee was kicked or stepped on by the mules, resulting in a concussion, fractures to the left shoulder, arm, and hand, as well as a bruised knee and ribs. The employee underwent surgery.",Hospitalized=1.00; Amputation=0.00; Loss of Eye=0.00,OSHA severe injury report,osha-text-6e3a1dce6a75,484adb916574da6f5a01b607f639efce9716ba497df29cf8670be2766789b364,GENERAL,GENERAL,medium,train_addition,deterministic_diversity_and_keyword_retrieval_before_annotation_no_model_predictions
EXP-V0.4-0612,OSHA-SIR-2023087218,OSHA_SIR,2023087218,2023,Incident,"Other fall to lower level, unspecified","MILLEDGEVILLE, GEORGIA","An employee was painting a water tank while in a lift basket. The cable broke while the employee was in the basket, causing them to fall to the grass surface below. The employee sustained fractures to their left shin and right ankle.",Hospitalized=1.00; Amputation=0.00; Loss of Eye=0.00,OSHA severe injury report,osha-text-cf7635d4cf18,27305fbfac710c4fce12fdf00d67befedafd029dba30a087dbe4ab9dae86cd9e,LSR02;HAZARD_TERM_POSSIBLE_NON_SIF,LSR02,medium,train_addition,deterministic_diversity_and_keyword_retrieval_before_annotation_no_model_predictions
EXP-V0.4-0613,OSHA-SIR-20181212339,OSHA_SIR,20181212339,2018,Incident,Struck or run over by rolling powered vehicle,"PLAQUEMINE, LOUISIANA","An employee driving a powered industrial truck (PIT) had paperwork on the PIT and the papers flew off. The employee stepped off the PIT to retrieve the paperwork and the PIT struck the employee's right lower leg, fracturing it.",Hospitalized=1.00; Amputation=0.00; Loss of Eye=0.00,OSHA severe injury report,osha-text-33f75e69f59c,7621d946e7a046bb9b56edac1f3a3b5c1bde275ae46279bf4b6eeb4614fafd6f,LSR02;LSR03,LSR02,medium,train_addition,deterministic_diversity_and_keyword_retrieval_before_annotation_no_model_predictions
EXP-V0.4-0614,OSHA-SIR-20241110703,OSHA_SIR,20241110703,2024,Incident, Fall to lower level from collapsing structure or equipment  unspecified,"MOOSIC, PENNSYLVANIA","An employee was on a ladder to cut a telecommunications wire that was under tension. The release of energy displaced the ladder and the employee fell, resulting in a fractured wrist.",Hospitalized=1.00; Amputation=0.00; Loss of Eye=0.00,OSHA severe injury report,osha-text-adf406697213,c4400fb968af650ff1b4befa16c2d6b1e19fc80dedb54a3a880011abbeaa9136,LSR09;HAZARD_TERM_POSSIBLE_NON_SIF,LSR09,medium,train_addition,deterministic_diversity_and_keyword_retrieval_before_annotation_no_model_predictions
EXP-V0.4-0615,OSHA-SIR-2018065639,OSHA_SIR,2018065639,2018,Incident,Fall from collapsing structure or equipment 11 to 15 feet ,"PERRYSBURG, OHIO","On June 8, 2018, an employee was moving a beam while on a scaffold. The employee stepped off of the scaffold onto a shelf and it collapsed causing the employee to fall 11 feet to the floor below. The employee was hospitalized for a fractured right ankle.",Hospitalized=1.00; Amputation=0.00; Loss of Eye=0.00,OSHA severe injury report,osha-text-4f3ea41b5740,09e8d162a08251a27bd3a0aa34c8511d5f9dbe590fe7428f5a78660e58e78c5d,LSR09;HAZARD_TERM_POSSIBLE_NON_SIF,LSR09,medium,train_addition,deterministic_diversity_and_keyword_retrieval_before_annotation_no_model_predictions
EXP-V0.4-0616,OSHA-SIR-2019054506,OSHA_SIR,2019054506,2019,Incident,"Struck by dislodged flying object, particle","PATERSON, NEW JERSEY","An employee had been manually loading a wooden shoe holding device with a die-cut urethane foam piece. As the employee moved the shoe into the cutting machine along a fixed pathway, one of the saw blades came in contact with the shoe, causing the 4"" blade to break into many small pieces. One or more of these pieces struck the employee s fingers. The right-hand pinky and ring fingers sustained cuts that required stitches. The ring finger also required surgery for a cut ligament and blood vessel.",Hospitalized=1.00; Amputation=0.00; Loss of Eye=0.00,OSHA severe injury report,osha-text-a4e88d7a2383,3741d6614f13302b0ecd68051f77eaf84738f259ceb15f3b957d561536db3f93,LSR02;HAZARD_TERM_POSSIBLE_NON_SIF,LSR02,long,train_addition,deterministic_diversity_and_keyword_retrieval_before_annotation_no_model_predictions
EXP-V0.4-0617,OSHA-SIR-2021108997,OSHA_SIR,2021108997,2021,Incident,"Struck by powered vehicle-nontransport, unspecified","COLORADO SPRINGS, COLORADO","An employee tried to maneuver a pallet jack being steered by a co-worker by grabbing the forks when the forks came down onto the employee's right index finger, resulting in an amputation at the first knuckle.",Hospitalized=0.00; Amputation=1.00; Loss of Eye=0.00,OSHA severe injury report,osha-text-f2143a3fb2ad,7f3ed4b4e0dfb7c5b018ea214bdd132e2a7a86b728ecaf1ef6f8904e1c12bb8a,GENERAL,GENERAL,medium,train_addition,deterministic_diversity_and_keyword_retrieval_before_annotation_no_model_predictions
EXP-V0.4-0618,OSHA-SIR-2015085484,OSHA_SIR,2015085484,2015,Incident,"Bites and stings, unspecified","CHICAGO, ILLINOIS","On August 6, 2015, an employee working on a gas leak inside of an excavation was bitten by an unknown insect on the right elbow. As the day continued the bite are became swollen and painful. The employee was admitted into the hospital. On August 10, 2015 a portion of the bite area was removed by doctors.",Hospitalized=1.00; Amputation=0.00; Loss of Eye=0.00,OSHA severe injury report,osha-text-09009241bda3,a761a2d1e4c27d62779be30b06ca4b14ca122322c90cc0c0aeba6a143091437c,GENERAL,GENERAL,medium,train_addition,deterministic_diversity_and_keyword_retrieval_before_annotation_no_model_predictions
EXP-V0.4-0619,OSHA-SIR-2020087396,OSHA_SIR,2020087396,2020,Incident,Struck by other falling powered vehicle,"VERNON, TEXAS","An employee was operating an excavator. While extending the tracks, the excavator tipped over and landed on top of an employee's left foot. The impact ripped the leather of his steel toed boots just above the steel and resulted in broken toes.",Hospitalized=1.00; Amputation=0.00; Loss of Eye=0.00,OSHA severe injury report,osha-text-3298059c3bd8,893d31224de575767b54a483034f759b3e88c48958f8f875bfd1c0a26cd33c76,GENERAL,GENERAL,medium,train_addition,deterministic_diversity_and_keyword_retrieval_before_annotation_no_model_predictions
EXP-V0.4-0620,OSHA-SIR-2015021113,OSHA_SIR,2015021113,2015,Incident,Slip on substance without fall,"WHIPPANY, NEW JERSEY",A maintenance employee slipped on ice while applying salt to ice on the ground in the fenced-in yard of the facility. He slipped and broke his left fibula and dislocated his left ankle.,Hospitalized=1.00; Amputation=0.00; Loss of Eye=0.00,OSHA severe injury report,osha-text-b7ce78087db3,0b7f01c8b6d4702b49d72fc29378e119e79c46b45a1a4a9eafc69ca5cdd9f4d5,GENERAL,GENERAL,medium,train_addition,deterministic_diversity_and_keyword_retrieval_before_annotation_no_model_predictions
EXP-V0.4-0621,OSHA-SIR-2024032215,OSHA_SIR,2024032215,2024,Incident, Struck by object tipping over,"MEDINA, OHIO","The injured employee was moving a barrel of mayonnaise from a plastic skid onto a transport dolly with a second employee assisting. The injured employee leaned the barrel over to allow access to the cardboard slip sheet that was under the barrel as the other employee tried to remove it. The barrel tilted and fell to the floor. The injured employee tried to stabilize the barrel as the barrel was falling and the weight of the barrel caused him to fall, landing on the left side of his body on the concrete floor. The employee fractured his pelvis and hip.",Hospitalized=1.00; Amputation=0.00; Loss of Eye=0.00,OSHA severe injury report,osha-text-293b46bbd88f,72e755f0c2ddceca0334de1b9bd1512a39880a6f99f917bc985a5738e87c1848,HAZARD_TERM_POSSIBLE_NON_SIF,HAZARD_TERM_POSSIBLE_NON_SIF,long,train_addition,deterministic_diversity_and_keyword_retrieval_before_annotation_no_model_predictions
EXP-V0.4-0622,OSHA-SIR-2021053913,OSHA_SIR,2021053913,2021,Incident,Self-inflicted shooting-unintentional,"COTTAGE GROVE, MINNESOTA","On May 12, 2021, an employee was attending quarterly firearms training when her 9mm discharged into her right thigh and exited out of her lower right leg.",Hospitalized=1.00; Amputation=0.00; Loss of Eye=0.00,OSHA severe injury report,osha-text-aaa63f8616c4,68f8fe94fe7fec6a7d59e26b7c031e5836dc32b013d9ef9c7abe8837fb409b37,GENERAL,GENERAL,short,train_addition,deterministic_diversity_and_keyword_retrieval_before_annotation_no_model_predictions
EXP-V0.4-0623,OSHA-SIR-2025010121,OSHA_SIR,2025010121,2025,Incident," Struck by propelled, falling, or suspended object  unspecified","CANTON, OHIO","An employee was moving a steel coil using an overhead crane and was setting it down when the coil struck other coils in a bin, causing those coils to shift. The employee was struck by the steel coils and sustained a fractured hand.",Hospitalized=1.00; Amputation=0.00; Loss of Eye=0.00,OSHA severe injury report,osha-text-ae25966e5eb9,b5de1560fd64e0303ed70b51d1191febbc252f3120ac3605263fdbef15c46626,LSR06;LSR07;HAZARD_TERM_POSSIBLE_NON_SIF,LSR06,medium,train_addition,deterministic_diversity_and_keyword_retrieval_before_annotation_no_model_predictions
EXP-V0.4-0624,OSHA-SIR-2024032386,OSHA_SIR,2024032386,2024,Incident," Struck by propelled, falling, or suspended object  unspecified","MERRITT ISLAND, FLORIDA",An employee was lowering themselves in the basket hoist to assist with adjusting a shim. The corbel came loose and fell onto the basket hoist catching the employee's left middle finger and amputating it at the first joint.,Hospitalized=0.00; Amputation=1.00; Loss of Eye=0.00,OSHA severe injury report,osha-text-9c6e9c1f1f41,ea48d13eeb81d06fff267320eb2cde4eec8b0b689cd4062a8fd25b62cfe234d8,LSR07,LSR07,medium,train_addition,deterministic_diversity_and_keyword_retrieval_before_annotation_no_model_predictions
EXP-V0.4-0625,OSHA-SIR-20181010281,OSHA_SIR,20181010281,2018,Incident,Struck by object falling from vehicle or machinery-other than vehicle part,"SPRINGBORO, OHIO","Two employees had rigged a 3,000-pound tank to a crane hook using straps. The straps slipped off the hook and the tank fell, hitting one of the employees. The employee suffered broken vertebrae and was hospitalized.",Hospitalized=1.00; Amputation=0.00; Loss of Eye=0.00,OSHA severe injury report,osha-text-42650d142095,cbbd3168865a7b963453354d604f9a950feb42e7f407e41b5d797dd46665e55a,LSR02;LSR07,LSR02,medium,train_addition,deterministic_diversity_and_keyword_retrieval_before_annotation_no_model_predictions
EXP-V0.4-0626,OSHA-SIR-2020109379,OSHA_SIR,2020109379,2020,Incident,Other fall to lower level 16 to 20 feet,"KEY WEST, FLORIDA","While directing a crane from the second floor on a new construction, an employee fell 18 feet to the ground and sustained a broken left elbow.",Hospitalized=1.00; Amputation=0.00; Loss of Eye=0.00,OSHA severe injury report,osha-text-dcca75227087,c455cce5789d3463a46b1cb68d128e5e96002ae89af22a35b09556b251f0c3a4,LSR07;HIGH_RISK,LSR07,short,train_addition,deterministic_diversity_and_keyword_retrieval_before_annotation_no_model_predictions
EXP-V0.4-0627,OSHA-SIR-2020076859,OSHA_SIR,2020076859,2020,Incident,Part of occupant s body caught between vehicle and other object in nonroadway transport incident,"YORK, PENNSYLVANIA",An employee was moving product through a warehouse using a powered industrial truck (PIT). The PIT reversed and struck a post. The employee sustained a broken left tibia and fibula.,Hospitalized=1.00; Amputation=0.00; Loss of Eye=0.00,OSHA severe injury report,osha-text-11e27db6dece,750eb3665d90334894da0673c6d1ddf0b294d22fa092429fad219b29632b2b7d,LSR02;LSR03,LSR02,medium,train_addition,deterministic_diversity_and_keyword_retrieval_before_annotation_no_model_predictions
EXP-V0.4-0628,OSHA-SIR-2022054387,OSHA_SIR,2022054387,2022,Incident,"Struck by falling object or equipment, unspecified","BAYTOWN, TEXAS",An employee was moving a welding machine when it tipped over and crushed the fingers on his right hand. Part of a finger was medically amputated.,Hospitalized=0.00; Amputation=1.00; Loss of Eye=0.00,OSHA severe injury report,osha-text-d98aed02aeeb,d67091a07de83d0cc6cf4c6373542793e9c494a02d8b622f40a1e4ce87fc4004,LSR05;LSR06;HIGH_RISK;HAZARD_TERM_POSSIBLE_NON_SIF,LSR05,short,train_addition,deterministic_diversity_and_keyword_retrieval_before_annotation_no_model_predictions
EXP-V0.4-0629,OSHA-SIR-2015074850,OSHA_SIR,2015074850,2015,Incident,Struck by falling part of powered vehicle still attached,"JUNCTION CITY, KANSAS","An employee was helping a coworker replace struts. They were lining up pins when the supportive strap broke. The truck cab fell and crushed the employee's left hand, resulting in hospitalization.",Hospitalized=1.00; Amputation=0.00; Loss of Eye=0.00,OSHA severe injury report,osha-text-e57f19bba5bd,6cd507010fcaec41c01160cc28a7ec634f7fe972845b1772bf30cc3b92b6f91f,LSR03;LSR06;HIGH_RISK,LSR03,medium,train_addition,deterministic_diversity_and_keyword_retrieval_before_annotation_no_model_predictions
EXP-V0.4-0630,OSHA-SIR-2015050189,OSHA_SIR,2015050189,2015,Incident,"Pedestrian struck by vehicle in nonroadway area, unspecified","WILLOUGHBY, OHIO",An employee was working outside at the rear of the facility. A forklift operator was emptying a load of boxes into the trash compactor and struck the employee on the side of her head just below the ear. The employee sustained a fracture to the bone below the ear. It is unknown if the forks or the boxes struck the employee.,Hospitalized=1.00; Amputation=0.00; Loss of Eye=0.00,OSHA severe injury report,osha-text-98ad9f933d8e,57afeac008c1f1546ac5dc99d5cf6d21112cc50bdb73884a7e1b0edc0ae1a8b7,LSR03;LSR07,LSR03,medium,train_addition,deterministic_diversity_and_keyword_retrieval_before_annotation_no_model_predictions
EXP-V0.4-0631,OSHA-SIR-20241110893,OSHA_SIR,20241110893,2024,Incident, Struck against stationary object  n.e.c.,"QUINCY, FLORIDA","An employee was removing a cross-threaded nut and bolt from a metal machine using a torque wrench when the wrench slipped from the nut. They struck their right index finger against the machine, resulting in crush injuries to the finger and a fingertip amputation.",Hospitalized=0.00; Amputation=1.00; Loss of Eye=0.00,OSHA severe injury report,osha-text-c6a9cb090898,d444a165ea71f6a81354fb91b5664b3d79a8ff5da17f32b8aa14d206e0811f89,HAZARD_TERM_POSSIBLE_NON_SIF,HAZARD_TERM_POSSIBLE_NON_SIF,medium,train_addition,deterministic_diversity_and_keyword_retrieval_before_annotation_no_model_predictions
EXP-V0.4-0632,OSHA-SIR-20171111288,OSHA_SIR,20171111288,2017,Incident,Other fall to lower level more than 30 feet,"BRUCETON MILLS, WEST VIRGINIA","On November 29, 2017, at approximately 9:15 a.m., an employee was repositioning his climbing line when he fell 50 feet from a tree and fractured his right leg, requiring hospitalization.",Hospitalized=1.00; Amputation=0.00; Loss of Eye=0.00,OSHA severe injury report,osha-text-aa9d6717057a,0051296b34b30d51397dcd4d0be3dd98ce8c71dd26b97ded40626d3b19c37b85,HIGH_RISK,HIGH_RISK,medium,train_addition,deterministic_diversity_and_keyword_retrieval_before_annotation_no_model_predictions
EXP-V0.4-0633,OSHA-SIR-2019010916,OSHA_SIR,2019010916,2019,Incident,Other fall to lower level less than 6 feet,"POMPANO BEACH, FLORIDA","An employee lifted a 55-gallon plastic tank filled with trash to empty it into the dumpster. He placed the 55-gallon tank upside down so it could be completely emptied. The employee then climbed into the dumpster and knelt on the container wall. When he tried to shake the tank to empty it, he lost balance and fell 4 feet to the pavement resulting in a compression fracture to the back.",Hospitalized=1.00; Amputation=0.00; Loss of Eye=0.00,OSHA severe injury report,osha-text-2cdb286f93d5,6e087a90ae9ba6b5fd85e28de4d75b749be7c510d4b4b51e457cbd6af0c2551a,LSR02;LSR09,LSR02,long,train_addition,deterministic_diversity_and_keyword_retrieval_before_annotation_no_model_predictions
EXP-V0.4-0634,OSHA-SIR-2021097579,OSHA_SIR,2021097579,2021,Incident,"Ignition of vapors, gases, or liquids","ARLINGTON, TEXAS","An employee was replacing a broken hasp on a gang box. Combustible vapor from a 10-cubic-foot low-pressure acetylene cylinder in the box ignited. The employee suffered multiple burns, a head laceration, and a fractured arm, cheek and nose.",Hospitalized=1.00; Amputation=0.00; Loss of Eye=0.00,OSHA severe injury report,osha-text-1835540ed152,c0cd4085b0fb147ff50afe470efc0037f2a2090a530aef88993c1eef44e0ef4f,LSR05;HAZARD_TERM_POSSIBLE_NON_SIF,LSR05,medium,train_addition,deterministic_diversity_and_keyword_retrieval_before_annotation_no_model_predictions
EXP-V0.4-0635,OSHA-SIR-2018099881,OSHA_SIR,2018099881,2018,Incident,Injured by slipping or swinging object held by injured worker,"CANTON, OHIO","On September 24, 2018, an employee was using an electric sewer cleaning machine to unblock a drain. The coil spring got stuck and caught his left ring finger, amputating the tip.",Hospitalized=0.00; Amputation=1.00; Loss of Eye=0.00,OSHA severe injury report,osha-text-1a090fd0ccf4,8627b41d257779ce48c980d4195fb61791e1c109ce865730ac893f25835fb0ba,LSR02;HAZARD_TERM_POSSIBLE_NON_SIF,LSR02,short,train_addition,deterministic_diversity_and_keyword_retrieval_before_annotation_no_model_predictions
EXP-V0.4-0636,OSHA-SIR-2016076986,OSHA_SIR,2016076986,2016,Incident,"Injury by other person-unintentional or intent unknown, n.e.c.","RAPID CITY, SOUTH DAKOTA",An employee was bitten on the hand by a patient. The right index fingertip (soft tissue only) was amputated.,Hospitalized=0.00; Amputation=1.00; Loss of Eye=0.00,OSHA severe injury report,osha-text-37935011bdf9,fd3d3dd1102764164b76001fdd8da99859d176977e1160bacb253ef6d21f9cf4,GENERAL,GENERAL,short,train_addition,deterministic_diversity_and_keyword_retrieval_before_annotation_no_model_predictions
EXP-V0.4-0637,OSHA-SIR-20161110390,OSHA_SIR,20161110390,2016,Incident,"Other animal bites, nonvenomous","CLEVELAND, OHIO","An employee was performing work in a residential house to turn on the gas when the customer's dogs broke though the rear door and bit the employee's left forearm, fracturing it and requiring surgery.",Hospitalized=1.00; Amputation=0.00; Loss of Eye=0.00,OSHA severe injury report,osha-text-1d4f804a3348,2f472bbb147ccdf8346abd0c249bce74c9542ce06ddd6e23e65b08dfbdad0e39,GENERAL,GENERAL,medium,train_addition,deterministic_diversity_and_keyword_retrieval_before_annotation_no_model_predictions
EXP-V0.4-0638,OSHA-SIR-20171110776,OSHA_SIR,20171110776,2017,Incident,Shooting by other person-intentional,"BRANDON, FLORIDA",An employee was making a bank deposit when a robber shot her right thigh.,Hospitalized=1.00; Amputation=0.00; Loss of Eye=0.00,OSHA severe injury report,osha-text-9cd8c20ee9b8,470a9b068bc7528c3e394d086d4cd2396de8b35006c0c9864e47d2a3acec76e7,GENERAL,GENERAL,short,train_addition,deterministic_diversity_and_keyword_retrieval_before_annotation_no_model_predictions
EXP-V0.4-0639,OSHA-SIR-2015042411,OSHA_SIR,2015042411,2015,Incident,"Sudden start or stop, nonroadway","KANSAS CITY, MISSOURI",An employee was operating a powered pallet jack to take a pallet to the repair area. The pallet jack suddenly stopped. The employee fell off the equipment and onto the floor suffering some broken bones.,Hospitalized=1.00; Amputation=0.00; Loss of Eye=0.00,OSHA severe injury report,osha-text-373263e60c4d,646107e3c1cc7aaa546246543f84a50d8be2fbb9494cd549750b3410f868340c,GENERAL,GENERAL,medium,train_addition,deterministic_diversity_and_keyword_retrieval_before_annotation_no_model_predictions
EXP-V0.4-0640,OSHA-SIR-2018021085,OSHA_SIR,2018021085,2018,Incident,Nonclassifiable,"ORLANDO, FLORIDA",The stabilizer from a low deck unloader struck and crushed an employee's foot while unloading baggage from a plane.,Hospitalized=1.00; Amputation=0.00; Loss of Eye=0.00,OSHA severe injury report,osha-text-c6276ef80537,17196549ce9dc4d094a3479341ce517a02ab031b050ae58025ccb4a8869fbbde,LSR06;HIGH_RISK,LSR06,short,train_addition,deterministic_diversity_and_keyword_retrieval_before_annotation_no_model_predictions
EXP-V0.4-0641,OSHA-SIR-2016054607,OSHA_SIR,2016054607,2016,Incident,Jump from collapsing structure or equipment less than 6 feet,"BORGER, TEXAS",An employee was standing on an extension ladder when the ladder began to slip. The employee jumped approximately 5 to 6 feet off the ladder and fractured the left ankle.,Hospitalized=1.00; Amputation=0.00; Loss of Eye=0.00,OSHA severe injury report,osha-text-c2be0fad914e,5204322585d8d2f65e48517f6624f0292330dd76dbe1b5e7e0e5f16ca8754d5e,LSR09;HAZARD_TERM_POSSIBLE_NON_SIF,LSR09,short,train_addition,deterministic_diversity_and_keyword_retrieval_before_annotation_no_model_predictions
EXP-V0.4-0642,OSHA-SIR-2020032914,OSHA_SIR,2020032914,2020,Incident,"Water vehicle incident, n.e.c.","CARUTHERSVILLE, MISSOURI","An employee climbed a walking deck to gain access to the hull side of a barge to move a portable welding machine so she could continue welding tank side stiffeners. While climbing down, she attempted to step onto a side stiffener but missed. Her right leg then contacted the tank side angle, causing a fracture to her right tibia.",Hospitalized=1.00; Amputation=0.00; Loss of Eye=0.00,OSHA severe injury report,osha-text-0beb1872700b,8382c814849cefc6a7324f1014d587a56836b86a84ffd16776b41530c64ce811,LSR02;LSR05,LSR02,medium,train_addition,deterministic_diversity_and_keyword_retrieval_before_annotation_no_model_predictions
EXP-V0.4-0643,OSHA-SIR-2024076528,OSHA_SIR,2024076528,2024,Incident, Caught or wedged between objects  nonrunning,"PALMYRA, NEW YORK","An employee was removing a roller weighing approximately 1000 pounds from the laser inspection lathe using a spreader bar with two wire-rope slings. The employee was using the lifting device and attaching the cable strap sling to the two journals of the roller so that she could use the hoist to move the roller to a box. When she raised the hoist to make the sling taut, her right index finger was caught between the sling and the roller. The employee suffered an amputation of her index finger to the distal knuckle.",Hospitalized=0.00; Amputation=1.00; Loss of Eye=0.00,OSHA severe injury report,osha-text-ad7571c3fe15,22e0876715ac94d2821dd76e03ea3ac1ca74559d3e4a7c96601601da69d2e518,LSR06;LSR07,LSR06,long,train_addition,deterministic_diversity_and_keyword_retrieval_before_annotation_no_model_predictions
EXP-V0.4-0644,OSHA-SIR-2021064939,OSHA_SIR,2021064939,2021,Incident,Other jump to lower level less than 6 feet,"JANESVILLE, WISCONSIN","An employee jumped off a flatbed trailer to the ground 5 feet below, breaking his left leg.",Hospitalized=1.00; Amputation=0.00; Loss of Eye=0.00,OSHA severe injury report,osha-text-143528759fa5,c90e3705d6b4c25025a7a5b6a982aa3b1a683a080d207235ce5bbfeef8b452a7,GENERAL,GENERAL,short,train_addition,deterministic_diversity_and_keyword_retrieval_before_annotation_no_model_predictions
EXP-V0.4-0645,OSHA-SIR-2021059379,OSHA_SIR,2021059379,2021,Incident,"Aircraft incident, n.e.c.","SAN FRANCISCO, CALIFORNIA","An employee was rappelling from a helicopter when he fell to the ground, resulting in a broken leg.",Hospitalized=1.00; Amputation=0.00; Loss of Eye=0.00,OSHA severe injury report,osha-text-dc30701ac64b,a5d96541a2bacf8b5293b6f75e9b969a10557fa3364cd642f82a994d7e975eda,GENERAL,GENERAL,short,train_addition,deterministic_diversity_and_keyword_retrieval_before_annotation_no_model_predictions
EXP-V0.4-0646,OSHA-SIR-20221110082,OSHA_SIR,20221110082,2022,Incident,Other fall to lower level 26 to 30 feet,"MADISON, ALABAMA","An employee was on a scaffold laying bricks when they fell 30 feet to the ground below, sustaining fractures to the right arm and left wrist.",Hospitalized=1.00; Amputation=0.00; Loss of Eye=0.00,OSHA severe injury report,osha-text-a7f3ae82fd35,f5a3f8035e60a9aed7a2a1d1a30abdf8bca8a6e38c2e7c0985f5b34b9e6a0fda,LSR09;HIGH_RISK,LSR09,short,train_addition,deterministic_diversity_and_keyword_retrieval_before_annotation_no_model_predictions
EXP-V0.4-0647,OSHA-SIR-2015118389,OSHA_SIR,2015118389,2015,Incident,Struck by object or equipment dropped by other person,"RACINE, WISCONSIN","Two employees were moving a metal computer-server stand down a steep flight of stairs. The upper employee lost his grip and the item fell and hit the lower employee's foot, breaking bones.",Hospitalized=1.00; Amputation=0.00; Loss of Eye=0.00,OSHA severe injury report,osha-text-ade24248880b,a6310e0bfc671420d1895663d4c841e6be6a5a4325697a32b367052d6d80db5a,GENERAL,GENERAL,medium,train_addition,deterministic_diversity_and_keyword_retrieval_before_annotation_no_model_predictions
EXP-V0.4-0648,OSHA-SIR-20161211705,OSHA_SIR,20161211705,2016,Incident,"Fall on same level due to tripping, n.e.c.","EAGLE LAKE, TEXAS","An employee was standing on an air line when a coworker yanked on the line, causing the employee to fall and land on a stack of metal bars. The employee fractured some ribs and was hospitalized.",Hospitalized=1.00; Amputation=0.00; Loss of Eye=0.00,OSHA severe injury report,osha-text-eb73e056f042,6893d9a990a872dd57ebb7f2022e83c335f1d663bffacd2f986db0fe7621ad32,GENERAL,GENERAL,medium,train_addition,deterministic_diversity_and_keyword_retrieval_before_annotation_no_model_predictions
EXP-V0.4-0649,OSHA-SIR-2021054324,OSHA_SIR,2021054324,2021,Incident,"Nonroadway noncollision incident, n.e.c.","PITTSBURGH, PENNSYLVANIA","An employee was moving an electric pallet jack. The jack ran over the employee's left foot, breaking toes.",Hospitalized=1.00; Amputation=0.00; Loss of Eye=0.00,OSHA severe injury report,osha-text-c0d5678a1f8a,62cd761039d1eff7ce34e8b1c5294efa2e5d35a2e971a7722db8b778b0c36cf3,GENERAL,GENERAL,short,train_addition,deterministic_diversity_and_keyword_retrieval_before_annotation_no_model_predictions
EXP-V0.4-0650,OSHA-SIR-2016043065,OSHA_SIR,2016043065,2016,Incident,"Fall, slip, trip, n.e.c.","BOISE, IDAHO","An employee fell while stepping up onto a sidewalk and then fell a second time while stepping down stairs. The employee suffered right knee, hip, and bilateral hand contusions, as well as an abrasion and strain.",Hospitalized=1.00; Amputation=0.00; Loss of Eye=0.00,OSHA severe injury report,osha-text-79446183cc4a,56982299b72b57637cdfcb52b0b7c4dbd1ab7f468f7b784c2735d3d8d46b2a90,GENERAL,GENERAL,medium,train_addition,deterministic_diversity_and_keyword_retrieval_before_annotation_no_model_predictions
EXP-V0.4-0651,OSHA-SIR-2017043894,OSHA_SIR,2017043894,2017,Incident,"Struck by animal, unspecified","SAN ANGELO, TEXAS",An employee was hit by a bull and sustained a right hip fractured that required surgery and overnight hospitalization.,Hospitalized=1.00; Amputation=0.00; Loss of Eye=0.00,OSHA severe injury report,osha-text-5e30c9f4963c,0aa378d69480097a44ddc6857c124c13c20292ae094e7c13f1cacbe829b26b89,GENERAL,GENERAL,short,train_addition,deterministic_diversity_and_keyword_retrieval_before_annotation_no_model_predictions
EXP-V0.4-0652,OSHA-SIR-2021065367,OSHA_SIR,2021065367,2021,Incident,"Contact with objects and equipment, unspecified","SEGUIN, TEXAS",An employee was using an overhead grid crane when their right middle finger was pinched between the engine head assembly and the transport rack resulting in amputation of the fingertip just below the nail bed.,Hospitalized=0.00; Amputation=1.00; Loss of Eye=0.00,OSHA severe injury report,osha-text-bac17526fcb1,39033671876ad079d561320725df45bb9b9a98e0e57600fd0934a117561bb22d,LSR07;HAZARD_TERM_POSSIBLE_NON_SIF,LSR07,medium,train_addition,deterministic_diversity_and_keyword_retrieval_before_annotation_no_model_predictions
EXP-V0.4-0653,OSHA-SIR-20251010030,OSHA_SIR,20251010030,2025,Incident," Struck by rolling, sliding, or shifting objects non-running","BURLESON, TEXAS","On October 7, 2025, employees were conducting trenching operations for the installation of a new sewer line system. The excavator's bucket was detached and put inside the trench as it was being exchanged for a different-sized bucket. An employee entered the trench with a shovel to move some dirt located at the front end of the pipe. The excavator bucket shifted and slid, striking the employee s right foot and trapping it against the ground. The employee sustained a fractured right tibia.",Hospitalized=1.00; Amputation=0.00; Loss of Eye=0.00,OSHA severe injury report,osha-text-d23bffaafe3a,5447e0b663262d1407b97950c3aaeb478dbb0153e63804511bb130dc5187f82c,LSR02,LSR02,long,train_addition,deterministic_diversity_and_keyword_retrieval_before_annotation_no_model_predictions
EXP-V0.4-0654,OSHA-SIR-20201211597,OSHA_SIR,20201211597,2020,Incident,Contact with hot objects or substances,"VALDOSTA, GEORGIA",An employee was on the ground by a railcar attempting to unplug an oil line to allow the oil to flow from the railcar to a tank in the facility. Oil splashed out of the top of the railcar and landed on the employee causing burns to the top of the employee's shoulders.,Hospitalized=1.00; Amputation=0.00; Loss of Eye=0.00,OSHA severe injury report,osha-text-40136fb9dd52,fe3121bf45c1b582c9f7634d7dd3fc57f5832698ae21386e639c120fb753c99f,LSR02,LSR02,medium,train_addition,deterministic_diversity_and_keyword_retrieval_before_annotation_no_model_predictions
EXP-V0.4-0655,OSHA-SIR-2021054197,OSHA_SIR,2021054197,2021,Incident,Climbing or stepping up or down-single episode,"GREENUP, ILLINOIS","After changing an air filter in an attic area, a mechanic was getting down from a raised area (2-3 feet) when she suffered a left femur fracture resulting in hospitalization and surgery.",Hospitalized=1.00; Amputation=0.00; Loss of Eye=0.00,OSHA severe injury report,osha-text-c1c635bc1753,9891c8e1378459d53198b7fb5b4fa1b40ab9fd80e0eb0ba88dc7b910bac43d86,GENERAL,GENERAL,medium,train_addition,deterministic_diversity_and_keyword_retrieval_before_annotation_no_model_predictions
EXP-V0.4-0656,OSHA-SIR-2025077484,OSHA_SIR,2025077484,2025,Incident, Struck by object tipping over,"LEWISVILLE, TEXAS","A forklift was placing an elevated load onto a truck. The forklift tipped forward and fell on the injured employee who was standing nearby. The employee sustained fractures to their hip and ribs, as well as leg muscle injuries.",Hospitalized=1.00; Amputation=0.00; Loss of Eye=0.00,OSHA severe injury report,osha-text-e9b5b28b0647,c9c110a6ecdb0e258385179c41ee75269ac99bd021244f2d2befb35b37cdef94,LSR03;LSR07,LSR03,medium,train_addition,deterministic_diversity_and_keyword_retrieval_before_annotation_no_model_predictions
EXP-V0.4-0657,OSHA-SIR-2020032057,OSHA_SIR,2020032057,2020,Incident,Fall on water vehicle,"PALMETTO, FLORIDA",An employee was removing container deck shoes while containers were being discharged. He walked to the side of the hatch lid to get out of the swing radius of the crane. The employee then turned and stepped off the hatch lid. He fell and sustained a closed skull fracture.,Hospitalized=1.00; Amputation=0.00; Loss of Eye=0.00,OSHA severe injury report,osha-text-40d78c6ec14b,079b0bd456b89aaa4226a01d61e1e9f40619749c8fea26fec965c538c60dd59e,LSR07,LSR07,medium,train_addition,deterministic_diversity_and_keyword_retrieval_before_annotation_no_model_predictions
EXP-V0.4-0658,OSHA-SIR-2018054700,OSHA_SIR,2018054700,2018,Incident,Machinery or equipment incident on water vehicle,"PADUCAH, KENTUCKY","An employee was pressure testing a fuel tank and void tank on a boat. Liquid was coming out of the pot into the test hose when the T-bar hatch blew off, striking the employee in the left knee and face and knocking him onto his back. He suffered a fractured tibia and broken nose.",Hospitalized=1.00; Amputation=0.00; Loss of Eye=0.00,OSHA severe injury report,osha-text-a248db726519,db522016c86dd15a5a3954d234cb7d4f4090da36c1c6785846d9a11fe53e3817,LSR02,LSR02,medium,train_addition,deterministic_diversity_and_keyword_retrieval_before_annotation_no_model_predictions
EXP-V0.4-0659,OSHA-SIR-2020098609,OSHA_SIR,2020098609,2020,Incident,"Fall on same level, n.e.c. ","CINCINNATI, OHIO","An employee was using a band to pull pallets of cans off a truck when the band snapped, causing the employee to fall backwards onto the floor. The employee suffered a fractured left arm and hand.",Hospitalized=1.00; Amputation=0.00; Loss of Eye=0.00,OSHA severe injury report,osha-text-809d3a681d86,37b1bce73759d366412fa6ef21f4de3e3b66481e5f39d66fafe94db82b0971e1,LSR03;HAZARD_TERM_POSSIBLE_NON_SIF,LSR03,medium,train_addition,deterministic_diversity_and_keyword_retrieval_before_annotation_no_model_predictions
EXP-V0.4-0660,OSHA-SIR-2021087341,OSHA_SIR,2021087341,2021,Incident,Slip on substance without fall,"WICHITA, KANSAS","An employee was loading a die onto a press. While maneuvering it to see if it was loaded correctly, the employee slipped on some oil on the floor and braced herself by holding onto the die. The die fell off the press and onto her right foot, breaking it.",Hospitalized=1.00; Amputation=0.00; Loss of Eye=0.00,OSHA severe injury report,osha-text-089386fafe01,6c868204e5a130b7892c9019a28109541a08c1865ed8d66b323f94e42edd5a6a,GENERAL,GENERAL,medium,train_addition,deterministic_diversity_and_keyword_retrieval_before_annotation_no_model_predictions
EXP-V0.4-0661,OSHA-SIR-2025076744,OSHA_SIR,2025076744,2025,Incident," Fall, contact incident onboard water vehicle","PALMETTO, FLORIDA",The employee shut off a steam valve and was descending a ladder to enter a berth pit and open the cargo line valve. He slipped during the descent causing his right foot to be submerged in the hot water inside the dock pit. Hot water entered his right boot resulting in burns to his right foot/ankle.,Hospitalized=1.00; Amputation=0.00; Loss of Eye=0.00,OSHA severe injury report,osha-text-bb7a6f65409c,48814bd5fa1ee3e3f998581f7b4d4e99bf52c31d757db289cf9443f5b1e6717a,LSR02;LSR09;HAZARD_TERM_POSSIBLE_NON_SIF,LSR02,medium,train_addition,deterministic_diversity_and_keyword_retrieval_before_annotation_no_model_predictions
EXP-V0.4-0662,OSHA-SIR-2016043463,OSHA_SIR,2016043463,2016,Incident,"Injured by handheld object or equipment, unspecified","BELMAR, NEW JERSEY","An employee was helping to lower metal sheets into place for ground stability when the wind caught one of the sheets, causing it to strike the employee's leg. The employee suffered a broken tibia and fibula.",Hospitalized=1.00; Amputation=0.00; Loss of Eye=0.00,OSHA severe injury report,osha-text-a5a8677ccd5f,e8f7defc2cd4fb661f0ab883bcfb01dd9370ddf6b80d0c1602592b8079f02ca4,GENERAL,GENERAL,medium,train_addition,deterministic_diversity_and_keyword_retrieval_before_annotation_no_model_predictions
EXP-V0.4-0663,OSHA-SIR-2022075931,OSHA_SIR,2022075931,2022,Incident,Fall or jump curtailed by personal fall arrest system ,"BLOOMSDALE, MISSOURI","An employee was installing scaffolding on top of a steel water tower when they fell 14 feet 10 inches to the ground below. A self-retracting lifeline was used, but the employee's right foot contacted the ground, resulting in a fractured foot and ankle that required hospitalization and surgery.",Hospitalized=1.00; Amputation=0.00; Loss of Eye=0.00,OSHA severe injury report,osha-text-2b04ae4e7fd4,871f0cfd01425ad50617d1aa5a64352ad280dda566d717ca168a36aaf591f6a9,HIGH_RISK,HIGH_RISK,medium,train_addition,deterministic_diversity_and_keyword_retrieval_before_annotation_no_model_predictions
EXP-V0.4-0664,OSHA-SIR-2025021622,OSHA_SIR,2025021622,2025,Incident, Fall on same level due to slip or trip,"MOBILE, ALABAMA","On 2/18/2025, at around 11:15 AM, an employee was rigging up a G/T fan. He went to step over a hatch, tripped on the hatch handle, and fell, striking his side on a piece of scaffold bar that was at floor level. The employee sustained three broken ribs and a punctured lung.",Hospitalized=1.00; Amputation=0.00; Loss of Eye=0.00,OSHA severe injury report,osha-text-b05cb6b3f4ae,a6f129e0b3dcfc4e31fcc8e85b3d2ad3080fef256eb00e405334bb4ed9da8551,LSR07;LSR09,LSR07,medium,train_addition,deterministic_diversity_and_keyword_retrieval_before_annotation_no_model_predictions
EXP-V0.4-0665,OSHA-SIR-2023054620,OSHA_SIR,2023054620,2023,Incident,Struck by other falling powered vehicle,"HEBRON, OHIO","An employee was unloading a forklift from a truck. The forklift's mast tilted and the forklift fell approximately 18"" to the ground. The employee struck his head on the forklift's overhead crossbar and sidebar, causing head lacerations and a displaced fractures of the C6 and C7 vertebrae.",Hospitalized=1.00; Amputation=0.00; Loss of Eye=0.00,OSHA severe injury report,osha-text-8a454bfc0e2b,52931881da48839d20f06043b09ef0c18cb0d8a120158f0a6ee81b3eecf39c29,LSR03;LSR07,LSR03,medium,train_addition,deterministic_diversity_and_keyword_retrieval_before_annotation_no_model_predictions
EXP-V0.4-0666,OSHA-SIR-2025043485,OSHA_SIR,2025043485,2025,Incident, Injured by object handled by person  unspecified,"MORRISTOWN, NEW JERSEY","An employee was moving furniture with a wheel caster when his right little finger was crushed between the caster and the furniture's base, resulting in a fracture and a fingertip amputation.",Hospitalized=0.00; Amputation=1.00; Loss of Eye=0.00,OSHA severe injury report,osha-text-5c868b07d6f9,4a33bf5501a4cab1b377f7e89d37f8b9d6171925a666e676c99b81682f2ffc75,LSR06;HIGH_RISK,LSR06,medium,train_addition,deterministic_diversity_and_keyword_retrieval_before_annotation_no_model_predictions
EXP-V0.4-0667,OSHA-SIR-20251111601,OSHA_SIR,20251111601,2025,Incident, Fall on same level due to slip or trip,"DECATUR, GEORGIA","An employee's right little finger became caught in a door frame. As she continued to the office to report her initial hand injury, her foot became stuck while ascending a floor incline, causing her to fall. The employee was hospitalized with a hand injury and fractures to her kneecap.",Hospitalized=1.00; Amputation=0.00; Loss of Eye=0.00,OSHA severe injury report,osha-text-ace853759ccd,499f96b365de72179ec1f971910635306985bb94d85641811d1f2bb371a48969,HAZARD_TERM_POSSIBLE_NON_SIF,HAZARD_TERM_POSSIBLE_NON_SIF,medium,train_addition,deterministic_diversity_and_keyword_retrieval_before_annotation_no_model_predictions
EXP-V0.4-0668,OSHA-SIR-2020065802,OSHA_SIR,2020065802,2020,Incident,"Other animal bites, nonvenomous","BIRMINGHAM, ALABAMA","An employee was gathering stacked building materials at the perimeter of the job site. When the employee picked up a piece of lumber, a raccoon jumped out from underneath the pile and bit the employee's right hand. The bite pierced the employee's glove. The employee was hospitalized due to rabies.",Hospitalized=1.00; Amputation=0.00; Loss of Eye=0.00,OSHA severe injury report,osha-text-c0579527309f,f644a5ef1fad384409d03b4a79d825327ea97f52269d9202c34855f4d49050e1,GENERAL,GENERAL,medium,train_addition,deterministic_diversity_and_keyword_retrieval_before_annotation_no_model_predictions
EXP-V0.4-0669,OSHA-SIR-2017076582,OSHA_SIR,2017076582,2017,Incident,Other fall to lower level 6 to 10 feet,"BRYN MAWR, PENNSYLVANIA",An employee fell approximately 6 feet to the ground while disassembling a crane. He landed on and broke his back.,Hospitalized=1.00; Amputation=0.00; Loss of Eye=0.00,OSHA severe injury report,osha-text-180f4b8e5316,c557e8db67916e1894bc796733c50a2d488a8bb1830c8dce949e8ad60e320eea,LSR07,LSR07,short,train_addition,deterministic_diversity_and_keyword_retrieval_before_annotation_no_model_predictions
EXP-V0.4-0670,OSHA-SIR-2023021405,OSHA_SIR,2023021405,2023,Incident,"Jack-knifed or overturned, nonroadway","LUTZ, FLORIDA","An employee was operating a utility task vehicle when it began tipping over. The employee's left leg was crushed between the vehicle and the ground, resulting in a tibia and fibula fracture.",Hospitalized=1.00; Amputation=0.00; Loss of Eye=0.00,OSHA severe injury report,osha-text-4ff0a383c67f,a653620401d8a142c0692103fdfed30eb21c5a2e5c158159983e4eb8fcd64dfa,LSR03;LSR06;HIGH_RISK,LSR03,medium,train_addition,deterministic_diversity_and_keyword_retrieval_before_annotation_no_model_predictions
EXP-V0.4-0671,OSHA-SIR-2020087964,OSHA_SIR,2020087964,2020,Incident,"Struck by swinging or slipping object, other than handheld, unspecified  ","RENSSELAER, NEW YORK",An employee was moving wood in a roll-off box when a piece of wood slipped and lacerated the employee's right leg.,Hospitalized=1.00; Amputation=0.00; Loss of Eye=0.00,OSHA severe injury report,osha-text-2f6cfff9bb22,7a13bd9016fa91dd7a990e7532c1275cb798e145084be17408c055e8edffdbcf,GENERAL,GENERAL,short,train_addition,deterministic_diversity_and_keyword_retrieval_before_annotation_no_model_predictions
EXP-V0.4-0672,OSHA-SIR-2021108779,OSHA_SIR,2021108779,2021,Incident,"Nonroadway noncollision incident, n.e.c.","CUMMING, GEORGIA","An employee was moving pallets with an electric pallet jack. The pallet jack caught his right foot and ran it over, severing a tendon on the left side. He was hospitalized.",Hospitalized=1.00; Amputation=0.00; Loss of Eye=0.00,OSHA severe injury report,osha-text-1dd10d778c0d,6d5644cfef2412642b7e937cb6b8b609b7f6782461bb34e8a4aab04a0f770204,GENERAL,GENERAL,short,train_addition,deterministic_diversity_and_keyword_retrieval_before_annotation_no_model_predictions
EXP-V0.4-0673,OSHA-SIR-2019021767,OSHA_SIR,2019021767,2019,Incident,Injured by object breaking in hand ,"DARIEN, ILLINOIS","On February 16, 2019, an employee was placing a liquor bottle on a shelf. The bottle broke and lacerated his right palm. He was hospitalized.",Hospitalized=1.00; Amputation=0.00; Loss of Eye=0.00,OSHA severe injury report,osha-text-00dfc6e2f37e,aa11baf1f502f464710ffbe0714f3e646ff10b3905c161658af54cf59dc254de,GENERAL,GENERAL,short,train_addition,deterministic_diversity_and_keyword_retrieval_before_annotation_no_model_predictions
EXP-V0.4-0674,OSHA-SIR-2024042887,OSHA_SIR,2024042887,2024,Incident, Nonroadway noncollision  fall or jump from moving vehicle,"CINCINNATI, OHIO","An employee was using a stand-up forklift to load a semi-trailer. The truck pulled away from the dock as the employee was driving onto the trailer to load it, causing the employee and the forklift to fall to the ground below and fracture their right leg.",Hospitalized=1.00; Amputation=0.00; Loss of Eye=0.00,OSHA severe injury report,osha-text-cfa03f8be8e5,e8dc74923c48c435d825d0130367017891c04a8aef11680ca2731e586f49fed4,LSR03;LSR07,LSR03,medium,train_addition,deterministic_diversity_and_keyword_retrieval_before_annotation_no_model_predictions
EXP-V0.4-0675,OSHA-SIR-2020076452,OSHA_SIR,2020076452,2020,Incident,"Thrown, fell, or jumped from animal being ridden","ILIFF, COLORADO","An employee was riding a horse, rounding up sick cattle at a feedlot. The horse bucked. The employee fell to the ground and suffered a broken pelvis.",Hospitalized=1.00; Amputation=0.00; Loss of Eye=0.00,OSHA severe injury report,osha-text-459af591c152,956de7a7e8505527efe2ccbe2c10cef0727a0efa578dd44434b35a1be8fe95cc,GENERAL,GENERAL,short,train_addition,deterministic_diversity_and_keyword_retrieval_before_annotation_no_model_predictions
EXP-V0.4-0676,OSHA-SIR-20191111883,OSHA_SIR,20191111883,2019,Incident,"Nonroadway collision with other vehicle, unspecified","PERTH AMBOY, NEW JERSEY","An employee was operating a pallet jack. Another forklift struck him, its forks breaking his left ankle.",Hospitalized=1.00; Amputation=0.00; Loss of Eye=0.00,OSHA severe injury report,osha-text-9af95890a8f8,d206d180204a310451e4e144ebfbfa258fca8d9b35755aa07406f70dc1239e77,LSR03;HAZARD_TERM_POSSIBLE_NON_SIF,LSR03,short,train_addition,deterministic_diversity_and_keyword_retrieval_before_annotation_no_model_predictions
EXP-V0.4-0677,OSHA-SIR-2022076533,OSHA_SIR,2022076533,2022,Incident,"Intentional injury by other person, n.e.c.","EL PASO, TEXAS","During an attempted store robbery, the suspect sprayed pepper spray on a customer. An employee breathed the pepper spray fumes, developed breathing problems, and was hospitalized.",Hospitalized=1.00; Amputation=0.00; Loss of Eye=0.00,OSHA severe injury report,osha-text-6277abe79eca,c89501e0a4973dee0aa43968e027e62202e58e3f719118288d85a94e0094392b,GENERAL,GENERAL,short,train_addition,deterministic_diversity_and_keyword_retrieval_before_annotation_no_model_predictions
EXP-V0.4-0678,OSHA-SIR-2020109983,OSHA_SIR,2020109983,2020,Incident,"Struck by falling object or equipment, unspecified","RUSSELLVILLE, ALABAMA",An employee was using a scraper or a hand-grinder to clean weld splatter on a stanchion from a towable gate. A steel part fell and broke the employee's lower left leg.,Hospitalized=1.00; Amputation=0.00; Loss of Eye=0.00,OSHA severe injury report,osha-text-1be4a5bd10be,2d2076ecda3ef86fc9d039b30b2e6729f6df36adbdb086d07260ca899d7f46cf,LSR05;HAZARD_TERM_POSSIBLE_NON_SIF,LSR05,short,train_addition,deterministic_diversity_and_keyword_retrieval_before_annotation_no_model_predictions
EXP-V0.4-0679,OSHA-SIR-2016032065,OSHA_SIR,2016032065,2016,Incident,Fall from collapsing structure or equipment 16 to 20 feet,"PISGAH FOREST, NORTH CAROLINA","At approximately 09:00 a.m., an employee entered the attic area of the building to look for extra ceiling panels. He was making his way through the attic when he came across a surface that appeared to be concrete (this was actually the backside of the sheetrock that served as a ceiling to the area below). When he placed his foot on the surface, the sheetrock collapsed, and he fell from the 18-foot ceiling to the concrete below. He struck an automotive training aid tire with his left wrist as he fell on his back. He fractured his back, requiring surgery, and bruised his wrist.",Hospitalized=1.00; Amputation=0.00; Loss of Eye=0.00,OSHA severe injury report,osha-text-9fd827311fc4,e4e97b0a9c95402020dfbf5e4bf3515a222a113fd466ea55b11f9e216035301a,GENERAL,GENERAL,long,train_addition,deterministic_diversity_and_keyword_retrieval_before_annotation_no_model_predictions
EXP-V0.4-0680,OSHA-SIR-2017065391,OSHA_SIR,2017065391,2017,Incident,Fall through surface or existing opening less than 6 feet,"COMMERCE CITY, COLORADO","An employee was unloading a trailer. He did not lower the dock plate because there was a drum too close to the end of the trailer. While stepping from the dock to the trailer to move the drum, the employee fell between the trailer and dock. The drum then rolled onto his leg and crushed it between the dock and trailer. His leg broke and required surgery.",Hospitalized=1.00; Amputation=0.00; Loss of Eye=0.00,OSHA severe injury report,osha-text-77ff09014c51,2c40c60eb848b395d43420f60b6a427527ffd88144c1d6b307dde34a8d611745,LSR06;HIGH_RISK,LSR06,medium,train_addition,deterministic_diversity_and_keyword_retrieval_before_annotation_no_model_predictions
EXP-V0.4-0681,OSHA-SIR-2025032560,OSHA_SIR,2025032560,2025,Incident, Struck by running powered equipment  n.e.c.,"MIAMI, FLORIDA",An employee was using a circular saw while on a ladder. The blade of the saw contacted and amputated his right index finger.,Hospitalized=1.00; Amputation=1.00; Loss of Eye=0.00,OSHA severe injury report,osha-text-6b904e3c5f1b,73d9de0452dbc2ef5983e4aa797354a7fea09a31dcb8d7fb4fd529be7795091b,LSR09;HAZARD_TERM_POSSIBLE_NON_SIF,LSR09,short,train_addition,deterministic_diversity_and_keyword_retrieval_before_annotation_no_model_predictions
EXP-V0.4-0682,OSHA-SIR-2024087001,OSHA_SIR,2024087001,2024,Incident, Fall to lower level from collapsing structure or equipment  6 to 30 feet,"SAINT GABRIEL, LOUISIANA",An employee was walking on a roof when they fell 17 feet through an unguarded skylight to the ground below. The employee was hospitalized with a fractured elbow.,Hospitalized=1.00; Amputation=0.00; Loss of Eye=0.00,OSHA severe injury report,osha-text-934758e101ab,20d73b149e583e6e0d6d8bf5dd60dc62a5c31493b43c184990e951fefb47025a,LSR09;HIGH_RISK,LSR09,short,train_addition,deterministic_diversity_and_keyword_retrieval_before_annotation_no_model_predictions
EXP-V0.4-0683,OSHA-SIR-2021042833,OSHA_SIR,2021042833,2021,Incident,Other fall to lower level 6 to 10 feet,"HOUSTON, TEXAS","An employee was operating an overhead crane from a scissor lift. He was holding the object being lifted when the lifting hook caught his glove, causing the employee to fall 10 feet from the scissor lift and suffer fractures to his shoulder, hips, and knee.",Hospitalized=1.00; Amputation=0.00; Loss of Eye=0.00,OSHA severe injury report,osha-text-5be734b9bf25,40406a1a361e13b1519a4f0dee023f72d587a19e8475d4e2b3ce71e709fc5e1f,LSR07,LSR07,medium,train_addition,deterministic_diversity_and_keyword_retrieval_before_annotation_no_model_predictions
EXP-V0.4-0684,OSHA-SIR-2025099410,OSHA_SIR,2025099410,2025,Incident, Struck by running powered equipment  n.e.c.,"EASTON, PENNSYLVANIA",An employee was standing adjacent to a material handler and was communicating with the crane operator when the crane's outrigger(s) lowered and crushed his left foot. The employee was hospitalized due to swelling/inflammation.,Hospitalized=1.00; Amputation=0.00; Loss of Eye=0.00,OSHA severe injury report,osha-text-4438d464fb1e,77e4d78e9df45201dbd9d8e17a1a967c713cb3d08e1d11726edbf421fcb7e58e,LSR06;LSR07;HIGH_RISK,LSR06,medium,train_addition,deterministic_diversity_and_keyword_retrieval_before_annotation_no_model_predictions
EXP-V0.4-0685,OSHA-SIR-2016098744,OSHA_SIR,2016098744,2016,Incident,"Other animal bites, nonvenomous","WESTWEGO, LOUISIANA","An employee was attempting to disconnect electrical service at a residence when a dog attacked the employee. The employee suffered puncture wounds on the left forearm, a crushed right index fingertip (bone), and tissue and nail bed damage (pulled off bone but not completely torn).",Hospitalized=1.00; Amputation=1.00; Loss of Eye=0.00,OSHA severe injury report,osha-text-b6e35cc6bd7e,f8cc664bef9ed6d49a79fd3ea4d4cc843d50c2db99ea30957ed2e6983e8b7a15,LSR06;HIGH_RISK,LSR06,medium,train_addition,deterministic_diversity_and_keyword_retrieval_before_annotation_no_model_predictions
EXP-V0.4-0686,OSHA-SIR-2019032405,OSHA_SIR,2019032405,2019,Incident,"Struck by falling object or equipment, unspecified","BOURBONNAIS, ILLINOIS","An employee was torch-cutting steel coils when a piece of steel coil fell and struck the employee, breaking the employee's leg.",Hospitalized=1.00; Amputation=0.00; Loss of Eye=0.00,OSHA severe injury report,osha-text-39043b41d14a,88c99d616f4404689ab98188385f21c4298d3b953ee67a5615c8edc02c54bed5,LSR05,LSR05,short,train_addition,deterministic_diversity_and_keyword_retrieval_before_annotation_no_model_predictions
EXP-V0.4-0687,OSHA-SIR-2023065039,OSHA_SIR,2023065039,2023,Incident,"Struck by object or equipment, unspecified","FORT RECOVERY, OHIO","On June 7, 2023, an employee was welding a brace on the end of a 45-foot long bridge pylon/pile. The bucket of an excavator rotated and struck the bridge pylon/pile, causing the employee to be struck in the chest by the pylon/pile. The employee was hospitalized with five broken ribs and a punctured lung.",Hospitalized=1.00; Amputation=0.00; Loss of Eye=0.00,OSHA severe injury report,osha-text-7bc73d4dede3,72918bc53217a4b4b1d73e1130d7eae0db4ef33f3b169e043b0bed290827549d,LSR05,LSR05,medium,train_addition,deterministic_diversity_and_keyword_retrieval_before_annotation_no_model_predictions
EXP-V0.4-0688,OSHA-SIR-2015118924,OSHA_SIR,2015118924,2015,Incident,"Other exertions or bodily reactions, n.e.c.","HINGHAM, MASSACHUSETTS","An employee was delivering a carpet with a cart. The carpet fell off the cart, and the employee injured his shoulder when he tried to grab it.",Hospitalized=1.00; Amputation=0.00; Loss of Eye=0.00,OSHA severe injury report,osha-text-51c49d470a0a,604ed629702afdbbe872147a37ed08162e4d451e3bfc874b5aa965550296febd,GENERAL,GENERAL,short,train_addition,deterministic_diversity_and_keyword_retrieval_before_annotation_no_model_predictions
EXP-V0.4-0689,OSHA-SIR-2023043118,OSHA_SIR,2023043118,2023,Incident,"Fall or jump from and struck by same vehicle in normal operation, nonroadway","MIAMI, FLORIDA","An employee was using an electric pallet jack to unload product from a truck trailer at a dock. The employee fell off the pallet jack and their right foot was pinned against the dock plate and the pallet jack, resulting in a laceration to their right ankle.",Hospitalized=1.00; Amputation=0.00; Loss of Eye=0.00,OSHA severe injury report,osha-text-89a16a11328d,b493658bcd24da1bd7a2b87e940356bc6cec2ac448cb494f12e72905ed8714d5,LSR03;LSR06;HAZARD_TERM_POSSIBLE_NON_SIF,LSR03,medium,train_addition,deterministic_diversity_and_keyword_retrieval_before_annotation_no_model_predictions
EXP-V0.4-0690,OSHA-SIR-2017087911,OSHA_SIR,2017087911,2017,Incident,"Intentional injury by other person, n.e.c.","MERRIMAC, WISCONSIN","On 8/17/2017, an employee sustained second degree burns to her right cheek, right chest, right shoulder, and entire back when a client threw a pot of hot coffee on her. She was hospitalized.",Hospitalized=1.00; Amputation=0.00; Loss of Eye=0.00,OSHA severe injury report,osha-text-a5bf4ec70284,d73a29dd86a49e189bccff2d5f53288ad45a69f685ab84072eff355cdbfde715,GENERAL,GENERAL,medium,train_addition,deterministic_diversity_and_keyword_retrieval_before_annotation_no_model_predictions
EXP-V0.4-0691,OSHA-SIR-2022021625,OSHA_SIR,2022021625,2022,Incident,"Struck by rolling object or equipment-other than powered vehicle, unspecified","MANSFIELD, OHIO","Two carts collided in a walk-in freezer, causing an employee's right middle fingertip to be amputated.",Hospitalized=1.00; Amputation=1.00; Loss of Eye=0.00,OSHA severe injury report,osha-text-70571506f714,b2fe1fa4959622709120089a87c9dc94b495cb1f321206a653bf309ccda6ed75,GENERAL,GENERAL,short,train_addition,deterministic_diversity_and_keyword_retrieval_before_annotation_no_model_predictions
EXP-V0.4-0692,OSHA-SIR-2022032257,OSHA_SIR,2022032257,2022,Incident,"Struck, caught, or crushed in collapsing structure, equipment, or material, n.e.c.","MULBERRY, FLORIDA","An employee was walking by a masonry block wall at the side of a garage. A gust of wind caused part of the wall to collapse onto three employees, one of whom suffered a broken right ankle and a head injury that required staples. That employee was hospitalized.",Hospitalized=1.00; Amputation=0.00; Loss of Eye=0.00,OSHA severe injury report,osha-text-d85309c4394a,63957f306d4ac06a9e1d11c05921e26be573dcf38d21fc03e642eb49274f6b97,GENERAL,GENERAL,medium,train_addition,deterministic_diversity_and_keyword_retrieval_before_annotation_no_model_predictions
EXP-V0.4-0693,OSHA-SIR-2023010317,OSHA_SIR,2023010317,2023,Incident,Fall on water vehicle,"NORFOLK, VIRGINIA","An employee was pumping a tank on a ship when they stepped backward through a manhole and fell 10-15 feet. The employee sustained a back hematoma, left ankle and hip fracture, and stitches on the left foot.",Hospitalized=1.00; Amputation=0.00; Loss of Eye=0.00,OSHA severe injury report,osha-text-6b5424ad58ac,044d93ff14848bef74a3dc3a7302c28309a485aa543d81b958cb7bb6cba7972e,LSR02;HIGH_RISK;HAZARD_TERM_POSSIBLE_NON_SIF,LSR02,medium,train_addition,deterministic_diversity_and_keyword_retrieval_before_annotation_no_model_predictions
EXP-V0.4-0694,OSHA-SIR-2024099008,OSHA_SIR,2024099008,2024,Incident," Collision with stationary object, nonroadway","HOUSTON, TEXAS","On September 26, 2024, at 10:32 AM CST, an employee was operating an electric sit-down forklift. While making a turn, the employee's right index finger was crushed between the forklift and a column in the warehouse.",Hospitalized=1.00; Amputation=0.00; Loss of Eye=0.00,OSHA severe injury report,osha-text-7dd5636328b1,495bca9bf81fd3706502de95b0c699d6ad9dcc4c8607db8df0f987c1bea5dab8,LSR03;LSR06;HIGH_RISK;HAZARD_TERM_POSSIBLE_NON_SIF,LSR03,medium,train_addition,deterministic_diversity_and_keyword_retrieval_before_annotation_no_model_predictions
EXP-V0.4-0695,OSHA-SIR-2023043522,OSHA_SIR,2023043522,2023,Incident,Struck by object or equipment dropped by injured worker,"ORLANDO, FLORIDA","On April 19, 2023, at 11:30 AM, an employee was preparing to transport equipment when a 30-pound, 18x18 metal pipe base slipped from the employee's hand and landed on their foot. The employee sustained a left big toe fracture that required hospitalization and surgery.",Hospitalized=1.00; Amputation=0.00; Loss of Eye=0.00,OSHA severe injury report,osha-text-de833fc4758a,5e0ceb4cf5fc3e575d9b9f036938f6e669e258827344509a68211e7a95f97ee9,HAZARD_TERM_POSSIBLE_NON_SIF,HAZARD_TERM_POSSIBLE_NON_SIF,medium,train_addition,deterministic_diversity_and_keyword_retrieval_before_annotation_no_model_predictions
EXP-V0.4-0696,OSHA-SIR-2021010537,OSHA_SIR,2021010537,2021,Incident,"Fall or jump from vehicle in normal operation, nonroadway","YORK, PENNSYLVANIA","An employee jumped from an out-of-control stand-up forklift. His left leg was pinned against racking, causing an open fracture to the left ankle.",Hospitalized=1.00; Amputation=0.00; Loss of Eye=0.00,OSHA severe injury report,osha-text-6c174e7a8ad1,e8f075f4f157f273a1d71254e7e97f4f47e6580f92d2258e09615ba1c29996dd,LSR03;LSR06;HAZARD_TERM_POSSIBLE_NON_SIF,LSR03,short,train_addition,deterministic_diversity_and_keyword_retrieval_before_annotation_no_model_predictions
EXP-V0.4-0697,OSHA-SIR-2015042340,OSHA_SIR,2015042340,2015,Incident,Other fall to lower level 26 to 30 feet,"SAINT JOSEPH, MISSOURI","An employee was installing a fan guard on a refrigeration unit and fell from a one man lift. The employee had a harness with a single lanyard on at the time of the incident. He reached up to put guards on top of the unit. As he was trying to reach a bolt at the 12 o'clock position, he stepped on the middle rail of the lift basket, disconnected the lanyard to tie off on a bracket for the refrigeration unit, flipped, and fell 25-28 feet.",Hospitalized=1.00; Amputation=0.00; Loss of Eye=0.00,OSHA severe injury report,osha-text-b5ba57ae1e95,dcc329579c631846a3ee6db7008bc000a0405c6eff1967aceebc38b13a69546d,LSR09;HIGH_RISK,LSR09,long,train_addition,deterministic_diversity_and_keyword_retrieval_before_annotation_no_model_predictions
EXP-V0.4-0698,OSHA-SIR-20251010313,OSHA_SIR,20251010313,2025,Incident," Struck by running powered equipment  during maintenance, cleaning, testing","MUNDELEIN, ILLINOIS","A temporary employee was working to unclog butter from a butter melter pump. His right index finger was caught in the machine, and the fingertip was amputated. The machine was energized at the time.",Hospitalized=0.00; Amputation=1.00; Loss of Eye=0.00,OSHA severe injury report,osha-text-b61ade647c82,77a5dcfa4074033e49f80aabdc379232d274885cb9aa95ae76df6c8efad37bab,LSR04;HAZARD_TERM_POSSIBLE_NON_SIF,LSR04,medium,train_addition,deterministic_diversity_and_keyword_retrieval_before_annotation_no_model_predictions
EXP-V0.4-0699,OSHA-SIR-2020099176,OSHA_SIR,2020099176,2020,Incident,"Fall or jump from and struck by same vehicle in normal operation, nonroadway","DALLAS, TEXAS","An employee was operating a stand-up forklift. The forklift was about to hit a pallet and she jumped off; the forklift then rolled over her left foot, resulting in broken toes and a cut.",Hospitalized=1.00; Amputation=0.00; Loss of Eye=0.00,OSHA severe injury report,osha-text-7d43feba5c13,0e53d498cbe677f99be42dd31be796705184094d40e9ac9867342b706eab5d04,LSR03;LSR07;HAZARD_TERM_POSSIBLE_NON_SIF,LSR03,medium,train_addition,deterministic_diversity_and_keyword_retrieval_before_annotation_no_model_predictions
EXP-V0.4-0700,OSHA-SIR-20241110440,OSHA_SIR,20241110440,2024,Incident, Fall to lower level from collapsing structure or equipment  6 to 30 feet,"GADSDEN, ALABAMA","On November 8, 2025, two employees were setting up walk boards and ladders in preparation for roofing work. One of the ladders snapped and both employees fell 27 feet to the ground, resulting in hospitalizations due to multiple injuries. One employee sustained a compression fracture to their lower back and bruised ribs, and the second employee sustained a broken nose, internal bleeding, and a shattered pelvis.",Hospitalized=2.00; Amputation=0.00; Loss of Eye=0.00,OSHA severe injury report,osha-text-bef5242a2dd4,151186c0b2857b68761a10fb9e2f0f09d64112e86a160dc3d4c95abc810fb9b4,HIGH_RISK,HIGH_RISK,long,train_addition,deterministic_diversity_and_keyword_retrieval_before_annotation_no_model_predictions
EXP-V0.4-0701,OSHA-SIR-2022032381,OSHA_SIR,2022032381,2022,Incident,"Fall on same level due to tripping, n.e.c.","EL DORADO, ARKANSAS","An employee was carrying a lunch box to a break room. She tripped on a spot of dried glue on the floor and fell, injuring her right hip and lower back. She was hospitalized.",Hospitalized=1.00; Amputation=0.00; Loss of Eye=0.00,OSHA severe injury report,osha-text-138bd18d4b35,09c6699e75ce9ce54fa492de06ee2bc27d3b00094743e625dc0e890b10f4cf6a,GENERAL,GENERAL,short,train_addition,deterministic_diversity_and_keyword_retrieval_before_annotation_no_model_predictions
EXP-V0.4-0702,OSHA-SIR-20191213235,OSHA_SIR,20191213235,2019,Incident,"Struck, caught, or crushed in other collapsing structure or equipment","MOLINE, ILLINOIS","An employee was demolishing an interior masonry wall in a school locker room. The ceiling collapsed, trapping the employee, who suffered broken ribs. The employee was hospitalized.",Hospitalized=1.00; Amputation=0.00; Loss of Eye=0.00,OSHA severe injury report,osha-text-a76d7d1b6052,8281429050b9d10a66787f15b93fadc4f0cb64a2f5bbe9aeb883966fda11fd8a,GENERAL,GENERAL,short,train_addition,deterministic_diversity_and_keyword_retrieval_before_annotation_no_model_predictions
EXP-V0.4-0703,OSHA-SIR-20171110785,OSHA_SIR,20171110785,2017,Incident,"Pedestrian vehicular incident, unspecified","CASTLE SHANNON, PENNSYLVANIA",An employee was walking behind a milling machine when it unexpectedly moved backwards and struck the employee. The employee suffered fractures to the right foot and ankle.,Hospitalized=1.00; Amputation=0.00; Loss of Eye=0.00,OSHA severe injury report,osha-text-13b86aa59247,308a0966a0290f2c5c498badd54640076a8dfd24f59a23e908f61da87ed5c039,HAZARD_TERM_POSSIBLE_NON_SIF,HAZARD_TERM_POSSIBLE_NON_SIF,short,train_addition,deterministic_diversity_and_keyword_retrieval_before_annotation_no_model_predictions
EXP-V0.4-0704,OSHA-SIR-20161212040,OSHA_SIR,20161212040,2016,Incident,"Fall on same level, n.e.c. ","MEXICO, MISSOURI","The employee was making parts at the Accupress machine and stacking them on a skid that was on a cart. The employee went to adjust the materials when the skid and parts fell on him, causing him to fall backwards with the material landing on his stomach and legs and his head striking machinery behind him. The employee was hospitalized for a fractured left kneecap and leg, a fractured right ankle and multiple lacerations to his legs, stomach and head.",Hospitalized=1.00; Amputation=0.00; Loss of Eye=0.00,OSHA severe injury report,osha-text-71ef5525c7de,0fe0f7f017527c8bed4ffe8d038b323bcb1e02c9243da1270767f5b6a22edbe3,HAZARD_TERM_POSSIBLE_NON_SIF,HAZARD_TERM_POSSIBLE_NON_SIF,long,train_addition,deterministic_diversity_and_keyword_retrieval_before_annotation_no_model_predictions
EXP-V0.4-0705,OSHA-SIR-2016054183,OSHA_SIR,2016054183,2016,Incident,Pedestrian struck by vehicle backing up in work zone ,"KINGSTON, NEW YORK","An employee was flagging traffic at a road construction when an excavator backed over and crushed his lower left leg. He suffered severe lower leg fractures, requiring hospitalization and surgery.",Hospitalized=1.00; Amputation=0.00; Loss of Eye=0.00,OSHA severe injury report,osha-text-6d670578ea46,2375036a85cab2e17e8325115ff44a8d1d1b9b4df608a3d1aa02dea1c6ea4dea,LSR06;HIGH_RISK,LSR06,medium,train_addition,deterministic_diversity_and_keyword_retrieval_before_annotation_no_model_predictions
EXP-V0.4-0706,OSHA-SIR-20221110279,OSHA_SIR,20221110279,2022,Incident,Pedestrian struck by forward-moving vehicle in nonroadway area,"NAVARRE, OHIO",Two employees were standing beside a parked forklift when another forklift approached. It struck the parked forklift and the injured employee's hand became caught between the two forklifts. The employee sustained finger fractures and lacerations and was hospitalized.,Hospitalized=1.00; Amputation=0.00; Loss of Eye=0.00,OSHA severe injury report,osha-text-bb4025b76d4e,bff23d6acce8336c00c66b8bb21ca9f62deee5940ef0afc571975357fa03fb06,LSR03;LSR06;LSR07;HAZARD_TERM_POSSIBLE_NON_SIF,LSR03,medium,train_addition,deterministic_diversity_and_keyword_retrieval_before_annotation_no_model_predictions
EXP-V0.4-0707,OSHA-SIR-2022042955,OSHA_SIR,2022042955,2022,Incident,"Injury by other person-unintentional or intent unknown, n.e.c.","ATLANTA, GEORGIA","While helping with an unruly patient, an employee was pushed into another employee and both fell to the floor. The second employee suffered a broken right leg.",Hospitalized=1.00; Amputation=0.00; Loss of Eye=0.00,OSHA severe injury report,osha-text-46eab398b99c,182072b1bfc08c2af4ac379caca54a5e6f9a4447ea0546231a04668b9c8eefa3,GENERAL,GENERAL,short,train_addition,deterministic_diversity_and_keyword_retrieval_before_annotation_no_model_predictions
EXP-V0.4-0708,OSHA-SIR-2015063406,OSHA_SIR,2015063406,2015,Incident,"Bites and stings, unspecified","EAGLE LAKE, FLORIDA","An employee was invited into the house by a customer to discuss Brighthouse products and services. The employee was stung on the back of the neck, requiring hospitalization.",Hospitalized=1.00; Amputation=0.00; Loss of Eye=0.00,OSHA severe injury report,osha-text-f311cca0af45,b19af58ec3002123d64a67672e32d12a44197700a7481fbb06eebfa804ede5d7,GENERAL,GENERAL,short,train_addition,deterministic_diversity_and_keyword_retrieval_before_annotation_no_model_predictions
EXP-V0.4-0709,OSHA-SIR-2018010079,OSHA_SIR,2018010079,2018,Incident,Vehicle or machinery fire,"LANCASTER, OHIO","Employees were trying to thaw and open a frozen valve on a tanker. The tanker truck engine was running in the shop. One employee vented the tank and released volatile hydrocarbons, causing the engine to run away and catch fire. Other volatiles exploded, blowing the building apart and igniting the tanker engine. The injured employee had just started to run out of the building when the explosion happened. The force of the explosion caused the employee to be thrown approximately 20 feet from the building, landing on the frozen ground. The employee suffered burns to the face and hands, rib fractures, and a collapsed lung.",Hospitalized=1.00; Amputation=0.00; Loss of Eye=0.00,OSHA severe injury report,osha-text-d8eb09473555,d6a0088b731bd23c10c952c5f3dedaf85e5a5e7eccc0dc4f7e355b6e26dcbbb7,LSR02;LSR03;HIGH_RISK,LSR02,long,train_addition,deterministic_diversity_and_keyword_retrieval_before_annotation_no_model_predictions
EXP-V0.4-0710,OSHA-SIR-2020043935,OSHA_SIR,2020043935,2020,Incident,Excavation or trenching cave-in,"FRISCO, TEXAS","An employee was installing a drainage pipe in a trench when the dirt trench walls collapsed on the employee, who suffered a broken pelvis and hip.",Hospitalized=1.00; Amputation=0.00; Loss of Eye=0.00,OSHA severe injury report,osha-text-ca16b8e18313,465b6e8a58ad8e99f15616880f20fbca6a75109a70887ffc42865c011ec2f071,GENERAL,GENERAL,short,train_addition,deterministic_diversity_and_keyword_retrieval_before_annotation_no_model_predictions
EXP-V0.4-0711,OSHA-SIR-2020042985,OSHA_SIR,2020042985,2020,Incident,"Collision between a moving and standing vehicle, nonroadway","WILLOUGHBY, OHIO",An employee was operating a manual furnace loader to unload a heat treating furnace when his right foot was caught and crushed between the manual furnace loader and a parked loader.,Hospitalized=1.00; Amputation=0.00; Loss of Eye=0.00,OSHA severe injury report,osha-text-db37ca890dfa,18f761fe7488b022d4c6864a257e865f6db976747b62f4f256039188bd7039f0,LSR06;HIGH_RISK,LSR06,medium,train_addition,deterministic_diversity_and_keyword_retrieval_before_annotation_no_model_predictions
EXP-V0.4-0712,OSHA-SIR-2019077723,OSHA_SIR,2019077723,2019,Incident,Struck by rolling object or equipment being pushed by injured worker,"CONNEAUT, OHIO","An employee was attempting to move a torch cart when the cart fell, striking the employee on the leg and pinning the employee on the concrete floor. The employee suffered a broken hip.",Hospitalized=1.00; Amputation=0.00; Loss of Eye=0.00,OSHA severe injury report,osha-text-ff0b75cc8300,15acf105c3a122a6706ed2811e23f5e55b94ed1bcab502192b037f7308e4b5d8,LSR05,LSR05,medium,train_addition,deterministic_diversity_and_keyword_retrieval_before_annotation_no_model_predictions
EXP-V0.4-0713,OSHA-SIR-2016065703,OSHA_SIR,2016065703,2016,Incident,Kicked by animal,"RIGGINS, IDAHO","While loading horses into the stock trailer, an employee was kicked by a horse. She suffered a broken left arm between the elbow and the wrist, as well as a broken rib on the left side.",Hospitalized=1.00; Amputation=0.00; Loss of Eye=0.00,OSHA severe injury report,osha-text-e387cfedb4a2,ba8f5bf4794ab691b9c617963a7123249210814e0e34f6f0a91b6760bcea8f01,GENERAL,GENERAL,medium,train_addition,deterministic_diversity_and_keyword_retrieval_before_annotation_no_model_predictions
EXP-V0.4-0714,OSHA-SIR-20251111499,OSHA_SIR,20251111499,2025,Incident, Struck by running powered equipment  unspecified,"CHICAGO, ILLINOIS","An employee's right forearm was injured by a grinder, requiring surgery.",Hospitalized=1.00; Amputation=0.00; Loss of Eye=0.00,OSHA severe injury report,osha-text-846c8ebbcd14,2968a5e5f0638aeab746cab255262a015316cd684fab096c1a6a3401dc9f8e52,LSR05,LSR05,short,train_addition,deterministic_diversity_and_keyword_retrieval_before_annotation_no_model_predictions
EXP-V0.4-0715,OSHA-SIR-2018088488,OSHA_SIR,2018088488,2018,Incident,"Animal transportation incident, n.e.c.","SCHWERTNER, TEXAS","An employee was riding a horse to check the health condition of cattle in a pasture. The employee went to rope a calf when the horse slipped and fell. The employee's leg was caught in the stirrup as the horse was regaining its footing. The employee's leg twisted, fracturing the tibia and fibula and requiring surgery.",Hospitalized=1.00; Amputation=0.00; Loss of Eye=0.00,OSHA severe injury report,osha-text-ed67140f0a00,3a23401a002f09048f800e19716ee6f2c64c1b608c754fdc041b285246c1403e,GENERAL,GENERAL,medium,train_addition,deterministic_diversity_and_keyword_retrieval_before_annotation_no_model_predictions
EXP-V0.4-0716,OSHA-SIR-2017010745,OSHA_SIR,2017010745,2017,Incident,Struck by falling part of powered vehicle still attached,"MIAMI, FLORIDA","On 1/24/2017, an employee was dismounting an excavator when his safety vest got caught on one of the levers. The lever engaged and caused the bucket to drop on a second employee who was standing close to the excavator and crushed both of his ankles.",Hospitalized=1.00; Amputation=0.00; Loss of Eye=0.00,OSHA severe injury report,osha-text-94cb11e1b899,c1fdc10b97af122523045826a3e9d5120825dbf495da00237e6264c7ed91150a,LSR06;HIGH_RISK,LSR06,medium,train_addition,deterministic_diversity_and_keyword_retrieval_before_annotation_no_model_predictions
EXP-V0.4-0717,OSHA-SIR-2022032026,OSHA_SIR,2022032026,2022,Incident,"Slip without fall, n.e.c. ","HARTFORD, CONNECTICUT","An employee was walking down a flight of stairs when he slipped and twisted his right knee. He was hospitalized, requiring surgery on the knee.",Hospitalized=1.00; Amputation=0.00; Loss of Eye=0.00,OSHA severe injury report,osha-text-2c5abaf9a72a,9c5e3c2af7ca3ee894351fdb40c3a4df1042ca3eee90d97a34c0c9e3bb60d676,GENERAL,GENERAL,short,train_addition,deterministic_diversity_and_keyword_retrieval_before_annotation_no_model_predictions
EXP-V0.4-0718,OSHA-SIR-2020043395,OSHA_SIR,2020043395,2020,Incident,"Pedestrian struck by vehicle in work zone, unspecified","CARVER, MASSACHUSETTS","An Eversource employee was recovering downed power lines in a street. A vehicle entered the work zone and struck the employee, running over and breaking the employee's ankle as well as striking the employee with its side view mirror.",Hospitalized=1.00; Amputation=0.00; Loss of Eye=0.00,OSHA severe injury report,osha-text-7c59b895ffe8,18d600b543740bf7b524417abb84a028f0dcdcc87e90ce1198fa05fb39259540,LSR03;HAZARD_TERM_POSSIBLE_NON_SIF,LSR03,medium,train_addition,deterministic_diversity_and_keyword_retrieval_before_annotation_no_model_predictions
EXP-V0.4-0719,OSHA-SIR-2016054074,OSHA_SIR,2016054074,2016,Incident,"Fall or jump from and struck by same vehicle in normal operation, nonroadway","DANVILLE, ILLINOIS","An employee was operating a pallet jack to deliver a stack of empty pallets. While making a right turn, he lost control of the pallet jack. As he quickly exited the vehicle, his lower left leg/ankle was caught between the pallet jack and a support post. He was hospitalized with a broken left ankle.",Hospitalized=1.00; Amputation=0.00; Loss of Eye=0.00,OSHA severe injury report,osha-text-0b4f0b068ad1,e9ebe938d4add3d4664e54c6185295dfb2ff3db8422f44edff75ab95e6ab25cd,LSR03;LSR06;HAZARD_TERM_POSSIBLE_NON_SIF,LSR03,medium,train_addition,deterministic_diversity_and_keyword_retrieval_before_annotation_no_model_predictions
EXP-V0.4-0720,OSHA-SIR-2020098661,OSHA_SIR,2020098661,2020,Incident,"Struck against object or equipment, unspecified","FRAMINGHAM, MASSACHUSETTS",An employee was cleaning a food processor when its blade amputated the tip of a finger on his right hand.,Hospitalized=0.00; Amputation=1.00; Loss of Eye=0.00,OSHA severe injury report,osha-text-9c4b903accd2,210514e2ecd53c04ef09531fba5313c4c6be4348800a1c7696a6f2e9439ba016,GENERAL,GENERAL,short,train_addition,deterministic_diversity_and_keyword_retrieval_before_annotation_no_model_predictions
EXP-V0.4-0721,OSHA-SIR-2025088429,OSHA_SIR,2025088429,2025,Incident, Dust explosion,"JEFFERSON, TEXAS","Two employees were investigating smoke originating from a screw at the base of a dry fuel silo. While they were in the ground-level hopper area, a dust explosion occurred. Both employees were burned. One suffered burns to both arms, the face, and the left side of the torso; the other was burned on the face and chest, as well as suffering circumferential burns to the arms.",Hospitalized=2.00; Amputation=0.00; Loss of Eye=0.00,OSHA severe injury report,osha-text-64e55aaeb01e,89e13fe4d1adc2c3464cbcc37cec6ff43ebc0214d58a677254fe8264f1a6f7a2,LSR02;HIGH_RISK,LSR02,long,train_addition,deterministic_diversity_and_keyword_retrieval_before_annotation_no_model_predictions
EXP-V0.4-0722,OSHA-SIR-2023054415,OSHA_SIR,2023054415,2023,Incident,Excavation or trenching cave-in,"PRINCETON, TEXAS","Employees were checking a trench box for removal when the wall caved in, burying the employees. One employee was hospitalized for 8 rib fractures and a shoulder fracture. The other employee was also hospitalized.",Hospitalized=2.00; Amputation=0.00; Loss of Eye=0.00,OSHA severe injury report,osha-text-8bb7e395b084,e63f4305a5b2dd9cbe1bdb01fe1a352c28c6a13fc6f60b79896af911c9fbc9c9,GENERAL,GENERAL,medium,train_addition,deterministic_diversity_and_keyword_retrieval_before_annotation_no_model_predictions
EXP-V0.4-0723,OSHA-SIR-2019066505,OSHA_SIR,2019066505,2019,Incident,"Explosion, unspecified","ANDREWS, TEXAS",An employee was pumping chemicals in a hot oiler pump truck. A chemical reaction caused an explosion that propelled the employee into the back of another vehicle. The employee suffered facial contusions.,Hospitalized=1.00; Amputation=0.00; Loss of Eye=0.00,OSHA severe injury report,osha-text-fad4cbd81317,5e69e7bd487566050b3ce3215807279e807febd8335ed7671a3640c5755bc40d,LSR03;HIGH_RISK,LSR03,medium,train_addition,deterministic_diversity_and_keyword_retrieval_before_annotation_no_model_predictions
EXP-V0.4-0724,OSHA-SIR-2024021802,OSHA_SIR,2024021802,2024,Incident, Caught or wedged between objects  nonrunning,"VANDALIA, OHIO",An employee was operating a forklift to pull a broken forklift out of the trailer when the broken forklift got caught on a dock plate. The employee exited the forklift used to tow the broken forklift to check on the stuck forklift and the mast of the broken forklift rose up catching the employee between the two forklifts. The employee sustained a fractured pelvis.,Hospitalized=1.00; Amputation=0.00; Loss of Eye=0.00,OSHA severe injury report,osha-text-980fbae5f201,8b543b15dba1131ac33729e16690939490f719dab9927350fc06db69d9cc4c8a,LSR03;LSR07,LSR03,long,train_addition,deterministic_diversity_and_keyword_retrieval_before_annotation_no_model_predictions
EXP-V0.4-0725,OSHA-SIR-2021021766,OSHA_SIR,2021021766,2021,Incident,Fall while sitting,"ORLANDO, FLORIDA","On February 26, 2021, a co-worker was handing over a costume for repair as an employee was sitting down. The employee missed the chair and struck her elbow on the ground, resulting in a fractured arm that required hospitalization.",Hospitalized=1.00; Amputation=0.00; Loss of Eye=0.00,OSHA severe injury report,osha-text-5429e568318d,227ac21169ba32a163ebe3fb571e307b0ce24b3899e2c58944318360b1045f51,GENERAL,GENERAL,medium,train_addition,deterministic_diversity_and_keyword_retrieval_before_annotation_no_model_predictions
EXP-V0.4-0726,OSHA-SIR-2025099211,OSHA_SIR,2025099211,2025,Incident," Collision with stationary object, nonroadway","GLOVERSVILLE, NEW YORK",An employee was turning a corner while operating a forklift when the forklift struck a beam. The employee suffered a fractured hip.,Hospitalized=1.00; Amputation=0.00; Loss of Eye=0.00,OSHA severe injury report,osha-text-579d9067a7e0,6956acdadd19c4ff7255545ab3b236d4a4e62614a4ff6b13669de629568ade69,LSR03;LSR07,LSR03,short,train_addition,deterministic_diversity_and_keyword_retrieval_before_annotation_no_model_predictions
EXP-V0.4-0727,OSHA-SIR-2022010078,OSHA_SIR,2022010078,2022,Incident,Struck by swinging part of powered vehicle,"ORLANDO, FLORIDA","An employee was in a trench box next to an excavator spreader removing and replacing a sewage pipe. His right hand was on top of the trench box spreader bar when his thumb was partially crushed by the excavator bucket, resulting in amputation of the thumb tip.",Hospitalized=1.00; Amputation=1.00; Loss of Eye=0.00,OSHA severe injury report,osha-text-1fb668d6bc87,47cc45055da14dacbd1650d3b369c25ea3fe8f03364f1d2fb666098863d559ac,LSR06;HIGH_RISK,LSR06,medium,train_addition,deterministic_diversity_and_keyword_retrieval_before_annotation_no_model_predictions
EXP-V0.4-0728,OSHA-SIR-2016087735,OSHA_SIR,2016087735,2016,Incident,Struck against stationary object or equipment while rising,"ELGIN, ILLINOIS","An employee was finishing concrete in a man lift under a bridge. When the man lift was raised, his arm struck the bridge beam and broke.",Hospitalized=1.00; Amputation=0.00; Loss of Eye=0.00,OSHA severe injury report,osha-text-654a9c84a862,5436140413925e30be2884369f5fa6a47569fc13ca80dc55f917c5101f24eeab,GENERAL,GENERAL,short,train_addition,deterministic_diversity_and_keyword_retrieval_before_annotation_no_model_predictions
EXP-V0.4-0729,OSHA-SIR-2024010607,OSHA_SIR,2024010607,2024,Incident," Collision with stationary object, nonroadway","BLOOMFIELD, CONNECTICUT","On January 19, 2024, an employee was operating a motorized pallet jack and was passing another employee on a pallet jack. The employee's pallet jack struck the pallet on the other vehicle. As the employee went to move to the left, the vehicle struck the bumper guard on the floor and the employee's left foot was crushed. Three of the employee's toes were amputated and two were fractured.",Hospitalized=1.00; Amputation=1.00; Loss of Eye=0.00,OSHA severe injury report,osha-text-f450e98d8194,33cb7a590ee488bafeab59df585cc63f257979f23a80c5081d0d5594b3b1ea39,LSR03;LSR06;HIGH_RISK,LSR03,long,train_addition,deterministic_diversity_and_keyword_retrieval_before_annotation_no_model_predictions
EXP-V0.4-0730,OSHA-SIR-2022010723,OSHA_SIR,2022010723,2022,Incident,"Nonroadway collision with object other than vehicle, unspecified","OCONOMOWOC, WISCONSIN",An employee was operating a stand-up forklift. The forklift collided with a rack and the employee was thrown off the lift. The employee suffered a broken foot.,Hospitalized=1.00; Amputation=0.00; Loss of Eye=0.00,OSHA severe injury report,osha-text-ecc90fe8f841,59ba077798ad1dae7219245b542aa3df73a81dec3e73a65e73c35b300b7e70c0,LSR03;LSR07,LSR03,short,train_addition,deterministic_diversity_and_keyword_retrieval_before_annotation_no_model_predictions
EXP-V0.4-0731,OSHA-SIR-2018077708,OSHA_SIR,2018077708,2018,Incident,"Fall from collapsing structure or equipment, unspecified","RAYNE, LOUISIANA","An employee was climbing down an extension ladder when it unlocked and slid down. The employee fell, breaking his ankle and leg.",Hospitalized=1.00; Amputation=0.00; Loss of Eye=0.00,OSHA severe injury report,osha-text-c3479deb3ce9,7a2dcdf4ded23255bd0c7f802a24e4d723b0b0df6d95fd9a4e22e476fb1c2321,LSR09;HAZARD_TERM_POSSIBLE_NON_SIF,LSR09,short,train_addition,deterministic_diversity_and_keyword_retrieval_before_annotation_no_model_predictions
EXP-V0.4-0732,OSHA-SIR-20181212804,OSHA_SIR,20181212804,2018,Incident,"Pedestrian vehicular incident, unspecified","LAKE BUENA VISTA, FLORIDA",An employee was walking toward the shuttle bus stop and was struck by a turning vehicle. The employee sustained a left knee injury and a fractured big toe.,Hospitalized=1.00; Amputation=0.00; Loss of Eye=0.00,OSHA severe injury report,osha-text-70cd82ebebe7,faef48aa752ce03c85ca6ad06f90cb725322ff69972fc5ccb8a83f8f9aaaa70e,LSR03;LSR06;HAZARD_TERM_POSSIBLE_NON_SIF,LSR03,short,train_addition,deterministic_diversity_and_keyword_retrieval_before_annotation_no_model_predictions
EXP-V0.4-0733,OSHA-SIR-2017043052,OSHA_SIR,2017043052,2017,Incident,"Overexertion involving outside sources, unspecified","ATLANTA, GEORGIA",An employee was taking bags off a pier and loading them onto a cart when the employee dislocated their right knee.,Hospitalized=1.00; Amputation=0.00; Loss of Eye=0.00,OSHA severe injury report,osha-text-d083fea6d3f8,dee3d8de9fc17dd4164a89741ceb5ae12d4d6659446ae710bb88104b794bd521,GENERAL,GENERAL,short,train_addition,deterministic_diversity_and_keyword_retrieval_before_annotation_no_model_predictions
EXP-V0.4-0734,OSHA-SIR-2025066215,OSHA_SIR,2025066215,2025,Incident, Pedestrian struck by vehicle in nonroadway area  unspecified,"PAIGE, TEXAS","An employee was walking by a forklift with a load when he slipped and fell. A forklift ran over his right foot behind the steel toe of his boot, resulting in a broken foot.",Hospitalized=1.00; Amputation=0.00; Loss of Eye=0.00,OSHA severe injury report,osha-text-8bb4e774bcb6,89029552ad7a5fb19119f0fda3541241856fb11f7a7680cf8d704a888cd84884,LSR03;LSR07;HAZARD_TERM_POSSIBLE_NON_SIF,LSR03,short,train_addition,deterministic_diversity_and_keyword_retrieval_before_annotation_no_model_predictions
EXP-V0.4-0735,OSHA-SIR-2025054195,OSHA_SIR,2025054195,2025,Incident, Other fall to lower level  6 to 30 feet,"WEST PADUCAH, KENTUCKY","An employee was outside assembling a 500-ton crane. The employee was connecting the rigging to the boom. He leaned forward to attach the lifting plate on the side of the boom and lost balance while bending over. He fell to the ground approximately 10 feet below, landing on his elbow. The employee was hospitalized with a fractured elbow that required surgery.",Hospitalized=1.00; Amputation=0.00; Loss of Eye=0.00,OSHA severe injury report,osha-text-e1894441b916,e9332a9aa1cfa6b0bfda8f13082afadc6d5f0e1b2b716d9794940e7c86427989,LSR07,LSR07,medium,train_addition,deterministic_diversity_and_keyword_retrieval_before_annotation_no_model_predictions
EXP-V0.4-0736,OSHA-SIR-2025032656,OSHA_SIR,2025032656,2025,Incident," Struck by running powered equipment  during maintenance, cleaning, testing","DEMOPOLIS, ALABAMA","On March 20, 2025, an employee was conducting preventative maintenance and visual inspection of the chains in the bark hog waste chain area. They became caught between the bark incline chain and the sprocket while clearing a stick, resulting in amputation of their right forearm at the elbow. The machine was energized at the time.",Hospitalized=0.00; Amputation=1.00; Loss of Eye=0.00,OSHA severe injury report,osha-text-34204901ad8d,a5bf3d82eb730d05ed693a7226837a3829773a3099969c64953aff0b7256b3df,LSR04;LSR06,LSR04,medium,train_addition,deterministic_diversity_and_keyword_retrieval_before_annotation_no_model_predictions
EXP-V0.4-0737,OSHA-SIR-2020054950,OSHA_SIR,2020054950,2020,Incident,"Direct exposure to electricity, greater than 220 volts","CROSS CITY, FLORIDA","An employee was checking a top seal machine to determine why the bags were not heat sealing properly when he contacted an energized 240 volt, 20 amp electrical wire and received electrical burns to his right hand.",Hospitalized=1.00; Amputation=0.00; Loss of Eye=0.00,OSHA severe injury report,osha-text-7caa8295db3d,ca0909a5b9366435e17984636a0ca37b8c3a6aac571c3e8b8c59e2116f5a15d6,LSR04;HAZARD_TERM_POSSIBLE_NON_SIF,LSR04,medium,train_addition,deterministic_diversity_and_keyword_retrieval_before_annotation_no_model_predictions
EXP-V0.4-0738,OSHA-SIR-2021054234,OSHA_SIR,2021054234,2021,Incident,"Pedestrian vehicular incident, n.e.c.","EAST MOLINE, ILLINOIS","On May 24, 2021, an employee had just moved some empty racks when a fork truck backed into one of the racks. The employee was crushed between the racks and suffered fractures to both legs.",Hospitalized=1.00; Amputation=0.00; Loss of Eye=0.00,OSHA severe injury report,osha-text-8be84d609ae2,e7171acc21f19ce62576497891a51bd3405e17681867d4c2ae38203b3b634816,LSR03;LSR06;HIGH_RISK,LSR03,medium,train_addition,deterministic_diversity_and_keyword_retrieval_before_annotation_no_model_predictions
EXP-V0.4-0739,OSHA-SIR-20201211286,OSHA_SIR,20201211286,2020,Incident,Injured by object breaking in hand ,"EL DORADO, ARKANSAS","An employee was using a shovel to excavate roots. The blade was positioned under a root and the employee was using the curve of the blade as a leverage point when the handle snapped. The fractured end of the shovel handle struck the employee's face, causing lacerations to the forehead and eye lid, and a 1mm puncture to the eye.",Hospitalized=1.00; Amputation=0.00; Loss of Eye=0.00,OSHA severe injury report,osha-text-f1bf7c91987b,1273d20610f98b62e1f53ba98266d523d5df45f4fb010a37dac53a8823b0c01d,GENERAL,GENERAL,medium,train_addition,deterministic_diversity_and_keyword_retrieval_before_annotation_no_model_predictions
EXP-V0.4-0740,OSHA-SIR-2016043148,OSHA_SIR,2016043148,2016,Incident,Fall from collapsing structure or equipment 6 to 10 feet,"WASKOM, TEXAS","An employee was using a cutting torch to disassemble a steel processing tank. The employee was working on the top of the tank, approximately 7 feet above a lower level. The employee walked over a section of the tank that had previously been cut but was still attached to the structure. The section gave way and the employee fell approximately 7 feet to the ground, fracturing the pelvis and left elbow. Fall protection was not worn at the time of the incident.",Hospitalized=1.00; Amputation=0.00; Loss of Eye=0.00,OSHA severe injury report,osha-text-7b9630f0ad92,a25bb0986912460e04b3cc0e0633fee379c284dce0cc6cbe2989d1dd4289d0bf,LSR02;LSR05;LSR09;HAZARD_TERM_POSSIBLE_NON_SIF,LSR02,long,train_addition,deterministic_diversity_and_keyword_retrieval_before_annotation_no_model_predictions
EXP-V0.4-0741,OSHA-SIR-2018099254,OSHA_SIR,2018099254,2018,Incident,Struck by swinging part of powered vehicle,"KANKAKEE, ILLINOIS","A forklift operator had walked away from a forklift when an employee noticed the forks were covered with gravel. The employee was removing the gravel by hand when the forklift operator returned and began operating the forklift, unaware that the employee was below. The forks then crushed the employee's right index finger, resulting in a medical amputation of the fingertip.",Hospitalized=0.00; Amputation=1.00; Loss of Eye=0.00,OSHA severe injury report,osha-text-9896ec448a4e,9b0b88c57504b8f3ac2413a44db102089359172f127d16eaa1530be3c28323c0,LSR03;LSR06;HIGH_RISK;HAZARD_TERM_POSSIBLE_NON_SIF,LSR03,long,train_addition,deterministic_diversity_and_keyword_retrieval_before_annotation_no_model_predictions
EXP-V0.4-0742,OSHA-SIR-20201211725,OSHA_SIR,20201211725,2020,Incident,"Moving in opposite directions, oncoming, nonroadway","LITTLE ROCK, ARKANSAS","An employee was traveling down a warehouse aisle on a motorized pallet jack. The pallet jack collided with another pallet jack traveling in the opposite direction. The employee jumped off just before the collision, and their foot made contact with the other pallet jack. The foot was broken in two places and the heel was crushed.",Hospitalized=1.00; Amputation=0.00; Loss of Eye=0.00,OSHA severe injury report,osha-text-ab1fbbec266f,83c7e5fa3e2992725ed9e3e926cec188c3fac1421c2e435e50df5a00739b7b14,LSR06;HIGH_RISK,LSR06,medium,train_addition,deterministic_diversity_and_keyword_retrieval_before_annotation_no_model_predictions
EXP-V0.4-0743,OSHA-SIR-2017109718,OSHA_SIR,2017109718,2017,Incident,"Other jump to lower level, unspecified","GLASSBORO, NEW JERSEY","An employee was using a crane to move loads of pipe from the shop floor onto the shelving system in the warehouse. He noticed that one of the pipes in the load was stuck on the lip of the warehouse shelf. He climbed a step ladder and attempted to unhinge the pipe using a crowbar. When he used the crowbar, the load began to shift on the shelf and he jumped from the ladder to avoid it, landing on his left leg on the concrete shop floor. He fractured his left knee and tibia and was hospitalized.",Hospitalized=1.00; Amputation=0.00; Loss of Eye=0.00,OSHA severe injury report,osha-text-26e8f8bbba6b,26dbb03cafa01b4d6716bf22f4c3a182aa4c18d18f031c7e6bf3cc00d5e0f6f8,LSR07;LSR09,LSR07,long,train_addition,deterministic_diversity_and_keyword_retrieval_before_annotation_no_model_predictions
EXP-V0.4-0744,OSHA-SIR-2023021409,OSHA_SIR,2023021409,2023,Incident,Struck by object or equipment dropped by injured worker,"SAN DIEGO, CALIFORNIA","An employee was walking to his vehicle when he noticed an ordnance device laying on top of an orange K-rail barricade in the parking lot. He went to move the device to the ground and it fell on his right foot, crushing and lacerating his foot and toe.",Hospitalized=1.00; Amputation=0.00; Loss of Eye=0.00,OSHA severe injury report,osha-text-71e606fbb3f4,7dee7076fcd2f829ec90892aaa1b6e3381f92bc41509ae6a63e918a0bd9451c5,LSR03;HAZARD_TERM_POSSIBLE_NON_SIF,LSR03,medium,train_addition,deterministic_diversity_and_keyword_retrieval_before_annotation_no_model_predictions
EXP-V0.4-0745,OSHA-SIR-2025043616,OSHA_SIR,2025043616,2025,Incident," Caught, entangled in running powered equipment  normal operation","BROOKLYN, NEW YORK","An employee was lifting a 2-yard container to dump it into a truck when the container shifted and crushed the employee's left hand against the side of the truck, resulting in an open fracture and dislocation that required hospitalization and the surgical amputation of the little finger.",Hospitalized=1.00; Amputation=1.00; Loss of Eye=0.00,OSHA severe injury report,osha-text-06913f2d4653,a30616834eed134554d26faedd18bf74480b8347ebb4d26f004b1bab4831cedb,LSR03;LSR06;HIGH_RISK,LSR03,medium,train_addition,deterministic_diversity_and_keyword_retrieval_before_annotation_no_model_predictions
EXP-V0.4-0746,OSHA-SIR-2016043276,OSHA_SIR,2016043276,2016,Incident,"Thrown, fell, or jumped from animal being ridden","MONTICELLO, FLORIDA","On April 19, 2016, an employee was rounding up cattle when a bull spooked the employee's horse. The horse threw the employee to the ground, breaking four of the employee's ribs.",Hospitalized=1.00; Amputation=0.00; Loss of Eye=0.00,OSHA severe injury report,osha-text-665d2b85015a,a9c34832002dfb03ee5ada471266247f971c9d055c9ac6d4259180a7cef1bd67,GENERAL,GENERAL,short,train_addition,deterministic_diversity_and_keyword_retrieval_before_annotation_no_model_predictions
EXP-V0.4-0747,OSHA-SIR-2021010617,OSHA_SIR,2021010617,2021,Incident,"Struck, caught, or crushed in other collapsing structure or equipment","MANCHESTER, MISSOURI","An employee was moving merchandise in the receiving area of the store. Another employee was moving a cart and it collapsed on the injured employee, resulting in fractures to thoracic and lumbar vertebrae.",Hospitalized=1.00; Amputation=0.00; Loss of Eye=0.00,OSHA severe injury report,osha-text-937d7b4039ac,751489992f340cb8495b35efbbadfe128a4d9e78b62563db9175f6d6c2411b97,GENERAL,GENERAL,medium,train_addition,deterministic_diversity_and_keyword_retrieval_before_annotation_no_model_predictions
EXP-V0.4-0748,OSHA-SIR-2017032074,OSHA_SIR,2017032074,2017,Incident,Fall through surface or existing opening more than 30 feet,"CHICAGO, ILLINOIS",An employee was riding a mill elevator when it got stuck between the third and fourth floor with the doors in the open position. The employee was found at the bottom of the elevator shaft with a skull fracture.,Hospitalized=1.00; Amputation=0.00; Loss of Eye=0.00,OSHA severe injury report,osha-text-409ed1afe061,9d2ace0d6f5b1ed4c5cb858c302d30dc0dd6bffb28fbbdfa0528857a3744c05f,GENERAL,GENERAL,medium,train_addition,deterministic_diversity_and_keyword_retrieval_before_annotation_no_model_predictions
EXP-V0.4-0749,OSHA-SIR-2016076913,OSHA_SIR,2016076913,2016,Incident,"Rail vehicle incident, n.e.c.","HUNTINGTON, WEST VIRGINIA","On July 28, 2016, at approximately 10:00 p.m., an employee was on a locomotive that struck a metal plate next to a rail, causing the plate to flip up and strike the employee on the leg. He suffered a fracture to the left ankle area.",Hospitalized=1.00; Amputation=0.00; Loss of Eye=0.00,OSHA severe injury report,osha-text-704343a4982a,2c9eed4ef0f910de24e5235925a246153ff757214041d330f1caf0a2dfa573de,GENERAL,GENERAL,medium,train_addition,deterministic_diversity_and_keyword_retrieval_before_annotation_no_model_predictions
EXP-V0.4-0750,OSHA-SIR-2020065312,OSHA_SIR,2020065312,2020,Incident,"Struck by rolling object or equipment-other than powered vehicle, unspecified","OMAHA, NEBRASKA","An employee was waiting to disconnect a box blade attachment from a tractor. The attachment rolled onto the employee's right foot, crushing the tip of the big toe.",Hospitalized=1.00; Amputation=0.00; Loss of Eye=0.00,OSHA severe injury report,osha-text-3ac0eb7a7272,a985c3f99188b0e18133c355ee83879e06944a9ecc7abacbd1b0674e25ce4446,GENERAL,GENERAL,short,train_addition,deterministic_diversity_and_keyword_retrieval_before_annotation_no_model_predictions
