expansion_id,candidate_id,source,source_record_id,source_year,report_type_if_known,activity_if_known,location_if_known,narrative,source_native_outcome,source_native_classification,duplicate_group,normalized_narrative_sha256,retrieval_strata,primary_stratum,length_band,partition,selection_basis
EXP-V0.4-0751,OSHA-SIR-2015118381,OSHA_SIR,2015118381,2015,Incident,Overexertion in lifting-multiple episodes,"FARIBAULT, MINNESOTA",On 11/5/15 a worker delivering foodservice items at a restaurant began to feel back pain while stacking boxes on a hand cart. On 11/6/15 a worker climbing out of a semi trailer missed a ladder rung on the side of the trailer and fell fracturing ribs and the collar bone. Note to user: This record contains two separate events that were reported simultaneously to OSHA by the employer. These events are captured as one report.,Hospitalized=2.00; Amputation=0.00; Loss of Eye=0.00,OSHA severe injury report,osha-text-e7780391017b,26ced84bf4ba52b135d3cb2a65cbb499f1491bd92ef1f825730551a2b3c7e261,LSR09;HAZARD_TERM_POSSIBLE_NON_SIF,LSR09,long,train_addition,deterministic_diversity_and_keyword_retrieval_before_annotation_no_model_predictions
EXP-V0.4-0752,OSHA-SIR-2018032889,OSHA_SIR,2018032889,2018,Incident,Strangulation by other person,"ROME, NEW YORK","An employee was choked by a resident, fracturing her trachea and requiring hospitalization.",Hospitalized=1.00; Amputation=0.00; Loss of Eye=0.00,OSHA severe injury report,osha-text-e3e1d00767aa,f764d8601eb745909d56547677af7ae513cec1986e19d10f7a9444b4748f0ba3,GENERAL,GENERAL,short,train_addition,deterministic_diversity_and_keyword_retrieval_before_annotation_no_model_predictions
EXP-V0.4-0753,OSHA-SIR-2022054451,OSHA_SIR,2022054451,2022,Incident,"Water vehicle incident, n.e.c.","TAMPA, FLORIDA","An employee was unloading general cargo from a ship. The employee's right middle and ring fingers were pinched in a cargo hook safety latch, causing amputation and degloving injuries.",Hospitalized=0.00; Amputation=1.00; Loss of Eye=0.00,OSHA severe injury report,osha-text-0ccd9a2da277,094d1537a9b47582163217b26f0fdcd9c7192f4e1dda4906a379ade9495888af,GENERAL,GENERAL,medium,train_addition,deterministic_diversity_and_keyword_retrieval_before_annotation_no_model_predictions
EXP-V0.4-0754,OSHA-SIR-20171211972,OSHA_SIR,20171211972,2017,Incident,"Struck by shifting load during transport, nonroadway","ERIE, PENNSYLVANIA","An employee was unloading items from a storage trailer using a pallet jack when some MDF that was on a skid slid onto the employee, breaking his right ankle and requiring surgery.",Hospitalized=1.00; Amputation=0.00; Loss of Eye=0.00,OSHA severe injury report,osha-text-f011804f077c,299c5548c719b81a3af49f77e3ca33fc923d5d208cac022ee0632bf71420fe70,GENERAL,GENERAL,short,train_addition,deterministic_diversity_and_keyword_retrieval_before_annotation_no_model_predictions
EXP-V0.4-0755,OSHA-SIR-2017054785,OSHA_SIR,2017054785,2017,Incident,Exposure to environmental heat,"TILDEN, TEXAS",An employee was welding outside when he experienced leg and arm cramps. He was hospitalized due to heat stress and dehydration.,Hospitalized=1.00; Amputation=0.00; Loss of Eye=0.00,OSHA severe injury report,osha-text-bc0f12aa41e1,c2b3c67019b0c90f414a445daa80907be8691833376e502f4784c45e4bc5e12d,LSR05,LSR05,short,train_addition,deterministic_diversity_and_keyword_retrieval_before_annotation_no_model_predictions
EXP-V0.4-0756,OSHA-SIR-2019099100,OSHA_SIR,2019099100,2019,Incident,Inhalation of harmful substance-single episode,"LIBERAL, KANSAS",Five employees were exposed to ammonia released while refrigeration pipes were being welded. One employee (working for National Beef) was hospitalized.,Hospitalized=1.00; Amputation=0.00; Loss of Eye=0.00,OSHA severe injury report,osha-text-f7b9e162b48e,aead663314093a6c09e804083a010c5d19835473376079bf0b672eb3bedf2f67,LSR05,LSR05,short,train_addition,deterministic_diversity_and_keyword_retrieval_before_annotation_no_model_predictions
EXP-V0.4-0757,OSHA-SIR-2015108054,OSHA_SIR,2015108054,2015,Incident,Caught in running equipment or machinery during regular operation,"YORK, PENNSYLVANIA",An employee was adjusting the chain drive on a energized conveyor. The employee's right hand was caught in the chain resulting in the amputation of the middle finger to the first joint.,Hospitalized=1.00; Amputation=1.00; Loss of Eye=0.00,OSHA severe injury report,osha-text-76ca94ef7b8f,bd2f5051fb6abb85bcc74cb28d5ff020640be37916b7e106ea147836114d1ff2,LSR04,LSR04,medium,train_addition,deterministic_diversity_and_keyword_retrieval_before_annotation_no_model_predictions
EXP-V0.4-0758,OSHA-SIR-20161110502,OSHA_SIR,20161110502,2016,Incident,"Collision between a moving and standing vehicle, nonroadway","LOWELL, MASSACHUSETTS","While operating a forklift, an employee struck a truck that was being repaired. The employee then attempted to reverse the forklift while a hand was on the outside of the roll bar, but went forward instead. The employee's right pinky finger was caught and amputated between the forklift's roll bar and the truck.",Hospitalized=1.00; Amputation=1.00; Loss of Eye=0.00,OSHA severe injury report,osha-text-5d6c160bb8c7,c8184e1bfe5b2e5b737a1726d3fa6d3cbfed4b75185d6c285e14db31a16458b6,LSR03;HAZARD_TERM_POSSIBLE_NON_SIF,LSR03,medium,train_addition,deterministic_diversity_and_keyword_retrieval_before_annotation_no_model_predictions
EXP-V0.4-0759,OSHA-SIR-2019088466,OSHA_SIR,2019088466,2019,Incident,Fall from collapsing structure or equipment less than 6 feet,"LOVELAND, COLORADO","Two employees were working on an exterior light fixture from a scissor lift 8 feet above the ground, right outside of the door to an airplane hangar. The hangar door was opened, knocking the scissor lift over. The two employees fell to the ground, suffering injuries including a broken jaw and arm fractures. Both employees were hospitalized.",Hospitalized=2.00; Amputation=0.00; Loss of Eye=0.00,OSHA severe injury report,osha-text-1a5bee7823a6,580f0d8ac577a36b1600a163fd236dc5006c1d59702c57abf3f30b162189fd56,GENERAL,GENERAL,medium,train_addition,deterministic_diversity_and_keyword_retrieval_before_annotation_no_model_predictions
EXP-V0.4-0760,OSHA-SIR-2019065883,OSHA_SIR,2019065883,2019,Incident,Shooting by other person-unintentional,"NEW CASTLE, DELAWARE",An employee was attending firearm training at a shooting range. A second employee had a live round in his rifle that discharged while he was doing a gun function test. The first employee was shot in the right foot.,Hospitalized=1.00; Amputation=0.00; Loss of Eye=0.00,OSHA severe injury report,osha-text-ba0a6828e901,52d89b54c3a673968fccf054aaea184cb342fa1cda009948169279eaba14b2ec,GENERAL,GENERAL,medium,train_addition,deterministic_diversity_and_keyword_retrieval_before_annotation_no_model_predictions
EXP-V0.4-0761,OSHA-SIR-2018088985,OSHA_SIR,2018088985,2018,Incident,"Explosion of nonpressurized vapors, gases, or liquids","SHAWNEE, OKLAHOMA","An employee was operating the casting machine. A malfunction allowed molten copper to be poured into water creating an explosion. The employee sustained burns to the face, neck, and shoulder and an eye injury.",Hospitalized=1.00; Amputation=0.00; Loss of Eye=0.00,OSHA severe injury report,osha-text-8132c5ff23f8,ed9e6be27181d984daf2ec5b9c78e6e46215a0876b7d4b8f85f41902d2bcfc43,HIGH_RISK,HIGH_RISK,medium,train_addition,deterministic_diversity_and_keyword_retrieval_before_annotation_no_model_predictions
EXP-V0.4-0762,OSHA-SIR-2022087424,OSHA_SIR,2022087424,2022,Incident,Overexertion in lifting-multiple episodes,"ORLANDO, FLORIDA","On August 22, 2022, an employee began experiencing neck and right shoulder pain during her shift after performing job-related tasks such as repetitive lifting. She was hospitalized for a right shoulder sprain and a pinched nerve.",Hospitalized=1.00; Amputation=0.00; Loss of Eye=0.00,OSHA severe injury report,osha-text-825878b5741d,04e95eca0e6057bdd5b6fd8e89650351e27b5b21ceab254ce69dbf2aa8142388,GENERAL,GENERAL,medium,train_addition,deterministic_diversity_and_keyword_retrieval_before_annotation_no_model_predictions
EXP-V0.4-0763,OSHA-SIR-2024032314,OSHA_SIR,2024032314,2024,Incident, Pedestrian struck by vehicle or object propelled by another vehicle in nonroadway area,"TERMINAL ISLAND, CALIFORNIA",An employee was onboard a vessel moving cargo in the hold when materials fell from a forklift onto her right foot. The employee suffered a fractured foot and sustained a laceration. She was hospitalized.,Hospitalized=1.00; Amputation=0.00; Loss of Eye=0.00,OSHA severe injury report,osha-text-efccbdab6e8f,7c6ccab1ddd1d598d585aab546814409f4b6c99f40c7bf011ecb9dc356e328c4,LSR02;LSR03;HAZARD_TERM_POSSIBLE_NON_SIF,LSR02,medium,train_addition,deterministic_diversity_and_keyword_retrieval_before_annotation_no_model_predictions
EXP-V0.4-0764,OSHA-SIR-20161110429,OSHA_SIR,20161110429,2016,Incident,Fall through surface or existing opening 6 to 10 feet,"VAN VLECK, TEXAS","An employee was going to install bolts onto plates on furnaces located on the third level when he stepped on a piece of metal stair grating that had not been welded down. The grating flipped and the employee fell through the opening to the stair landing 7 feet below, suffering a fractured L1 vertebra.",Hospitalized=1.00; Amputation=0.00; Loss of Eye=0.00,OSHA severe injury report,osha-text-724be2886d05,c8ad2148e22d28243a16ccc3236204f1736d3de8262858a522e27773aeed7baf,LSR05,LSR05,medium,train_addition,deterministic_diversity_and_keyword_retrieval_before_annotation_no_model_predictions
EXP-V0.4-0765,OSHA-SIR-2025088326,OSHA_SIR,2025088326,2025,Incident, Compressed between running equipment and other object(s),"LAREDO, TEXAS","An employee was preparing to remove leaf spring bushings on the front drive axle of a tandem axle tractor. After raising the axle with a hydraulic jack, he placed two jack stands under the rear frame rails of the tractor and placed additional jack stands under the front drive axle. He then repositioned himself at the rear of the tractor where he reached for the release valve of the jack to begin lowering the axle (and frame) onto the jack stands. He was in a kneeling position while using his right hand to operate the release valve. His left hand was caught between the lowering frame rail and a jack stand. His left ring and middle fingertips were crushed, resulting in amputations.",Hospitalized=0.00; Amputation=1.00; Loss of Eye=0.00,OSHA severe injury report,osha-text-3bb3cbd10d46,86cb38f332c8f815848798e9e9bdbc200bb6bdac6d145c65febca56411a9a1b5,LSR06;HIGH_RISK,LSR06,long,train_addition,deterministic_diversity_and_keyword_retrieval_before_annotation_no_model_predictions
EXP-V0.4-0766,OSHA-SIR-2018043520,OSHA_SIR,2018043520,2018,Incident,"Collision between a moving and standing vehicle, nonroadway","ELK GROVE VILLAGE, ILLINOIS",An employee was hanging a sign on a swinging door while on a motorized cart when a forklift operator reversed through the swinging doors and pinned the employee's foot and ankle between the swinging door and the motorized cart. The employee suffered fractures to the right leg and ankle.,Hospitalized=1.00; Amputation=0.00; Loss of Eye=0.00,OSHA severe injury report,osha-text-ead14cc03029,48e0a90a002a91cbf89513485fb29f0b278a674b6962af65e2f9ce46dc887d25,LSR03;LSR06;HAZARD_TERM_POSSIBLE_NON_SIF,LSR03,medium,train_addition,deterministic_diversity_and_keyword_retrieval_before_annotation_no_model_predictions
EXP-V0.4-0767,OSHA-SIR-2016032298,OSHA_SIR,2016032298,2016,Incident,"Fall on same level due to tripping, unspecified","EAST SAINT LOUIS, ILLINOIS","An employee was helping to adjust equipment. She tripped as she was walking around the equipment. When she reached out to catch her fall, her right hand entered the point of operation. The equipment activated, pinching and amputating her right pinky finger between the stockholder tab and discharge table.",Hospitalized=0.00; Amputation=1.00; Loss of Eye=0.00,OSHA severe injury report,osha-text-fd1a61183a39,e5b57e56894425d093aabdddad4245a9dc805144153173a738ce8a7d5942c075,HAZARD_TERM_POSSIBLE_NON_SIF,HAZARD_TERM_POSSIBLE_NON_SIF,medium,train_addition,deterministic_diversity_and_keyword_retrieval_before_annotation_no_model_predictions
EXP-V0.4-0768,OSHA-SIR-2023043793,OSHA_SIR,2023043793,2023,Incident,"Bending, crawling, reaching, twisting-single episode","HOUSTON, TEXAS",An employee was making drinks when he turned to his right quickly and twisted his left leg and dislocated his kneecap. The employee was hospitalized with a sprained left knee.,Hospitalized=1.00; Amputation=0.00; Loss of Eye=0.00,OSHA severe injury report,osha-text-6daf57d033a0,3cf88c65046874e7eef2c2b8d173e0cb51c86c40302e0b6adbcbb51c86069712,GENERAL,GENERAL,short,train_addition,deterministic_diversity_and_keyword_retrieval_before_annotation_no_model_predictions
EXP-V0.4-0769,OSHA-SIR-20161010245,OSHA_SIR,20161010245,2016,Incident,"Caught in running equipment or machinery, unspecified","LIMA, OHIO","An employee was in the infeed area of a sort machine, attempting to straighten a stack of pallets, when the stacker side arms engaged and crushed his right lower leg.",Hospitalized=1.00; Amputation=0.00; Loss of Eye=0.00,OSHA severe injury report,osha-text-ec1627e1ca8d,a5cf469fe4b7d7a04d182f17a409952eb432c5bcbb712520516d5cec71c256be,LSR06;HIGH_RISK,LSR06,short,train_addition,deterministic_diversity_and_keyword_retrieval_before_annotation_no_model_predictions
EXP-V0.4-0770,OSHA-SIR-20191010811,OSHA_SIR,20191010811,2019,Incident,Overexertion in lifting-single episode,"SANTA ROSA BEACH, FLORIDA","On October 16, 2019, an employee experienced strong pressure in his abdomen after lifting a 20-pound case of sodas while stocking the cooler. He was later hospitalized due to a hernia.",Hospitalized=1.00; Amputation=0.00; Loss of Eye=0.00,OSHA severe injury report,osha-text-982ef1b69eed,69210f33f7413bd470e092d44cd9bff1f10d8124ca05f4dac873f951fc381225,GENERAL,GENERAL,medium,train_addition,deterministic_diversity_and_keyword_retrieval_before_annotation_no_model_predictions
EXP-V0.4-0771,OSHA-SIR-2022119691,OSHA_SIR,2022119691,2022,Incident,Struck against moving part of machinery or equipment,"BALCH SPRINGS, TEXAS",An employee was clearing a jam in a mulch chute on a grinder machine when the interlock fan turned on and the employee was struck by a fan blade. The employee sustained an arm laceration and fracture.,Hospitalized=1.00; Amputation=0.00; Loss of Eye=0.00,OSHA severe injury report,osha-text-505556a1cfeb,27cbfb698e69ab27d033b207f939c72e9a9abf63b9ada55ca5e9ee1a6a57eb14,LSR05;LSR06;HAZARD_TERM_POSSIBLE_NON_SIF,LSR05,medium,train_addition,deterministic_diversity_and_keyword_retrieval_before_annotation_no_model_predictions
EXP-V0.4-0772,OSHA-SIR-20251010037,OSHA_SIR,20251010037,2025,Incident, Injured by object handled by person  n.e.c.,"PORTLAND, TEXAS","An employee was assisting three coworkers with loading a fall protection metal storage cage onto a wooden pallet. Their right index finger was pinched between the pallet and the bottom of the cage, resulting in a fingertip amputation.",Hospitalized=0.00; Amputation=1.00; Loss of Eye=0.00,OSHA severe injury report,osha-text-1072bbb702c5,13c0040b0c31fe775adb1527199faa5ebcd57fab795512b15eefa40493b3e2f7,LSR09;HAZARD_TERM_POSSIBLE_NON_SIF,LSR09,medium,train_addition,deterministic_diversity_and_keyword_retrieval_before_annotation_no_model_predictions
EXP-V0.4-0773,OSHA-SIR-2020076730,OSHA_SIR,2020076730,2020,Incident,Injured by slipping or swinging object held by injured worker,"KISSIMMEE, FLORIDA",An employee was using a grinder to cut mortar joints in a concrete masonry unit when the grinder kicked back and cut into the right side of his face/mouth.,Hospitalized=1.00; Amputation=0.00; Loss of Eye=0.00,OSHA severe injury report,osha-text-1c8856b21660,63929dd596b80118a230d65149a059efd7bfcf6c3cab73ada93dda48a33f9e5e,LSR05,LSR05,short,train_addition,deterministic_diversity_and_keyword_retrieval_before_annotation_no_model_predictions
EXP-V0.4-0774,OSHA-SIR-2015042251,OSHA_SIR,2015042251,2015,Incident,"Struck by powered vehicle-nontransport, unspecified","ALBANY, GEORGIA",An employee was struck by a forklift while working on the loading dock. The employee was hospitalized for a right ankle fracture.,Hospitalized=1.00; Amputation=0.00; Loss of Eye=0.00,OSHA severe injury report,osha-text-9e8de55b3435,95d81759ad98f569b7ebefe94ec5e8cef0a70ca7350bc5e312ecee99ab2811e3,LSR03;LSR06;HAZARD_TERM_POSSIBLE_NON_SIF,LSR03,short,train_addition,deterministic_diversity_and_keyword_retrieval_before_annotation_no_model_predictions
EXP-V0.4-0775,OSHA-SIR-2017099329,OSHA_SIR,2017099329,2017,Incident,"Nonroadway collision with object other than vehicle, n.e.c.","HARTLAND, WISCONSIN","An employee was operating a reach truck when he hit a pallet of empty kegs. He attempted to catch a falling keg with his left hand, but the keg crushed and broke three of his fingers, requiring surgery.",Hospitalized=1.00; Amputation=0.00; Loss of Eye=0.00,OSHA severe injury report,osha-text-a64e394ad89d,e163a98699ccc64e7e568d307b86a466fee5b78e3e50161a12df1d5c0ed37ebb,LSR03;LSR06;HIGH_RISK,LSR03,medium,train_addition,deterministic_diversity_and_keyword_retrieval_before_annotation_no_model_predictions
EXP-V0.4-0776,OSHA-SIR-20171110536,OSHA_SIR,20171110536,2017,Incident,Nonclassifiable,"MORTON, ILLINOIS",An employee was either riding an automated crane and fell off or was just trying to get away from an automated crane when the employee was pinched between the automated crane and square metal tubing on which retrievals were sitting. The employee suffered a fractured rib and required hospitalization.,Hospitalized=1.00; Amputation=0.00; Loss of Eye=0.00,OSHA severe injury report,osha-text-15cfcccb3c5b,de332140e678bd4a76bc9d6d3399e66326239635bf206e8ea005276733907fb8,LSR07,LSR07,medium,train_addition,deterministic_diversity_and_keyword_retrieval_before_annotation_no_model_predictions
EXP-V0.4-0777,OSHA-SIR-2021097858,OSHA_SIR,2021097858,2021,Incident,"Struck against object or equipment, unspecified","PITTSBURGH, PENNSYLVANIA","An employee was changing the arm controller tensioner on a machine. As he pulled his right hand back, it struck a guard, which lacerated the back of the hand.",Hospitalized=1.00; Amputation=0.00; Loss of Eye=0.00,OSHA severe injury report,osha-text-9c533b15576f,cf156b702ccfddf605f5d191de4fbb3ca56eb41676c83813f4718cfb511e16e0,HAZARD_TERM_POSSIBLE_NON_SIF,HAZARD_TERM_POSSIBLE_NON_SIF,short,train_addition,deterministic_diversity_and_keyword_retrieval_before_annotation_no_model_predictions
EXP-V0.4-0778,OSHA-SIR-2018021653,OSHA_SIR,2018021653,2018,Incident,"Fall or jump from and struck by same vehicle in normal operation, nonroadway","HORSESHOE BAY, TEXAS",An employee fell out of the dump vehicle he was driving and was struck by it resulting in a crushed lower right leg.,Hospitalized=1.00; Amputation=0.00; Loss of Eye=0.00,OSHA severe injury report,osha-text-eb81023e270a,399a3d53f66f145b9679a45d6b6c0d66e514eaf345aaa65086eb63b2546c1c04,LSR03;LSR06;HIGH_RISK,LSR03,short,train_addition,deterministic_diversity_and_keyword_retrieval_before_annotation_no_model_predictions
EXP-V0.4-0779,OSHA-SIR-2018099794,OSHA_SIR,2018099794,2018,Incident,Machinery or equipment incident on water vehicle,"SEATTLE, WASHINGTON","An employee was trying to flip over a D ring so it could be used to secure deck cargo on a vessel. A 20-foot bundle of rebar was being held up with a pry bar so the ring could be flipped. The rebar slipped off the pry bar and crushed the employee's right index finger. The employee was hospitalized, requiring surgery.",Hospitalized=1.00; Amputation=0.00; Loss of Eye=0.00,OSHA severe injury report,osha-text-0ddc8231a31d,c349e42925315a66435194ac247c3fb4198761b6bbc3916d1b1e3b45a535420b,LSR02;LSR06;HIGH_RISK,LSR02,medium,train_addition,deterministic_diversity_and_keyword_retrieval_before_annotation_no_model_predictions
EXP-V0.4-0780,OSHA-SIR-2021086455,OSHA_SIR,2021086455,2021,Incident,"Struck by dislodged flying object, particle","SHARON, PENNSYLVANIA","An employee was cutting a piece of steel with a torch. About 40 feet away, an excavator with a grapple attachment was pulling apart two other pieces of steel that were connected with bolts. When those two pieces were pulled apart, the bolts broke and one of the pieces flew out the side of the grapple. It struck the employee in the hand and right leg, causing hand fractures and lacerations and a broken femur. The employee was hospitalized.",Hospitalized=1.00; Amputation=0.00; Loss of Eye=0.00,OSHA severe injury report,osha-text-484a40acfc59,93e48b5949a2bdf0e723036583da00f93b9dabbec38a345bd8e8fd4f48864711,LSR05,LSR05,long,train_addition,deterministic_diversity_and_keyword_retrieval_before_annotation_no_model_predictions
EXP-V0.4-0781,OSHA-SIR-2024098445,OSHA_SIR,2024098445,2024,Incident," Explosion of nonpressurized vapors, gases, or liquids ","CONLEY, GEORGIA","On September 11, 2024, an employee was attempting to remove a valve from an empty 55-gallon drum that had contained ethanol. The valve was stuck to the lower adapter ring. The employee tack welded the rings together to remove the entire valve when the drum exploded and the employee sustained burns and contusions.",Hospitalized=1.00; Amputation=0.00; Loss of Eye=0.00,OSHA severe injury report,osha-text-e59d22463954,016c6a41b98fe5142797639152cca44e1648cfcc429b771a93eb0d516bcc3fee,LSR05,LSR05,medium,train_addition,deterministic_diversity_and_keyword_retrieval_before_annotation_no_model_predictions
EXP-V0.4-0782,OSHA-SIR-2015118364,OSHA_SIR,2015118364,2015,Incident,Overexertion in lifting-single episode,"SAN ANTONIO, TEXAS","On 11/6/2015, an employee lifting coils on dies with a crane overexerted their back. The employee was hospitalized.",Hospitalized=1.00; Amputation=0.00; Loss of Eye=0.00,OSHA severe injury report,osha-text-2d334a055eca,769905cc245bb53aaf09b76dd9295022a802f6ad3c5ff83d1df3c76380efec8f,LSR07,LSR07,short,train_addition,deterministic_diversity_and_keyword_retrieval_before_annotation_no_model_predictions
EXP-V0.4-0783,OSHA-SIR-2019066583,OSHA_SIR,2019066583,2019,Incident,"Injury by other person-unintentional or intent unknown, n.e.c.","PENSACOLA, FLORIDA","A maintenance employee was working at the service desk when a customer's child ran into him, causing him to fall. He suffered a broken femur and was hospitalized.",Hospitalized=1.00; Amputation=0.00; Loss of Eye=0.00,OSHA severe injury report,osha-text-e1473ff11c72,ed82759abaa166a94ed4aecc0e788c3be62544b405d200144da30ef53d03a1cf,GENERAL,GENERAL,short,train_addition,deterministic_diversity_and_keyword_retrieval_before_annotation_no_model_predictions
EXP-V0.4-0784,OSHA-SIR-2022021112,OSHA_SIR,2022021112,2022,Incident,Fall through surface or existing opening 21 to 25 feet ,"MAGEE, MISSISSIPPI","An employee and co-workers were working on cutting through roofing material to complete roofing repairs when the employee fell 22.5 feet through decking that had rusted out and landed on metal scale flooring, resulting in a broken femur.",Hospitalized=1.00; Amputation=0.00; Loss of Eye=0.00,OSHA severe injury report,osha-text-c742f6759a2d,5e069a94c614bf3b09f48cc3c3cbc64d481bc7ed038936bb352d503ce92dd974,HIGH_RISK,HIGH_RISK,medium,train_addition,deterministic_diversity_and_keyword_retrieval_before_annotation_no_model_predictions
EXP-V0.4-0785,OSHA-SIR-2018043513,OSHA_SIR,2018043513,2018,Incident,Caught in running equipment or machinery during regular operation,"SUMMIT, MISSISSIPPI",An employee was removing scrap material from a machine when the employee's right index fingertip was caught and amputated in the machine. The machine was guarded and energized at the time of the incident.,Hospitalized=0.00; Amputation=1.00; Loss of Eye=0.00,OSHA severe injury report,osha-text-396db25d944e,3276dfa125ab2b02ee82331ee9251e4ea4c52228908b33b553af673aca5212dd,LSR04,LSR04,medium,train_addition,deterministic_diversity_and_keyword_retrieval_before_annotation_no_model_predictions
EXP-V0.4-0786,OSHA-SIR-2015085897,OSHA_SIR,2015085897,2015,Incident,Kicked by animal,"WILMINGTON, DELAWARE",An employee was kicked in the chest by a horse while attempting to saddle it. The employee broke multiple bones and suffered a laceration.,Hospitalized=1.00; Amputation=0.00; Loss of Eye=0.00,OSHA severe injury report,osha-text-ed1b497ceb02,661d7db081f672920ba7f20c748ada9c829c12af988c000d9ac7de5537028337,GENERAL,GENERAL,short,train_addition,deterministic_diversity_and_keyword_retrieval_before_annotation_no_model_predictions
EXP-V0.4-0787,OSHA-SIR-20251111351,OSHA_SIR,20251111351,2025,Incident, Direct exposure to electricity  220 volts or less,"DALLAS, TEXAS","An employee was working on connecting batteries together to test pieces of equipment when one of the batteries shorted and sparked, resulting in burns to the employee's right hand, wrist, and face.",Hospitalized=1.00; Amputation=0.00; Loss of Eye=0.00,OSHA severe injury report,osha-text-0a5860a9976d,6379ed47ab3d45d0bae0a55d5a8e19dfbdf9d97ab4f3d198ac57f62382006bfb,HAZARD_TERM_POSSIBLE_NON_SIF,HAZARD_TERM_POSSIBLE_NON_SIF,medium,train_addition,deterministic_diversity_and_keyword_retrieval_before_annotation_no_model_predictions
EXP-V0.4-0788,OSHA-SIR-2025065516,OSHA_SIR,2025065516,2025,Incident," Explosion of pressure vessel, piping, or tire","HASTINGS, NEBRASKA","An employee was lighting a pilot light that burns off residual oxygen in the purge chamber of a heat-treating furnace. Residual gas and built-up oxygen in the purge chamber caused an explosion, which blew the front of the furnace's door off its track and the hood/exhaust system off its rivets. The employee was knocked down and suffered burns and lacerations to the left side of his face.",Hospitalized=1.00; Amputation=0.00; Loss of Eye=0.00,OSHA severe injury report,osha-text-b2eec561c797,14b110a60fbe998f5e3936468c61386b8e7c8619c53bde7b2f501186f96243a0,HIGH_RISK,HIGH_RISK,long,train_addition,deterministic_diversity_and_keyword_retrieval_before_annotation_no_model_predictions
EXP-V0.4-0789,OSHA-SIR-2020021176,OSHA_SIR,2020021176,2020,Incident,Struck against moving part of machinery or equipment,"PALMYRA, NEW YORK",An employee was grinding a rubber roller on a manual lathe. The employee's right hand came into contact with the grinding wheel and the employee's right middle and index fingers were partially amputated.,Hospitalized=0.00; Amputation=1.00; Loss of Eye=0.00,OSHA severe injury report,osha-text-18873b96f8a1,be8378a459e363bf650ed7a7e0986d98888d4bd21c7754b5739e961e52e58409,LSR05,LSR05,medium,train_addition,deterministic_diversity_and_keyword_retrieval_before_annotation_no_model_predictions
EXP-V0.4-0790,OSHA-SIR-2021021014,OSHA_SIR,2021021014,2021,Incident,"Struck by rolling object or equipment-other than powered vehicle, unspecified","POTSDAM, NEW YORK","An employee was handling steel members when the steel member rolled over onto the employee's hand. The employee's right ring finger was crushed, resulting in amputation.",Hospitalized=0.00; Amputation=1.00; Loss of Eye=0.00,OSHA severe injury report,osha-text-5cf2c60993c7,b12927aa83f13d3343a9ced79bc942e256ad2b0ba7802c2d2c40e1135e3f90fe,LSR06;HIGH_RISK,LSR06,short,train_addition,deterministic_diversity_and_keyword_retrieval_before_annotation_no_model_predictions
EXP-V0.4-0791,OSHA-SIR-2018010148,OSHA_SIR,2018010148,2018,Incident,"Fall or jump from and struck by same vehicle in normal operation, nonroadway","FORT WORTH, TEXAS","An employee was operating an electric pallet jack when he could not stop before running into a pole. He jumped off the pallet jack and his ankle was caught between the pallet jack and the pole, resulting in a compound fracture.",Hospitalized=1.00; Amputation=0.00; Loss of Eye=0.00,OSHA severe injury report,osha-text-b09594aca834,91662fcd420a1b0de9f10a65f6a4fd3699a2d5ed212de8e76efb8d79510c3e43,LSR06;HAZARD_TERM_POSSIBLE_NON_SIF,LSR06,medium,train_addition,deterministic_diversity_and_keyword_retrieval_before_annotation_no_model_predictions
EXP-V0.4-0792,OSHA-SIR-2015052641,OSHA_SIR,2015052641,2015,Incident,Kicked by animal,"KEARNEY, NEBRASKA",An employee sustained injures when his horse kicked him in the right side while dismounting at the cattle feedlot.,Hospitalized=1.00; Amputation=0.00; Loss of Eye=0.00,OSHA severe injury report,osha-text-c647bd00f3c9,4cdb5dbc202d94d504404291b8d2946b4569b4556aec134ee29676ae722c8bb9,GENERAL,GENERAL,short,train_addition,deterministic_diversity_and_keyword_retrieval_before_annotation_no_model_predictions
EXP-V0.4-0793,OSHA-SIR-20201211904,OSHA_SIR,20201211904,2020,Incident,"Contact with objects and equipment, n.e.c.","ORLANDO, FLORIDA","An employee was walking through a locker room when their sleeve got caught on a door handle, resulting in a cut on their right forearm. The next day, the employee's arm was feeling numb.",Hospitalized=1.00; Amputation=0.00; Loss of Eye=0.00,OSHA severe injury report,osha-text-f53ab0348c4a,f555e706871b8cfbf8a912171607e7c626de682c563b9b05d99e07c96e633fbf,GENERAL,GENERAL,medium,train_addition,deterministic_diversity_and_keyword_retrieval_before_annotation_no_model_predictions
EXP-V0.4-0794,OSHA-SIR-2020087585,OSHA_SIR,2020087585,2020,Incident,"Fall on same level while climbing stairs, steps, or curbs","ELMSFORD, NEW YORK","An employee was walking up steps when a handrail gave way, causing the employee to fall forward onto the steps. He suffered an injury to the left elbow and a broken left forearm and right wrist.",Hospitalized=1.00; Amputation=0.00; Loss of Eye=0.00,OSHA severe injury report,osha-text-4f291f31926e,7751e59e499f1a76ab691868f8a59901e7f5548e7f7d295adb3f568dbb98226d,HAZARD_TERM_POSSIBLE_NON_SIF,HAZARD_TERM_POSSIBLE_NON_SIF,medium,train_addition,deterministic_diversity_and_keyword_retrieval_before_annotation_no_model_predictions
EXP-V0.4-0795,OSHA-SIR-20191010850,OSHA_SIR,20191010850,2019,Incident,Struck against stationary object or equipment while rising,"CHICAGO, ILLINOIS",An employee was servicing a lavatory on an airplane using a cart that connects a hose to the waste port to evacuate waste off of the airplane. The employee stood up beneath the aircraft engine and hit their head on the engine's oil drain mast. The employee suffered a concussion and bruising on the head.,Hospitalized=1.00; Amputation=0.00; Loss of Eye=0.00,OSHA severe injury report,osha-text-2d0fb5e4dc2c,574e29e33cf3a465b5274cb8ad8b9a78c49e53feb30722aa79a80296280d0a1f,GENERAL,GENERAL,medium,train_addition,deterministic_diversity_and_keyword_retrieval_before_annotation_no_model_predictions
EXP-V0.4-0796,OSHA-SIR-20241211733,OSHA_SIR,20241211733,2024,Incident, Fall to lower level from collapsing structure or equipment  6 to 30 feet,"LUCASVILLE, OHIO","An employee was up a power line pole structure when an existing cable was removed from the pole. The weight of the employee on the pole caused it to break off below ground level, and the employee fell 15-20 feet with the pole to the ground. The pole landed on the employee and they sustained a shattered right femur. Fall protection was in place at the time.",Hospitalized=1.00; Amputation=0.00; Loss of Eye=0.00,OSHA severe injury report,osha-text-1961bd12fb88,443c487d0039f3e923e5110124c3bfe910a495cac1178568edb41fc277fd7843,LSR09;HIGH_RISK,LSR09,medium,train_addition,deterministic_diversity_and_keyword_retrieval_before_annotation_no_model_predictions
EXP-V0.4-0797,OSHA-SIR-2024109639,OSHA_SIR,2024109639,2024,Incident," Explosion of pressure vessel, piping, or tire","BROOKSHIRE, TEXAS",An employee was evacuating propane from a cylinder when an explosion occurred. The employee sustained second-degree burns to the face and neck.,Hospitalized=1.00; Amputation=0.00; Loss of Eye=0.00,OSHA severe injury report,osha-text-fd6e0782f310,fcf7046672d23bde292a2fe02f7f5fef2c5fd9dd4bf64e02a0b08cc5fc037b59,HIGH_RISK,HIGH_RISK,short,train_addition,deterministic_diversity_and_keyword_retrieval_before_annotation_no_model_predictions
EXP-V0.4-0798,OSHA-SIR-2018065920,OSHA_SIR,2018065920,2018,Incident,"Slip without fall, n.e.c. ","BAY CITY, TEXAS",An employee was loosening a bolt on a piece of equipment when he slipped and suffered an open fracture of his right ring finger phalanx.,Hospitalized=1.00; Amputation=0.00; Loss of Eye=0.00,OSHA severe injury report,osha-text-260aefb7f881,26b1fcf683a7e6cc1399f54369450aab32e20c8c031a775d67f15e7468a87bc2,HAZARD_TERM_POSSIBLE_NON_SIF,HAZARD_TERM_POSSIBLE_NON_SIF,short,train_addition,deterministic_diversity_and_keyword_retrieval_before_annotation_no_model_predictions
EXP-V0.4-0799,OSHA-SIR-2016088055,OSHA_SIR,2016088055,2016,Incident,Struck by object or equipment rolling freely,"TRINITY, TEXAS",An employee was hooking a dolly onto a crane. The dolly rolled and pinned the employee between the dolly and crane fracturing the employee's pelvis.,Hospitalized=1.00; Amputation=0.00; Loss of Eye=0.00,OSHA severe injury report,osha-text-b2ad85177835,42bd73e392ec857d6a3d3d9199a1f7cea70d12d06f4a70b85f70d58534c0eaf2,LSR06;LSR07,LSR06,short,train_addition,deterministic_diversity_and_keyword_retrieval_before_annotation_no_model_predictions
EXP-V0.4-0800,OSHA-SIR-2018065649,OSHA_SIR,2018065649,2018,Incident,"Thrown, fell, or jumped from animal being ridden","AMARILLO, TEXAS",An employee was on horseback when the horse pitched forward and the employee fell to the ground. The employee suffered four broken ribs.,Hospitalized=1.00; Amputation=0.00; Loss of Eye=0.00,OSHA severe injury report,osha-text-3ec399207413,83811d78e73abd8164112d620c113e8624efb4d71128a614a7adff029bf3d567,GENERAL,GENERAL,short,train_addition,deterministic_diversity_and_keyword_retrieval_before_annotation_no_model_predictions
EXP-V0.4-0801,OSHA-SIR-2019066414,OSHA_SIR,2019066414,2019,Incident,"Fall, slip, trip, unspecified ","PANAMA CITY, FLORIDA","On June 25, 2019, an employee was repairing a machine that moves pipes (36 inches in diameter, 1/2-inch thick, and 40 feet long) from a set position to a skid position. He was welding on a hydraulic cylinder clevis that holds the cylinder to the machine. When he moved the machine arm, it triggered the automated car to deliver a pipe to the machine. Seeing that a pipe was coming toward him, he jumped out of the way and landed near a skid pipe. He fractured his left foot and was hospitalized.",Hospitalized=1.00; Amputation=0.00; Loss of Eye=0.00,OSHA severe injury report,osha-text-b98e7bc922a9,1243c8e9a1aec29a6811f0db8fbcf980980905fe2bb3ddca2779a3f822acdabe,LSR03;LSR05,LSR03,long,train_addition,deterministic_diversity_and_keyword_retrieval_before_annotation_no_model_predictions
EXP-V0.4-0802,OSHA-SIR-20191112089,OSHA_SIR,20191112089,2019,Incident,Machinery or equipment incident on water vehicle,"STOCKTON, CALIFORNIA","On 11/21/2019, employees were securing the crawler crane's boom and the headache ball to the barge so they could transfer the crane to another work location. When the crane operator lowered the boom, the line that held the headache ball 30 feet up in the air released and the headache ball fell. It bounced on the deck of the barge and struck the injured employee who was assisting in securing the lines to the barge. The employee's right toe was crushed and later amputated.",Hospitalized=1.00; Amputation=1.00; Loss of Eye=0.00,OSHA severe injury report,osha-text-dde001864788,8e119cb5288c43d84272575ef9318b13777ae26f25afe5c178fb0ee282dfbede,LSR06;LSR07;HIGH_RISK;HAZARD_TERM_POSSIBLE_NON_SIF,LSR06,long,train_addition,deterministic_diversity_and_keyword_retrieval_before_annotation_no_model_predictions
EXP-V0.4-0803,OSHA-SIR-2023076132,OSHA_SIR,2023076132,2023,Incident,"Contact with objects and equipment, unspecified","WYOMING, ILLINOIS",An employee was stowing equipment on a truck crane when their hand was pinned by the top of the jack cylinder housing at the end of the outrigger box. The employee sustained a compound wrist fracture that required surgical amputation of the hand.,Hospitalized=1.00; Amputation=1.00; Loss of Eye=0.00,OSHA severe injury report,osha-text-faa1dd93f89f,f82fa64821591bf06da343b1fd6b51f54b2161b0ca809bba3a2a97984ec2017f,LSR03;LSR06;LSR07;HAZARD_TERM_POSSIBLE_NON_SIF,LSR03,medium,train_addition,deterministic_diversity_and_keyword_retrieval_before_annotation_no_model_predictions
EXP-V0.4-0804,OSHA-SIR-2021043129,OSHA_SIR,2021043129,2021,Incident,"Direct exposure to electricity, greater than 220 volts","LOUISBURG, KANSAS","An employee was part of a crew installing new electrical wiring. The employee's right hand came into contact with an energized part while his left hand was touching grounded hardware. He suffered electrical burns to three fingers on the right hand, as well as his left thumb and index finger.",Hospitalized=1.00; Amputation=0.00; Loss of Eye=0.00,OSHA severe injury report,osha-text-cbd6a30195cf,de7ef24cb2cef702f2393eb2ff10474f15b11592025759149af64e76560dc3e8,LSR04,LSR04,medium,train_addition,deterministic_diversity_and_keyword_retrieval_before_annotation_no_model_predictions
EXP-V0.4-0805,OSHA-SIR-2021021134,OSHA_SIR,2021021134,2021,Incident,Ignition of clothing from controlled heat source,"BRIDGEPORT, NEBRASKA","An employee was making a cut on the metal of a rail car using an air arcing cutting torch. The employee's clothing was ignited, resulting in second-degree burns with a small patch of third-degree burns to the right side of his back and neck.",Hospitalized=1.00; Amputation=0.00; Loss of Eye=0.00,OSHA severe injury report,osha-text-90e0b8e4a32f,938aa19199dcbb5c8d20fba07ed3dd6757d69927483ef597339552202cf0dc1f,LSR03;LSR05,LSR03,medium,train_addition,deterministic_diversity_and_keyword_retrieval_before_annotation_no_model_predictions
EXP-V0.4-0806,OSHA-SIR-20181010572,OSHA_SIR,20181010572,2018,Incident,Struck by object or equipment dropped by other person,"WAUSAU, WISCONSIN",An employee and a coworker were moving an aluminum extrusion weighing approximately 43 pounds when the coworker dropped his end. The employee's right middle finger was inside the extrusion at the time and suffered an avulsion that required surgical amputation.,Hospitalized=0.00; Amputation=1.00; Loss of Eye=0.00,OSHA severe injury report,osha-text-e9b644aaeec8,8828c48d43079188b752e0ea9e0093cb68a4f3a478d2a5d9b4a5efd363cff16d,GENERAL,GENERAL,medium,train_addition,deterministic_diversity_and_keyword_retrieval_before_annotation_no_model_predictions
EXP-V0.4-0807,OSHA-SIR-2025088096,OSHA_SIR,2025088096,2025,Incident, Other fall to lower level  unspecified,"DECATUR, ILLINOIS","On August 14, 2025, an employee fell while exiting a crane. The employee landed on the concrete pavement and suffered a broken left arm.",Hospitalized=1.00; Amputation=0.00; Loss of Eye=0.00,OSHA severe injury report,osha-text-5b6631b01c32,32320ff8efabd513eb656e993dcde3f3ad8e3d37d274c4dce8852c74d4e72382,LSR07,LSR07,short,train_addition,deterministic_diversity_and_keyword_retrieval_before_annotation_no_model_predictions
EXP-V0.4-0808,OSHA-SIR-20221211296,OSHA_SIR,20221211296,2022,Incident,"Fall, slip, trip, unspecified ","MINOT, NORTH DAKOTA","An employee was unloading a motor from a flatbed trailer when his foot caught on a board on the trailer, causing him to fall. As he was falling, his right index finger got caught between the motor and its transport carrier, resulting in a fingertip amputation that required surgery.",Hospitalized=0.00; Amputation=1.00; Loss of Eye=0.00,OSHA severe injury report,osha-text-10d9a843dcba,55d1c3d04b41f828cbbde558715a0b1588fadc50c34d9a165ee48cc933f58269,LSR06;HAZARD_TERM_POSSIBLE_NON_SIF,LSR06,medium,train_addition,deterministic_diversity_and_keyword_retrieval_before_annotation_no_model_predictions
EXP-V0.4-0809,OSHA-SIR-2022109160,OSHA_SIR,2022109160,2022,Incident,Struck by rolling object or equipment being pushed by injured worker,"FALL RIVER, MASSACHUSETTS","An employee was moving an auto-scrubber into a storage room, holding the door open with one hand. The employee was pinned between the door frame and the auto-scrubber, which ran over her left foot, causing her to let go of the machine and fall. The machine then stopped on her foot as she was falling. She suffered a broken left ankle and was hospitalized.",Hospitalized=1.00; Amputation=0.00; Loss of Eye=0.00,OSHA severe injury report,osha-text-d7a2cccb9e5a,babc0f9fa0b92a3d3467dfe222d9ac19e2f809dfaf3b84f9812c78e2187a84f3,LSR06;HAZARD_TERM_POSSIBLE_NON_SIF,LSR06,medium,train_addition,deterministic_diversity_and_keyword_retrieval_before_annotation_no_model_predictions
EXP-V0.4-0810,OSHA-SIR-2022087533,OSHA_SIR,2022087533,2022,Incident,"Direct exposure to electricity, unspecified","LAREDO, TEXAS","An employee was troubleshooting the internal part of an electrical plug. An energized wire popped free from under the plug and contacted the employee's right index finger, burning the finger and the web of skin between it and the thumb.",Hospitalized=1.00; Amputation=0.00; Loss of Eye=0.00,OSHA severe injury report,osha-text-f676e13ca3d6,3afac0124fddcc667f22a431d3fad824103a94501e4afd6665ac4b7612faf158,LSR04,LSR04,medium,train_addition,deterministic_diversity_and_keyword_retrieval_before_annotation_no_model_predictions
EXP-V0.4-0811,OSHA-SIR-2018088813,OSHA_SIR,2018088813,2018,Incident,"Nonroadway noncollision incident, n.e.c.","TEMPLE, TEXAS","An employee was in a warehouse, using an electric pallet jack to move a pallet. The pallet jack struck and fractured her right ankle.",Hospitalized=1.00; Amputation=0.00; Loss of Eye=0.00,OSHA severe injury report,osha-text-637653bd03cc,0c99e4353a53a48efaf0c0429bde17c853aea83b875fe5849b0ae20a62b5fea4,HAZARD_TERM_POSSIBLE_NON_SIF,HAZARD_TERM_POSSIBLE_NON_SIF,short,train_addition,deterministic_diversity_and_keyword_retrieval_before_annotation_no_model_predictions
EXP-V0.4-0812,OSHA-SIR-2017088402,OSHA_SIR,2017088402,2017,Incident,"Caught in running equipment or machinery, unspecified","SHERBURNE, NEW YORK",An employee was adjusting a packing machine when the machine cycled and amputated his right ring fingertip to the first knuckle. The machine was energized at the time.,Hospitalized=1.00; Amputation=1.00; Loss of Eye=0.00,OSHA severe injury report,osha-text-6c4e699bcaf0,89574597c564ab8523d84d8a406a233dfbbbeb040b594d7c53189e378096f1f4,LSR04,LSR04,short,train_addition,deterministic_diversity_and_keyword_retrieval_before_annotation_no_model_predictions
EXP-V0.4-0813,OSHA-SIR-2021098328,OSHA_SIR,2021098328,2021,Incident,"Bending, crawling, reaching, twisting-single episode","NORTH RIDGEVILLE, OHIO","In swatting at a bee near his face, an employee turned vigorously, suffered a broken left leg, and fell to the ground.",Hospitalized=1.00; Amputation=0.00; Loss of Eye=0.00,OSHA severe injury report,osha-text-3fc66dfca6a2,19b27ee672e869017ee35b7c65618d138a3c99448780d066e7a06b754c01c283,GENERAL,GENERAL,short,train_addition,deterministic_diversity_and_keyword_retrieval_before_annotation_no_model_predictions
EXP-V0.4-0814,OSHA-SIR-2024076324,OSHA_SIR,2024076324,2024,Incident, Caught or wedged between objects  nonrunning,"PLYMOUTH, NEBRASKA","An employee was positioning a pipe for welding when his left middle finger got pinched between the pipe and a spacer, resulting in a fingertip amputation.",Hospitalized=0.00; Amputation=1.00; Loss of Eye=0.00,OSHA severe injury report,osha-text-929df06008ad,6efde7f3c56390e328a3696e290ae678052fa42c59b534bd57c5052b5c453322,LSR05,LSR05,short,train_addition,deterministic_diversity_and_keyword_retrieval_before_annotation_no_model_predictions
EXP-V0.4-0815,OSHA-SIR-2021119534,OSHA_SIR,2021119534,2021,Incident,Stings and venomous bites,"DELHI, LOUISIANA","An employee was replacing parts of a pipeline system. The employee pulled a pipeline marker pole from the ground, which made a deep void in the soil. When he reached into the hole to grab the leads, a copperhead snake bit the inside of his right elbow.",Hospitalized=1.00; Amputation=0.00; Loss of Eye=0.00,OSHA severe injury report,osha-text-c4afaca4c311,f8159f00e62a481540b7283dcb84fd73c5a1c20e30e350f96d3c1481d652e65d,GENERAL,GENERAL,medium,train_addition,deterministic_diversity_and_keyword_retrieval_before_annotation_no_model_predictions
EXP-V0.4-0816,OSHA-SIR-2015075260,OSHA_SIR,2015075260,2015,Incident,Shooting by other person-intentional,"HOUSTON, TEXAS",An employee was delivering a package to a location on 7/30/15 and was approached by five to six men. The men shot the employee in the right hip and in the middle of his abdomen. The employee was hospitalized.,Hospitalized=1.00; Amputation=0.00; Loss of Eye=0.00,OSHA severe injury report,osha-text-e298acd61f43,7f68e222ce590196ff545351905c77f3874531d11caf27922969b83a3eb69476,GENERAL,GENERAL,medium,train_addition,deterministic_diversity_and_keyword_retrieval_before_annotation_no_model_predictions
EXP-V0.4-0817,OSHA-SIR-2018021352,OSHA_SIR,2018021352,2018,Incident,Stepped on object ,"DENISON, TEXAS",An employee was standing on a 5-gallon bucket when he stepped down onto an upright welding rod and impaled his right foot.,Hospitalized=1.00; Amputation=0.00; Loss of Eye=0.00,OSHA severe injury report,osha-text-9e7a95297f23,1714f3aea4a35939efe17151f1d9f1ddf4733cb573c8a0516703a0f27738d4bd,LSR05,LSR05,short,train_addition,deterministic_diversity_and_keyword_retrieval_before_annotation_no_model_predictions
EXP-V0.4-0818,OSHA-SIR-2022010373,OSHA_SIR,2022010373,2022,Incident,Small-scale (limited) fire ,"BYRON, GEORGIA","An employee was working with a bag of pyrotechnics in a test laboratory. The bag ignited while he was holding it, causing second degree burns to his head and right leg; and third degree burns on both hands.",Hospitalized=1.00; Amputation=0.00; Loss of Eye=0.00,OSHA severe injury report,osha-text-ea71a8b03fde,8ee3d3a74e46caf1e90abcd44bbd869fe1aca244bad2e3c600c9c4226220454e,GENERAL,GENERAL,medium,train_addition,deterministic_diversity_and_keyword_retrieval_before_annotation_no_model_predictions
EXP-V0.4-0819,OSHA-SIR-2017010455,OSHA_SIR,2017010455,2017,Incident,Fall through surface or existing opening less than 6 feet,"BRONX, NEW YORK",An employee was walking up the ramp of an equipment trailer when the grating on the ramp suddenly gave way and his foot fell through the ramp grating fracturing the lower right leg.,Hospitalized=1.00; Amputation=0.00; Loss of Eye=0.00,OSHA severe injury report,osha-text-0ba626ff9d87,70efb2ab174ef1c3b5f2e177628c754353b5afdb6829a1b602c66782163d2ee2,GENERAL,GENERAL,medium,train_addition,deterministic_diversity_and_keyword_retrieval_before_annotation_no_model_predictions
EXP-V0.4-0820,OSHA-SIR-2025088056,OSHA_SIR,2025088056,2025,Incident, Fall to lower level  caught self or curtailed,"SARALAND, ALABAMA","An employee was climbing a ladder to inspect the roof of a church when the ladder slipped and the employee fell. He went to grab the rain gutter along the eave to break his fall when his right hand contacted a sharp edge on the gutter, resulting in a laceration to the right-hand fingers that required hospitalization.",Hospitalized=1.00; Amputation=0.00; Loss of Eye=0.00,OSHA severe injury report,osha-text-69899e528a9c,059b7ccf85877cffd53aba8f9020ed061845db96fed9256636101be2be7103e5,LSR09;HAZARD_TERM_POSSIBLE_NON_SIF,LSR09,medium,train_addition,deterministic_diversity_and_keyword_retrieval_before_annotation_no_model_predictions
EXP-V0.4-0821,OSHA-SIR-2016054237,OSHA_SIR,2016054237,2016,Incident,"Caught in running equipment or machinery during maintenance, cleaning ","TUSCUMBIA, ALABAMA","While an employee was working on a punch press a piece of metal became stuck. The employee removed the guard to remove the metal piece. While his fingers were in the die area, the employee hit the foot pedal and stroked the machine. The employee sustained the amputation of the left index finger and fractures to the left middle finger.",Hospitalized=0.00; Amputation=1.00; Loss of Eye=0.00,OSHA severe injury report,osha-text-7e2a9d49be4d,491698f8e89f76e01b5e55d9a72d7a63b88ce36e684edf219b45fbfc3f5217c5,LSR01;HAZARD_TERM_POSSIBLE_NON_SIF,LSR01,medium,train_addition,deterministic_diversity_and_keyword_retrieval_before_annotation_no_model_predictions
EXP-V0.4-0822,OSHA-SIR-2022076704,OSHA_SIR,2022076704,2022,Incident,"Water vehicle incident, n.e.c.","MOUNT PLEASANT, SOUTH CAROLINA","A crane was setting a shipping container in place 40 feet above a deck. A twist-lock (weighing 11.5 lbs.) fell off the container and struck an employee standing on the deck, hitting the top of his hard hat. He suffered a skull fracture and was hospitalized.",Hospitalized=1.00; Amputation=0.00; Loss of Eye=0.00,OSHA severe injury report,osha-text-ce8c1aac3508,66fb817f11a27252cde14fe3938d0b007990c7f088a5b4c27bd0f4729099af88,LSR07,LSR07,medium,train_addition,deterministic_diversity_and_keyword_retrieval_before_annotation_no_model_predictions
EXP-V0.4-0823,OSHA-SIR-2023043530,OSHA_SIR,2023043530,2023,Incident,"Nonroadway collision with object other than vehicle, unspecified","GREENCASTLE, PENNSYLVANIA","An employee was operating a rider pallet jack to move a pallet of egg cases in the warehouse. The pallet jack backed into a pallet of egg cases, fracturing the employee's right knee.",Hospitalized=1.00; Amputation=0.00; Loss of Eye=0.00,OSHA severe injury report,osha-text-6ba0af968ff6,620e09a68ea622eaa88d4b9730213b869cad63c5e3d6638633549de916817490,GENERAL,GENERAL,medium,train_addition,deterministic_diversity_and_keyword_retrieval_before_annotation_no_model_predictions
EXP-V0.4-0824,OSHA-SIR-2025076616,OSHA_SIR,2025076616,2025,Incident, Injured by object handled by person  n.e.c.,"MUSCLE SHOALS, ALABAMA","An employee was loading components into fixtures on an automated CNC Line. He was moving a J-Hook lifting apparatus by hand from its storage location to the raw material area in order to pick up a piece of steel. The employee had the crane remote and the neck of the J-Hook apparatus in his right hand. When he went to set the J-Hook down on the floor, he placed his left middle finger inside of the lifting loop of the magnet. As he manually lowered the J-Hook to the floor by the neck, it fell. As the neck dropped to the floor, the magnet shifted and the lifting loop of the magnet retracted into the bracket of the J-Hook, fracturing and amputating the fingertip.",Hospitalized=0.00; Amputation=1.00; Loss of Eye=0.00,OSHA severe injury report,osha-text-bd90e21a719f,19138af55d66b6c7ab8bda45556154390565143f796a9a7bf2592affa880de02,LSR07;HAZARD_TERM_POSSIBLE_NON_SIF,LSR07,long,train_addition,deterministic_diversity_and_keyword_retrieval_before_annotation_no_model_predictions
EXP-V0.4-0825,OSHA-SIR-20161110787,OSHA_SIR,20161110787,2016,Incident,Struck against stationary object or equipment while rising,"OLTON, TEXAS","While crawling through and greasing a loader, an employee's head struck the edge of the loader's bucket, fracturing the skull.",Hospitalized=1.00; Amputation=0.00; Loss of Eye=0.00,OSHA severe injury report,osha-text-836b70941153,51ae6d1249feda73aa8d0b045f960a8684ee83f290317e254231f711691fb278,GENERAL,GENERAL,short,train_addition,deterministic_diversity_and_keyword_retrieval_before_annotation_no_model_predictions
EXP-V0.4-0826,OSHA-SIR-2023076329,OSHA_SIR,2023076329,2023,Incident,Fall through surface or existing opening 11 to 15 feet ,"SPRINGFIELD, COLORADO",An employee was on the roof of a school building when they fell 12 feet through a skylight to the ground. They sustained multiple fractures.,Hospitalized=1.00; Amputation=0.00; Loss of Eye=0.00,OSHA severe injury report,osha-text-a6dfa6909e51,76bdbd576cd118e80fb7e4a6ae60b08bfa3efbf3dc94c3709e8e3f06421bd0f9,LSR09;HIGH_RISK,LSR09,short,train_addition,deterministic_diversity_and_keyword_retrieval_before_annotation_no_model_predictions
EXP-V0.4-0827,OSHA-SIR-20191112241,OSHA_SIR,20191112241,2019,Incident,Fall on water vehicle,"LAKE CHARLES, LOUISIANA","An employee was carrying a box down the stairs on a boat. He slipped and fell down the stairs, breaking his leg.",Hospitalized=1.00; Amputation=0.00; Loss of Eye=0.00,OSHA severe injury report,osha-text-4ffe4d773804,e02c9294c36d4306643705019071e2c3f621f76af443b73d696ece17af822ed8,GENERAL,GENERAL,short,train_addition,deterministic_diversity_and_keyword_retrieval_before_annotation_no_model_predictions
EXP-V0.4-0828,OSHA-SIR-2021042749,OSHA_SIR,2021042749,2021,Incident,Machinery or equipment incident on water vehicle,"CHALMETTE, LOUISIANA","An employee was moving a barge upriver, using a winch and cable to give slack in the mooring lines so they could be removed. As the cable reeled in on the winch, it caught the employee's life vest and pulled him into the winch pulley bolted to a stanchion. He suffered a broken hip and was hospitalized.",Hospitalized=1.00; Amputation=0.00; Loss of Eye=0.00,OSHA severe injury report,osha-text-13d846737132,c5965731b8db11f11770d0ecb23295766dbbec11ff2463e23ef488a4e7f54641,GENERAL,GENERAL,medium,train_addition,deterministic_diversity_and_keyword_retrieval_before_annotation_no_model_predictions
EXP-V0.4-0829,OSHA-SIR-2019021845,OSHA_SIR,2019021845,2019,Incident,"Overexertion in pushing, pulling, or turning-single episode","ALBANY, NEW YORK","At 1:37 p.m. on February 19, 2019, a temporary employee was taking an empty 280-pound steel wire reel off a machine when he suddenly felt pain in his neck and back and fell to the floor. He was hospitalized, having suffered sprains/strains of ligaments of the cervical spine and a contusion of the left shoulder.",Hospitalized=1.00; Amputation=0.00; Loss of Eye=0.00,OSHA severe injury report,osha-text-5580d0070a9c,f4030c79a9a27d8b734287fff4a759ac5c782e590a730822d65846ee5d82073a,GENERAL,GENERAL,medium,train_addition,deterministic_diversity_and_keyword_retrieval_before_annotation_no_model_predictions
EXP-V0.4-0830,OSHA-SIR-2020109999,OSHA_SIR,2020109999,2020,Incident,"Rail vehicle incident, n.e.c.","MARCUS HOOK, PENNSYLVANIA","An employee was opening a train gate for a rail company. Before the employee could open the gate, the train struck the gate which knocked the employee down and rendered him unconscious. The employee sustained fractures to the skull and right eye socket.",Hospitalized=1.00; Amputation=0.00; Loss of Eye=0.00,OSHA severe injury report,osha-text-5aa897e76e13,e469529a469b51b4196dd8edf7d09913d30bb6b0e76d95d6188524161d35514b,GENERAL,GENERAL,medium,train_addition,deterministic_diversity_and_keyword_retrieval_before_annotation_no_model_predictions
EXP-V0.4-0831,OSHA-SIR-2017065090,OSHA_SIR,2017065090,2017,Incident,"Caught in running equipment or machinery, n.e.c.","WILKES BARRE, PENNSYLVANIA","An employee was walking between a bagger gate and bagger snout of a bagger machine operated by a coworker when the coworker cycled the bagger machine. The mechanical bagger gate then struck and crushed the employee's left leg, breaking it and requiring hospitalization.",Hospitalized=1.00; Amputation=0.00; Loss of Eye=0.00,OSHA severe injury report,osha-text-44d79323e876,59af30cae826d225155feefedb753a0452eda2229cb5397d583f19752150e64b,LSR06;HIGH_RISK,LSR06,medium,train_addition,deterministic_diversity_and_keyword_retrieval_before_annotation_no_model_predictions
EXP-V0.4-0832,OSHA-SIR-2021043228,OSHA_SIR,2021043228,2021,Incident,"Bites and stings, unspecified","MOUNT VERNON, NEW YORK","An employee was bitten by insects on the right forearm, neck, and back during a late-night ambulance shift on April 19, 2021. The forearm bites resulted in cellulitis, and the employee was hospitalized.",Hospitalized=1.00; Amputation=0.00; Loss of Eye=0.00,OSHA severe injury report,osha-text-44814c7d8ea0,ba922970a30b29c25719fc646eb3f2dd0936311f17bb8441099979e4f5994d7a,GENERAL,GENERAL,medium,train_addition,deterministic_diversity_and_keyword_retrieval_before_annotation_no_model_predictions
EXP-V0.4-0833,OSHA-SIR-20241110822,OSHA_SIR,20241110822,2024,Incident, Injured by object held or wielded by person,"CRYSTAL RIVER, FLORIDA","An employee was stripping an underground electric cable with a box cutter-style knife. The blade folded and cut his right index finger at the first knuckle, resulting in an amputation of the fingertip.",Hospitalized=0.00; Amputation=1.00; Loss of Eye=0.00,OSHA severe injury report,osha-text-704d2f86b71f,aa3b9339aa9979fdcf9c6bb54f0510a3846af23e0268cfdd1f7702825c7c291f,HAZARD_TERM_POSSIBLE_NON_SIF,HAZARD_TERM_POSSIBLE_NON_SIF,medium,train_addition,deterministic_diversity_and_keyword_retrieval_before_annotation_no_model_predictions
EXP-V0.4-0834,OSHA-SIR-2016076845,OSHA_SIR,2016076845,2016,Incident,Trampled by or stepped on by animal,"CACTUS, TEXAS","An employee was moving cattle when an animal turned and charged him. The animal stepped on him, fracturing his femur bone.",Hospitalized=1.00; Amputation=0.00; Loss of Eye=0.00,OSHA severe injury report,osha-text-3611721ae351,21729a2e59d92d666fead4c238ba40a1765ac041be1c5c4bf37e1863d73c886b,GENERAL,GENERAL,short,train_addition,deterministic_diversity_and_keyword_retrieval_before_annotation_no_model_predictions
EXP-V0.4-0835,OSHA-SIR-2025099791,OSHA_SIR,2025099791,2025,Incident, Struck by running powered equipment  unspecified,"HAMDEN, OHIO","A driver had backed up a rear load truck to a dumpster. The winch cable was bound, and another employee went to use the controls to put slack in the line. The cable tightened instead of loosening while the driver was holding it, and it caught his hand against the truck and crushed his thumb. The thumb was fractured and lacerated; he was hospitalized, requiring surgery. The incident took place during a training activity.",Hospitalized=1.00; Amputation=0.00; Loss of Eye=0.00,OSHA severe injury report,osha-text-9c27efcbdaf7,62197f2d87ed0acb32631aee0be1312f9460fbcc6680e0172f140dcd3b2b41c9,LSR03;LSR06;HIGH_RISK,LSR03,long,train_addition,deterministic_diversity_and_keyword_retrieval_before_annotation_no_model_predictions
EXP-V0.4-0836,OSHA-SIR-20181011088,OSHA_SIR,20181011088,2018,Incident,"Struck by object or equipment, unspecified","CHICAGO, ILLINOIS","On October 26, 2018, an employee was torch cutting a steel racking system when the system struck and fractured the employee's leg, requiring hospitalization.",Hospitalized=1.00; Amputation=0.00; Loss of Eye=0.00,OSHA severe injury report,osha-text-56152efcf2ce,57e39b96e0354bdbe7cd6be11dfb941850b23748b1dfb16d2c50ba216f783b9f,LSR05,LSR05,short,train_addition,deterministic_diversity_and_keyword_retrieval_before_annotation_no_model_predictions
EXP-V0.4-0837,OSHA-SIR-2025021962,OSHA_SIR,2025021962,2025,Incident, Fall on same level resulting in exposure or contact ,"HEATH, OHIO","A temporary employee climbed onto a 28-inch high table to clean the top of the head assembly of the profile saw used to cut polyurethane foam. While cleaning, he tripped over the pneumatic hose and struck the blade. He then fell over to the other side of the head assembly onto the table. The employee sustained an amputated right foot and a laceration on his left leg. The machine was not locked out/tagged out and guarding was not used at the time.",Hospitalized=1.00; Amputation=1.00; Loss of Eye=0.00,OSHA severe injury report,osha-text-c612833f6021,47ca9ca66c986b410ecfd8b02cb77467b787b646632239ea771772cd5eb13944,HAZARD_TERM_POSSIBLE_NON_SIF,HAZARD_TERM_POSSIBLE_NON_SIF,long,train_addition,deterministic_diversity_and_keyword_retrieval_before_annotation_no_model_predictions
EXP-V0.4-0838,OSHA-SIR-20241010109,OSHA_SIR,20241010109,2024,Incident, Vehicle or machinery fire ,"PORT CHARLOTTE, FLORIDA","An employee was changing out a thermal expansion valve for the AC equipment in the hallway handler closet. The employee was using an oxygen acetylene torch during the startup and oil that was trapped in the copper line of the AC system ignited, causing a flash fire. The employee sustained first- and second-degree burns on their left hand, arm, knees, and stomach.",Hospitalized=1.00; Amputation=0.00; Loss of Eye=0.00,OSHA severe injury report,osha-text-c1bc4f6fe81d,2269aa7de68432c9bccaba494ca81ca83cd1452c6a5dad5bac951fe73dcb3939,LSR05;HAZARD_TERM_POSSIBLE_NON_SIF,LSR05,long,train_addition,deterministic_diversity_and_keyword_retrieval_before_annotation_no_model_predictions
EXP-V0.4-0839,OSHA-SIR-2023076807,OSHA_SIR,2023076807,2023,Incident,Exposure to environmental heat,"EAU CLAIRE, WISCONSIN","On July 27, 2023, an employee was rigging beams from ground level when he collapsed due to heat stroke.",Hospitalized=1.00; Amputation=0.00; Loss of Eye=0.00,OSHA severe injury report,osha-text-98e50b8c7014,745813d75c03ed2a740dbe5022e9e2888509aecc4c5575aacda58990b776b906,LSR07,LSR07,short,train_addition,deterministic_diversity_and_keyword_retrieval_before_annotation_no_model_predictions
EXP-V0.4-0840,OSHA-SIR-2019054667,OSHA_SIR,2019054667,2019,Incident,"Struck against stationary object or equipment, n.e.c.","SARASOTA, FLORIDA","A maintenance technician was changing a light fixture inside a CNC machine. When the employee was taking his hands out the machine, he was punctured by one of the machine's drill bits. The drill bits are sharp, needle like. The drill bit broke off inside the employees left index finger, just above the knuckle and had to be removed surgically.",Hospitalized=1.00; Amputation=0.00; Loss of Eye=0.00,OSHA severe injury report,osha-text-6545188bb867,af546abcedf71bd4244b5e14900bea792aa32a6ef6c5e071e08cd33e877c928a,HAZARD_TERM_POSSIBLE_NON_SIF,HAZARD_TERM_POSSIBLE_NON_SIF,medium,train_addition,deterministic_diversity_and_keyword_retrieval_before_annotation_no_model_predictions
EXP-V0.4-0841,OSHA-SIR-2024075956,OSHA_SIR,2024075956,2024,Incident," Caught, entangled in running powered equipment  normal operation","AUGUSTA, GEORGIA","An employee was behind a brick firing machine aligning bricks for production when the employee was caught between the pusher bar and the setting head, resulting in a fractured pelvis. The machine was energized and was not locked out/tagged out at the time.",Hospitalized=1.00; Amputation=0.00; Loss of Eye=0.00,OSHA severe injury report,osha-text-fa487f7a2904,0e3fbfae87aed85c8009a4b665686a7585282376516d14320c1dca66fa21b9f1,LSR04;LSR06,LSR04,medium,train_addition,deterministic_diversity_and_keyword_retrieval_before_annotation_no_model_predictions
EXP-V0.4-0842,OSHA-SIR-2021075834,OSHA_SIR,2021075834,2021,Incident,"Fall or jump from vehicle in normal operation, nonroadway","RICHMOND, CALIFORNIA","An employee was opening a trailer door when the trailer moved and the employee fell 51 inches to the ground below, resulting in a broken femur.",Hospitalized=1.00; Amputation=0.00; Loss of Eye=0.00,OSHA severe injury report,osha-text-ea8dfffc194b,67a64c639b83747936d0832c520d2585080807870c555b7a5e43c19508aee555,HIGH_RISK,HIGH_RISK,short,train_addition,deterministic_diversity_and_keyword_retrieval_before_annotation_no_model_predictions
EXP-V0.4-0843,OSHA-SIR-2017032767,OSHA_SIR,2017032767,2017,Incident,"Fall, slip, trip, unspecified ","FORT LUPTON, COLORADO","An employee was unloading equipment from the bed of a truck when his fall protection lanyard became tangled around his leg, causing him to lose his balance and fall. He broke his leg and dislocated his right ankle while trying to remove his boot, requiring hospitalization and surgery.",Hospitalized=1.00; Amputation=0.00; Loss of Eye=0.00,OSHA severe injury report,osha-text-12e038786352,1c9dff71560ec1e7d1849d845b9afd8ce3b7a4e5fb50695c64376a763d9a9117,LSR03;LSR09;HAZARD_TERM_POSSIBLE_NON_SIF,LSR03,medium,train_addition,deterministic_diversity_and_keyword_retrieval_before_annotation_no_model_predictions
EXP-V0.4-0844,OSHA-SIR-20161111145,OSHA_SIR,20161111145,2016,Incident,Trampled by or stepped on by animal,"WILDORADO, TEXAS","An employee fell off his horse while moving cattle. The horse then stepped on his lower left leg, breaking it.",Hospitalized=1.00; Amputation=0.00; Loss of Eye=0.00,OSHA severe injury report,osha-text-10226d067bd4,35bf6253adb60df956b47139fa82f831df11f4eba1091e301f1a97310469c5af,GENERAL,GENERAL,short,train_addition,deterministic_diversity_and_keyword_retrieval_before_annotation_no_model_predictions
EXP-V0.4-0845,OSHA-SIR-2020066131,OSHA_SIR,2020066131,2020,Incident,"Overexertion in pushing, pulling, or turning-single episode","CINCINNATI, OHIO","On June 13, 2020, an employee fell down the stairs at his house and fractured his foot. The next day, he went to work and was pulling a parts cart up a ramp when he felt his foot pop. He was hospitalized, and his foot had to be amputated.",Hospitalized=1.00; Amputation=1.00; Loss of Eye=0.00,OSHA severe injury report,osha-text-249ed17a2792,8763a2a3b51519fc6a9c089001f8114c4f4f3bd61c16905b12c7f46de43a5c04,GENERAL,GENERAL,medium,train_addition,deterministic_diversity_and_keyword_retrieval_before_annotation_no_model_predictions
EXP-V0.4-0846,OSHA-SIR-2021065221,OSHA_SIR,2021065221,2021,Incident,Pedal cycle collision in roadway,"KEYSTONE, COLORADO",A bike patroller was inspecting a trail while on a mountain bike. The bike hit a rock and the bike patroller fell off and landed on another rock. He sustained a fractured right femur that required hospitalization.,Hospitalized=1.00; Amputation=0.00; Loss of Eye=0.00,OSHA severe injury report,osha-text-28885fd773b5,664cf1eea80b58236f502f41d800966dfb1f6af6c8f615dec5f001271da3c712,GENERAL,GENERAL,medium,train_addition,deterministic_diversity_and_keyword_retrieval_before_annotation_no_model_predictions
EXP-V0.4-0847,OSHA-SIR-2024032168,OSHA_SIR,2024032168,2024,Incident," Explosion of nonpressurized vapors, gases, or liquids ","WHITNEY POINT, NEW YORK","An employee was using a grinder on a cattle gate when a spark from the grinder ignited gas in the area, leading to an explosion. A fire also started and the employee suffered second- and third-degree burns to their back.",Hospitalized=1.00; Amputation=0.00; Loss of Eye=0.00,OSHA severe injury report,osha-text-163deeedbf5a,85d96fcba88d0926d31f4174b7bd795d2c768d1d07150b8a06d5b75f92ffa8be,LSR05;HIGH_RISK,LSR05,medium,train_addition,deterministic_diversity_and_keyword_retrieval_before_annotation_no_model_predictions
EXP-V0.4-0848,OSHA-SIR-20201211741,OSHA_SIR,20201211741,2020,Incident,"Nonroadway noncollision incident, n.e.c.","CAPE GIRARDEAU, MISSOURI","An employee was pushing brush with a skid steer. A large tree branch broke, crashed through the windshield, and entered the cab, striking the employee in the abdomen. The employee suffered broken ribs and internal injuries that required surgery.",Hospitalized=1.00; Amputation=0.00; Loss of Eye=0.00,OSHA severe injury report,osha-text-0e953ac1b75a,2e1651048355dab95fae192266db10b8865d7c2bdde2e3a14448201cc69bffc9,GENERAL,GENERAL,medium,train_addition,deterministic_diversity_and_keyword_retrieval_before_annotation_no_model_predictions
EXP-V0.4-0849,OSHA-SIR-2018088482,OSHA_SIR,2018088482,2018,Incident,"Pedestrian vehicular incident, n.e.c.","BROOKLYN, NEW YORK","An employee was installing street lamps from an aerial lift bucket when a car struck the aerial lift's control panel. His right hand was then crushed between the bucket and structural steel, requiring hospitalization.",Hospitalized=1.00; Amputation=0.00; Loss of Eye=0.00,OSHA severe injury report,osha-text-9540f644534b,fe0be09a74e936df2e5a6db728c22a3d6ca46710d7054d86d908f968994311b6,LSR03;LSR06;HIGH_RISK,LSR03,medium,train_addition,deterministic_diversity_and_keyword_retrieval_before_annotation_no_model_predictions
EXP-V0.4-0850,OSHA-SIR-2021043427,OSHA_SIR,2021043427,2021,Incident,"Explosion of nonpressurized vapors, gases, or liquids","PINE BLUFF, ARKANSAS","On April 25, 2021, at 8:56 AM, natural gas pressure increased at the fuel skids which activated one of the pressure safety valves. An employee was dispatched to shut off the gas supply remotely. Natural gas discharged from the PSV and accumulated in four adjacent enclosures that house operating equipment. The gas vapors ignited and an explosion occurred. The employee was burned on both arms and hands, their face, and lower torso. The employee was hospitalized.",Hospitalized=1.00; Amputation=0.00; Loss of Eye=0.00,OSHA severe injury report,osha-text-24b61faebae4,22e7a87c3647183998a5d003a3f8fa6643fec36fcee1162b2fa5db952f3f8443,HIGH_RISK,HIGH_RISK,long,train_addition,deterministic_diversity_and_keyword_retrieval_before_annotation_no_model_predictions
EXP-V0.4-0851,OSHA-SIR-2019021851,OSHA_SIR,2019021851,2019,Incident,Fall while sitting,"ORLANDO, FLORIDA","A chair slid out from under an employee as the employee sat down. The employee landed on the ground, suffering a tailbone injury (possibly a fracture). The employee was hospitalized.",Hospitalized=1.00; Amputation=0.00; Loss of Eye=0.00,OSHA severe injury report,osha-text-985df345696e,103f9fc74155bbf8692bf1acbbbe695b19c1347df861109370a483805b1655d8,GENERAL,GENERAL,medium,train_addition,deterministic_diversity_and_keyword_retrieval_before_annotation_no_model_predictions
EXP-V0.4-0852,OSHA-SIR-2020109673,OSHA_SIR,2020109673,2020,Incident,Fall from pedal cycle,"STRATFORD, CONNECTICUT","On October 11, 2020, an employee was commuting to work on his bike. The employee rode over a speed bump on the company property and fell off his bike, sustaining a rib fracture, a scapula fracture, and a spinal compression fracture.",Hospitalized=1.00; Amputation=0.00; Loss of Eye=0.00,OSHA severe injury report,osha-text-83a043bec88d,44eb5d48428cdf3b24ee2ab3b9352ddff2586b35771be733113736552c4907b3,GENERAL,GENERAL,medium,train_addition,deterministic_diversity_and_keyword_retrieval_before_annotation_no_model_predictions
EXP-V0.4-0853,OSHA-SIR-2018043694,OSHA_SIR,2018043694,2018,Incident,Contact with hot objects or substances,"SEARCY, ARKANSAS","An employee was feeding foil inner lid seals into the shuttle stacker on a pint filler machine when some of the seals fell onto the conveyor. The employee attempted to grab a stack of the seals from the conveyor. Her right hand was then caught and pulled into the machine, making contact with the heat seals. She sustained third degree burns on her right palm and forearm and multiple lacerations to her hand and arm, requiring hospitalization. The machine was running at the time of the incident.",Hospitalized=1.00; Amputation=0.00; Loss of Eye=0.00,OSHA severe injury report,osha-text-595f10419970,3d81558d14eea23a44c0999f11b07fbb52949279b400dc29a76379eadc94b9ed,HAZARD_TERM_POSSIBLE_NON_SIF,HAZARD_TERM_POSSIBLE_NON_SIF,long,train_addition,deterministic_diversity_and_keyword_retrieval_before_annotation_no_model_predictions
EXP-V0.4-0854,OSHA-SIR-2018032938,OSHA_SIR,2018032938,2018,Incident,"Struck by swinging or slipping object, other than handheld, unspecified  ","BRISTOL, PENNSYLVANIA",An employee was directing the lowering of a trench box while standing on a sewer inlet when the box swung and crushed his foot between it and the sewer inlet.,Hospitalized=1.00; Amputation=0.00; Loss of Eye=0.00,OSHA severe injury report,osha-text-8394c8d98a3b,d0989646b4689a1819432ba86addf7b03ed7c2677ff6f20b17f52e9ff3bef7c2,LSR02;LSR06;HIGH_RISK,LSR02,short,train_addition,deterministic_diversity_and_keyword_retrieval_before_annotation_no_model_predictions
EXP-V0.4-0855,OSHA-SIR-20171111155,OSHA_SIR,20171111155,2017,Incident,Caught in running equipment or machinery during regular operation,"MISSOULA, MONTANA",An employee was changing a machine's router bit when the machine energized and lacerated the employee's right palm. The machine was plugged in at the time of the incident.,Hospitalized=1.00; Amputation=0.00; Loss of Eye=0.00,OSHA severe injury report,osha-text-1259d609427e,5c9adf278709aebc71432625c423321905bf867226d25efd11755910b303f783,LSR04,LSR04,short,train_addition,deterministic_diversity_and_keyword_retrieval_before_annotation_no_model_predictions
EXP-V0.4-0856,OSHA-SIR-20181010246,OSHA_SIR,20181010246,2018,Incident,Injured by physical contact during horseplay ,"WOODSTOCK, ILLINOIS","Two employees were engaged in horseplay with an industrial staple gun when the gun fired, impaling an employee on the right side of the abdomen. The employee was hospitalized for surgery.",Hospitalized=1.00; Amputation=0.00; Loss of Eye=0.00,OSHA severe injury report,osha-text-0a168b3344f5,f74e062af8c7aa546869cd8816fa032f2c58a44ecbc156151849067414765b37,GENERAL,GENERAL,medium,train_addition,deterministic_diversity_and_keyword_retrieval_before_annotation_no_model_predictions
EXP-V0.4-0857,OSHA-SIR-2023076931,OSHA_SIR,2023076931,2023,Incident,Struck against object or equipment while moving it,"HUDSON FALLS, NEW YORK",An employee was inspecting and moving a wooden pallet when an exposed nail lacerated his right forearm.,Hospitalized=1.00; Amputation=0.00; Loss of Eye=0.00,OSHA severe injury report,osha-text-2055efa86de7,2e8901ec2272c9785dee915b963b4884da50b21e2c005358580891d2ea0beb22,GENERAL,GENERAL,short,train_addition,deterministic_diversity_and_keyword_retrieval_before_annotation_no_model_predictions
EXP-V0.4-0858,OSHA-SIR-2017032789,OSHA_SIR,2017032789,2017,Incident,"Struck by rolling object or equipment-other than powered vehicle, unspecified","PEACH BOTTOM, PENNSYLVANIA",An employee was making a timber mat when a beam rolled over and broke his right ankle. He was hospitalized.,Hospitalized=1.00; Amputation=0.00; Loss of Eye=0.00,OSHA severe injury report,osha-text-3f22e3ec7392,8da97f372239d62c36522bd94c1a0c5373ce99b7dd3bddf8cf848588442cdcc9,GENERAL,GENERAL,short,train_addition,deterministic_diversity_and_keyword_retrieval_before_annotation_no_model_predictions
EXP-V0.4-0859,OSHA-SIR-2021021458,OSHA_SIR,2021021458,2021,Incident,Slip on vehicle without fall-nontransport,"SHEBOYGAN, WISCONSIN","An employee was dismounting an excavator after loading it onto a lowboy trailer. The employee slipped, but managed to catch the grab handle to avoid falling. The sudden stop ruptured a cyst in the employee's abdomen.",Hospitalized=1.00; Amputation=0.00; Loss of Eye=0.00,OSHA severe injury report,osha-text-8b33de3830b4,897cc1ef27742224164210ad14b3717f85b82b584070d802a697094f77c52fe9,GENERAL,GENERAL,medium,train_addition,deterministic_diversity_and_keyword_retrieval_before_annotation_no_model_predictions
EXP-V0.4-0860,OSHA-SIR-2025088532,OSHA_SIR,2025088532,2025,Incident, Struck by running powered equipment  unspecified,"CHICAGO, ILLINOIS","On August 26, 2025, a temporary employee was assisting a mechanic. The employee was on an overhead crane, removing a chain hoist attachment over a large plating tank. When the platform of the crane was moved, the employee became caught between the platform's railing and a support beam. The employee sustained a punctured lung and fractures to their clavicles, humerus, and ribs.",Hospitalized=1.00; Amputation=0.00; Loss of Eye=0.00,OSHA severe injury report,osha-text-3c02eebdd6ca,30ea338d9612138c8b2314a60f55f035a0bccca87e6c0442c26f678e3de89b68,LSR02;LSR06;LSR07,LSR02,long,train_addition,deterministic_diversity_and_keyword_retrieval_before_annotation_no_model_predictions
EXP-V0.4-0861,OSHA-SIR-2023043737,OSHA_SIR,2023043737,2023,Incident,"Intentional injury by other person, n.e.c.","BIRMINGHAM, ALABAMA","An employee was working when a customer picked up a jump box and fled the store without paying. The employee was then struck by the customer's vehicle, resulting in ankle fractures.",Hospitalized=1.00; Amputation=0.00; Loss of Eye=0.00,OSHA severe injury report,osha-text-d1db84d07f8d,a3abdcb05042147e9495a0855e43a8523f343ef61d076e9240b7c513264620fa,LSR03;LSR06;HAZARD_TERM_POSSIBLE_NON_SIF,LSR03,medium,train_addition,deterministic_diversity_and_keyword_retrieval_before_annotation_no_model_predictions
EXP-V0.4-0862,OSHA-SIR-2017043523,OSHA_SIR,2017043523,2017,Incident,"Fall to lower level, unspecified","KEENE, NORTH DAKOTA",An employee was adjusting a rathole ring clamp. The ring clamp slipped off the rathole and the employee lost his balance and fell into the cellar resulting in a broken ankle.,Hospitalized=1.00; Amputation=0.00; Loss of Eye=0.00,OSHA severe injury report,osha-text-d5add5228f69,bdf868e9cd9f7a3d70510cdb16282007dbae8d816f95b736db020ad5cd4e0085,GENERAL,GENERAL,short,train_addition,deterministic_diversity_and_keyword_retrieval_before_annotation_no_model_predictions
EXP-V0.4-0863,OSHA-SIR-2016010912,OSHA_SIR,2016010912,2016,Incident,"Fall on same level due to tripping, n.e.c.","OKLAHOMA CITY, OKLAHOMA","An employee was participating in annual emergency egress aircraft training. The toe of the employee's left boot caught the top portion of the inflated slide, causing the employee's leg to bend slightly at the knee. As the employee landed on the emergency egress slide, the left leg became wedged under the body and twisted. The employee's left leg and foot were fractured, requiring hospitalization.",Hospitalized=1.00; Amputation=0.00; Loss of Eye=0.00,OSHA severe injury report,osha-text-79bcc38704ac,da15a524785f36c9e509173b6e7d01318fa3308e2b531c4c275a9cdd537eefb0,GENERAL,GENERAL,long,train_addition,deterministic_diversity_and_keyword_retrieval_before_annotation_no_model_predictions
EXP-V0.4-0864,OSHA-SIR-2015085393,OSHA_SIR,2015085393,2015,Incident,"Fall on same level while climbing stairs, steps, or curbs","CALVERT, ALABAMA","An employee was walking up some steps and fell. During the fall, he cut his right bicep on a piece of metal.",Hospitalized=1.00; Amputation=0.00; Loss of Eye=0.00,OSHA severe injury report,osha-text-f149607d995b,8ab0437bf7cd24dd59a99fc229e76ba1bf7840d2d11e6eaccd75dbd3dd1e0751,HAZARD_TERM_POSSIBLE_NON_SIF,HAZARD_TERM_POSSIBLE_NON_SIF,short,train_addition,deterministic_diversity_and_keyword_retrieval_before_annotation_no_model_predictions
EXP-V0.4-0865,OSHA-SIR-2025076643,OSHA_SIR,2025076643,2025,Incident," Slip, trip, stumble on same level  without fall","VIDOR, TEXAS","An employee was preparing to conduct a 6-foot welding operation to repair a ladle plate. When he stepped forward on a scaffolding platform to conduct the weld, his right foot slipped and his right ankle was wrenched and broken. He was hospitalized.",Hospitalized=1.00; Amputation=0.00; Loss of Eye=0.00,OSHA severe injury report,osha-text-b157ae3d2a87,f5ae0508001f99e43adf361ddc3c5ae824801a170f04cf29071b49fffb28a671,LSR05;HAZARD_TERM_POSSIBLE_NON_SIF,LSR05,medium,train_addition,deterministic_diversity_and_keyword_retrieval_before_annotation_no_model_predictions
EXP-V0.4-0866,OSHA-SIR-2021043460,OSHA_SIR,2021043460,2021,Incident,"Slip without fall, unspecified","WICHITA, KANSAS","An employee was stepping down from a platform to the floor when they slipped and rolled their right ankle, resulting in a fracture.",Hospitalized=1.00; Amputation=0.00; Loss of Eye=0.00,OSHA severe injury report,osha-text-f1ce3b207807,c55a2b6381ed01d94928f7c556ce3d128c7032213d23fdb32c608bd1d66e9c4d,GENERAL,GENERAL,short,train_addition,deterministic_diversity_and_keyword_retrieval_before_annotation_no_model_predictions
EXP-V0.4-0867,OSHA-SIR-2018066165,OSHA_SIR,2018066165,2018,Incident,"Struck by dislodged flying object, particle","KARNES CITY, TEXAS","An employee was grinding a piece of metal when the grinding wheel shattered, lacerating the employee's right hand.",Hospitalized=1.00; Amputation=0.00; Loss of Eye=0.00,OSHA severe injury report,osha-text-c49267a4c3cb,58c8778bb89f5993fed80ee7e7848951ea29e1e14e568052ca9799f676f4c50c,LSR05,LSR05,short,train_addition,deterministic_diversity_and_keyword_retrieval_before_annotation_no_model_predictions
EXP-V0.4-0868,OSHA-SIR-2018088450,OSHA_SIR,2018088450,2018,Incident,Fall on same level due to tripping over an object ,"MONTICELLO, ARKANSAS","An employee had stopped welding at a small part welding station and was walking around the table when he tripped on the welding leads and fell to the concrete floor, breaking his hip. He was hospitalized and had surgery.",Hospitalized=1.00; Amputation=0.00; Loss of Eye=0.00,OSHA severe injury report,osha-text-5b7a4c590ecf,e2a8049d2e691d9447caf0b5d657073bb464805aa0e777878466019c38008b00,LSR05,LSR05,medium,train_addition,deterministic_diversity_and_keyword_retrieval_before_annotation_no_model_predictions
EXP-V0.4-0869,OSHA-SIR-2015118576,OSHA_SIR,2015118576,2015,Incident,"Caught in running equipment or machinery, n.e.c.","GADSDEN, ALABAMA",An employee was between a bolster and a press frame when the bolster rolled on and crushed his right foot and ankle.,Hospitalized=1.00; Amputation=0.00; Loss of Eye=0.00,OSHA severe injury report,osha-text-e11ea893fa5d,18810aa5e03ac174ddc19cca59b1e2886cd5680caca12c5562e983f5acddba44,LSR06;HIGH_RISK,LSR06,short,train_addition,deterministic_diversity_and_keyword_retrieval_before_annotation_no_model_predictions
EXP-V0.4-0870,OSHA-SIR-2021021723,OSHA_SIR,2021021723,2021,Incident,"Fall on same level, unspecified","NEWARK, OHIO","An employee was pulling a scrap cart out of a machine. The employee fell backwards to the floor, suffering a broken ankle.",Hospitalized=1.00; Amputation=0.00; Loss of Eye=0.00,OSHA severe injury report,osha-text-ad47e8df83d3,7f3c3e65448fdabc101e74c78fe2fa082b8dc138bc2f1fa1af4e8b8496f0d501,HAZARD_TERM_POSSIBLE_NON_SIF,HAZARD_TERM_POSSIBLE_NON_SIF,short,train_addition,deterministic_diversity_and_keyword_retrieval_before_annotation_no_model_predictions
EXP-V0.4-0871,OSHA-SIR-2019010252,OSHA_SIR,2019010252,2019,Incident,"Struck by rolling object or equipment-other than powered vehicle, unspecified","OHIO, ILLINOIS",An employee was conducting welding operations when a steel pipe rolled onto his leg. His lower left leg was broken.,Hospitalized=1.00; Amputation=0.00; Loss of Eye=0.00,OSHA severe injury report,osha-text-bcb4bde2e842,297a706e27ecba09e3d664c2c11803dcdfe89efb897c8a399e02a641504afc61,LSR05,LSR05,short,train_addition,deterministic_diversity_and_keyword_retrieval_before_annotation_no_model_predictions
EXP-V0.4-0872,OSHA-SIR-2025098932,OSHA_SIR,2025098932,2025,Incident, Struck by running powered equipment  n.e.c.,"NEWINGTON, NEW HAMPSHIRE","An employee was moving a pan through the pan building and was struck by the superstructure of a crane, resulting in a fractured hip.",Hospitalized=1.00; Amputation=0.00; Loss of Eye=0.00,OSHA severe injury report,osha-text-6e877284977f,5fc045419738026f821121efc3495d720a8d4137f20cd28b360aa56e5a1bb0a1,LSR06;LSR07,LSR06,short,train_addition,deterministic_diversity_and_keyword_retrieval_before_annotation_no_model_predictions
EXP-V0.4-0873,OSHA-SIR-2023065681,OSHA_SIR,2023065681,2023,Incident,"Exposure through intact skin, eyes, or other exposed tissue","CARTERSVILLE, GEORGIA","On June 26, 2023, an employee was looking under a caustic tank to determine whether the bolts on the flange would need to be cut off. The tank overflowed and sodium hydroxide solution contacted the employee, resulting in chemical burns to the employee's eyes, face, neck, shoulder, and right arm. The employee was hospitalized.",Hospitalized=1.00; Amputation=0.00; Loss of Eye=0.00,OSHA severe injury report,osha-text-7bd87321e2e7,632ad3b4a159d05f585c7319f4fd561d30e1b582ba0ba91fff99c304bc01ffbb,LSR02;HAZARD_TERM_POSSIBLE_NON_SIF,LSR02,medium,train_addition,deterministic_diversity_and_keyword_retrieval_before_annotation_no_model_predictions
EXP-V0.4-0874,OSHA-SIR-2018010665,OSHA_SIR,2018010665,2018,Incident,"Nonroadway noncollision incident, unspecified","GREENVILLE, OHIO","An employee was operating a forklift and when he tried to stop the forklift it slid on the frozen floor. As the forklift was sliding, the employee dismounted the lift and sustained a laceration and fracture of the left arm.",Hospitalized=1.00; Amputation=0.00; Loss of Eye=0.00,OSHA severe injury report,osha-text-3e1f952c2b79,97ef076b4f4dda598fee1a7d7cbfbbb8dbd9ece124061d3dc64b7286f3fd1b00,LSR03;HAZARD_TERM_POSSIBLE_NON_SIF,LSR03,medium,train_addition,deterministic_diversity_and_keyword_retrieval_before_annotation_no_model_predictions
EXP-V0.4-0875,OSHA-SIR-2018065370,OSHA_SIR,2018065370,2018,Incident,"Slip or trip without fall, n.e.c.","GREAT LAKES, ILLINOIS",An employee was carrying an air siren mast when he lost his balance and broke his ankle.,Hospitalized=1.00; Amputation=0.00; Loss of Eye=0.00,OSHA severe injury report,osha-text-b7ee59d84007,d5f9b43b5896e9a6c957c441016d3a628e75440511e80d78e50d0bb5db2c154b,GENERAL,GENERAL,short,train_addition,deterministic_diversity_and_keyword_retrieval_before_annotation_no_model_predictions
EXP-V0.4-0876,OSHA-SIR-2020054464,OSHA_SIR,2020054464,2020,Incident,Pedestrian struck by vehicle backing up in nonroadway area,"WHEAT RIDGE, COLORADO",An employee was operating a forklift and got off the lift to pick some product when another employee got on the forklift and backed up over his foot. He suffered broken toes and required stitches.,Hospitalized=1.00; Amputation=0.00; Loss of Eye=0.00,OSHA severe injury report,osha-text-56b447a02fce,3beeba46df7a8f47de4ab5ee1bf136c04698388537ef3424d3c16bb2ec68af16,LSR03;LSR07,LSR03,medium,train_addition,deterministic_diversity_and_keyword_retrieval_before_annotation_no_model_predictions
EXP-V0.4-0877,OSHA-SIR-20161110748,OSHA_SIR,20161110748,2016,Incident,"Fall, slip, trip, n.e.c.","MOULTON, ALABAMA","An employee was replacing the bearing of a poultry elevator and separator using a hammer and wrench. When he hit the sprocket to gain access to the bearing, the sprocket came loose and caused the elevator to fall. The employee jumped back and the force from landing broke his right foot and lower right leg.",Hospitalized=1.00; Amputation=0.00; Loss of Eye=0.00,OSHA severe injury report,osha-text-9ae7a6dec4d1,18436bc0be2541dde4349eb0642625a7507bbc38952fef6d60fe8601d260b284,GENERAL,GENERAL,medium,train_addition,deterministic_diversity_and_keyword_retrieval_before_annotation_no_model_predictions
EXP-V0.4-0878,OSHA-SIR-2020087280,OSHA_SIR,2020087280,2020,Incident,"Transportation incident, unspecified","ROCKTON, ILLINOIS",A forklift collision broke an employee's heel and ankle.,Hospitalized=1.00; Amputation=0.00; Loss of Eye=0.00,OSHA severe injury report,osha-text-9785ab572bec,da9cf5c61912930f96b92b2b0593e0d201e0c4636822cc02bd25b9a6bb11bcdb,LSR03;HAZARD_TERM_POSSIBLE_NON_SIF,LSR03,short,train_addition,deterministic_diversity_and_keyword_retrieval_before_annotation_no_model_predictions
EXP-V0.4-0879,OSHA-SIR-2016075970,OSHA_SIR,2016075970,2016,Incident,"Thrown, fell, or jumped from animal being ridden","ESTES PARK, COLORADO","An employee was riding a horse on patrol when the horse became spooked and threw the employee, who fell 35 feet down the hillside. The employee suffered head lacerations and broke eight ribs and the sternum.",Hospitalized=1.00; Amputation=0.00; Loss of Eye=0.00,OSHA severe injury report,osha-text-b065920169b9,44e97e874b435d8c1e883fd2ca598cafdebd46d8b183624a385d563ad38a8e55,HIGH_RISK,HIGH_RISK,medium,train_addition,deterministic_diversity_and_keyword_retrieval_before_annotation_no_model_predictions
EXP-V0.4-0880,OSHA-SIR-2018065375,OSHA_SIR,2018065375,2018,Incident,Exposure to environmental heat,"MINEOLA, TEXAS",An employee was performing rigging down to move the rig and began experiencing symptoms of heat-related illness including cramps.,Hospitalized=1.00; Amputation=0.00; Loss of Eye=0.00,OSHA severe injury report,osha-text-01c234323fc9,edc14ddf3b98e411c4e6f01a0818db99ffdbf46e383bb8a8d6a8efae48ecbbef,LSR07,LSR07,short,train_addition,deterministic_diversity_and_keyword_retrieval_before_annotation_no_model_predictions
EXP-V0.4-0881,OSHA-SIR-2023043858,OSHA_SIR,2023043858,2023,Incident,Other jump to lower level less than 6 feet,"ODESSA, TEXAS",An employee was taking trash to the push dumpster and dropped something into the dumpster. The employee jumped approximately 3 feet into the dumpster to retrieve it and sustained a broken ankle.,Hospitalized=1.00; Amputation=0.00; Loss of Eye=0.00,OSHA severe injury report,osha-text-ea5d6f559e5a,7f5d85bc8b8d0a19ae9f0f013c0567b8e9087720e6bb983efd24792b2313338b,GENERAL,GENERAL,medium,train_addition,deterministic_diversity_and_keyword_retrieval_before_annotation_no_model_predictions
EXP-V0.4-0882,OSHA-SIR-2017099170,OSHA_SIR,2017099170,2017,Incident,Fall through surface or existing opening 16 to 20 feet,"PITTSBURGH, PENNSYLVANIA","An employee was dismantling a scaffold. While walking across two 7' steel scaffold planks, the planks separated and the employee fell 18 feet through the gap to the concrete surface below. The employee sustained a fractured left clavicle, fractured arm and a collapsed lung.",Hospitalized=1.00; Amputation=0.00; Loss of Eye=0.00,OSHA severe injury report,osha-text-407731086138,ada82e086d6072ad7f0d76b413a3713182fa92157897e650a9595498ec1a8b30,LSR09;HIGH_RISK,LSR09,medium,train_addition,deterministic_diversity_and_keyword_retrieval_before_annotation_no_model_predictions
EXP-V0.4-0883,OSHA-SIR-20181212937,OSHA_SIR,20181212937,2018,Incident,"Struck, caught, or crushed in other collapsing structure or equipment","WYNNEWOOD, OKLAHOMA","An employee was inside a rebar cage, helping a coworker hook up chains to rig for lifting. The cage shifted and the rebar collapsed to one side; the employee suffered crushing injuries to the chest and an ankle contusion. He was hospitalized.",Hospitalized=1.00; Amputation=0.00; Loss of Eye=0.00,OSHA severe injury report,osha-text-616b3cbdbc6e,17fc23ed993ff6af41f83f8e4ffbbefc35fe1f1846750d682ba7469c57ed4548,GENERAL,GENERAL,medium,train_addition,deterministic_diversity_and_keyword_retrieval_before_annotation_no_model_predictions
EXP-V0.4-0884,OSHA-SIR-2024043217,OSHA_SIR,2024043217,2024,Incident," Nonroadway noncollision  Struck by shifting, dislodged load in transport","BARTLESVILLE, OKLAHOMA",An employee was using a forklift to load a trailer with a tubular motor. The motor rolled between the forks and fell onto the employee's left leg. The employee sustained multiple fractures to the lower leg.,Hospitalized=1.00; Amputation=0.00; Loss of Eye=0.00,OSHA severe injury report,osha-text-87651f40f5f8,440e09286ce73b969dc4c2546310635c4a77d31a79f7974bd8cc16dd63db6f5c,LSR03;LSR07,LSR03,medium,train_addition,deterministic_diversity_and_keyword_retrieval_before_annotation_no_model_predictions
EXP-V0.4-0885,OSHA-SIR-2021021682,OSHA_SIR,2021021682,2021,Incident,Caught between rolling powered vehicle and other object,"OKLAHOMA CITY, OKLAHOMA","An associate was troubleshooting a faulty electrical component on a golf cart equipped with a flatbed when the cart energized and started to move backward. The associate grabbed the front of the cart; the cart's directional switch was then flipped, causing the cart to move forward and push him against a stationary forklift. The associate was hospitalized with a fractured right hip.",Hospitalized=1.00; Amputation=0.00; Loss of Eye=0.00,OSHA severe injury report,osha-text-132b2057f280,a24256af88295b48539138dade92ee811be7a8cc3d0df6c1cd3c356d7769b291,LSR03;LSR04,LSR03,long,train_addition,deterministic_diversity_and_keyword_retrieval_before_annotation_no_model_predictions
EXP-V0.4-0886,OSHA-SIR-2019010182,OSHA_SIR,2019010182,2019,Incident,Pedestrian struck by forward-moving vehicle in nonroadway area,"GRAND PRAIRIE, TEXAS","An employee was standing next to a building post when a tote, carried on a forklift, crushed his right ring finger. The tip was amputated.",Hospitalized=1.00; Amputation=1.00; Loss of Eye=0.00,OSHA severe injury report,osha-text-673c88e943ef,c4d56a142daa4242ecde7784aac76f63dc6e5ea73b06fe1348ed25cbaa3215f8,LSR03;LSR06;HIGH_RISK;HAZARD_TERM_POSSIBLE_NON_SIF,LSR03,short,train_addition,deterministic_diversity_and_keyword_retrieval_before_annotation_no_model_predictions
EXP-V0.4-0887,OSHA-SIR-2018088917,OSHA_SIR,2018088917,2018,Incident,"Fall on same level, unspecified","BALDWIN, FLORIDA","A maintenance mechanic was welding a piece of furnace structure with a portable welding machine when he fell forward. He came into contact with a hot object, possibly a welding rod, and suffered a minor burn and bruising to the right eyelid. He hospitalized.",Hospitalized=1.00; Amputation=0.00; Loss of Eye=0.00,OSHA severe injury report,osha-text-13cf497c5006,c551cfda1872a4fb61935ff09913f32da921e7ef9a38a258f39fa81400ccc217,LSR05,LSR05,medium,train_addition,deterministic_diversity_and_keyword_retrieval_before_annotation_no_model_predictions
EXP-V0.4-0888,OSHA-SIR-2018010763,OSHA_SIR,2018010763,2018,Incident,Injured by slipping or swinging object held by other person,"RICHARDSON, TEXAS","An employee was screwing a mechanical bar into rebar in concrete but was having trouble threading the bars. He used a drill to try to get the bar to go in, and caught the glove of another employee in the drill. This caused the injured employee's left hand to spin around breaking his left pinky and index fingers and dislocating his ring and middle fingers.",Hospitalized=1.00; Amputation=0.00; Loss of Eye=0.00,OSHA severe injury report,osha-text-d3ece47ba2c6,c6ea12a09d0e8fa969d9c3f2bdcb1d9ee9b5af7e06adecade94ed08d3d7b5c73,GENERAL,GENERAL,medium,train_addition,deterministic_diversity_and_keyword_retrieval_before_annotation_no_model_predictions
EXP-V0.4-0889,OSHA-SIR-2024109857,OSHA_SIR,2024109857,2024,Incident, Compressed between running equipment and other object(s),"CHILDERSBURG, ALABAMA","An employee was covering railroad crossties with dirt using a shovel near backhoe equipment. The backhoe hit a hard spot causing the stabilizer to shift approximately one foot, pinning the employee's foot against the rail. Their right ankle was broken.",Hospitalized=1.00; Amputation=0.00; Loss of Eye=0.00,OSHA severe injury report,osha-text-aa6eed3b2e9e,b785a8f2e0a413436a61be8921970c12a913061e9371f853fe40b62f38054b02,HAZARD_TERM_POSSIBLE_NON_SIF,HAZARD_TERM_POSSIBLE_NON_SIF,medium,train_addition,deterministic_diversity_and_keyword_retrieval_before_annotation_no_model_predictions
EXP-V0.4-0890,OSHA-SIR-2015107663,OSHA_SIR,2015107663,2015,Incident,"Bites and stings, unspecified","CANTON, TEXAS",An employee was under a house checking the propane line for leaks. While he was under the house he was bitten by a snake.,Hospitalized=1.00; Amputation=0.00; Loss of Eye=0.00,OSHA severe injury report,osha-text-70d4fc9342a8,f3a62579d8b540dce8a41a288e8f00faa2dd9a6510924717ddf4ecf07bb93895,GENERAL,GENERAL,short,train_addition,deterministic_diversity_and_keyword_retrieval_before_annotation_no_model_predictions
EXP-V0.4-0891,OSHA-SIR-2023065621,OSHA_SIR,2023065621,2023,Incident,"Nonroadway collision with object other than vehicle, unspecified","FISHKILL, NEW YORK","An employee was driving a forklift and struck a pole, resulting in a broken left ankle.",Hospitalized=1.00; Amputation=0.00; Loss of Eye=0.00,OSHA severe injury report,osha-text-d50a7b20f6af,26861a8c3f9042f4e3fe7e62984ae824ee2adfc4a41fb5b68902a5ed7b176da1,LSR03;HAZARD_TERM_POSSIBLE_NON_SIF,LSR03,short,train_addition,deterministic_diversity_and_keyword_retrieval_before_annotation_no_model_predictions
EXP-V0.4-0892,OSHA-SIR-2018066345,OSHA_SIR,2018066345,2018,Incident,"Pedestrian vehicular incident, n.e.c.","LANCASTER, PENNSYLVANIA","An employee was walking next to a ramp while a forklift was bringing a 10-foot wooden crate down the ramp. The crate's door swung open; the employee was trying to close it when the forklift began moving backward. The employee's right arm was caught between the door and a metal beam, causing a substantial laceration near the elbow.",Hospitalized=1.00; Amputation=0.00; Loss of Eye=0.00,OSHA severe injury report,osha-text-a3434f7405ae,0fc6c3d52addd6c7a27fca53a3aade75730a210330a61cdb8be8e7c2246599db,LSR03;LSR06;HAZARD_TERM_POSSIBLE_NON_SIF,LSR03,medium,train_addition,deterministic_diversity_and_keyword_retrieval_before_annotation_no_model_predictions
EXP-V0.4-0893,OSHA-SIR-2018043493,OSHA_SIR,2018043493,2018,Incident,"Other jump to lower level, unspecified","PITTSBURGH, PENNSYLVANIA","An employee used a step ladder to get onto a flat trailer and then climbed onto a precast plank. At the same time, a crane was lowering clamps onto a nearby plank to lift it. As the crane lifted the plank off of the truck, the plank came toward the employee. He jumped from the precast plank and trailer to the ground and landed on large rocks. His left leg rolled, breaking his left ankle. He was hospitalized and had surgery.",Hospitalized=1.00; Amputation=0.00; Loss of Eye=0.00,OSHA severe injury report,osha-text-5711859a1884,8091efd3508e4e0631d0bba3f4c8d37d8b1de4c1a37e39d2e393ce3155d20d80,LSR03;LSR07;LSR09;HAZARD_TERM_POSSIBLE_NON_SIF,LSR03,long,train_addition,deterministic_diversity_and_keyword_retrieval_before_annotation_no_model_predictions
EXP-V0.4-0894,OSHA-SIR-2019043746,OSHA_SIR,2019043746,2019,Incident,"Slip or trip without fall, n.e.c.","PENSACOLA, FLORIDA","An employee was stocking in a frozen food department when she was thrown off balance by an L-cart of freight and the tape around it. She stumbled and twisted her right ankle. The ankle was dislocated and fractured, requiring surgery.",Hospitalized=1.00; Amputation=0.00; Loss of Eye=0.00,OSHA severe injury report,osha-text-a4e758bf21fa,fd828123656840d4e5528e8b5a48ca63fa5de74feb12c32d58cb14adfc45aa41,GENERAL,GENERAL,medium,train_addition,deterministic_diversity_and_keyword_retrieval_before_annotation_no_model_predictions
EXP-V0.4-0895,OSHA-SIR-2019054614,OSHA_SIR,2019054614,2019,Incident,Fall through surface or existing opening 16 to 20 feet,"TUSCALOOSA, ALABAMA",An employee walking across an existing metal roof stepped through a skylight and fell 20 feet to the floor below. The employee sustained two broken arms.,Hospitalized=1.00; Amputation=0.00; Loss of Eye=0.00,OSHA severe injury report,osha-text-4e314d71e03e,0106dcb7ec8d81bcb35b156644f06316c1d1ceeec86ba0260e282b060fc21cd3,LSR09;HIGH_RISK,LSR09,short,train_addition,deterministic_diversity_and_keyword_retrieval_before_annotation_no_model_predictions
EXP-V0.4-0896,OSHA-SIR-2025065779,OSHA_SIR,2025065779,2025,Incident, Exposure to electric arc,"PLEASANT PRAIRIE, WISCONSIN","A crew was installing a pistol (electrical connection) to a new section of underground electric cable. The injured employee went to align the cable and pistol and it contacted a live bushing instead of the grounded bushing. An arc flash occurred. The employee sustained second-degree electrical burns to his left forearm and right hand, index finger, and thumb. The employee was hospitalized.",Hospitalized=1.00; Amputation=0.00; Loss of Eye=0.00,OSHA severe injury report,osha-text-4e23884ef54f,514c15b122db2d85d0dd485b056460f21252d5cac08656e049c6f3e6fc44e190,HIGH_RISK;HAZARD_TERM_POSSIBLE_NON_SIF,HIGH_RISK,long,train_addition,deterministic_diversity_and_keyword_retrieval_before_annotation_no_model_predictions
EXP-V0.4-0897,OSHA-SIR-2016099266,OSHA_SIR,2016099266,2016,Incident,"Fall on same level, n.e.c. ","CHICAGO, ILLINOIS","An employee was setting up a grinding machine when he heard an unusual noise coming from the machine. He turned the machine off and looked inside. Something then flew out of the belt drive area and struck him in the face. He fell backwards and struck his head on the concrete floor, lacerating his lip and head and sustaining a concussion.",Hospitalized=1.00; Amputation=0.00; Loss of Eye=0.00,OSHA severe injury report,osha-text-34e6520cde75,ba8e29ebe4fa2ad1523cd632b781a77f1b9b9f61416e5c8f734d6e86c0b1a87e,LSR05,LSR05,medium,train_addition,deterministic_diversity_and_keyword_retrieval_before_annotation_no_model_predictions
EXP-V0.4-0898,OSHA-SIR-2017031925,OSHA_SIR,2017031925,2017,Incident,Stings and venomous bites,"SAN BENITO, TEXAS",An employee cutting trees around a service line received multiple bee stings and was hospitalized.,Hospitalized=1.00; Amputation=0.00; Loss of Eye=0.00,OSHA severe injury report,osha-text-bbb79644fa13,85c2d4942bd9598d0cc46c89e0288b51786a247bc1b7df4feeb8f3a3f7ec45a5,GENERAL,GENERAL,short,train_addition,deterministic_diversity_and_keyword_retrieval_before_annotation_no_model_predictions
EXP-V0.4-0899,OSHA-SIR-20181112209,OSHA_SIR,20181112209,2018,Incident,Excavation or trenching cave-in,"CINCINNATI, OHIO","On November 28, 2018, an employee was standing in a 4 1/2-foot trench when it collapsed. The falling clay/dirt broke the employee's left leg.",Hospitalized=1.00; Amputation=0.00; Loss of Eye=0.00,OSHA severe injury report,osha-text-773cbc5e4dbd,466b1c6dd34263caca2058f825833d4d7e42dd70342c703ed119223203aaf46b,GENERAL,GENERAL,short,train_addition,deterministic_diversity_and_keyword_retrieval_before_annotation_no_model_predictions
EXP-V0.4-0900,OSHA-SIR-2023098450,OSHA_SIR,2023098450,2023,Incident,"Other exertions or bodily reactions, n.e.c.","AUGUSTA, MAINE",An employee was leaving work to go home. She went to jump across a ditch to get to the parking lot when she sustained a fractured leg.,Hospitalized=1.00; Amputation=0.00; Loss of Eye=0.00,OSHA severe injury report,osha-text-4fd56752dc3a,73f88fdcbb519162a0a59c9f0fda98c28b6897b22a727968066527a16e43829f,GENERAL,GENERAL,short,train_addition,deterministic_diversity_and_keyword_retrieval_before_annotation_no_model_predictions
EXP-V0.4-0901,OSHA-SIR-2022032516,OSHA_SIR,2022032516,2022,Incident,Trip over an object without fall,"JONESBORO, ARKANSAS","At 3:23 p.m. on March 21, 2022, an employee was returning to her workstation when she tripped over a plastic band with her left foot, suffered a broken right femur as she tried to regain her balance, and collapsed to the floor. She was hospitalized.",Hospitalized=1.00; Amputation=0.00; Loss of Eye=0.00,OSHA severe injury report,osha-text-83766c2bdf12,e152aaa2ab80a0e5149c5254e1d359c5a18dc0d0c637d07ce68a54ccc387a2f3,GENERAL,GENERAL,medium,train_addition,deterministic_diversity_and_keyword_retrieval_before_annotation_no_model_predictions
EXP-V0.4-0902,OSHA-SIR-20161010281,OSHA_SIR,20161010281,2016,Incident,Vehicle or machinery fire,"MAUMELLE, ARKANSAS","An employee was refueling a job site crew boat on 10/31/16. He removed the boat battery to plug in the portable fuel pump. During fueling, some fuel ran over and spilled inside the boat. He turned off the fuel pump, cleaned up the area, and reinstalled the boat battery. A fire occurred. He put the fire out with a fire extinguisher and suffered hand and arm pain.",Hospitalized=1.00; Amputation=0.00; Loss of Eye=0.00,OSHA severe injury report,osha-text-48cf1c3e9af0,813714c4c689d0fadca1ca0af54e9bd6d06461bbc8b97c63c8363b9bb065f168,HAZARD_TERM_POSSIBLE_NON_SIF,HAZARD_TERM_POSSIBLE_NON_SIF,long,train_addition,deterministic_diversity_and_keyword_retrieval_before_annotation_no_model_predictions
EXP-V0.4-0903,OSHA-SIR-2015010205,OSHA_SIR,2015010205,2015,Incident,"Overexertion in pushing, pulling, or turning, unspecified","N CHELMSFORD, MASSACHUSETTS",An employee was hospitalized with broken ribs while pulling de-energized conductor wiring.,Hospitalized=1.00; Amputation=0.00; Loss of Eye=0.00,OSHA severe injury report,osha-text-90c2b0c847db,ce03afccfe18d88b130043090b2f522fe429293bc6c57bb1d7ca1f7b748c90e7,LSR04,LSR04,short,train_addition,deterministic_diversity_and_keyword_retrieval_before_annotation_no_model_predictions
EXP-V0.4-0904,OSHA-SIR-2023076800,OSHA_SIR,2023076800,2023,Incident,Fall through surface or existing opening 6 to 10 feet,"KANSAS CITY, MISSOURI",An employee was gathering plywood when they fell 10 feet through a hole in the floor. The employee sustained fractured ribs and required staples in their head.,Hospitalized=1.00; Amputation=0.00; Loss of Eye=0.00,OSHA severe injury report,osha-text-b1cd85fd7116,e249a1166f6009f81acd576aa615cbb30a655049c3991918b937998f788fdcf1,HIGH_RISK,HIGH_RISK,short,train_addition,deterministic_diversity_and_keyword_retrieval_before_annotation_no_model_predictions
EXP-V0.4-0905,OSHA-SIR-20161211493,OSHA_SIR,20161211493,2016,Incident,Fall while sitting,"BETHLEHEM, PENNSYLVANIA",An employee went to sit down on her office chair and only caught the front edge falling and fracturing her left femur.,Hospitalized=1.00; Amputation=0.00; Loss of Eye=0.00,OSHA severe injury report,osha-text-b97601ff6f28,76b352ee4544e5aac0bd5866b9f81b9ece7acf5f63de0e7ade2c3654a64122ee,GENERAL,GENERAL,short,train_addition,deterministic_diversity_and_keyword_retrieval_before_annotation_no_model_predictions
EXP-V0.4-0906,OSHA-SIR-2019065929,OSHA_SIR,2019065929,2019,Incident,Pedestrian struck by vehicle propelled by another vehicle in  nonroadway area,"DFW AIRPORT, TEXAS","An employee was working in an airplane's aft cargo section. A tug struck the belt loader and pushed it into the belly of the aircraft, where it scraped the employee's feet (causing swelling) and broke the employee's legs above the ankles.",Hospitalized=1.00; Amputation=0.00; Loss of Eye=0.00,OSHA severe injury report,osha-text-eb8b0bd95ef2,49093492a1fd98df04e737100e95ea2f50bad4d509d32e6f1270e85e98939a77,GENERAL,GENERAL,medium,train_addition,deterministic_diversity_and_keyword_retrieval_before_annotation_no_model_predictions
EXP-V0.4-0907,OSHA-SIR-2019076961,OSHA_SIR,2019076961,2019,Incident,"Direct exposure to electricity, unspecified","MADISON, WISCONSIN",An employee was preparing to cut a de-energized and grounded primary cable. An energized cable was cut and the employee was burned by an arc flash and hospitalized.,Hospitalized=1.00; Amputation=0.00; Loss of Eye=0.00,OSHA severe injury report,osha-text-c6127f91135d,d3dab6f7e0c38225a0415c1b8a8101a80ee4e38caa23525acb60b553fd32cfcc,LSR04;HIGH_RISK,LSR04,short,train_addition,deterministic_diversity_and_keyword_retrieval_before_annotation_no_model_predictions
EXP-V0.4-0908,OSHA-SIR-2025010255,OSHA_SIR,2025010255,2025,Incident, Struck by propelled object or substance  unspecified,"CHICAGO, ILLINOIS","An employee was unclogging product from a railcar hose using air pressure from a valve. The air hose coupling went out of control in the employee's right hand and struck the employee's right shin, resulting in a fractured tibia. The employee was hospitalized.",Hospitalized=1.00; Amputation=0.00; Loss of Eye=0.00,OSHA severe injury report,osha-text-6b9bb5d71153,0d9cf878189b94a430726c735cd8a3dd64e9165ac8e005f133e5cdde7d8c644e,HAZARD_TERM_POSSIBLE_NON_SIF,HAZARD_TERM_POSSIBLE_NON_SIF,medium,train_addition,deterministic_diversity_and_keyword_retrieval_before_annotation_no_model_predictions
EXP-V0.4-0909,OSHA-SIR-2022108667,OSHA_SIR,2022108667,2022,Incident,"Struck by object or equipment, unspecified","MINGO JUNCTION, OHIO","An employee was using a cutting torch to separate a railcar coupler/knuckle. The railcar coupler broke free and struck the employee, resulting in a broken femur.",Hospitalized=1.00; Amputation=0.00; Loss of Eye=0.00,OSHA severe injury report,osha-text-3654e6deb106,8a94f0de592a813cc0b66a0bcde2514f2ce3cb4b006fc2fee56678d6100993f6,LSR05,LSR05,short,train_addition,deterministic_diversity_and_keyword_retrieval_before_annotation_no_model_predictions
EXP-V0.4-0910,OSHA-SIR-2023053958,OSHA_SIR,2023053958,2023,Incident,Struck by other falling powered vehicle,"POINT LOOKOUT, MISSOURI","An employee was using a jack to remove the body from the frame of a truck that was up on a lift. While the employee was removing the body mounts, the jack slipped, and two metal plates on the truck crushed and partially amputated their right index fingertip.",Hospitalized=0.00; Amputation=1.00; Loss of Eye=0.00,OSHA severe injury report,osha-text-1a999d33d337,81c0d4a271002699ca3c0dcb441f5f0903cf325a0c69895b0ac0d095b70cb1f4,LSR03;LSR06;HIGH_RISK,LSR03,medium,train_addition,deterministic_diversity_and_keyword_retrieval_before_annotation_no_model_predictions
EXP-V0.4-0911,OSHA-SIR-20171212217,OSHA_SIR,20171212217,2017,Incident,Injured by physical contact during horseplay ,"HERSHEY, PENNSYLVANIA","An employee was knocked over by another employee, fracturing her right femur.",Hospitalized=1.00; Amputation=0.00; Loss of Eye=0.00,OSHA severe injury report,osha-text-9947402c4fc7,3cf3934d30a097887d32893781575ab61a577f8e3c39806b89bda93f4b8e907c,GENERAL,GENERAL,short,train_addition,deterministic_diversity_and_keyword_retrieval_before_annotation_no_model_predictions
EXP-V0.4-0912,OSHA-SIR-2021065002,OSHA_SIR,2021065002,2021,Incident,"Contact with objects and equipment, unspecified","KILLDEER, NORTH DAKOTA","An employee was connecting a 4-inch metal flex hose to a connection point. The hose slipped off the connection point and pinched the employee's right leg against a wellhead isolation valve, causing an open fracture to the femur.",Hospitalized=1.00; Amputation=0.00; Loss of Eye=0.00,OSHA severe injury report,osha-text-f8ace9f5e0da,7344c85c13615a785ca82d9589cb1e8b6d41e0ea910902e6d5dc82700fe5aed7,LSR04,LSR04,medium,train_addition,deterministic_diversity_and_keyword_retrieval_before_annotation_no_model_predictions
EXP-V0.4-0913,OSHA-SIR-2025043914,OSHA_SIR,2025043914,2025,Incident, Fall on same level  n.e.c.,"THOMASTON, GEORGIA","On April 27, 2025, an employee was going to assist with a jam where the plastic (PET) sheet was not moving to the grinder. The employee was walking over when the sheet caught their leg and caused them to fall on the concrete floor. The employee sustained a fractured hip.",Hospitalized=1.00; Amputation=0.00; Loss of Eye=0.00,OSHA severe injury report,osha-text-bc7c5500d644,88e68a329db9476e29aca004f7f1f6d711e675bb1bc3e4294ae2eb6964bf8512,LSR05,LSR05,medium,train_addition,deterministic_diversity_and_keyword_retrieval_before_annotation_no_model_predictions
EXP-V0.4-0914,OSHA-SIR-2019066024,OSHA_SIR,2019066024,2019,Incident,"Caught in or compressed by equipment or objects, n.e.c.","DAYTON, OHIO","An employee was guiding a steel header piece that was being lowered by a crane on top of a mold. When the crane set the header down, the employee's right index finger was caught between the piece and the mold. His right index finger was amputated.",Hospitalized=1.00; Amputation=1.00; Loss of Eye=0.00,OSHA severe injury report,osha-text-e4cfe0dc4a99,160a6cf4ffe0f6392dc3212b82264e6161ec4807fe17cf05684fd024c2fd4c4f,LSR06;LSR07;HAZARD_TERM_POSSIBLE_NON_SIF,LSR06,medium,train_addition,deterministic_diversity_and_keyword_retrieval_before_annotation_no_model_predictions
EXP-V0.4-0915,OSHA-SIR-2015021371,OSHA_SIR,2015021371,2015,Incident,"Fall to lower level, unspecified","TUMBLING SHOALS, ARKANSAS","Employee was at a different employer's facility walking down from an office in the upper floor when she fell from a staircase. She received a laceration to her head, bruised right shoulder and loss of consciousness. The employee was transported and admitted to the hospital.",Hospitalized=1.00; Amputation=0.00; Loss of Eye=0.00,OSHA severe injury report,osha-text-bfb7ca7cdd59,6e80b73056e98c119cf30fb3424b2f2acb6d4784645960cd4f25d6c75df720ea,GENERAL,GENERAL,medium,train_addition,deterministic_diversity_and_keyword_retrieval_before_annotation_no_model_predictions
EXP-V0.4-0916,OSHA-SIR-2020021064,OSHA_SIR,2020021064,2020,Incident,"Fall on same level due to tripping, n.e.c.","JACKSON, NEW JERSEY","An employee was carrying cold cuts to a shelf when he tripped over a customer and fell to the floor, suffering a broken humerus.",Hospitalized=1.00; Amputation=0.00; Loss of Eye=0.00,OSHA severe injury report,osha-text-804d01804e7f,25a570c57139c427c82816a5d759ad767a9593807b6718b3692ed46fc0341470,GENERAL,GENERAL,short,train_addition,deterministic_diversity_and_keyword_retrieval_before_annotation_no_model_predictions
EXP-V0.4-0917,OSHA-SIR-2020087575,OSHA_SIR,2020087575,2020,Incident,"Direct exposure to electricity, 220 volts or less","MIDDLETOWN, CONNECTICUT","While installing sheetrock in a closet, an employee received a electric shock to the right shoulder and left hand from a 110-volt temporary light. The employee was hospitalized.",Hospitalized=1.00; Amputation=0.00; Loss of Eye=0.00,OSHA severe injury report,osha-text-6e1a5f76cba9,b7f3904a39b40ec849ad37a91f30db732b4bad545f577ea336d2788c60d658c9,HAZARD_TERM_POSSIBLE_NON_SIF,HAZARD_TERM_POSSIBLE_NON_SIF,short,train_addition,deterministic_diversity_and_keyword_retrieval_before_annotation_no_model_predictions
EXP-V0.4-0918,OSHA-SIR-2016087181,OSHA_SIR,2016087181,2016,Incident,Other fall to lower level 16 to 20 feet,"HOUSTON, TEXAS","An employee was troubleshooting a light fixture when he came into contact with an energized circuit. He was working from a scissor lift at a height of approximately 19 feet. After the shock, he fell out of the scissor lift and landed on the concrete surface below, suffering multiple fractures and requiring hospitalization.",Hospitalized=1.00; Amputation=0.00; Loss of Eye=0.00,OSHA severe injury report,osha-text-1416e2997c88,d514e03ca2601a03c4cd066a46fb2ede781848c8e66b55905d3e161f9b0fa877,LSR04,LSR04,medium,train_addition,deterministic_diversity_and_keyword_retrieval_before_annotation_no_model_predictions
EXP-V0.4-0919,OSHA-SIR-2019088646,OSHA_SIR,2019088646,2019,Incident,Multiple types of exertions and bodily reactions,"HOUSTON, TEXAS","An employee was practicing football when his foot became stuck in the ground, resulting in a dislocated/fractured right ankle.",Hospitalized=1.00; Amputation=0.00; Loss of Eye=0.00,OSHA severe injury report,osha-text-3511c3ebb683,8ed2617c1b502108ce8d94db91d6c69882865e08179360d1f459948dc06b8708,GENERAL,GENERAL,short,train_addition,deterministic_diversity_and_keyword_retrieval_before_annotation_no_model_predictions
EXP-V0.4-0920,OSHA-SIR-2015053031,OSHA_SIR,2015053031,2015,Incident,Slip on substance without fall,"PINEVILLE, LOUISIANA","An employee was working with another crane operator to move a crane. The employee had taken in the outriggers on his side and was moving one of the pads to a designated spot on the crane. He was walking around to the other side of the crane where the other operator was still putting the outriggers up. He slipped in the muddy conditions and put his left hand out to catch himself. His hand landed on the outrigger being brought in, crushing his ring and middle finger resulting in the amputation of both fingers.",Hospitalized=0.00; Amputation=1.00; Loss of Eye=0.00,OSHA severe injury report,osha-text-a18fa5750543,3e91b1e9d78437f155a0d98b650051cabe0f435cac050047c4de3a03acf98673,LSR07;HAZARD_TERM_POSSIBLE_NON_SIF,LSR07,long,train_addition,deterministic_diversity_and_keyword_retrieval_before_annotation_no_model_predictions
EXP-V0.4-0921,OSHA-SIR-2019065965,OSHA_SIR,2019065965,2019,Incident,Fall from pedal cycle,"MESA VERDE NATIONAL PARK, COLORADO","An employee was riding a bike to go on patrol. As he was coming around the corner, a gust of wind began to blow off his hat. He used his right hand to keep his hat on and accidentally hit the front brake with his left hand. He then went over the handlebars and fractured the top of his left hip at the socket. He was hospitalized.",Hospitalized=1.00; Amputation=0.00; Loss of Eye=0.00,OSHA severe injury report,osha-text-22269e2ca1f0,3ffd4daec0f5db5a689378ecee34a5c48f0c7dc0498686a38eb5a8822a77e176,GENERAL,GENERAL,medium,train_addition,deterministic_diversity_and_keyword_retrieval_before_annotation_no_model_predictions
EXP-V0.4-0922,OSHA-SIR-2022087223,OSHA_SIR,2022087223,2022,Incident,Stings and venomous bites,"WIMAUMA, FLORIDA",An employee was pulling weeds at a job site when they were bitten by a poisonous snake on their right hand.,Hospitalized=1.00; Amputation=0.00; Loss of Eye=0.00,OSHA severe injury report,osha-text-be160cad7e6c,b22c09b7ad22e68b03c9eb4c30440750b8efc4cfe887e4e5ecb700b24497cee4,GENERAL,GENERAL,short,train_addition,deterministic_diversity_and_keyword_retrieval_before_annotation_no_model_predictions
EXP-V0.4-0923,OSHA-SIR-2025099812,OSHA_SIR,2025099812,2025,Incident, Pedestrian struck by vehicle or object propelled by another vehicle in nonroadway area,"AVONDALE, COLORADO","An employee was inspecting a direct-current cable that was going to be pulled with the help of a vehicle. The cable was made from two cables coupled together that each measured 2 inches in diameter. The cable came free of its pulley and struck the employee's left ankle, resulting in a fractured ankle and injured thumb.",Hospitalized=1.00; Amputation=0.00; Loss of Eye=0.00,OSHA severe injury report,osha-text-56eb35480a67,fa669b5686f4f44a5e60f9632aa539edebc2aa6cfa198050e03bc99a4bffddfe,LSR03;HAZARD_TERM_POSSIBLE_NON_SIF,LSR03,medium,train_addition,deterministic_diversity_and_keyword_retrieval_before_annotation_no_model_predictions
EXP-V0.4-0924,OSHA-SIR-2015107298,OSHA_SIR,2015107298,2015,Incident,"Exposure through intact skin, eyes, or other exposed tissue","TARPON SPRINGS, FLORIDA","An employee was performing maintenance, removing manifold gauges from a residential air conditioning unit. The employee unscrewed the gauges and the liquid refrigerant sprayed onto the employee's hands. The employee suffered chemical burns to the left palm, four left fingers, and the right index finger, requiring hospitalization.",Hospitalized=1.00; Amputation=0.00; Loss of Eye=0.00,OSHA severe injury report,osha-text-4e1e341cc73a,990dbf73f01db8d64943a01e613ec688e3ed0b8cdbc542c9067d6d8545638f8a,HAZARD_TERM_POSSIBLE_NON_SIF,HAZARD_TERM_POSSIBLE_NON_SIF,medium,train_addition,deterministic_diversity_and_keyword_retrieval_before_annotation_no_model_predictions
EXP-V0.4-0925,OSHA-SIR-2021042792,OSHA_SIR,2021042792,2021,Incident,"Explosion of pressure vessel, piping, or tire","DELAND, FLORIDA","An employee was inspecting a tire/wheel assembly after he mounted it on a vehicle when the tire blew off, fracturing his left wrist.",Hospitalized=1.00; Amputation=0.00; Loss of Eye=0.00,OSHA severe injury report,osha-text-874004bdbf87,87f090b5f7b7894a4c926e348c73cdf57ec372020c8965c261f0aa26676875d7,LSR03;HAZARD_TERM_POSSIBLE_NON_SIF,LSR03,short,train_addition,deterministic_diversity_and_keyword_retrieval_before_annotation_no_model_predictions
EXP-V0.4-0926,OSHA-SIR-2021021410,OSHA_SIR,2021021410,2021,Incident,Trip over an object without fall,"ORMOND BEACH, FLORIDA","An employee was pulling a delivery hose from a bobtail trailer and tripped over the hose. The employee pulled a muscle in his right calf, resulting in hospitalization and surgery.",Hospitalized=1.00; Amputation=0.00; Loss of Eye=0.00,OSHA severe injury report,osha-text-5af3326527c0,8a49e9dd42b06597a491838bbba365248d0d5d02ee97d5e015569cebd7d1cbb5,GENERAL,GENERAL,short,train_addition,deterministic_diversity_and_keyword_retrieval_before_annotation_no_model_predictions
EXP-V0.4-0927,OSHA-SIR-2016076159,OSHA_SIR,2016076159,2016,Incident,Fall from collapsing structure or equipment 6 to 10 feet,"GREENVILLE, OHIO","An employee working on an HVAC unit fell 10 feet when the platform the unit was on collapsed. The employee suffered a fractured shoulder, three broken ribs, a fractured pelvis, and a collapsed lung.",Hospitalized=1.00; Amputation=0.00; Loss of Eye=0.00,OSHA severe injury report,osha-text-6997fa7a37d9,7b41cdda8c7e5d98d91d0c3ea1589f1023daf24e28a6983f02bdc2b801280850,HIGH_RISK,HIGH_RISK,medium,train_addition,deterministic_diversity_and_keyword_retrieval_before_annotation_no_model_predictions
EXP-V0.4-0928,OSHA-SIR-20251111246,OSHA_SIR,20251111246,2025,Incident, Fall on same level  n.e.c.,"CAMDEN, ARKANSAS","An employee was re-piping an air tank. While the employee was using an 18-inch aluminum pipe wrench to remove a 3-inch pipe nipple from the tank, the wrench's handle broke. This caused the employee to fall backward and sustain a fracture to their right leg about 2 to 4 inches above the ankle.",Hospitalized=1.00; Amputation=0.00; Loss of Eye=0.00,OSHA severe injury report,osha-text-4d3b6b53039b,0a8f841f7649b23d822a9e0953ad5da4c3682b9dd712ebbba86f925deee15d4b,LSR02;HAZARD_TERM_POSSIBLE_NON_SIF,LSR02,medium,train_addition,deterministic_diversity_and_keyword_retrieval_before_annotation_no_model_predictions
EXP-V0.4-0929,OSHA-SIR-2019021334,OSHA_SIR,2019021334,2019,Incident,"Struck by dislodged flying object, particle","BRYAN, TEXAS","An employee was standing near a winch truck that was being used to pull out a workover rig that was stuck in the mud. The winch cable was hooked to a cross member on the rig. The winch truck driver attempted to pull on the rig and the cross member welding broke. The cross member swung around and struck the employee's chest. The employee suffered fractured ribs, a collapsed lung, and a ruptured spleen.",Hospitalized=1.00; Amputation=0.00; Loss of Eye=0.00,OSHA severe injury report,osha-text-971b837cf923,f12f50a53dcc20179d02285f55026687da954f46c890553075230a5bcfc926d6,LSR03;LSR05,LSR03,long,train_addition,deterministic_diversity_and_keyword_retrieval_before_annotation_no_model_predictions
EXP-V0.4-0930,OSHA-SIR-2025032776,OSHA_SIR,2025032776,2025,Incident, Struck by object dropped by person,"TUSCALOOSA, ALABAMA","On March 24, 2025, an employee was clearing a backed-up drain. As he was removing one of two fiberglass grates from the clogged drain, the grate slipped and fell, causing his right index finger to be crushed between the two grates. His right distal index finger was fractured and lacerated.",Hospitalized=1.00; Amputation=0.00; Loss of Eye=0.00,OSHA severe injury report,osha-text-304c7b1d698b,efdf0a32ff38a33d4b0b24c78a3df34a8e3103932bdaa35ef5a386654b7b914e,LSR06;HIGH_RISK,LSR06,medium,train_addition,deterministic_diversity_and_keyword_retrieval_before_annotation_no_model_predictions
EXP-V0.4-0931,OSHA-SIR-2025043305,OSHA_SIR,2025043305,2025,Incident, Fall to lower level resulting from exposure or contact  unspecified,"MIAMI, FLORIDA","An employee was on a ladder to replace an exit sign on the second floor. The employee was electrocuted and lost consciousness, falling from the ladder to the ground. The employee sustained fractures to the head, ribs, and a finger.",Hospitalized=1.00; Amputation=0.00; Loss of Eye=0.00,OSHA severe injury report,osha-text-e7ac45cf65d5,e86e6424857cd040a88d7f186300d5436854f2ccf0680497e9cbc40d632f3272,LSR09;HAZARD_TERM_POSSIBLE_NON_SIF,LSR09,medium,train_addition,deterministic_diversity_and_keyword_retrieval_before_annotation_no_model_predictions
EXP-V0.4-0932,OSHA-SIR-2016031873,OSHA_SIR,2016031873,2016,Incident,Stepped on object ,"HOUSTON, TEXAS","An employee was repairing a leaking water pump. The employee went to change into rubber boots when he stepped on a wheel wire brush. The wires from the brush punctured and broke off in his right heel, requiring surgical removal.",Hospitalized=1.00; Amputation=0.00; Loss of Eye=0.00,OSHA severe injury report,osha-text-1d1920f0c718,8c002c6696a73e4d46c26d8ff85906697600aa415a7a44fe638730bcf250a53e,GENERAL,GENERAL,medium,train_addition,deterministic_diversity_and_keyword_retrieval_before_annotation_no_model_predictions
EXP-V0.4-0933,OSHA-SIR-2022065430,OSHA_SIR,2022065430,2022,Incident,"Struck by discharged or flying object, unspecified","DENVER CITY, TEXAS","An employee was depressurizing an isolated section of piping in preparation to service a CO2 injection well meter. The 1/2-inch meter assembly piping parted and struck the employee, fracturing their right humerus.",Hospitalized=1.00; Amputation=0.00; Loss of Eye=0.00,OSHA severe injury report,osha-text-0a1e33319688,12c37d94f13f6eb50ea4da913b2f4326c78e9fe3ed1bacac2cec6fa4cb512139,LSR04,LSR04,medium,train_addition,deterministic_diversity_and_keyword_retrieval_before_annotation_no_model_predictions
EXP-V0.4-0934,OSHA-SIR-2022076591,OSHA_SIR,2022076591,2022,Incident,"Pedestrian vehicular incident, unspecified","MARSEILLES, ILLINOIS","Three employees were installing water service lines. One of them was lying on the ground, holding a water line to stabilize it, when an excavator crushed his leg. He was hospitalized.",Hospitalized=1.00; Amputation=0.00; Loss of Eye=0.00,OSHA severe injury report,osha-text-5aac609e2bae,e1d7ba6dd77935d23afed620ac97b282af567652b8c56ee92f4ec38e318fc37c,LSR06;HIGH_RISK,LSR06,medium,train_addition,deterministic_diversity_and_keyword_retrieval_before_annotation_no_model_predictions
EXP-V0.4-0935,OSHA-SIR-20201212056,OSHA_SIR,20201212056,2020,Incident,Struck by swinging part of powered vehicle,"BRADDOCK, PENNSYLVANIA","An employee was working on a steel I-beam that was being driven into the ground with a hammer from a crane when the employee's right pinky finger was crushed between the I-beam and the hammer, resulting in amputation.",Hospitalized=0.00; Amputation=1.00; Loss of Eye=0.00,OSHA severe injury report,osha-text-ad990515f789,149ac6f146c307788a2228e9238534d630f0c1804ef9eb565bb1bde036457d38,LSR06;LSR07;HIGH_RISK;HAZARD_TERM_POSSIBLE_NON_SIF,LSR06,medium,train_addition,deterministic_diversity_and_keyword_retrieval_before_annotation_no_model_predictions
EXP-V0.4-0936,OSHA-SIR-2021043169,OSHA_SIR,2021043169,2021,Incident,"Animal transportation incident, n.e.c.","CORAM, MONTANA","An employee was training a horse. While riding, the horse stopped and hunched its back up while the employee was coming down onto the back of the saddle. The force resulted in a fractured pelvis and internal bleeding.",Hospitalized=1.00; Amputation=0.00; Loss of Eye=0.00,OSHA severe injury report,osha-text-8d7c5dfeb3e4,d1a765a689231bccbf06a21b0c49bfc6772dca601c80d0466477c251ed47131f,GENERAL,GENERAL,medium,train_addition,deterministic_diversity_and_keyword_retrieval_before_annotation_no_model_predictions
EXP-V0.4-0937,OSHA-SIR-2016010457,OSHA_SIR,2016010457,2016,Incident,"Struck by object or equipment, n.e.c.","PINE BLUFF, ARKANSAS","An employee was injured on January 13, 2016, while adjusting a three-phase unit that was loaded onto a conveyor. A piece of the welding wire grazed her right thigh. An infection developed in the thigh that later required inpatient hospitalization.",Hospitalized=1.00; Amputation=0.00; Loss of Eye=0.00,OSHA severe injury report,osha-text-ac26ecbf43b2,edad4152ba43ee50f98eb4a61eb2d78b719500b8330c000f1ee504819a7b3aae,LSR05,LSR05,medium,train_addition,deterministic_diversity_and_keyword_retrieval_before_annotation_no_model_predictions
EXP-V0.4-0938,OSHA-SIR-2016043082,OSHA_SIR,2016043082,2016,Incident,Fall from collapsing structure or equipment 16 to 20 feet,"WEST VALLEY, NEW YORK","An employee was inspecting a roof when it collapsed. He fell 16 feet through the roof to the stairwell below, breaking his leg and dislocating a shoulder.",Hospitalized=1.00; Amputation=0.00; Loss of Eye=0.00,OSHA severe injury report,osha-text-0fbab4269217,829a643e8898b0603fc29875c2e9d98b69f74a31e0b335598e7149e1e3c92a2c,LSR09;HIGH_RISK,LSR09,short,train_addition,deterministic_diversity_and_keyword_retrieval_before_annotation_no_model_predictions
EXP-V0.4-0939,OSHA-SIR-2016098803,OSHA_SIR,2016098803,2016,Incident,Fall from collapsing structure or equipment 16 to 20 feet,"TALLAHASSEE, FLORIDA","An employee was tightening the bolts on a billboard when the weld of the catwalk arm broke, swung down with him on it, and hit his ankle on the billboard column, fracturing his right ankle. He fell 20 feet from the catwalk and was hanging by his fall protection lanyard about 9 feet above the ground when he was rescued by his foreman. He was hospitalized.",Hospitalized=1.00; Amputation=0.00; Loss of Eye=0.00,OSHA severe injury report,osha-text-fb5a46350385,716329e93b95ab52e6e81c3b1074f70620207a5c30c51981e671f4f8f68b610a,LSR05;LSR09;HIGH_RISK;HAZARD_TERM_POSSIBLE_NON_SIF,LSR05,medium,train_addition,deterministic_diversity_and_keyword_retrieval_before_annotation_no_model_predictions
EXP-V0.4-0940,OSHA-SIR-2017010541,OSHA_SIR,2017010541,2017,Incident,Self-inflicted shooting-unintentional,"WASHINGTON, DISTRICT OF COLUMBIA","An employee reached for his backpack when the strap contacted his service weapon trigger. When he applied pressure to the strap, the weapon fired and shot his right calf.",Hospitalized=1.00; Amputation=0.00; Loss of Eye=0.00,OSHA severe injury report,osha-text-6f775e72809b,1b03e0648a63b6112da868f1a985f096ebac8f7da9612421e17a82d9abb00b75,GENERAL,GENERAL,short,train_addition,deterministic_diversity_and_keyword_retrieval_before_annotation_no_model_predictions
EXP-V0.4-0941,OSHA-SIR-2016098862,OSHA_SIR,2016098862,2016,Incident,Stings and venomous bites,"WATONGA, OKLAHOMA","An employee was driving back to the rig from the water well and ran over a rattlesnake. He got out of his vehicle and walked to the rattlesnake, which bit his right middle finger. He was hospitalized.",Hospitalized=1.00; Amputation=0.00; Loss of Eye=0.00,OSHA severe injury report,osha-text-252d0eb1ea2a,22e738c30c93d6fcd5312972ac37fc24e08586bfd44fd6564ec025c8d3df2859,LSR03;HAZARD_TERM_POSSIBLE_NON_SIF,LSR03,medium,train_addition,deterministic_diversity_and_keyword_retrieval_before_annotation_no_model_predictions
EXP-V0.4-0942,OSHA-SIR-2017087397,OSHA_SIR,2017087397,2017,Incident,"Fall to lower level, unspecified","WICHITA, KANSAS",An employee fell approximately 13 feet and broke a leg.,Hospitalized=1.00; Amputation=0.00; Loss of Eye=0.00,OSHA severe injury report,osha-text-6bbbe1a37118,17616291b711485cf857cd6083af8b05bd7ce13a352a47526699800d878bb870,GENERAL,GENERAL,short,train_addition,deterministic_diversity_and_keyword_retrieval_before_annotation_no_model_predictions
EXP-V0.4-0943,OSHA-SIR-20181010132,OSHA_SIR,20181010132,2018,Incident,"Pedestrian vehicular incident, unspecified","ATLANTA, GEORGIA","A skid steer ran over an employee's foot, breaking her right shin.",Hospitalized=1.00; Amputation=0.00; Loss of Eye=0.00,OSHA severe injury report,osha-text-4ed104199017,a90ec89dc9e73be0ae7407f3622b9e7f1318a95da3a08bb156f66d431673a089,GENERAL,GENERAL,short,train_addition,deterministic_diversity_and_keyword_retrieval_before_annotation_no_model_predictions
EXP-V0.4-0944,OSHA-SIR-20201010345,OSHA_SIR,20201010345,2020,Incident,Fall from collapsing structure or equipment 11 to 15 feet ,"DALLAS, TEXAS","An employee was securing a metal roof when a metal roofing platform gave way, causing the employee to slip and fall to the ground 15 feet below. The employee suffered a broken collarbone and femur.",Hospitalized=1.00; Amputation=0.00; Loss of Eye=0.00,OSHA severe injury report,osha-text-7f86c1f6a187,ce44d5671b94731999f38ada429178ba8e79935407d6587b371db02cae1579c9,LSR09;HAZARD_TERM_POSSIBLE_NON_SIF,LSR09,medium,train_addition,deterministic_diversity_and_keyword_retrieval_before_annotation_no_model_predictions
EXP-V0.4-0945,OSHA-SIR-2022010684,OSHA_SIR,2022010684,2022,Incident,Trip over self without fall,"WARREN, MICHIGAN","At 2:25 p.m. on January 24, 2022, an employee lost their footing while walking down steps after delivering mail. The employee's left ankle was broken.",Hospitalized=1.00; Amputation=0.00; Loss of Eye=0.00,OSHA severe injury report,osha-text-4231a2fef414,c4c046fcc3375c6592f0f9fcc0641820c796f4d65fd268d8a4471989ed8860ff,GENERAL,GENERAL,short,train_addition,deterministic_diversity_and_keyword_retrieval_before_annotation_no_model_predictions
EXP-V0.4-0946,OSHA-SIR-20190910134,OSHA_SIR,20190910134,2019,Incident,"Struck against object or equipment, unspecified","SPRINGFIELD, MISSOURI","An employee was removing wood from behind a conveyor. The employee's hand struck the steel conveyor framing and the employee's lower left arm was broken. The employee was hospitalized, requiring surgery.",Hospitalized=1.00; Amputation=0.00; Loss of Eye=0.00,OSHA severe injury report,osha-text-aaeaa4c863b9,31df27b62c96ad8601e32080fafbafa485cca8db9b53d095a30a3fb2af6c3a22,GENERAL,GENERAL,medium,train_addition,deterministic_diversity_and_keyword_retrieval_before_annotation_no_model_predictions
EXP-V0.4-0947,OSHA-SIR-2024031996,OSHA_SIR,2024031996,2024,Incident, Nonroadway noncollision  vehicle overturn,"ODESSA, TEXAS","An employee was operating an empty forklift when it tipped to the side and fell over. The injured employee jumped out as it was falling and was crushed by the forklift, resulting in a hip fracture.",Hospitalized=1.00; Amputation=0.00; Loss of Eye=0.00,OSHA severe injury report,osha-text-db55b2748b43,d6b633c14242abfd75607fcc22b7392049f48244893e0ed3e3eae6a591704413,LSR03;LSR06;HIGH_RISK,LSR03,medium,train_addition,deterministic_diversity_and_keyword_retrieval_before_annotation_no_model_predictions
EXP-V0.4-0948,OSHA-SIR-2018088524,OSHA_SIR,2018088524,2018,Incident,Fall from collapsing structure or equipment 21 to 25 feet ,"HOPE, ARKANSAS","An employee was repairing a tower master where cables come out of a bucket to load modules of dough into a trailer. He climbed into one of the buckets and a kink formed in the cable, which slid off a U-bolt and jerked, dropping about 4 feet. Later, the cable came loose and the bucket fell about 25 feet to the ground with the employee still inside. He fractured his right foot and pinky toe and injured his vertebrae, requiring hospitalization.",Hospitalized=1.00; Amputation=0.00; Loss of Eye=0.00,OSHA severe injury report,osha-text-4fadd5489a15,2d7ffb0dafbc4fb23d52046a8491062eeea17585b413cc7e2fd0d70d4c125fc1,GENERAL,GENERAL,long,train_addition,deterministic_diversity_and_keyword_retrieval_before_annotation_no_model_predictions
EXP-V0.4-0949,OSHA-SIR-20221110305,OSHA_SIR,20221110305,2022,Incident,"Caught in running equipment or machinery, unspecified","PALM BAY, FLORIDA",An employee was performing welding tasks underneath of a roller machine table to fabricate brackets for push rollers. The machine began operating while the employee was underneath; he was hospitalized for five rib fractures.,Hospitalized=1.00; Amputation=0.00; Loss of Eye=0.00,OSHA severe injury report,osha-text-176768452a58,5d1db04e005232bb05d71dfd7a6b94a12ec25cc5be92e8fe222050146dd982f8,LSR05,LSR05,medium,train_addition,deterministic_diversity_and_keyword_retrieval_before_annotation_no_model_predictions
EXP-V0.4-0950,OSHA-SIR-2021064870,OSHA_SIR,2021064870,2021,Incident,"Ran off driving surface, nonroadway","TULSA, OKLAHOMA","An employee was loading freight on a trailer. The trailer pulled away from the dock while the employee was entering/exiting it, and the employee's forklift dropped between the dock and the trailer. The employee's right index finger was smashed.",Hospitalized=1.00; Amputation=0.00; Loss of Eye=0.00,OSHA severe injury report,osha-text-0ce8ce8dd16e,ea06c11babedb88ef40cd96014ecd74ddf0663acf4f15bcb5d171cdef4cb603e,LSR03;HAZARD_TERM_POSSIBLE_NON_SIF,LSR03,medium,train_addition,deterministic_diversity_and_keyword_retrieval_before_annotation_no_model_predictions
EXP-V0.4-0951,OSHA-SIR-20171010025,OSHA_SIR,20171010025,2017,Incident,"Caught in or compressed by equipment or objects, unspecified","MALTA, NEW YORK","An employee was troubleshooting a golf cart that he uses to travel around the site. The employee reached into the engine compartment to manipulate the starter belt. When he pulled on the belt, stored energy was released and pulled his right index finger into a pinch point between the belt and pulley. He suffered an injury to his finger that resulted in amputation of tissue above his knuckle.",Hospitalized=0.00; Amputation=1.00; Loss of Eye=0.00,OSHA severe injury report,osha-text-8ae1e6d25054,daf08ade6582fa88520ac08238a08fc54872626135386befda283020ab2ed113,LSR04,LSR04,long,train_addition,deterministic_diversity_and_keyword_retrieval_before_annotation_no_model_predictions
EXP-V0.4-0952,OSHA-SIR-2024109962,OSHA_SIR,2024109962,2024,Incident, Indirect exposure to electricity  greater than 220 volts,"MARCY, NEW YORK","An employee was removing a jumper from the center phase of a de-energized transmission line. When the jumper was removed, the induction current on the line (induced by nearby energized transmission lines) entered the employee's left hand and exited through his left hip area. The employee was hospitalized with burn wounds to left hand and lower right abdomen, as well as a compression fracture to his T5, T6, and T7 vertebrae.",Hospitalized=1.00; Amputation=0.00; Loss of Eye=0.00,OSHA severe injury report,osha-text-f1d9b19dad3f,cd30bd1e42d8753cd4b81736f632e2e18dce05ef8f3fecfd9667e49a51a4ab26,LSR04,LSR04,long,train_addition,deterministic_diversity_and_keyword_retrieval_before_annotation_no_model_predictions
EXP-V0.4-0953,OSHA-SIR-20201111045,OSHA_SIR,20201111045,2020,Incident,"Ran off driving surface, nonroadway","HOUSTON, TEXAS","An employee was using a track excavator to remove the top part of a retaining wall. The excavator skidded on the concrete paving and slid off the top of the retaining wall, landing on the ground below. The employee suffered two broken ribs.",Hospitalized=1.00; Amputation=0.00; Loss of Eye=0.00,OSHA severe injury report,osha-text-3eff957e3714,80efb5d33a42651c72b87fd629ab99dc8ed84caad844cee61472516408aa461a,GENERAL,GENERAL,medium,train_addition,deterministic_diversity_and_keyword_retrieval_before_annotation_no_model_predictions
EXP-V0.4-0954,OSHA-SIR-2025021273,OSHA_SIR,2025021273,2025,Incident, Nonroadway collision with other vehicle(s)  unspecified,"JAMAICA, NEW YORK",An employee was driving a deicer vehicle when it skidded on ice and collided with another vehicle on a ramp. The employee sustained a fractured ankle.,Hospitalized=1.00; Amputation=0.00; Loss of Eye=0.00,OSHA severe injury report,osha-text-ff5d23c22f09,099fa2f79ffc28a703997cd6f24b9f92780d44839ac384ad6d61e672e765f074,LSR03;HAZARD_TERM_POSSIBLE_NON_SIF,LSR03,short,train_addition,deterministic_diversity_and_keyword_retrieval_before_annotation_no_model_predictions
EXP-V0.4-0955,OSHA-SIR-2022098557,OSHA_SIR,2022098557,2022,Incident,"Water vehicle incident, n.e.c.","CHICAGO, ILLINOIS","On September 28, 2022, employees were offloading steel plates from a barge. While a plate was being lifted, the injured employee walked between the plate being lifted and a pile of plates approximately 2 feet away. The plate being lifted swung toward the employee, and their left leg was crushed between the plate being lifted and the plates behind them, resulting in a broken left leg.",Hospitalized=1.00; Amputation=0.00; Loss of Eye=0.00,OSHA severe injury report,osha-text-c9ebb281042a,6b92a7180e042eb5e78f4134d1b14da2fedd9a06aaee44218f57068a7e3ca219,LSR06;HIGH_RISK,LSR06,long,train_addition,deterministic_diversity_and_keyword_retrieval_before_annotation_no_model_predictions
EXP-V0.4-0956,OSHA-SIR-2015020470,OSHA_SIR,2015020470,2015,Incident,Inhalation of harmful substance-single episode,"CHESHIRE, OHIO",An employee was arc welding on a boiler feed pump shaft that was made of 410 stainless steel. The employee was wearing a respirator designed for Hexavalent Chromium. The employee went to the hospital and was admitted for respiratory issues after finishing his shift.,Hospitalized=1.00; Amputation=0.00; Loss of Eye=0.00,OSHA severe injury report,osha-text-7fe85a202b89,db3d7f47e2467f4f4d0f277c31727a3538b7c7f32094c0106ca6d88ad8976843,LSR05,LSR05,medium,train_addition,deterministic_diversity_and_keyword_retrieval_before_annotation_no_model_predictions
EXP-V0.4-0957,OSHA-SIR-2020021821,OSHA_SIR,2020021821,2020,Incident,"Explosion of nonpressurized vapors, gases, or liquids","BIG SPRING, TEXAS","An employee was draining condensate from an air compressor when a catastrophic failure occurred on a check valve on a natural gas line. The natural gas began blowing toward the running compressor and the gas ignited causing an explosion. The employee was hospitalized for second and third degree burns to the face, hands, left leg, and left midsection.",Hospitalized=1.00; Amputation=0.00; Loss of Eye=0.00,OSHA severe injury report,osha-text-6d8b9ca3d35f,c03d0558ee9fac42132565deb144acf95c10c3b6d6bf9d013b9da1d46ecd69bf,HIGH_RISK,HIGH_RISK,medium,train_addition,deterministic_diversity_and_keyword_retrieval_before_annotation_no_model_predictions
EXP-V0.4-0958,OSHA-SIR-2017109492,OSHA_SIR,2017109492,2017,Incident,"Thrown, fell, or jumped from animal being ridden","LORDSBURG, NEW MEXICO",An employee was participating in horse patrol training when the horse bucked him off. He suffered two broken vertebrae in his lower back.,Hospitalized=1.00; Amputation=0.00; Loss of Eye=0.00,OSHA severe injury report,osha-text-1d6004b82d68,de319fc68d57241aad94a199fcdcbc4f5cf74acd03841513974ce4bad5ba1c81,GENERAL,GENERAL,short,train_addition,deterministic_diversity_and_keyword_retrieval_before_annotation_no_model_predictions
EXP-V0.4-0959,OSHA-SIR-2018043674,OSHA_SIR,2018043674,2018,Incident,Machinery or equipment incident on water vehicle,"DARROW, LOUISIANA","An employee was descending the aft port ladder of a derrick to remove a rope from the barge kevel when he slipped and grabbed the winch cable with his right hand. The cable was moving and his right hand was pulled into the snatch block, causing a laceration and amputation of two fingers.",Hospitalized=1.00; Amputation=1.00; Loss of Eye=0.00,OSHA severe injury report,osha-text-cdea8348ca5b,f2520ba990f75b9416a866683168ab3a9ba50eaa2fbc347069af98bedf918756,LSR09;HAZARD_TERM_POSSIBLE_NON_SIF,LSR09,medium,train_addition,deterministic_diversity_and_keyword_retrieval_before_annotation_no_model_predictions
EXP-V0.4-0960,OSHA-SIR-2020087711,OSHA_SIR,2020087711,2020,Incident,Fall through surface or existing opening 16 to 20 feet,"MAGNOLIA, TEXAS","An employee was installing a roof on top of a newly constructed water tank. The employee fell 16 feet through the roof to the steel surface below, suffering a head injury, a broken pelvis, and a broken vertebra.",Hospitalized=1.00; Amputation=0.00; Loss of Eye=0.00,OSHA severe injury report,osha-text-418935daee83,6c521e8c968db0d4bd4c3d0c16c2daf3250df641f514cca8fa2f6efa03b432d6,LSR02;LSR09;HIGH_RISK,LSR02,medium,train_addition,deterministic_diversity_and_keyword_retrieval_before_annotation_no_model_predictions
EXP-V0.4-0961,OSHA-SIR-2025054493,OSHA_SIR,2025054493,2025,Incident, Injured by object held or wielded by person,"JACKSONVILLE, FLORIDA","An employee was using a pry bar to remove a vehicle door. The pry bar slipped out of the employee's hands and hit their face below the right eye, causing a corneal laceration that required surgery.",Hospitalized=1.00; Amputation=0.00; Loss of Eye=0.00,OSHA severe injury report,osha-text-65138800c7a3,764def5dedf2e56d2e63e93370413b0022545d0f607bc2f8a7da12f5c9ec4837,LSR03;HAZARD_TERM_POSSIBLE_NON_SIF,LSR03,medium,train_addition,deterministic_diversity_and_keyword_retrieval_before_annotation_no_model_predictions
EXP-V0.4-0962,OSHA-SIR-2020066060,OSHA_SIR,2020066060,2020,Incident,"Exposure through intact skin, eyes, or other exposed tissue","VALDOSTA, GEORGIA","An employee was preparing to transfer material from a tote to a packaging line when the employee was exposed to insecticide, sustaining second degree chemical burns to the lower right leg, ankle, shin, and calf.",Hospitalized=1.00; Amputation=0.00; Loss of Eye=0.00,OSHA severe injury report,osha-text-0f3f9cb3abac,8e170e85fa41e3c1bcb40602eb1460eb2ea4ed5fd91ebbca726d144f6cf4a527,HAZARD_TERM_POSSIBLE_NON_SIF,HAZARD_TERM_POSSIBLE_NON_SIF,medium,train_addition,deterministic_diversity_and_keyword_retrieval_before_annotation_no_model_predictions
EXP-V0.4-0963,OSHA-SIR-2023021172,OSHA_SIR,2023021172,2023,Incident,"Exposure through intact skin, eyes, or other exposed tissue","DOVER, FLORIDA","An employee connected a hose to the valve connector on a mini-tote. As the employee was turning the handle of the valve to allow potassium thiosulfate fertilizer to flow through the hose, the connection burst from a suspected chemical reaction between the fertilizer and an unknown substance. The valve broke into pieces and the fertilizer spilled, causing chemical burns to the employee's eyes and right wrist. The employee also sustained a displaced fracture to a finger.",Hospitalized=1.00; Amputation=0.00; Loss of Eye=0.00,OSHA severe injury report,osha-text-762d768f2308,06f22e77589cb4f563dbf8166c13224c31c98601f25c4252f8df23a9f3404f9f,HAZARD_TERM_POSSIBLE_NON_SIF,HAZARD_TERM_POSSIBLE_NON_SIF,long,train_addition,deterministic_diversity_and_keyword_retrieval_before_annotation_no_model_predictions
EXP-V0.4-0964,OSHA-SIR-2019021773,OSHA_SIR,2019021773,2019,Incident,"Caught in running equipment or machinery, unspecified","LEBANON, OHIO","An employee was grinding glue off wheels on top of a corrugator machine. The employee's right index finger was caught between two of the machine's rollers, causing the amputation of the fingertip.",Hospitalized=0.00; Amputation=1.00; Loss of Eye=0.00,OSHA severe injury report,osha-text-bac5c9381d3e,19346f496ec3a56210fa20d2334c806fd5952afd7e89cb3233db18ae00adf592,LSR05;LSR06;HAZARD_TERM_POSSIBLE_NON_SIF,LSR05,medium,train_addition,deterministic_diversity_and_keyword_retrieval_before_annotation_no_model_predictions
EXP-V0.4-0965,OSHA-SIR-2022087695,OSHA_SIR,2022087695,2022,Incident,"Direct exposure to electricity, greater than 220 volts","COLLEGE STATION, TEXAS",An employee was wiring light fixtures on a 277-volt circuit when the circuit was re-energized shocking the employee. The employee suffered burns on their right index and ring fingers and was hospitalized. The lighting system was not locked out/tagged out at the time of the incident.,Hospitalized=1.00; Amputation=0.00; Loss of Eye=0.00,OSHA severe injury report,osha-text-c0e0900f5bb0,6ca821a2cb94da54c5df79f95ba75d6012dd244a89e2a879fa13a268539f21e5,LSR04,LSR04,medium,train_addition,deterministic_diversity_and_keyword_retrieval_before_annotation_no_model_predictions
EXP-V0.4-0966,OSHA-SIR-2020098487,OSHA_SIR,2020098487,2020,Incident,Fall or jump from water vehicle,"LAKE VILLAGE, ARKANSAS","On 9/06/2020, a spud barge with an excavator was tied to a deck barge by two steel cables around timber heads, one forward and one aft. As the excavator was removing rock from the deck barge, the deck barge began to sway, creating more tension on the aft cable. At 1:00 PM, the cable slipped over a timber head on the spud barge, released, and struck an employee on the spud barge and propelled them overboard. The employee was hospitalized with fractures to the left hand.",Hospitalized=1.00; Amputation=0.00; Loss of Eye=0.00,OSHA severe injury report,osha-text-d2a0fcd0ba84,970928b3e9f84ac343a427f9d426f6d86c270bf6f0e62179017ec9ca991aec4e,GENERAL,GENERAL,long,train_addition,deterministic_diversity_and_keyword_retrieval_before_annotation_no_model_predictions
EXP-V0.4-0967,OSHA-SIR-2020088121,OSHA_SIR,2020088121,2020,Incident,Other fall to lower level more than 30 feet,"BELMONT, NEW HAMPSHIRE","An employee was climbing a tree in order to cut it. His rope failed and he fell 45 feet to the ground, suffering a broken back.",Hospitalized=1.00; Amputation=0.00; Loss of Eye=0.00,OSHA severe injury report,osha-text-f30b32105d4e,d9ca7b8b7493786e204bbcf7f1e809a801dbaa417d75a6640d209121f06ef231,HIGH_RISK,HIGH_RISK,short,train_addition,deterministic_diversity_and_keyword_retrieval_before_annotation_no_model_predictions
EXP-V0.4-0968,OSHA-SIR-20191212468,OSHA_SIR,20191212468,2019,Incident,Struck by object or equipment rolling freely,"BROOKLYN, NEW YORK",An employee was putting a wheel loader cylinder in place on a piece of construction equipment when the cylinder started to roll and crushed his right index and middle fingers resulting in fingertip amputations.,Hospitalized=1.00; Amputation=1.00; Loss of Eye=0.00,OSHA severe injury report,osha-text-96d1779cfbc6,8141792ab0a5419911122b25d7cf1dfc10959ec592dac07334c99e01d0998928,LSR06;HIGH_RISK,LSR06,medium,train_addition,deterministic_diversity_and_keyword_retrieval_before_annotation_no_model_predictions
EXP-V0.4-0969,OSHA-SIR-2016043311,OSHA_SIR,2016043311,2016,Incident,Fall from collapsing structure or equipment less than 6 feet,"GOLDEN, COLORADO","An employee was on a telescoping ladder pulling cable. The ladder did not lock properly and collapsed, causing the employee to fall 5 to 6 feet. The employee was hospitalized with a broken wrist requiring surgery.",Hospitalized=1.00; Amputation=0.00; Loss of Eye=0.00,OSHA severe injury report,osha-text-15d76c2c2f8b,d4d72493acf20602e474cb2a0ae97d6e9cec862ac234e54b9ddc797cb3afe4a0,LSR09;HAZARD_TERM_POSSIBLE_NON_SIF,LSR09,medium,train_addition,deterministic_diversity_and_keyword_retrieval_before_annotation_no_model_predictions
EXP-V0.4-0970,OSHA-SIR-2018088285,OSHA_SIR,2018088285,2018,Incident,"Pedestrian struck by vehicle in nonroadway area, n.e.c.","RAPID CITY, SOUTH DAKOTA","An employee was on the ground directing a telehandler that was placing trusses when the telehandler tipped, pinning her beneath the boom. She suffered a compound fracture in her leg, arterial bleeding, and a spinal injury.",Hospitalized=1.00; Amputation=0.00; Loss of Eye=0.00,OSHA severe injury report,osha-text-72ea7925090c,41cec4ccf56f0b8bec880f150a343f2226475f9b74e99c73256f0252065fde34,GENERAL,GENERAL,medium,train_addition,deterministic_diversity_and_keyword_retrieval_before_annotation_no_model_predictions
EXP-V0.4-0971,OSHA-SIR-2019088616,OSHA_SIR,2019088616,2019,Incident,Caught between rolling powered vehicle and other object,"JACKSON, WISCONSIN","An employee parked his electric pallet jack next to a delivery van and stepped off. He then decided to move the electric pallet jack away from the van, pulling it towards himself. His lower left leg was crushed and broken between the bumper of the van and the electric pallet jack.",Hospitalized=1.00; Amputation=0.00; Loss of Eye=0.00,OSHA severe injury report,osha-text-5d7b014efb03,8a32d068ffe10ef57f4acf2519b362ca405c96d7e37a9c367a9fd5fda7d90799,LSR06;HIGH_RISK,LSR06,medium,train_addition,deterministic_diversity_and_keyword_retrieval_before_annotation_no_model_predictions
EXP-V0.4-0972,OSHA-SIR-2016010284,OSHA_SIR,2016010284,2016,Incident,Ignition of clothing from controlled heat source,"ORLANDO, FLORIDA","While an employee was grinding a weld, sparks caused his shirt to catch on fire. He received second and third degree burns from the mid torso to the upper chest area.",Hospitalized=1.00; Amputation=0.00; Loss of Eye=0.00,OSHA severe injury report,osha-text-ed34257e9cd8,232e3b9745a18308967f51f881b63d1fc71485457a284c0e0caee74f6c3c4cda,LSR05,LSR05,short,train_addition,deterministic_diversity_and_keyword_retrieval_before_annotation_no_model_predictions
EXP-V0.4-0973,OSHA-SIR-2016087818,OSHA_SIR,2016087818,2016,Incident,Injured by object breaking in hand ,"SAN ANTONIO, TEXAS","An employee was pulling a glass from the glass rack. The glass hit the counter and broke, severely lacerating the employee's right wrist.",Hospitalized=1.00; Amputation=0.00; Loss of Eye=0.00,OSHA severe injury report,osha-text-c426166ef2f8,728ab7fa18cb48554b942ae0ddd1a757ab989b75547e7a6f075980d009e8401d,GENERAL,GENERAL,short,train_addition,deterministic_diversity_and_keyword_retrieval_before_annotation_no_model_predictions
EXP-V0.4-0974,OSHA-SIR-2025054111,OSHA_SIR,2025054111,2025,Incident," Struck by running powered equipment  during maintenance, cleaning, testing","CRESSONA, PENNSYLVANIA","An employee was conducting preventative maintenance on an extrusion press and using an impact wrench to remove rivets on the shear cylinder. When the last rivet was removed, the stored energy in the cylinder released and dropped it onto the employee's hand. Their right thumb was caught between the cylinder and the casing of the rivet gun, resulting in crushing injuries. The employee sustained an amputation of the thumb without bone loss. The machine was locked out/tagged out at the time.",Hospitalized=0.00; Amputation=1.00; Loss of Eye=0.00,OSHA severe injury report,osha-text-b26a5029f571,b97d3129b1b470ea07d831cc97fcf9de2bffe6c61534e72e903e5ab91e442d14,LSR04;LSR06;HAZARD_TERM_POSSIBLE_NON_SIF,LSR04,long,train_addition,deterministic_diversity_and_keyword_retrieval_before_annotation_no_model_predictions
EXP-V0.4-0975,OSHA-SIR-20201010054,OSHA_SIR,20201010054,2020,Incident,"Bending, crawling, reaching, twisting-single episode","GLENVIEW, ILLINOIS",The employee was bending down in the stock room in order to pick up a piece of a metal clothing rack. She twisted and her leg gave out causing her to fall to the ground and break her tibia at the knee. The employee was hospitalized for surgery.,Hospitalized=1.00; Amputation=0.00; Loss of Eye=0.00,OSHA severe injury report,osha-text-a99e7ad4722c,d5a75d3da54d6b371f6c9ed2cf794ff53f453bb821b54f32c7c5418e87827df9,GENERAL,GENERAL,medium,train_addition,deterministic_diversity_and_keyword_retrieval_before_annotation_no_model_predictions
EXP-V0.4-0976,OSHA-SIR-2021064748,OSHA_SIR,2021064748,2021,Incident,Ingestion of harmful substance,"WEST ROXBURY, MASSACHUSETTS",An employee drank from an electrolyte solution bottle in the refrigerator that had been filled with degreaser. The employee became sick and was hospitalized.,Hospitalized=1.00; Amputation=0.00; Loss of Eye=0.00,OSHA severe injury report,osha-text-4140f1f00248,8e82c090e83b62692b2d585e54d4255ddd8ba4633382871a4bff38fb464194f4,GENERAL,GENERAL,short,train_addition,deterministic_diversity_and_keyword_retrieval_before_annotation_no_model_predictions
EXP-V0.4-0977,OSHA-SIR-2019099355,OSHA_SIR,2019099355,2019,Incident,"Injured by handheld object or equipment, n.e.c.","MILFORD, NEW HAMPSHIRE",An employee was cutting a steel plate using a grinder equipped with a cut-off wheel. The cut-off wheel jammed in the material causing the grinder to kick back. The employee dropped the grinder. The employee was hit by the spinning cut-off wheel and sustained a laceration to the right shin area.,Hospitalized=1.00; Amputation=0.00; Loss of Eye=0.00,OSHA severe injury report,osha-text-711aa36904d3,06e4af4e0817a1a74639da4045fdab6f60ace832cc7e3546e4bf98e58c37f295,LSR05,LSR05,medium,train_addition,deterministic_diversity_and_keyword_retrieval_before_annotation_no_model_predictions
EXP-V0.4-0978,OSHA-SIR-2023043847,OSHA_SIR,2023043847,2023,Incident,Fall through surface or existing opening less than 6 feet,"OKLAHOMA CITY, OKLAHOMA","A temporary employee walked across a wooden pallet to retrieve product to stock. When he walked back across the pallet, it broke, causing the employee to fall to the ground and sustain a fractured hip.",Hospitalized=1.00; Amputation=0.00; Loss of Eye=0.00,OSHA severe injury report,osha-text-d11096d613a8,4ef9665abff02067aaa72a09511dc08d806ada99d74e513120185195af7e6d8b,GENERAL,GENERAL,medium,train_addition,deterministic_diversity_and_keyword_retrieval_before_annotation_no_model_predictions
EXP-V0.4-0979,OSHA-SIR-2018054883,OSHA_SIR,2018054883,2018,Incident,"Nonroadway collision with object other than vehicle, n.e.c.","MESQUITE, TEXAS","An employee was operating a stand-up forklift when his foot slipped. When he tried to correct himself, his hand came off the steering control and the forklift struck a guardrail. He suffered a foot fracture.",Hospitalized=1.00; Amputation=0.00; Loss of Eye=0.00,OSHA severe injury report,osha-text-961e93bfc543,95857c7da4f1730030d281afb701e438a20eab66a55613ce135ec70679375bc8,LSR03;HAZARD_TERM_POSSIBLE_NON_SIF,LSR03,medium,train_addition,deterministic_diversity_and_keyword_retrieval_before_annotation_no_model_predictions
EXP-V0.4-0980,OSHA-SIR-2024087054,OSHA_SIR,2024087054,2024,Incident, Struck by running powered equipment  n.e.c.,"CINCINNATI, OHIO","An employee was strapping down a mini excavator. While walking down the ramp they slipped and their right foot became caught under the blade of the mini excavator. The blade lowered and crushed their foot, fracturing it.",Hospitalized=1.00; Amputation=0.00; Loss of Eye=0.00,OSHA severe injury report,osha-text-b969b4af5ddc,9d953005eec66afe73249754294310e0312aaeb9b687e971d545d95a93ccc4a1,LSR06;HIGH_RISK,LSR06,medium,train_addition,deterministic_diversity_and_keyword_retrieval_before_annotation_no_model_predictions
EXP-V0.4-0981,OSHA-SIR-2019043744,OSHA_SIR,2019043744,2019,Incident,Other fall to lower level 21 to 25 feet ,"NORTH LAUDERDALE, FLORIDA","An employee was fixing low-voltage wires in a store's garden center when he fell 25 feet to the ground, suffering a broken back and brain hemorrhaging.",Hospitalized=1.00; Amputation=0.00; Loss of Eye=0.00,OSHA severe injury report,osha-text-a871afbbdf3c,6439f544164a1637db8adbd358a7bebc0c509933f0a9b276a3957a7c1f6251d6,HIGH_RISK,HIGH_RISK,short,train_addition,deterministic_diversity_and_keyword_retrieval_before_annotation_no_model_predictions
EXP-V0.4-0982,OSHA-SIR-2022010298,OSHA_SIR,2022010298,2022,Incident,Injured by physical contact during horseplay ,"PHILADELPHIA, PENNSYLVANIA","Employee 1 fell on employee 2's leg, causing several fractures in employee 2's leg that required hospitalization.",Hospitalized=1.00; Amputation=0.00; Loss of Eye=0.00,OSHA severe injury report,osha-text-0e2d097b0eb9,2f0ac050c9b8ad563aeaee3480d6a8e59be1da0622a7a82a293fe9fca91770ad,GENERAL,GENERAL,short,train_addition,deterministic_diversity_and_keyword_retrieval_before_annotation_no_model_predictions
EXP-V0.4-0983,OSHA-SIR-2017076874,OSHA_SIR,2017076874,2017,Incident,"Fall or jump from and struck by same vehicle in normal operation, nonroadway","BRASELTON, GEORGIA","An employee was being trained on how to operate an electric pallet jack. When he stepped off the pallet jack, it continued moving and struck his left foot, lacerating it and breaking his ankle.",Hospitalized=1.00; Amputation=0.00; Loss of Eye=0.00,OSHA severe injury report,osha-text-0052418c1eb3,5a66e8a1ba09b98011e820de92d8882d14115f45944a3e0a45b6a196b23bb234,HAZARD_TERM_POSSIBLE_NON_SIF,HAZARD_TERM_POSSIBLE_NON_SIF,medium,train_addition,deterministic_diversity_and_keyword_retrieval_before_annotation_no_model_predictions
EXP-V0.4-0984,OSHA-SIR-2019066101,OSHA_SIR,2019066101,2019,Incident,Other fall to lower level 11 to 15 feet ,"DALLAS, TEXAS","An employee was using a cutting torch to disassemble a metal staircase. The stringer became loose, causing the landing to begin shaking, and the employee lost his balance and fell 9 to 12 feet. He suffered injuries to his head and right shoulder.",Hospitalized=1.00; Amputation=0.00; Loss of Eye=0.00,OSHA severe injury report,osha-text-baa665d1f17b,43a369302ee6c7b6d4c9ad482b79db12797eb19a8174e6664c9ad8f4d2552781,LSR05;LSR09,LSR05,medium,train_addition,deterministic_diversity_and_keyword_retrieval_before_annotation_no_model_predictions
EXP-V0.4-0985,OSHA-SIR-2025098810,OSHA_SIR,2025098810,2025,Incident, Fall to lower level from collapsing structure or equipment  unspecified,"PASCAGOULA, MISSISSIPPI","An employee removed a welded lug that was attached to a ramp he was standing on and he fell. The employee sustained a closed head injury, right rib fractures, a right scapula fracture, a right pelvis fracture, and a lung infiltrate injury.",Hospitalized=1.00; Amputation=0.00; Loss of Eye=0.00,OSHA severe injury report,osha-text-5dceaa79333e,9371e3731fd02183ed781d0ae3a62bcbea74c80fe97d16a1cb369f211dd9aba0,LSR05,LSR05,medium,train_addition,deterministic_diversity_and_keyword_retrieval_before_annotation_no_model_predictions
EXP-V0.4-0986,OSHA-SIR-2021043325,OSHA_SIR,2021043325,2021,Incident,Fall from pedal cycle,"FORT WORTH, TEXAS","An employee was riding a bicycle between two buildings on a campus. The bicycle chain disengaged and the employee fell, suffering a broken collarbone, a head laceration, and a scraped knee.",Hospitalized=1.00; Amputation=0.00; Loss of Eye=0.00,OSHA severe injury report,osha-text-e1ee749c1e05,3311e544ce8851bad6771195e87379e3ca02651224e462b8998bea9cfdc64b4b,GENERAL,GENERAL,medium,train_addition,deterministic_diversity_and_keyword_retrieval_before_annotation_no_model_predictions
EXP-V0.4-0987,OSHA-SIR-2022065497,OSHA_SIR,2022065497,2022,Incident,"Overexertion involving outside sources, unspecified","AUSTIN, TEXAS",An employee was moving concrete debris at a job site when they felt pain in their abdomen from a hernia.,Hospitalized=1.00; Amputation=0.00; Loss of Eye=0.00,OSHA severe injury report,osha-text-9f8e491f65fe,081a1775592b3dfebe152e2d55cf93f29646e5d0285a1a17d75f10c4876934b8,GENERAL,GENERAL,short,train_addition,deterministic_diversity_and_keyword_retrieval_before_annotation_no_model_predictions
EXP-V0.4-0988,OSHA-SIR-2015021201,OSHA_SIR,2015021201,2015,Incident,Slip on substance without fall,"DUBOIS, PENNSYLVANIA","An employee was delivering a cylinder of gas to a customer. The cylinder was being moved with a cylinder cart. As the employee was walking the cart and cylinder to the customer's door, he slipped in the snow. His hand got caught between the cylinder and the concrete parking lot. The employee crushed the tips of his index and middle finger on his right hand. In-patient hospitalization was required for surgery on the fingers.",Hospitalized=1.00; Amputation=0.00; Loss of Eye=0.00,OSHA severe injury report,osha-text-28ff1b3ff847,f8a188eb14a38a17942f5927840d0c67361b5b0e8d74b294cb326635a049d9ed,LSR06;HIGH_RISK,LSR06,long,train_addition,deterministic_diversity_and_keyword_retrieval_before_annotation_no_model_predictions
EXP-V0.4-0989,OSHA-SIR-2023065112,OSHA_SIR,2023065112,2023,Incident,Stings and venomous bites,"BRUNSWICK, GEORGIA",An employee was staying in a dorm room for a six-month training session. The employee was bitten by an insect and hospitalized with left and right arm paralysis.,Hospitalized=1.00; Amputation=0.00; Loss of Eye=0.00,OSHA severe injury report,osha-text-0e86d35fd202,2c1022810df9091087c151d8601ec93ad6ab9c5e790d66186749fe16285e1569,GENERAL,GENERAL,short,train_addition,deterministic_diversity_and_keyword_retrieval_before_annotation_no_model_predictions
EXP-V0.4-0990,OSHA-SIR-2015107863,OSHA_SIR,2015107863,2015,Incident,Stings and venomous bites,"SEALY, TEXAS","An employee was bitten on the right index finger by a copperhead snake, resulting in hospitalization and treatment.",Hospitalized=1.00; Amputation=0.00; Loss of Eye=0.00,OSHA severe injury report,osha-text-9a04cebb4fbc,4dac3df5f69f7bb196cf02324fbcc58b12d65287dd2fc970af9ce27d02fc4072,GENERAL,GENERAL,short,train_addition,deterministic_diversity_and_keyword_retrieval_before_annotation_no_model_predictions
EXP-V0.4-0991,OSHA-SIR-2024065123,OSHA_SIR,2024065123,2024,Incident," Struck by falling part of vehicle or machine, still attached","PITTSTON, PENNSYLVANIA","An employee was using a forklift to dump a hopper into a dumpster. The employee used his left hand to pull the lever on the hopper to release the materials into the dumpster while placing his right hand on the forks of the forklift. When the employee pulled the lever, the hopper jolted back and struck the employee's right hand, crushing his fingertips. The employee suffered amputation of the right index and middle fingertips.",Hospitalized=0.00; Amputation=1.00; Loss of Eye=0.00,OSHA severe injury report,osha-text-cd9975473417,52054b8d293c754791b613b4f8abefa5f436fe680db66e1450d4be0933b310b7,LSR03;HAZARD_TERM_POSSIBLE_NON_SIF,LSR03,long,train_addition,deterministic_diversity_and_keyword_retrieval_before_annotation_no_model_predictions
EXP-V0.4-0992,OSHA-SIR-20251010117,OSHA_SIR,20251010117,2025,Incident, Fall on same level  n.e.c.,"MANAHAWKIN, NEW JERSEY","An employee fell to the floor while moving a helium tank. The tank fell onto the employee, who sustained a fractured left wrist, a laceration to the left hand, and an impact injury to the head.",Hospitalized=1.00; Amputation=0.00; Loss of Eye=0.00,OSHA severe injury report,osha-text-be95c66b723a,0f407e490e5bcd56d0eed51970af1d572d9b01d050afea18174bd8b62abba083,LSR02;HAZARD_TERM_POSSIBLE_NON_SIF,LSR02,medium,train_addition,deterministic_diversity_and_keyword_retrieval_before_annotation_no_model_predictions
EXP-V0.4-0993,OSHA-SIR-2024087178,OSHA_SIR,2024087178,2024,Incident, Caught or wedged between objects  nonrunning,"BIRMINGHAM, ALABAMA","An employee was reassembling a de-energized piece of equipment after cleaning it. She was pushing the fill hopper back into place on the equipment when her right ring finger became pinched between the hopper and the bump stop guide on the equipment, resulting in an amputation to the finger.",Hospitalized=0.00; Amputation=1.00; Loss of Eye=0.00,OSHA severe injury report,osha-text-0194fa3198a4,de2b0c088f3d2513f0c2471a2ee6d086ad863b96f2117ee80c2a369c6f8ce0ca,LSR04;HAZARD_TERM_POSSIBLE_NON_SIF,LSR04,medium,train_addition,deterministic_diversity_and_keyword_retrieval_before_annotation_no_model_predictions
EXP-V0.4-0994,OSHA-SIR-2016076289,OSHA_SIR,2016076289,2016,Incident,"Injured by handheld object or equipment, n.e.c.","WASHINGTON, DISTRICT OF COLUMBIA","An employee was using a chop saw to cut a granite curb. When he set the saw down, the blade was still rotating and made contact with the curb. The saw then kicked back and struck the employee in the right shoulder and forearm, slicing his skin.",Hospitalized=1.00; Amputation=0.00; Loss of Eye=0.00,OSHA severe injury report,osha-text-b4a99e9b538c,dd9ef8a307886fb88e32f20ce732103a9bfbeb8d7fcc57afc8112ad67d13a810,GENERAL,GENERAL,medium,train_addition,deterministic_diversity_and_keyword_retrieval_before_annotation_no_model_predictions
EXP-V0.4-0995,OSHA-SIR-2023010944,OSHA_SIR,2023010944,2023,Incident,Ignition of clothing from controlled heat source,"RIO VISTA, TEXAS",An employee was standing next to a portable electric heater. The lower right leg of the employee's coveralls caught fire due to the presence of a flammable substance on the coveralls and reignited twice during efforts to put it out. The employee suffered second- and third-degree burns to the lower right leg.,Hospitalized=1.00; Amputation=0.00; Loss of Eye=0.00,OSHA severe injury report,osha-text-afd740a81b70,cb3bc6b7ca1af8cf8455ff4f75f2f20c22218f55bbe8cb42593a4bade16898f7,LSR05,LSR05,medium,train_addition,deterministic_diversity_and_keyword_retrieval_before_annotation_no_model_predictions
EXP-V0.4-0996,OSHA-SIR-2020010933,OSHA_SIR,2020010933,2020,Incident,Exposure through unintentional needlestick or sharp injury ,"SALT POINT, NEW YORK",An employee was removing nitrogen from a system when a tool malfunctioned and a Schrader pin hit the employee's hand and nitrogen gas got under the skin on the employee's left arm and hand.,Hospitalized=1.00; Amputation=0.00; Loss of Eye=0.00,OSHA severe injury report,osha-text-be09bc2b3890,1ad33a0b199cc7279ce288289196cbd3538289df50295a69dfb3169454910078,GENERAL,GENERAL,medium,train_addition,deterministic_diversity_and_keyword_retrieval_before_annotation_no_model_predictions
EXP-V0.4-0997,OSHA-SIR-2015085374,OSHA_SIR,2015085374,2015,Incident,Trip from stepping into a hole without fall ,"BESSEMER, ALABAMA",An employee was working in the middle foundry molding area when he stepped in a hole and broke his left ankle.,Hospitalized=1.00; Amputation=0.00; Loss of Eye=0.00,OSHA severe injury report,osha-text-2e6440043a77,90467d56943846076466f83fbd1bd954ac9718b220202e9fcde9deb085036424,GENERAL,GENERAL,short,train_addition,deterministic_diversity_and_keyword_retrieval_before_annotation_no_model_predictions
EXP-V0.4-0998,OSHA-SIR-2022043311,OSHA_SIR,2022043311,2022,Incident,Struck by object or equipment dropped by injured worker,"ONTARIO, OHIO",An employee was cleaning a shrimp sear plate when it fell off the cooler. The employee tried to catch it and his hand was crushed under the plate. The employee sustained fractures to four fingers on the right hand.,Hospitalized=1.00; Amputation=0.00; Loss of Eye=0.00,OSHA severe injury report,osha-text-b1c273ea4e1d,650cb251db8fef221935c1340c394d31529a02bac8dbec61b5773ec352523d51,LSR06;HIGH_RISK,LSR06,medium,train_addition,deterministic_diversity_and_keyword_retrieval_before_annotation_no_model_predictions
EXP-V0.4-0999,OSHA-SIR-2022065127,OSHA_SIR,2022065127,2022,Incident,"Struck by discharged or flying object, n.e.c.","NORTHAMPTON, PENNSYLVANIA",An employee was working in the pallet repair line when a pneumatic nail gun shot a nail into their right wrist. The employee was hospitalized and required surgery to remove the nail.,Hospitalized=1.00; Amputation=0.00; Loss of Eye=0.00,OSHA severe injury report,osha-text-55928d3ea1b0,8f0de29f6394713b5ad084e94d2c0e40400a322c0bdd573f39e8ef8c1a3c7be6,GENERAL,GENERAL,medium,train_addition,deterministic_diversity_and_keyword_retrieval_before_annotation_no_model_predictions
EXP-V0.4-1000,OSHA-SIR-2021010021,OSHA_SIR,2021010021,2021,Incident,Injured by slipping or swinging object held by other person,"HODGE, LOUISIANA",A maintenance mechanic was working with another employee to fix the recycle waste conveyor chain. They needed to knock out a bushing on the conveyor chain using a steel rod and bull pin. The employee working with the mechanic struck the metal rod while the mechanic's finger was between the rod and the bull pin. The mechanic's right middle finger was partially amputated.,Hospitalized=0.00; Amputation=1.00; Loss of Eye=0.00,OSHA severe injury report,osha-text-aa6a2d4f5224,22868fef5219820113466e66c7cbc587970c6378ad4feaf7f5876378464866f3,GENERAL,GENERAL,long,train_addition,deterministic_diversity_and_keyword_retrieval_before_annotation_no_model_predictions
